# Resource object code (Python 3)
# Created by: object code
# Created by: The Resource Compiler for Qt version 6.9.1
# WARNING! All changes made in this file will be lost!

from PyQt6 import QtCore

qt_resource_data = b"\
\x00\x00d\xbc\
(\
\xb5/\xfd\xa0$\xd9 \x00L\x07\x00d\x04P5\x0a\
# CREATOR: map_s\
aver.cpp 0.050 m\
/pix\x0a1438 1497\x0a2\
55\x0a\xcd\x00\x00\xfe\xfe\xcd\xfe\xfe\xfe\xfe\xfe\xfe\xfe\
\xcd\xcd\xfe4\xa0\x11\xb3\xfb\x7f\x07\x81 $ \x82%\
pU\xbb\x06\xfbSI\x14P'\x0d\xcdU}\xf6f\
b#a\xad|Y/\xf4J\xb0b}5|\x93F\
\xb5uX\xae\xa8\x1eL\x05M\xe0Wq\xe1\xe5\xe0\xd5\
LZ\x88\xa5\x7fF\x0d\xcd:z\xa3\x1d\xaar/\xa5\
\xec\x81\xe87\xa4\xca\xc7\xf2\xb7\xb6\xe1\x85\xb6\xca\x8cX\
\x0a\x85\x02Mj\xfd=\x1cN\x0e[m\xc3`\xb2\xd5\
\x8f\x97\x83\xd5\xda\xd0V}|\xa1QQ\xach\xd4\xe4\
I\xa3>\xddAUj\xd02\x0a\x9d4\xaaNA\x8f\
V3\x9d\x8fV\xc5\x99\x07\x98\xeci\xb7_c\xe7\x09\
\xed\xe6V\x15\xb48\x00\xf6,'\x08\xf09/\xf6\xff\
GU\x06#\x00!\x00$\x00\xe1\x1c\xc2 \xdca8\
\x95\x04`\x10\x0aqr\xc0@\xfe\x90\xb0T\xa0&\xb0\
d\x11\x9e\xc4\x1f^\xb2\x98\xea\x85\xdb\x1a\x0b\xeci.\
\x18i\xa8~\xc2\x90\xc0\x08\x87\xc0^\xd6\xe1eW\x01\
\xa6P\xe5\xe1;\xc9\xbc\xaf[\xfe\x00\x9b\xff\x00\xac@\
\x00\xe0\x1c`\x80\x10\xfe0\xf0{\x80\xdf\x06\x00n\x10\
\x12x\x08\x81@\x0e\xc0\x00,a\x00\x008\xc3\xea\xe6\
\x07!\x00\xf0j\x0d\x00)\x01`\xa0nU(\xf0!\
\xd8\x01\xaaSo\x01\x18\xde0\x00\x1e\x06\xfe\x00^(\
\xb0\x0f\x04p\xa8\x01\x82u\xa8\xc2\x9c\xdcMM\x92d\
8\xa2\xf1\x0c\x83 \x08\x01\x83 %\xb6\x92\x0f2\x18\
\x0c\x04A\x90\x04\x08\x830\x08\xc2 \x08\x82 \x04\x14\
\x82 \x04\x08\x82 \x0c\xc2`\x08\x82p\x18\x84\x14D\
\xde\x07\xad\x00m\x93O\x88\x92\xeak\xa8\x09\x8c?\x82\
\xff\xcf\xbb-B\xc9\xb0\x05\x1f\x09Z\xe1y;\x8d\x04\
gd\x03I)\xa4\x19\x81+\xcf\xe4?h@EN\
M<k\x10\x98\xa2\x9d\x95\xba\xfbz\x8e\xa6\xee<\x18\
CA\xbbe\x98\xee\xf3z\xdb\x90\xbd\x85\xb0\x09N!\
K<\x13\xd9\xef\x13M\xa6\x5c\xba\xa5\x9c\xa1\x16\x85f\
\x9am\xf80@1\x94\x00\xbb\x94;\xfbe\x91\x18\x9a\
\xd2\x8c\xb0\x06\x8e\xc2$J\xca|\x82n\xc0\xbb\xa1\xc1\
(9\x1e\xaa\x85\xd1\xd7\x12\xdd\x11\xfd\xf2\x13\xe7>F\
44\xc0E\xe736\xfb_\xc8\xbbw\x0f\x11td\
\x1bT\x9bh`\x89r\x14%4\xe3B\xf3\xa0\xe1\xf7\
)#h\x80?\xc1\xe0L\x93 \xa2\xf5\xcd\xa5`\xc6\
\x91\x9b\xcf/>0:\xec\xd9\x14\x0b\x12\xc9\xd1\x18\xa8\
\x98\xcfj\x11\xac_\x97\xd0\xadw\x0ce\xc3\xcf*\x8e\
\xd2C=\xe9+\xb6\x0d%\xc1;'\x9a\x05\x0f\xdae\
v\x85\xb2\xe1?\xe0\xc0gObA\xcd\x9a\x8a]\xaf\
\x99\x08\xe0\xad\xfa:O\xd3\xd4/\xd5Z\xd8\x80\x04\x12\
b\x80\x86\xbb\xa5\xb7\xc4\x8d4O\xe3\xbc\x08<Y\x0d\
\xd6\xfd{\xea\xee\xc3^\x0b\xd1X\xa1\x05\xf6\x9cQ'\
\xec\x98+'*\xaf\x9e\xc9\x18\x05\x95\x95C\xc21\x16\
\xf7\x0c\xcf\xfcanc;\x8a\xd1!I4\x09xp\
\x84\xf1\x95\xf1\xea3Y{ZpB\x5c\xd8\x15< \
s\xe7\xf7dC\xa6\xe7\x86\x12\xda\x82\xd6(\x82\x0ac\
\xbd_\x88\x06\xcd\x0b\xf2D?\xa3\x91?; \xdb<\
s\xb4\x9e\xef\x1a\x87\xde\x13v\xab\xde\xc3M'\x13\x8b\
\x05\xe5\xf2j\xc1`s7\xb3\x9d\xf5:~={D\
\xb0\xa9\xa2\xc2dy\xc1\xac\xcf^#\xd5\x0f/\xce\xf1\
6\xc1\xa3\xce\x7f\x9f\x11\xda\x82\x1dZ8\xcf\xbc8v\
\x05\x8b\xf8\xe3\xd9Z)\xd5 Y\x9cB\xc1\x17>Y\
}\xaae}v\x93Y\x0c\x1a<\x0f\xb4\x82r\x8f3\
\xd9[=\xd9mX\x036K\x0d\x9f\x05V5\x01\xe6\
N\x88o\xa1-\x87X\xd0\xa8\x96\xa3\x05\x0f\x92Y\xb0\
\x1e\x94\xad\x0fN\xb3\xf5\xfa\xfb\x83\x8e\xf5\x19Ww\x17\
q\x90\xcf\x08s\xef\xdd\xfb\xae\x9d\xfdV\x8f\xda@\x0d\
\x9f\xf5O\x00\x89\xf0\xfe\xbd&\x1a\x9a\xc0X\xf6$h\
\xb2\xdb\x00\xac\x97h]\x91+J\x1a:#\x85\x95g\
\x03zy\x16\x98s\xbc\x12r\xa5\xcf\x92\xa3=\xba5\
\xd8A\xd0\xdcnCt\xc5JhLQHTrv\
\xe3=p\x7fD\xfa\x5c\xf5(h\x03\x92k\xdbG[\
G\xb1TT\x8b\xcdg&+\x84\xf5q]\x22\xe2\xe7\
\xdbm\xd8\xd0\x1ca:\xcch\x02\xcf\x92\x00\x9e\xa5\xf2\
\x03m\x14\xe4\xb7\xe1\xd6o\xb6\x16\x0c\x14\x8f\xd6\xbb&\
9\xd8\x8a\xd4n3\x10\x1d\x99\x15\xad\x0c\xb1\xba\x86\x10\
\xac\x0c4\x18\xc9\x03\xa8#D\x83\xbc\xf5\x19\xd7\x10$\
\x12\x9e,W\xee\x04\xe5P\x08\x89s~\x86\xb9\xb5\x02\
\x05\xe7O\xc3\xfc\xce&\xfe\x0c#\xf86y\xb7\xdb@\
H\xaa+\x00\xa3\xcd\xe7\xea\xd9W2\xb4b\x01\xcde\
\xa4\x95\xc4\xdc\xf7g\xdd\x99\x8f\xd9q\x0f\xf8)\x09\xef\
5\x1e\xd6\xab%\x81\xb1\xac\x04\x86\xcd\x14\xa1\x89\xe7\xf6\
Y\xa1G\xdbm9\x127&3\xaa\x09\xee\x0a=\x1f\
o\xf3\xd0`;\xa21\x82r|&\xbd\xd1\xb0\xd5\x94\
c\xc3\xe1\x81{v\xf6f\xd2\xf8s*i0\xc0\x99\
\xb5\x16lN\x07\x02\xf2\xc6Si\x98\xb0\xa4\x80\x9fh\
_o\xb6\xcc\xcb=\x93\xd0\xe6s\xb8\x01|\x18\xf6G\
\x82i3X,1\x0a8wF\x8e\x99\x98\x80f\xec\
\xbe`\xf7\xe1y6hu\x96B\x8bUf\x9e\xb4\xbd\
\xb3\x85\xd6g\xd5\xabG\xbb\x0di}\x8cp4]T\
c\xd1H\x8e\xc7./`\xc1[\xb2\x9b\xd6}\xa9\xfc\
l\xeb\xb3e2ZN\xa0\xcen\xce\xfbT\x06\xc9\xdd\
GL{'Sv\x8d\x8d\xf2\xf5\x1e\x9a\xc6\x19\x0dF\
( \x17f\x02\x92G\xbb\x08\xdbz\xa9>\xd1\xdf\xb4\
`\x22w\xa0%s\x1b7,\x13u\x8a\x8bY&A\
U\xeb\x15\xfcZ\x9f\x91\xaa\xd1\x84\x92f\xf7\x982J\
otu;\xdd\x19\xc0\x0c3hFR\xa7E\xf0Y\
\xf8\xc6\x82\xbd\x22\x0b\x8b4<sl\xc5\x94.>\x04\
m\x8d\xd3|\x8e6&\xaa\xb0eXh\x88(8P\
\xdf\xe1\xc5\x16\x0cX:\x8cio\xec\x02\xb6\x03\x8d\x97\
\x9e\x9f\xcf\xd0\x0e\xf7\x0d\x9fU\x7f\xb4\xbb\xab\xb0\xe0g\
N[0o\xe8\xb1\xadU\x1c\x80\xb1\xcb\xc0\xa1\xad\x99\
I\x063P\x94[i\x22\xde\xf2\xadFJ\xda%\xd2\
.\x8d\xf8l\x1aBc\x0am\x1b\xb2\xcb\x85\x94k\xb5\
rAb\xde\xb4\xc1\xb9\xeb\xb3\xad\xe0\xd0H\xf3\xf1\x99\
\xcfh\xe4\xb3mh\xaf\xeemP\xbcY\xa4\x0bD\xd3\
\xd2\xacgtS\x92\xec\x06\x9c\x11\x8f\x01\x9f\xc3E\xbc\
\xb3\x5c\xa4\x07\x99\x9e\x84\xd3\x18#\xd0\xb0\x93\xd7\x19Y\
\x9c\x0e$\x07\xa7\x1al\x89\x84\xcf\x98;\xec\x00E#\
\xd9?\x02s\x1a\xb4m\x99#\xd2\x0f6\xe8\xb9f\xdb\
\x86\x14T \xccti\xf0\x85\x1cU-\x17\x95\x1bd\
\x91\x037\xc6`c\xc9\xa2\x14\x14\xea\xcf\xa4v\xb8~\
\x03\xa43aY%\x15\xe9ih\x93~\xddt\xe7\x04\
\xd6\xa0\xc5Oe\xef?\x0b\xce\xd9\x0c!\xfa6\x9c\x84\
\x9d\xd0<\xea1\x7f\xf8\xc0\xdb\xd9\x81\xee\xf6\xfe\x17\x99\
\x1f\x9f\x0d\x87g\xf9\x02P\x9d\xd0\x0e`\x0eZ,\xec\
r\x88Y\xbbH\x8ehM\xbe\x0d\xc7\xb3^\x921\x0f\
\xda7}\xd6\xaa\xe4\x0e\xe8\x1e\x1a4K\xebt\x8a\x8a\
\x5c\xcbv$\x0d+&Z\xdae\xa0\x95\xda\xb6J\x96\
\xbc\xf1\x80\x16I\x83\xf6%\x9fMJ7{\x071J\
]\x1e\xed\xfc\xa5\xfb,E\xbcE\xd3;\xa2!=\xf7\
l<\xa7vGK\xdff\x16\x81;\xf3\x06\x8d\xab\x82\
q\x19%E\xedT\x8aR\xff\x18\x1a\xda1dg\xa7\
\x9c\xb6?\xb5nCf\xdbC\x80\x060X\x9c>#\
#\x81\xbdH\x8e\xd9\x84~:\x17?;\xe4\x8a6y\
\xf5\xd9\x7f\x08BVd\x99U.\x84\x0f\xed\xee{\xff\
\x194\xda\xd4o\x87\xc6\x0c\xad\x94\x9f\x89\xea\x0f\x1e'\
\xc5\xa5\xf3r`E\xa0\xab\xf8\xdfg\xa2\x843\xb4\x83\
\x8a\x09\xaa\xa2\xf2\x92n\xa1G\xbb\xcaj\x03\xa8\xa32\
\xe0\x07{\xfe\xdc\x92`\x8e\xe0f\x1e\x8d\x90\x0c\xddh\
\x97\xc4\x82')F\xf2\xfc\xa7\xf4B/\xe2\xebU\xd9\
;\xa1B\xf5\x06/|\xce\x19_ph\xff\xab\x8bv\
XSY*\xb4!\xc8g\x00V\xab\x1e\x0f\xc4A\x00\
\x17&  \x00\x1e\x00\x1e\x00\xa4T;@\x12R\x93\
\x09w\x0c\xd0\x98&\x003p\x11\x0a\x01\x0d\xbb\xabh\
\x03\xc3\x81\x05\xb0\x90\x16@\x02\xbdq\x97M\xd7\x01\x5c\
\x00\xf8z\xac\xfa\xd0\xdc(gk\x12\xa0\x04\xaa\xbf[\
\x0f|@\x16\x1a\xc2\x01\x0f\x06\xde3\xc1\xac_\x17]\
\x00\x00\x01n\x80!\x00\x14S\x93\x0c\xd4\xe75\xa1\x1e\
\x13\x96R^lU\x85\x87p\x16\xe6\x00+\x10VB\
\x15\x14K\x08dR\x17\x02;AB\xea0\xc0\xcfo\
\xd7\x00,\x82\xdc\xa8\xd2\xc4\x98\xd9$\x85\xf6\x0d\xf2\xb9\
\x08A\x10\x04A\x10\xa2\x84\x0eBz\x22\x18\x0c\x04A\
h\x08\x820\x0c\x82 \x08\x82 \x0c\x82\x10 \x08\x82\
 \x08\x83 \x08\x83 \x14\xc3A\x18KR\xef\x01\x90\
A\xebLL\x0aB\xa9\xb8\xed\xe0\xef\xbd@\xa0\xb1\xcf\
\xccPL\xb0\x8f.\x03\x94~\xd6\xe1$\xf2'4\xbd\
\xaa&\x9b\x90\x95\xad`\xc6\xeb\x14\xdel!JK\xcc\
\x1e\x90\xc7\x06\x16k\x03QT\x19\x986<.\x034\
\x22H\x9f\x0d\xaf\x0a\xa9\xa1\xe5@\xcf),!!z\
e\xc3\xc4\x1d\x12\xe1g\x04\x91\x0e\xef-\xcf\xaaJ\x0d\
)\x0d\xd4\xad\xe0`\x13\xe3\xa5\xc1o-\xd3V\x10\x0a\
\xb4%R\x1d7t\xb3\x00\x09\xbb\xddi\x1a\xd7\x14.\
\x16\x9a\x9e*\xd8sG=\xa2\xa4\x10vl\x980.\
\xc04\xe5\xf9\x04\xf4\x84\xa4@3\xfd\xe43\xa3tA\
\x1b\x8a\x1b)\xe3\xc537\xf9\x93cg\xdf\x92\x01E\
\xd5\xf1\xe2\xeb\xa24A4\xe8'\xf0\xf8\xa2\xbb\x04\xda\
o[\xaf\xaf\xc4/\xe3O0.}e\xdd\x997\xfa\
\x1d\x9a0g\x98|\x93C\x14A[;A\xab_\xf9\
\xb5\x5c\xd1B\x9d\xa6\x12\x82Ac\x8c\x9c\x02o8\xe8\
\xe1C{\x11\x9b`iZ3\xccg\x9f\xdc\xcbM\xb1\
BJ\x15\xfe\x11E\x1b\xe8\xf4\xfc\x80\x0cZ\xb7\x81\xe5\
\xcc\xd9\xc1\xcbp\x9c\x87zB-\x9d\xb9\xa1!Y\xc4\
\xad\x04\x9bwv\x10\x91Db\x03\xd9\x93m\x8dc\xa7\
xL\xf0\x84F\xa1,\xfa\x0e\xfe\xe2i6]\x8b\xea\
\x90\xd8\xad\x8b\x82\xe7\x8f\x86\x96bs\xe2q&h\xf1\
\x12Nd\xbeC\xe7\x02\xc0\x8c\xa6UG\xfcW\xa1\xf9\
\xed\xf4\x1a\xc7\xddfx\x1b\x12\xbb\xfa\x11\x0d\xa8\x83(\
0lf\x127\xe8\x9a\xb1\xc2\xaa\xd2\xe0\xd0T\xfa\xa7\
\x91\x22I\xf1.-\x0cXE\x98\xe0\x06\xe9u\x05\xcd\
1A\x0e!\xaem/:\xe3\x85\xe6\x87\x12}6\xef\
\xb1v\x9f\xfc\xd7\x06\xe7,P\x81\x07\xa0\xa3&\xac\x0d\
?\x89\xa4\xb7e\x9c\xe5`-\x82\x06\xca\xcf\xd9\xcc\x09\
i\xc2[{\x86\xe1\xa1.\xef7\x11n4(w\xb2\
\x15\x1dd\x8a)\xc7\x88\x154\x11\xack4P\x1fd\
vY\x1ag\x89F'!\xdeV\x1d\x81N5 y\
\xb6\xf5\x98\x93\xafKF\xa4\xaf\xf7)\xfe{V\x8b\xd1\
L\xfal\xf3;h\x8ch\x22\xa0\x10\x95\x1b\x14~\xd7\
\x10\xe3\xda\xbd\x97\xec\xb3]\xd3n\x03f\xe1@3\xf6\
'\x02(\x8b?\xbb\x0b&z\x8bb\x974\x19n\xb2\
\xa14@\x9b}\xe2\x1b\xa1)b\xa1E\x14U2r\
\xdb\x19)+o\xba\xfd\x17\x09\x8bep\xf0n \xba\
\xd2G\xb2V\x22hS\xf5\xd6\xe9\x00\xcb\xe4dJ4\
%<\x08\x87\x1a\x03\x9d!\xc9\x9f\xfc\xf2L\xfc\x0a\x96\
\xcb\x02\xbcKl\x7f\xf1\xa0h\xc4\xbd|\xd6\x1b4A\
y\xc3\x07]o\xafa\xca\xa9\x89\xfdV\xa4D\x9fA\
\x08\xcc\xf3\x08\xb7\xc9<\x94\x0a\xc7\x9c\x16e'U\xd3\
\xf4\x11C[\xe2\x02\xd4\x00G2>\x9b\xfa'\xe6H\
4\x13\x94\x18Z\xb9\xfa\xf0\x8c~\xa4:j-\x0f_\
Q\x1c-\x97\x0e\xf4\x9f\xb9\xc7\x86\xa3\xa5\x9cx\xec\x8c\
\x8f\x8d\x12\x1cQh$-\xb6hT2u\x0e\x8f\xf8\
\x0fT\x98\xa6y\xed\xdf\x22\x94:\x99\x1c\xfca\xf0s\
g&\x19\x8b2\x11J\xdeg\x00\x7f\xf2m\x0f\xa7\xdb\
|U\xa3\xca\xa3\x01\xeaM\xc06r\xd4\x14\xa7\x10\x0b\
\x84\xba\xd4\xeb\x1d\x03\xa5\xfcLHL\xe7\xd0X\xf3n\
\xac\x83\x88\x06\xa2\xad\xb5\xe8\x8a\xf1$\xfc@v\xa3\xaf\
\xe4\xf5\x91+\x14IKfh\xa86Y\xaf\xfbCE\
\xc6\x1f\xb3c)\x16m\x0a\x93\xa4\x1d\x00\x1bn\xe5Y\
 h\x0c\xe6\x18\x7f\x02\xe6\x84}\xcch\x83\x8b\xb6\xe9\
 \x1a\xd2\xdb\x8eSt\xf5\xaeB\xab\x960\x198*\
\xb4\x8d\x95*\x8bAJ\xb2\x9e\xbf\xc0\x99\xcf\xae\xe8\xb1\
\xbe\x90\xe0P\xbf\xd8\xb1\xd4\xd2\x95w7\x0b\x00\x9f\x8f\
\xff{*\xdbz\x00J\xa2b\xc0B\x1bC\x8f\xf4\x8b\
\xe4\x0d\xc0+sA\x03X\xa1\x9d\xff\x18.$\xca\xab\
E\xb5]H|L;\xeb\x98\xa2\x0ff\xd4RF\x0b\
\xba\x8d\xbc\x1d\xa1y\xeb\x9a[\x98r$\x8d\x19\x0c!\
\x1f\x92\xb7(v\xed\x8aC\xc2W\x5cV4&\xed\xca\
S\xecVC\x22\xedF3\x0c\xc9B\xd0\x1e1\x90#\
\xee\x1a\x15\x03[(\xb4\x89U]\xb7\xe4p\x83\x8c\xbb\
\x0d\xc2\x0cc\x94\x89\xdd\x17|\x10\xfds)Y\xc5\xb3\
>;\xb9\x1e\x89\x15+\x1f\x90\x88\x9fu\xdbC\xf3\x08\
\xcfdS\xf3\xa6\xe3\xee-\xc1\xda\x92!cM\x84\x0b\
Z\xeb\x83\xe1\xb0\xbf;\x9a\x97`\xf2\x08\x98\x8d\xbcO\
Oz-\xfb\xcc\xa2\x8cK\x14\x12\xb08\xcc\x94'\xa5\
\xa5\x86\xf9\xb5\xd4\xe9\xf0\x17\x11SQ\x03\xd6\xf2\xaf\xe1\
:4'e\xd0\xec\xc7(\x9e$I\xdb0\x84F{\
\x90\x9e\x9ey\xed\xb3\x09k\x15!\xccd\xcaHb\xad\
\xf9\x0eMrl\xc9\xce\x8b\x13\xb7]vk,\xe50\
\xb6\xf2Y\x95T\xf9\x06\x86\xe1q\x09 Q,\xa3\xf6\
\x1c\x93\xcf\x96cru\x9f\xe9J\x1a\xc3\xf5\xe56\x88\
Q\xe6X:\xe4E\x17#\xe8\x9f\xde/`\xd1\xe8\x00\
\x13&\x13\x89\x87\xd8\xb7A\x10hC\xe0:,\x15w\
\xc3O\xeaESy1\xa2,\x18[i\x82b/\xb4\
\xc7\x97\xed5\x19\xf1\xebU368\x91@\xe3c\xa3\
\x11./eU$H\x9f1<g\xd9\x93\x83\xe98\
\xa5\x1d\xaa\x13\xce\x0f\x8f\x95\xd2\x90\xf0oC/\xda3\
J;T\xf73\xd0z\xf9f~\xb6b\x8f\xb0\xa1\xd9\
\xf5\xc8\x9e\xf4\xbc(\x0c|\x8e\xe6V\x93\x1a~H]\
\xe0k\x8a\xcfr\xbd3\xac\xf4\x19\xbf|\x99\xce\x9d\x12\
3\xe5A\x8c\xec\x87\xc0\xfa:\x89\x0c\xf6\x99\xe5}\x98\
\xa7i\xbb\xc1n\x84\xc0`L\x0c2\xd0\xd8&?\xa8\
\x19\x81\x93\x9f\x8e8\x0c\xa0\x05\xc7\xc3\xd1\xd6\xf3\x84E\
\x0b\x0c\x87r\x82\x07\x1e\xa8s\x08\x17\xa2\xc4\xd3\x8dP\
\xa3$\x1b\x88\x9e3\xda\x884\xd0\x96\x0alC\x11<\
\x93\x0dz\xc1\xf3\x97\x0f;\x96M\x94@\xe7\xec\xe0\x8d\
\x81a&S\xeeB3d\xa0-\xd7\x83B\x9e{K\
E\x09D\xc8\xa4\x08\x03-\x03\x8d\xa3\x17\xa5\xd1\x09>\
\x95 \xd8\xf3\x00\x88i'\xa34\xf7G\x83x\x19\xce\
\xea=\x85\xf8\xf9v\xc4X\xc3\xcc\x82Gm\xa9OF\
)\xeeh\xfe\x8d6\xfa\x8d\xc1\xe6\xd1wB+;\xb4\
\xa7-@B\xa3\x0e\x84\xf3\x86I\xf0q\x8d\x8c\xb6]\
\x14\xda\x1c5\x1d\x8d:\xe6\x18\xb4Q\xd6U\xe6t\xc6\
\xc7\xce<\xb38C\x1bb(eK\xea3k\xdb\xb8\
.?\xa7.\xd3\xb3@`\xac\xb8\x9f\x13\x8do\x99\x0b\
)\xd3<\x83c4\x9ax\x91iCEl\x7f\x8b\x02\
\xf0\x8a6\xfd\xad\x92\x02I\x0e\x0f\xe0\xbb\x9f\xdec\x0a\
\xd5\xd4\xc4U@\x9b\x02\x04\x07I`\xd5x\xa4\xcfF\
\xfc*yd\xfe!2\xd1\xe0mU\xa4}\x98\x876\
\xf2\xc9\xb2\xa1j\x11\xb5\xed\x05\xe2\xc13\x95\xa8[\xb6\
\xfd\xd1\xe4\xed\xc7a\xa4@R\xbe\x02\x92\x98\x90\x00x\
PAP\xab\xceL\xd1\x1c\x03\xb8HFy\x1e\x9f\x05\
\x90\x0e&\xf3ttut\x07\xa7\xec\xf7\x22\x92\xea\x16\
Z&\xbf\xcc\x94\xe4\xc3g\xc3#\xc4bB\x02\x82\x03\
\xb4\xdd{:\xb8\x17\xbaG\x15\xedD6\xfb\xc6(\xc9\
2O\xf1\x87\xa8\xbe\x8d\xec\xecw\xaf\xb3\xb5\x9b^\xea\
d)j\x8d\xde\xcd@\xef\x14W\x02-\x16(\xc4\x9d\
\x8d\xb0\xf6\xa5G\x03\xf2\x85\xb4~_\x96\xccj\xe7\xb3\
\x94\xd9]\x9f\x16\x03\x1a\x93\x8c\xdd'\xe2\x04k\xe9\x8f\
h\x9e\x8c\xb4l\xde$X\x9f\xcfT\xdf\xa9.\x01\x86\
p\x7ft\x82\x9f\xe0\x09F\x14\xd3+\xb4t\xa4\xbe\x82\
\x93\x10\x10\x8e=\x17\xc3`\xaa\xb3\xeb\xcd\xcb\xd5\xe9w\
z\x7f\x84$\x18\x8a\xa2\xac\xff\xebnf\xea\x8a\xbc \
(\xd9\x8a\xd0\x10i\xa1\xc6\xd0\x94\x19,\x9e^\x1e\xfa\
\xcc^\xf6\x9e\xf5'L\xd8\x90{\xe0\xd5\xfa=c\xe5\
\xbe\x8e\xdf\x82`?\xad\x014-\x00\x17\xd1\x0e\x0e\x00\
\x0e\x00\x0d\x00\xad\x09\x14_\xc5d\x85\x84\x01:\xdf\xf9\
\x90\x02\x84\x91\x190\xee\xe0e\x15\x16\x0d+\xa4\xe0\xba\
}>\xac\x05\x81/\x80\x17$wv\x02|\xf3\x9f\xbd\
\xc0\xcb>\x87\xe9\x83\xed\x07\x04\x82\x1f\xa8\xb2\xc5\xb0\xd2\
\x01\x92\xf2\x08\x11\x10!1\x98\x82\x88\xd0\xda\x032(\
\x10\x04aP\x04A\x10\x04A\x10\x04A\x10\x84\x00A\
\x10\x06A\x10\x02\x06A\x10\x04\x81\x10\x08B\x10\x04\xa4\
\x9a~\xd4\x09,\xa7$\xa5)&\x09\xf7\x1fsG\xb8\
~\x00M\x1b\xad\x82\xb5\x04\xd7p\x88B\xfb\x0b\x13\x99\
p?\xd3\x86S\x1a{GHne(\x86\xb1\xf2\x09\
?\xb1a\xb6|<9\x8b\x86\xac\xdc\xa0&>\x0d{\
\xb8\x93\xe7\xb3\xcen6a\x5ch\x85P{\x86\x0a-\
\x0a\xdb\xfb\xcf\xe2sgI\xd0\x91/\xa8C\xdc\x05\x83\
V\x17}\x0ec\xe9\x0b\x0f\x18<\x82y\xde\xd8\x05k\
\xea\x81\x05EG\x9a\xfdI\x22\xb8\x85\x88\xa6\xd0\xce\x03\
h\x9c\xfeL@\xec\x119 \x11H\xdcP\xce\x92\xc2\
\xc4W\xe0\xf2A\xab\x0cC\xb0\x8a\xc9\xc57\x0cN\xc1\
<h\x17\x0fYD\x17\xceu\x87\x1eM\x01\xa9g=\
\xa54}\x9ay8\xd8\xd3\x7f\xd6n\xfeP[\xb0\xdc\
A<@i6<\xc4\x01BT\xe2{\x96+\xa1\xe5\
\x06c~Z\x88\xabk\x1e\xd2\xcaY\xead\xc3\x0b\xd0\
@\xd3B\x13\xac\x08\xd7W\x06\xe4Q\x80\xeeP\x08>\
k\x19\xc8<\x07$~\xeb\x84\xf0\xff!4\x8e\xd2\x16\
L\xefh\x838\x90\x9c\xd0\x94*\xe9>w\x9d]\xb8\
9\x94\x99\x81\xd90\x1f\xc0\xd0\x13\xf3\xa7'C\xe0\xe9\
\xe15\xc1\xaaM{qyf\xbf+\xf34^\xc5a\
\x03o\xc0%\x88h\x9f\xf9\x1e@Zh\x96~!)\
2G\xd4\xdcn\xa1\x95\x9f\xb7\x01-\x9d\x1eq_\xbd\
\x95\xbeW\xc3\x1f5\x04hw\x0f\xe6L\xe0\x12\xadc\
\x99\xd0\xaa?\x8e\xd3I\xd4\xb7\xc1\xef\xfd\x02\xe3-\x90\
$\x8bp\xb9\xae\x83\xe7z\x00/y_\x99sz\xbb\
Ys\x06t\x8f\xb8m}0(\xcbY3\xc5\x15\x0f\
h\xbd\x1c \xbe\x00r\xc9|\xca\x5c\xb2\xa9\x91\x8d\x87\
\x9e\x0dr\xb6C\xfb\x15\x9c\x5cpZ\xaaY\x8b\x92\x0e\
\xa6a\x82\xc8\xa9\xcd\xf7\x9ah\xe7\xac\x0e\x00l=\x14\
a\x17i<\xe1r\xfe\xf0\xdd\xcf\xdb7\xc6\x92\xa8r\
\x86\x0d\x0f\x0bP\x86\x8b\x82?\x06m\xbepM$\x9e\
\x9a\x1di\xc7\xfd\xfc\x1c\x16\x06\xb8\x14\x05\xf3S\xe0\xd6\
\xec\xbb\x89\xbc\xb5\xdd\xf0\x9e\x13\xe4P\xdb\xd0\xf6\x009\
5\x1aDc\x96\xa73S\xecn\xac#\xf4\xd8VB\
kP\x18\xca-\x1f&\xce\xb3b\xca\xa5\x83\x8b\x850\
H\xde_:\x9d\x84\xbd\x95oP`\xd1tD\xa4O\
bT\xe7\xd9\xc2\xd1\x18\xd7#G\xa4\xc8\x1b\x17m\x9f\
\xc5.\x0c\x05h|\x1a2\xee\xdd\xdb\x09\x9a\xe2\xed\x1b\
u\x12\x8dP/>v\xeb4\xb5 \xbaGFT\x1f\
\xab\x9f}&\x99U\x09\xbf=\xd5X\x03\xf7\xca\xf8\xa3\
,t\xd4y\xf1\x0c\xc4 \x80\xf5\x11\xdd\xc9Au\x0e\
\x17^U&\xb0J\xdc\x85\x1d\x94\x17@\xa1\xc1\xc35\
\x92\x80\x06-t\xfc\x22\xe5\x13{T\xc7\x12\xcd\xaf\x19\
4\x11\xc1\xfc\x01Z\xbf\xad\x87\x81W\x8b\x15\x87\x16P\
\x95\x05\xc0\x9a\x99r\x94\xbe\x0f0\x81\x9f\xe3\xea\x9c\xa1\
\xda\xf8\x93oK\x8a+\xd5\x1dC-\xd8*s\xd2\xa2\
\xbd\xa0c\xf9\xf3Q5\x12\xd8M\x8b\xe1oF\x9d\x95\
\xeaF>\xed`\xb2,;x\xecRqY[W\x1e\
+\xc8\xb8\xc8F\xf9\xa6Ua\xba\xf2` s\xdf\x02\
\x00\xcd$S,\xb4\xae@\x10]d\x9b(\xee\x90\x83\
h\x18q\xaex\x8e\xcaB\xbb\xbf\xd2\xc6\x19\x84r\x88\
\x0c\x09\x82\xea\xce\xbf77p\x1e<WI\xa3h\xba\
R2\x89pA7KA\xe0\xd3\xb3\xfb\x0d\xe6\xe3\x97\
\xbe\xd0k0\xdb\xf0\xde\x22\xd0@#Z\xea\x10\x1d\xbc\
~\xbeb\x94\x17\xd2oC#\x8a\xf0\xb7\x0648P\
\x8b\xb0\x83\x9fQ\xe7Q\x9c\xe2\xc4\x99oV$JF\
;\x03\xa2\xe0g\xb0%l\xfe\x89\x84`\x18\xda\x15\x98\
x\x06\xf4\xc0#\x85oP\xe7Jt\xc9\xe7H\x1bq\
n\xa2\xdd\xc1\xec\xb3\xbd\x05\xa0\xb9\xa4\x924\x0f\x8e\xf9\
\xec\xba\x19\x22\xa2\x86\xe7\xbe\xea\x9a\x09>X\xc6\x0b\xdf\
@\x92\xc2-\x11<\x88\x8a\xdc*\xe0\x84h\x17\xa9\xbc\
B#\x93x!d\xd8u&@\xd0\x86\x05\xb67\x12\
\xf3\x81\x0dC\x8a\xe8\xb6\x01\xc1\xc0|\x82\xe9X\xb0\xc0\
\xf3\x87\xe66\xdbW\xc9gAE\xb6\xa9\xd6\x0a\xec\x11\
\xac\xaf\x86\xf1y`\xc9\xfc\xb4\xa8w\xc1KX\x98\xb0\
u\x84\x99\xa2\x12\xa5\xc3\xf3u\xa7\x82\xc2h\x01k\xfd\
\x86\x10\x0d=V\x8doG\x1c\x06\xa4\xb5\x94\xf3Xb\
E\xccV<qh\x05\xefR0\xda\x16\xd1x&\x0b\
\xeb\x95\xd2\x14\x93\xcdg/\x9d1\xd6\xc3\xce\xa1\xe2%\
\xa8\xe0Wh\x9fn\xc120\x97\xd2\x12\x94q)l\
B\xfb\x8c\x04\x9a!\x18-\xbam k\xad\xad\x88\xf6\
 \xe6H\xaf\x0e\x0b\xaci\xd7\xe5Y\x8f\x87g\x13\x13\
\xd90\x98\xc1\x93\x12\x85\x0b\x1d\xca\xae\xd5>\x8f\x17\x99\
\xe0R:\x9f\xc94\x07W\xa1U\xc3\xbe\xa2\xd3\xcb|\
\x03?\xcb\xd8\xd3\xeb\xe6\xe5h\xa1US\xb3\x0d\x19\x8e\
3\x99[\xb1\x90L\x9f\x99\x05\x0dz\xae\xe6\xfa\xd8X\
#Z\x17\xb4\xd0\xdf\xec\xb3\xb0Nhs/\x8f^\xc6\
\x98\xe1h\x0f\xc3\xc3\x0b\xd7\x9d\xdb\xb0Q\x94\xb2\xa9\xc2\
\xef\xc2`\x81\xe52\xe2\x9a\x9f\x09$\x0a*N\x8c\xb8\
\x1f\xa1qS+?'\x1e#\x95h\xbd\x1eB\xc3F\
\xd4z\xfa(c\x9a\x5c:\x12Zf\x86O\xa1\x81\xcc\
\x1cU\xd9g\xae:\x0e%\x03\xf9@\x8a\xd3\xe4e\x22\
d\xd0`!\xe7\xee\xfc{\xf5\xf9\x08\x88\x97#\x19\xcc\
(\x13u\xe7\x11\xc9_8\x9fS\xad\xea\x19:&x\
\x01<%\x00\xa3\x8a\x08\xed{\xbfc@Vp\xb7\xee\
\xeb\xd2j\xd6k\xb9\x80\xea`\x15by\x91wuU\
]TEi\x80\x0ap\x9c\x07\x81\xa1\xac\x11o\x1d\xf1\
8C\x84DH\x18B3T\xf4\x0b{97\x19\x98\
\xf7\xd9\x1c\x86\x01\xfbLt\xbd\xff5\xe1\xf21Z`\
\xdc\xaa\xe3*K\x9d\x03\x1f\x84\x0f\x8c\xef\x1f\x1b\xde\x06\
H\x12\xbes\x85\xe6\xf5\xf20Q\xa2.\xdf\xe4\xf6\xd8\
\x8c?\xa6\xc5]o\x96\xcf\xfa\xe0\x84\xe6\x89)/h\
,\xe2':\xa3$\xd8\xfe\xe3\xf8\xf5\xf6Pz\xc2\xb3\
!\x92\xfa\xd9\xe7V\x03\x87\xd9Qi\xdc\x02S\x87.\
\xc7\x17\x19D%A\xc5{7\xb4M\x06\x96\xb7%\xe1\
\xdcI\xa3M\x10\x97\x22h\x1d`'\xa8\x89\xfd&\xfc\
\xa1\xabhU\x97\xec\xd0\xf8\xe2W\x1a(e\x84C$\
|B\xa3\x05\xc0\x0e\x0d\x80\xe3\xb8K\xe0\xe2\x1a4\xdb\
\xf7(\x90\xd9\x1e\x0d|\xb5\xcfZ&\xa5wI\x1b\xd1\
\xa8P\xf1/\x15J\x14\x8c\x7fa\xc1\x86.\xb8\xee\x0e\
\xed\xbe\xbc\xb4!?\xb0\xa7#<\xdc\x17\xb7\xa4\x1f\xf5\
\xb3kXH|D\xc3\xb0\xd6%\xb6z\xe5a\xe1\xd3\
\x86\x86\xb0\x05\xf2\x7f\xe0Jy\x03L\xccgx\xb0\xb1\
\x03)\x9f]\xc4\xa2\x93\x0c\x0fZ\x00\xabS \x02\xe3\
X\x82\x85\xe5\xc8\xdbD\x5cl\x03\x08\x0a\xa8\xdd\xb9\x03\
\xc4\xe3c\xd0\x98\x98\x00,\xe9\x07z\x87f+c%\
\xa9\x16V\xa8\xf0\xba\xb3b\x1b\xcc\x07C\xc1\xf0\xb5\x86\
%d\x8c\x8a\xb5H\x5c\x8b\xb5\x82\xec\xfe\x07\xf3a\x04\
?FC\xe3\x08E\xc2\xd5\xf8jSk\xcb5A\xe8\
\x15\x81i\xf4\xbb;\xb4\xf4E\x81\xd1ue3\x06)\
\xc0U\xd2G\xb4QB<4\xdc\x0d\xab\x1ci\x8d\x83\
\xaaf\xb5\x1d9_|\xf6U\xe1pzz\xf26F\
\xd0l.&UH\x1aVV\x8c\xa6}\x89\xd08\x19\
\x9e\x8dgO\xd6@\x17k\x16B#\x83\xb8+\x93\x1f\
\x18\xf4\xfcL\xfd\x05\x01\x00$\xe0\xa2\x19\xbfP\xbe\xd7\
\x8f\xbcm\xf4\x9e%0\x93}\xc1\x97t\x1b\xc0\xdd\xc0\
\xbcT\xf2r\x03p%\xc3q\x18H\x06\x89\xb0\xe5p\
`\xf8f\xb6\xc4\x14Lx\x03\x1a\x91t\x1b\xa0\x93\xf1\
\xd6\x85\xfe\xce8\x1bHa\xdaJ\x8aU\xd9\xc0\xf5\x11\
\xf2k\x9f\x82\xf8\xcd}\x17\x93\x94\xbe\xd6=@;\xb5\
<\xbfA|I=@\xd3V\x10/\x8b\x16\xec\xec{\
R4\x1b<.\xe2\xadh1Qa\xae\xe1\xe9c\x1c\
\xe0\x86f\xa3\xb0\x09\xbfT\xdd_t\x8b<\xdaL\xbe\
\xdd\x03\x85\x96_\x99B\xc1\xce\x08{ \xc3\xc2%\xd5\
b\xcb4\x22\x0f5\x15\xbb\xc8\xd83\x12\xbe`\xce\x89\
\xa2|\xf1J`0\xa1\x19Uqu\x87\xc5W\x9a\x1d\
l\x98\xd2ytD\xa3\xb9R_\xe6\xd8\x82iS\x1d\
\x1c\x143\xc3g\xfeiP\xec\xc9\xafZs\x9dC\xb5\
N\x8b\x83s\xb0\xdd\xe3\xe8\xa0\x0e\x7f`.I\xc6\xa2\
fK9\xf3\xbe\x8c\xbe\xed3\xa1A\xe6\xc9y\x89R\
\xc4\x82\xbe\xca\xa2\x87'.7a\xac\x22\xd7gJ\x0e\
\xbfh\xee4h\xa0!\x85U\x01\x86~\xed\xa6\x1a\x06\
\xa6H\xb3\x0b\xd0\xd6=\xcf\xb3\x95\xe3~r\x07N'\
\xc6\xb5\x09\x93I\xc6t\xf7\xdd\xac\xa5\x13=[B\xac\
<O\xc7Pq\x9f \x96\xab\xfb\xf5\xf2UC\xbb\xb5\
Fc\xc1z\xab\x0b\xe2\x18\x83\xd0\x9c\x9e\xa9\xce\x22^\
)\xef\xe4!\xb40_\xa5\xa5\xdf6\x1d\x9c\x85\x8bF\
\xda\x85\x952s9,Bs\xe90\x8di\x03\xf9\xdd\
m0\xee\x08\x05V\x10\xe7\x19\x16N\x9f\xb5n`\x14\
\x94W\xc3\xdd\xce5\x7fa6db\xa50\xb0\x10l\
\x03Z\x98\x7f\x0b\xe0t\xe4\x0am7n6\xc0\xd4\xa1\
S\xd4\x09^3\x17\x126(\xb1\x01\x0f\xb4\xb8\xc2\x1a\
\x98\xbd.\x9c\x10\xbcX\x83\xe3\xce\xcc-\x91\xeaX\xfa\
L\x02W>\x8c\xcb?]7\x8d\xc4)xUH\xd5\
gB-\x15'L\xa1\x9a\xb8\x81E\xc4*\x81\x12H\
^\xba \x8b\xc7i\x1dATt^\x97Y\xcb\xbb\xca\
\x0dZ\xc8\xd4\xe4\xe5a\xd4\xe1\xee\xd3.-\xcfHP\
s\xf1\xc2}\xd0\xce4\x19<\x8a\x078>\xf9\x84f\
\xc3\xd0\xa8\xe4\xb9p\xa2W\x0b\x07q\xa8\x1f\x9b\x9d\xe9\
x\xda\xadt\xd2g\x1d\x10%d-\xa7\x1at\x22\xcd\
4\xde\xf7A\xfb\xb4\xb7\x8c2\xee\xb3\x15\x90B\x88?\
Lu\xd3)%\xe3\xb3\xca\xef\xe0\xeb\xc9\xa5\xbd:4\
\xe8\xb7\x94\x85\xa9\x9b\x90\x92)2\xa5\xd2\xb3\xcc\x94\xa2\
\x1d\x1c\x01\xb4\xa1\x88\x85y\x0c\xd1\x8fBAb\x5c\x92\
\xd6\x0d\xed\xc7#\xa3\xa2\x91\x8cJ\xe1\xb3w\xc8z*\
37\x14\x17\x03m60S\x07\x15\x95\x91\xdf\xf6\xb5\
\xe43yHLS\x85\xdbqP\x05\xefMR\x86\xc9\
r\xda\x05\xedb.\xae\xd0\x14!\x5c\xc3\x10\xa0-\x85\
\xb8\xa6\xa1#&\xcb\xc9\xd4-.\x13\x0c'\x00\xd3\x85\
\x04\xc0TT\x1a\xc0\xdf\x1f\xf3zs\xff\x1e\x86\x85\xf0\
t@\x01\x81\xa7\xacq\xdf\x1c\xa1$C\x88\x80\x08\x09\
eN\x11\x0d;D\xc6\xae\x83\x8c\xc19?\xfc\xb0\xe5\
p\xe6~6|!\xb8\x04Zp\xdc\xfb\x8c\x12\x82\xdf\
\x1d\xdb -\x11\x1as\x1aA\x1f\xcf\x04C\xa2\x0e\xa2\
\xfd\xff\xe9\xe7\x14\xd1H\x1c\xb4\x97YZ\xd4R\xe5\xd8\
\xfe\xcahy\xed3?3~\xd7R\xc5\x93\x00\xa4\xa0\
\xa2\xbd3&\xee\xdb\xbd2\xbd\x8c&#\xf1l\x14\xb7\
\xd6\xa2C4v\x93\xc9\x88&Pm\xc1\xe3\xee\xac\xce\
\x8c\xc6\xc5~N\xe7\x05\x99\xf4\xfe\xb1\xd3\x95lDc\
\xe8\xff;\x80'\x01V\x0c,\xb0\x16\x9a\x18Gh&\
\xd2g \xd9\x0a\xad\x9e\x18\x9e-\xa7\xf1(J\x89E\
\xdbL\xc1O\xc0DD\xd6\xe3\x19\xcd,\xca\xbb&\xc2\
%\xd7l\xa0\xd1\xa0\xa2\xbd\xd7g\xcb<\xe1\x02Pb\
\x19\xd0ht\xe0K\xdfg,=b\xf6hD\xa0\xe5\
\xf0q8\x17,\x17\x0eU\xb4b\x1b\xa69\xdd\xd0\x0c\
|W\x80V\x8b\xa3\x8a\x02\x95y\xc3\xfb:\x93^\x7f\
H7\xa1){\xb2:T^\x0b\xeeX\x04u\xb3=\
\x8c\xfa\x83\x88\xee\xf5\xc1\xf2\xf4q\xfd\x03\xe4\xdf\x06\x07\
\xbb\xa7\xd3\xebt\xd6\xcd\xb7\x13\x1ah}\xf6P\x87;\
\xdb\x8bFB\x12\xe4\x22RE\x9f\x81(\x8bp]\xda\
L_\xebFn\xf05l\x09&\xc3B\xa2\xe9\xe2&\
\xb4\x9eH\x82(u\x80\xcag\xc8IZ\x91\x0b\xad\x84\
\x1b\x11[\x13\xcb0\xc0\xea\xb1\xdf\x83\xe6\xe3\x01\xda\xca\
E\xdf\x8c3\x1c\xe0\xe1}\xb6&z\xe6}\xa6>i\
dM\x83\x07\x8dF\xe8.(*\x88\x03\xc9\xf9>\x17\
\x00\xbc\xd7\xd1\xd0\xa8\xf7\x03\x062\x8d\xb3~;hS\
^\x94O\xe7\x5c9c\x1d\x84\x87\xd8}\xc6=\x85)\
w\xce\xf0\xe6u~\xedR\xf0{\xfd\x0cR\xa1\x92?\
\xb1\x97\xb3.\x1aj\x1d4<\xda-\xc8\xcd\xad\xd8\x8d\
b\xb43\xba\x18--\xaf\x9e\xac\xe1\xf0\xf7\xfc\x13\xa1\
\x1d\xd7\x9f Zu.[~\xf4\xbc\xdc\x0f\xb3;H\
\x9d\xcf\xb6+\x02\x0a?\xea\x10\xcd+\x12\xa6\xb7\x09\x97\
5\xf3\xab\x15\x83\xfe\x98\x8d\x05\xcb\x0f\x05\xca\xb8$l\
\xa0@\x80\x968\xa5\xce\x01\xaeS\xee\xed\xce\x22\x5c@\
\xf3Zh\x8a\xbcn\xcf\x9b\xf2bn\xc1#X\xe0]\
nf\xa8\x98R2\xa8\xc4A\x9b\xbc\x87\x8d\x11,\xaa\
\x18\x09\x87\x94\x9f\xa9\x8e\x0b\x9b\xfaD\x01m!\x92\xaf\
\xf5,\xa5\x04\xf7\x19\x937\xf2\xb5\xe1\xdd\x1dO(Z\
4\x07\xce`\x0bn\x84\xb2\xf9\x8ck\x8d\x8a\xd6\x81\x83\
\xf6r\x1bD\xf1\x0fA\xc8_\xdfpp\xda\xc3\x1c\x96\
\xbf\xd6\xb2v\xd6\xd8\xada\xcb\xf31\x19\x7f\xd1O\xa1\
\xa2\x89\xa21\xca\xbf\xaa\x88AP\x9c\xf3\xc4p\xc3\xc4\
\x18\x99s\xd5V\xa1\xdc\x8a\x1e}v\x96\xe9\xd0H\x80\
\x09\x8e\x04\xc2\xcb\xb8\x22\x81~D\x1d\xf3\xdd\x15\xd0K\
9\xb0\x9e\xe86M\x8dh\xbe\xf2gP\xe7\xa2\x02\xba\
\xc77|Fh\x18\xe09k2Z\xc7\x81]j\x11\
V\x87\xbb\x02=\x85\x85\xdag\xa0\xa7\xd0\xed4\xb5\xb7\
\x0d\xe3J\x96C\x05>\x87\xe6\x8b\xe11\xd1\xf3Y\x8c\
\xd0\xc9\xa7\x8b\xee\x12\x87'\xa6\xb2\xd9@\xad\x9f\xb5x\
\xb4$M\xe3z\xd1a\xaf\xc4\xd60Bh\xc4((\
\xca\xa1e\x81^\x98~\x0d\xc8S\x08\xb7)s\x92@\
\x85,\xde`\xe7\x84\xce\xb3Q\xa5\xf8\x1a>\x02\xe1+\
c\x13\x07P\xcc\xde\x17\xe1C\xdaR>\x83V\x84C\
\xc59\xcf\x06\x932J\xd0\xb5lR\xd9\x9d]\xcfm\
\x98\xde\xfb\xb8\x22\xf3\x99c\xc1\xa2I\xe6\x07\xc7h%\
8yn\x8b;#\xda\x86C\xd52\xa0(\x81\x0de\
g\xb7\xe1\x9a\xff\x8fCci\xf9\xcc\x80h\x1bL\xfb\
\xe8\xe8w2\x91\xd3\x93\xcf\xb8\xa5f\xfbP'\x1b\xf7\
\xcc\xd1\x04\x1b\x94\x1d\xad\xcfXs\xfa\xe6Z\xa0\x9a;\
{\x1a\x9e\x96m\x10e\xab\xa0ST7\xb8\xb8\xb9\xb3\
\xb3V\xf2l\xc2\x9ec\x22\xc1\xba\xa94w\xf6\xa3O\
\x8ah,\x8c29\xbe\xb6\xbc\x846+\x1eO\xd6\xdc\
\xdf\xd8:\xbb\xec\x92\x1f\xed\xe7\xdf\x06\xbc\x1ah\xf3x\
Ld\xc5g \x0cf\x0am\xe7\x8e\x04d\x16\x9a\x12\
\xbcq\x16x\xa2\xdf\x9a\xd0\xac\xdf\xd1r\x02\xdb@\xa3\
\xe5\x8d\x8d\xa33%\x94\xc2j\xde\xea\xf0\xd9\xee\xe2\xab\
\xe5\xd9\x18\x19r\xa1)\xa6\xa0!\xae#\xa9\xb3\x9a\x85\
\xfcY\x8cqg4\xb8\x8c\xb4\xd5\x107\x14\x16\x80\x84\
\x96\xcd\x80\xd6\xef\xd2\xe8\xac\xc6gA\xfbG\xbbkS\
\xed\xa8\x8c\x95\xdd\x06,!R=\xf2\xa6\xc9j\xbf\xc8\
\xa1\xad\xdb\x11\xc4&\xd2\xd2\x94k\xee\x01\xdd)\x9fA\
\xab\xbcvo\x1c\xda$\xacHK\x83K\x16|4\x84\
\xb07P\xab^u,q\x95\xf6T\x04G4|\xab\
\xd0\xb0M\xdb0\x1e\x86>\x92\x07\xcb\x85S\xaf\xa1|\
\x06\x07\xa1q}\xaf\xf2\xc2U\x91\x96\x06P\xa1%M\
\x09A\x9e3\x88\x0a\x0d\x1e\xa0\x024'<i\xa9\x7f\
+\x1c_wb\x89\xd0\xef\x17K\xc2\xc9R\xbc\x01\xfc\
K\x00'\x15\x12\x11\x00\x11\x00\x11\x00\xd3\xe0B~\x80\
\x04\x1e\x06\x06\x07\x11\x02\x90\x11\xe1\x9c\x0f\x14\xcea\xe6\
\x10$\x00\xb4\xa1s\xb2L\xf6:0\xac\x01\x0fg!\
\x8a\x0f\x89!Yd \xddEB\xae\xc0\xc2\x0e\xfc\xb9\
9\x7f\xe1\x95\x92\x1b\x08\xcb\xcc\x01\xce\x8f\x0c\x83\xc6\xa8\
\xf2\xc56i\x0c\xe2\xb9\x08A\x10\x84A\x10\xac\xd6\xac\
h\xdcRX\x08\x8300\xc2 \x08\x88 \x08\x82 \
\x08\x82 \x0cB\x80 \x08B\xc0 \x08\x02!\x0c\xc2\
0\xa5(\x96>\x91>\x8b\xd0<8L\x22\x18\xa6\xb0\
Z\x1a\xd1\xa8a6\xbe@\xa4\xe0\x82\xbf\xb9\x92\xd7\x9d\
\xa5\x85\x00\x80g\x8a\xd1\x91Ui\xc0\x98\x86\x06,\x91\
\xcd;\x03\xdd\xd1:6\xcfC\x92^\x8d\xfb*ho\
.\x9c\xd5jD\x09\x8d\xf2\x0e\xee\x1e\x87\xac\xdf\xfaL\
\xfd\xf2\xf0\xa7\x90T\xf3NE\x11\xd2\xd0\x0c\xd8\x9a\xae\
\xc4zM\x0b\xd0\xa8T\xeaU\x00\xa4\xb9U\xed\x11\xfa\
\xc8\xedc4\xf8\xf7\xdb\xd6\x09\x07M\x02\x7f\x7f_\x0d\
n\xc4\x1d\xe9\xdf\x8cX\xd1\x18\x15QLX#+\xa4\
\xfc\x1f(\xf8\x13\x19\x1a\x18\xc5\x01G\xb5A\xa8M\x1d\
J\x12\xbe\x14\xb4\xberQ=L\x1c\xb7\xe8t\x80\xc8\
hS{\x8e_\x00-\x8a\xb9S\xf6\x1f\xa3\xc3\xa1\x1c\
6\xdfL\x9d)\x07\xaf(S\x1d\x94\xf0\xe3Q\xf1\x0a\
\xb6\xc1\x84E\xb3v\x9cOG\x14G\xb3\x94\x88:\xdb\
\x81\xe7\x084=\x88\xfd\xadP\xd2[\xa8yn\xeaQ\
\xe7\xcf\xd1\xbax\x8d\xf2,\xe5\x8f\xda\x06\x02Q5\x07\
<\xb9\x92+c\xa8\x15\xf7\xbf<\x88)\xdbT\xdb\x10\
\xdd) L\xc0\xb5]\xe7\x8ehw\xd4g\x87 &\
\x96\xcd\x91Gah\xab\xd0\x00\xbf\x82(@\x1c3B\
Z\x177\x90\xd8\xab\xa3e\x8d\xc1\x91/\xd1\x11M\xf7\
C\xcb\xdd\xf4\x0d>\x13Y\xbe\xe3\x01\x09V\x08\xef\x9b\
hd\x902\xfc\xdc\x80j\xa2]\xf9fN\x8c\xa1\xcc\
\x09\x0d\xf9\x0a\xf5\xeeA\x1e\x0f: n,hV\xb0\
#r\xb0}W\xca\x9472\xe2\xf4\xfb\x9ca\x9f.\
\x0a\x86f\xbf\xa7.8\x92\xf9h\xdea\xad\xa0\x8c\xa5\
\xcfV\x0d\xdc\x8e\xb6\x80'\xa2\x99\x9f]\x15\xb1\xef@\
\xfagcoC\xdbbQy:\x08\x87\x82\x911\x93\
Z\x19\xc4j\x85\xec\x89p1\x9e\x8b\xa7{b[\x17\
q\x98\xf0[d\x80\x09nN\x0d\x17\x8f\x83B8\x8f\
\x1a.\x97\xee\xfa\x05.\x8b\xdf(\xe4\xd0df\xd6\xe3\
~\xa1}\xa8\xd1\xc6N\x91\xbe\x01J\xca\xff\x0d\xd0\x05\
\x87*\x95\xe0\xd9\x0d\x1f\xa1\xd1eh-Z\xc0\x0c\x0d\
\x132\xa6\xb5fF\x1b\xea\xf5\xa9\x8a\xd0@\xbb\x1d\xa2\
\xc3\x99\x0d\xf6\xef<\xc3$\xd1\xc1\xac\xcc.\xa6\x87\xd6\
P\xdaJ/\x83\xe1\x06\xa8\xd0\x18\xa1\x01-\xf3\xcf\x97\
\xdf=\xe8\xa5C\x0dmd]\x9eM\xf2\xe4\xbf\xf9\xef\
>\xf5\xcfxs\xe5\xa7\x10\xcc\x87\x0d\xcdcG{x\
\xac(^\x1d\x19\x1a\xe3\xb5=G;y\xcdG,J\
\x863\xf4\xad\xa2DCb&\xaf\x94\x91h04)\
#~\xaee1\x02\xa9T\x5c\x8b\xc0\xa4\xbe\xd2}\xa0\
y\xcf5\xeef:Q\x84V\xb19\x89\x0e\x04\xc2\x8b\
\x16\x05\x02\x9a\xc0}\x00\xcdB#I\xa0\x01\xde\x94\xc6\
;\xd0\x981\x85\xdfg\xe1B\xe2\xb0KbW\xc7\xc5\
`\x82\xa7\xd2^\xaf\xf8\xb4Y\xe55\x1en\x83H3\
E\x1b\x1e\x80TB\x1b\x1e\xd9\xf6\xc4\xb8\xb2B?\xa8\
\x0e<\x08\x08\xaeb\x13\xcc\x98_\x84F\xfeE\xc9\x02\
\x8d\xd0l\xb9\x22%\xb1FM\xf0XH\xa5C\xfc\x00\
\x8d&\xd2\x10\xda\x11I\x19\x09\x5cI\xb8\x04Y\x19>\
\xcdQw)\x07\x92\x90\x17.4\xcc{\xddb\xe7\x18\
\xb4n\x1e3:\xf57\x88\x99\xc4\x9e\xb1xRV\x0a\
\xd3\x8e\xae\xce\xc2\xb8.\x81x\x84\x16\xe1\xc9\xa0I\x8a\
3\xe9u`\x18\xef\xd4\x9bU\xcc\x83Sy:m\x8c\
mh@\xb4a8-\x8b\xee\xaf}!*8\x88\xe4\
\x5c\xd5)\x9b\xef\x92\x860\xa1\x15\xdd7\xf1\xe7\xdbx\
5n\x09\xa1]D\x085!rEs\xb0\xadH\xbf\
C\x81\xbe\xfc\xdc\xfa\xa2\xd9\xf80\xe4g\xf4!\xc0\x11\
\xda\xc8q&\xe5\x7f\x11sZ\xc3\xbc\xc1\x00\x9c\xc2L\
\x18\x9e\x1d\x22\x08D\x11h\x06ed\x16\xe0i\xf0\xd9\
\x0d\xaa\xec\xa7\xaeRG\x17-\xd0\xa4\x13-\xe6\x1f(\
\x1e\xf1\x12}\xa9\x1a\xef`O\x0d>h,fvv\
K\xc1\xe5T\x22g\xd5\xe2{\xa8\xc5(\x1a0I*\
\x1f\x5cV\xb8\x87\x1b\xfd\xceg[\xd6g\x1d`\x86\x8f\
\xe8$wu\xd02<\x80@A\xc8`\x84&h\x02\
\xab\xbe\x17\x9a\xa51\x9b\xda\xf3\xe0\xda`\xad\xae\xe4\x1c\
\x14\x0bM~\xfe\xd2\x0c\xe1\x9e\x1a\x9d\xd1:\x0c\xaaJ\
\x7fBsf0Y\x98M}\xcc|\x89\x88\xb9\x0f\xc8\
\x00d\x97\xaftg\xe5\x93\x8d\x805\xb4\xba\xd0\xc4K\
\xa2\x0c\xb8\xc7\xd8\xcb\x9f\x04\x08O\xceL\xee\xb8\x9a9\
,^\x7fi\x12)vE\x0b\x0cH\xa9F\xe1\xea\x10\
\xbco\x8e\xfal\x0d\x18u\x83\x95\xcd\xc9\x90\x823w\
0C\xd3\xfb7\x08\x98\xcb*\xe1f\x81;\x8c\xc6\xca\
\xd0Z\xdd\xea\xe5lI\x17}\xc6d\xb4h\xb2CG\
\x94\xab\xaa\x9fh\x9a\x1c<\x9b7d\x1c\xab\xa5\xc0\xfa\
)\x16a\xf7$\xaa\x0eF\xd4e\xd4\xd8~v\xdc\xdb\
0\xa5\x99,`\xa6\x8b:\xe2y\xee\x83x4\xb8\x5c\
I\xf1\x03\xeb\x94h\x9f2Z\xa3\x8a\x17 \xc8ap\
\xcc0a\xb9\xf7%h:\x8eF\x0d\xc3\xfe\x04<\xda\
8\x93\xf7\x1e\x0eT\xf0G\x03\x8bUHb\xd1\x05\x9f\
x\xd32\xf0\xc3o7\x9b\xd4\x03\x0e\xcd\x5c\xa4Zh\
\x95\x99\xbc\x93Y\xb1\x88\xcc\x08\xed\xd4:\xc9\x9e\x22\x1c\
.\xddg\xfa\xc0\xbb{r\xc8\xdf\xe9\xec\x99/eh\
\x94\xb4h\x03\x1d\xb7a!\x920\xea\xf9\x80\x0d\xed\xb4\
\x0d\x9fS\xca,\xb0\x1fS2hEj<:;B\
+zY\x11Z!\xbc\xe8\xf4\x0f\x22<\xcfS\xcbc\
z\xa1\x1d\xab7\xec\x84\xa0-\x7f\xbc\xe5YP.\xf2\
\xbe\xe1\xb8\x0d\xeb|\x10\x904\xf3\xc2\x13h\xd7\xb1\xb9\
\xc9L:\x03\xe7\xb6\xa1\xa6\x0b\xed\x85W\xed\xca\x80+\
\x9eu\x1f-K\xddG\xf9\x10\xa2V\x88&\xb6-\xd2\
\x9e\xa0\x19\xbf\x17\x92\x1eZW\x85\xe6\x04\xdf\xf2\xc8\x0c\
+\x144\x9d\xa2\x91\xd1\xd4\xc9\xd7\xd6\x1d\x1a3{\x12\
!\xea\x19=\x08M'\xb1\x10\xd3!\x14\xf5h\xf7\x8d\
\x06MP\x11\xa2\xcd\xaf\xe3\xae\xb9\xb5\xb2tB\xb2+\
h.\x0ayQ\x91\xbeY\xf0h\x03\x8c\x96\x13Z\xce\
\xdb`V4\xb3\x5c\xe2V\x8c\xa4Wh\x0f]\x10\xf5\
\xb6(\x15\x1e\x9d\xd1\x16\xc0\x81\xeb\x0c\x03h\xc9'\x1b\
RO>\x5c\xf8\x07\xcd\xc34%m=4\x9b\x16,\
N@4Y\xb7H\x9d\x87f^h/\x9e\xbc\x03\x03\
\xa1\xcc\x82\xbd\xa1<\x9b\x98\x16^\xca\x85\xad\xcd\xff\x02\
\xaf\x5c\x024\xf5\xe0\xd0#\x954\x856%\x98\x12\x1a\
\xeb\x1c\xe1n\x01\xaa23\xb7\xb4\x89\xfd\xa2YN\x80\
/\x91\xd0t\x5c\xf0w\x04{\x07\x1df\x83\x22\x12\xad\
lxG\xae\x81\xaf\x08\x0fv#I\x80hPq\x00\
\x97\x01hN\xc1\xbb\xbd>\x98\x15\x1a$\xcci\xca'\
K\x0f\x0e4`\x89\x13`0\x87\xea\xb3\x7f\xa0]\x98\
oX\xcf\xba#\xc2K0\x0e\xb4U5\x9a\x07\x84\x99\
\x0f\x8d\xe4\xea\x14\xb3~\xa8\x9c\xfa\x99\xd7\x14\xf1$\x8b\
\xbf\x8aB\xe3\x03\xf8lH\xb4s\xb3\xd0\x94\x02\xad\xfd\
\xce6\xec\xf8\xc8?\xb8\x81\xd6\xca\xe3u~\xd2\xc4\xe1\
5\xa4\xd2\x93\xb6\x22\x1b\x12\x9dm\xb8\x8fC\x1b\x80D\
zL*\x92\x08\xa1E@\x8b\xb3IC8\xa7\xe9\xea\
\x90\xe6V\x84\x9fudh\xb4\x02A\xa1\xa1\xdf\xdb\xf0\
*\xe83\x157y\x06\xd0\x0b\x04G\x82\xd0\xb8\xfaA\
\xebKF\x88ZR\x9f\xdd\xc8\x02\xa9\x19\xa5Cw\xe6\
\x91\xc6\x1c7X\xb7\xd5\x01\xe63Kh\xbf&\xb4X\
p\x06\xe8\x1e\xb3:\x16q\xc0j\xed%\x05\x81&\xcb\
C\x06\x9dC\xf7&\xb4'\xcb\x0dF\xe3\x0b\xde\x86_\
\x06+\xca\x08\x19\x83\x82\x11\xb4\x07M\xbf\x89s\xeb\x22\
4\xfc\xd6g\xb5\x0e\x92\x0d\x91/\xa1i\xd0-\xb0\x0b\
\xda8\x11\xaaZ\x92\xb7\x0df\xc9\x84\xf6\x09P\xd9\xf8\
h\xb7+hd\x0c\xf6PA\x98\xd04\xa6\xbc\xe0\xff\
_h\xe7sLh\x15\x16g\xb4V2\xb3o\x90Q\
\x8a0\xf9LL\x95M=-Jn\xb4m\xaa\xbd8\
\x92Q\xda\x04B\xc3C\xb48\xebP\x9b\x18uv\xa2\
\x91:\x18\x9f\xd5M\xa2\xf6\xbe F\x93\x00\xc3\xd5\x89\
\x10%\x80k\xf3L\x88\xfbE(\x1dZ\x14\xe7Y\xe3\
\x0778A\x83\xaa\xa1(\xeaT\xbdn\x84\xf6\xe6\xbd\
\x04\x05 \x19n\x00-8p\x07n\x03\x16\xa1\x06\x83\
\x09\xe1\xba\x09\xcd`.\x06\xd1g\x01&\x1e\x84kK\
\xc9\xbd\xfb\x0f@6\x9f$\xbcS\x8cTRh\xa4\xc7\
o\x0e\x02\x8d \x831\x1f\xa1O\x92yW\x0c-\xe4\
\xb5\x84c\x95@\x83\xed\xa9\x94{Ih1\x09\x00\x86\
\xd0.]>\xab\x97\xa1;#\xd6y\xf0\xa4#\x83\xe1\
b\xe0\xedt+\x84Q\x87\xc0\xd1\xe4jm\xa7\xd1\x13\
\xd5/\xb4\xb1\xa4M\xf2-\xd8\xfb\x0b'\x93m@\x0b\
\x84\xb0\xea\xa9x\xbd\xcf\x96\x04\x02\x81\x96)f\x94z\
\xff\xc3\xcb\xc9@hM\xa4\x15h\xad\xca/\xc6\x84\xcb\
\x08!8\xc8\x18\xf0\xe8nT\x18u\xfe\xd7H\x81\xbc\
4\x22rj\xd8\x01\x19\x95+\x82Ah/\xf3\x8a\x88\
g\x94\x5c\xd6!N\xb2\x07\x1a\x9a\xf6x\x18v\xcd\x1b\
\x82J\x0b\x11\xc2q\xc4\xe8w\x1bZ\xd6\x90\xb3B6\
\x09!4\xa7\x9a\xdcy\xd4vp\xebt\x0f=\x9a\xdc\
\xe3$\xf1\x01\xd1gg=\x0e[ \x8b\xd1\xc8 \xa4\
a\x86\xf2W\x11\xb9\x923\x84\xf6R\xbc`j\xd3v\
\xe1\xc9\xbb7r\xc5\xc5\xd2 /\xc4kC\xdb\xb9\x8b\
\x01\x04E\x00g\x98\x15\x15\x00\x14\x00\x14\x00\xdbN\x01\
\xc3bmmq\xa1T[\xc0\xae T\xab\xb63\x0a\
\xca\x087\x8bP{\x0dT )\x96\x22\xe4]\x91_\
\xa4\xc9>\xe0\x83\x01=p@\x07`\xa0\xb0\xeeb\x85\
\xf0Y6\xa4h\xb2<\x03\x09\x013!Wj\xde\x99\
\x092\x1a\xe3\x0ak\xc3d\x95o8\xd5\x01\x83a\xa8\
\x92\xddr\xd2\x182\xca\x0eA\x10\x04A\x88\x07\xa5B\
x\xdc\x01B@\x08\x82 \x1c\x82 \x08\x8e \x08\x01\
\x82@\x08\x82 \x08B\x80 \x08\x82\x10 \x08\xc4 \
\x10\x86Q\x06\x92\xec\x01\x81\x1c\xe4\xb1m\xed\x03\xc2`\
[\xd4\x86\x12[\xb09i\x8f\xa9\xb6\x86\x16\x0f\x93\xcb\
%\xba3\xf6\xce\xb3\xc5\x05\x03\xb8\xa1\xde\x8a\xb1Q=\
\xa3_\x94eb\xfb($2\xd0\xacO\xaf\xa9)\x0c\
\x7f\xc4Ea\x14f\x11\xf6F\xff\x0b\x9e%'{7\
X\xbb\x0d\x99\xe3v,O\x86F\x05\x10|\x9bH\xdb\
QY\x87\x04\xe4Y^5\xd3\xac\xfe\xda\xd9\xf0\xffh\
^\x07K\xcd\xf6\xe4\xf3y\xd0Cd\xf5\x13SS\x10\
Z\xcasXM'\x7f\x80\x0ab|f\x19\xd8M\xac\
\xcc\xe9X\x91\x8f\x90\xc3\xa8\xc1g\x1e\xd743\xee%\
\xf3\x0c\xc2\x1e\x9d\x05.P\xd3g\x12\xf0\xb1-\xa9\xa0\
m\x5cP\xb8\x0e%L\x81>\x83\xaa\x13\x16\xc9<\x84\
\x01\x11\x92\x99\x95/C\x0a\x1bZ\x07\x114B&\xd4\
\xad\xdeH\x15=SU \xcf\x10y\x06\xb2\xcc0\xc9\
V\xf0\x9b\xad8/\x87\xcb>\xc7\xcf\xda,J\xdef\
Q<\xa2\xf5\x13\xd2\xd7\xba\x9b<\x1f\x8bu+\xaa\xc0\
\xcb&\xc7\xd6x\xabV\xe4\x04B\x8b(\xc0h\xdcu\
\xcc}\xf0\x03>C{Fh\xf5'\xd8+\xd1t\xc8\
\x9d\xe7\xc4\x9cb\x94OhU\xcb\xb3(=3\x9c\xfa\
\x8e\x7f\xffY\x01+\xb4\xab\xbb\xa3D5\x95\xbb\xad\xa9\
\x09\xcf\xe6\x5cN@}\x08\xf1z\x95\xed\xabm\x85\x05\
\x0f\xb4\x84\xe1\xd0\xa1\xab\xb7\xb6\xc1\xdf\xed\x22\x02\xe1\xe0\
\xf6\xe5C\x12/\xb4\x09\x9c\xcfF\x18\xe3\x04\xe7\xc6W\
}\x08\xda-a|\xd1\x84\xeb\xf4d\x02\xc8\xa4I\x0f\
l\xf6\xff\xdaa\x965$Z\x8c\x07t\xdbp\xa2%\
\xa2\xa9C{A\x9b\x91\xf3\xd9\xd6\xe6\xc9\x8a\x9d\x88(\
\x17\x14\x10\xda\x1and\xe8&\xf8l\x84Q\x1f\xa8\xc8\
\xb50\xf1\x98\x8c\x16\xcc\x01\xf01\x06BC\xfc\x08\xb6\
J\xcch\xa7\xd5)x\xe2\xe0\x8d4O\xd2\x11s\x02\
<\x1aK0\xff\x9bG\xd0\xca\xe6\xae\x0cY\xda\xf9>\
\xabPK+\xb8o\xe9\x14\xea9a\xdf\xbf\xd0:\x80\
\xc6=\xa0\x9d\xfd\xbb\x98\xdc\xab\xea1\xb5\xae\x19\x08P\
\xcd\xac\x98\x87\xd01\xf0\x19\xc9\xc1\xc1\x90,h\xce]\
\x80\xe2\x145\x85\xcb5dY\x07\x0c\x12}\xc5O(\
\x8b\xa0\x0e-O\xc5mX\x8b\x5c\xbe\xe1\xb3\xa0-y\
\xd6\xdb\x22\x95\xd4=\xc1@#\x1a&\xa2\xd2u \x11\
\x84\xb7\xa1{\xb63\xb7\x01\xd0}f\xe2f\x8d}\xa0\
9;\xa8X\xdc\xa0n\x08A:\x8a\xd2\xf7\x84\x82\x02\
\xd0\x88\xea\xe2\xce~'\xeb\x99\x82SR5\xdfg\x84\
`\x1dO\xad\x89%\xa7\x81\xfev@\xc6\x15\xb9<k\
\xec\xc9\x9d\x93\x9d\x0c\x8dT\x9b\xa52\xba\x0d\xb9\x00,\
\x18\xda\x93\xa3\xa4+X\x1c\x06I\xc1\xba\x0bHp\x0c\
\x12a#\x9a\x1d<\x9bO\x09\x8d\x93\xa3\x1e\x9a\x91\x1e\
\xcc\xe9'N\xcd(\x1c\xbc\x0d\x0c6\x86\xa6\xcfn}\
\xf8\x00\x80\x5c\xb1\xa1EG\xe9\x1eF_gc\xeb\xec\
\xc7\x90\x802\xe47p\x96\x9a\xac\x9e\xcb7Yd\x07\
\xed\xfci\xb5W\x8a\xe5K\xcam\xc0Q\x96\x82\x02c\
s\x0d\x0d\xf3\xe8\x12\x9f\x8d\x13SX\xa9\xd7\x15\xdd\xc3\
|\xbe|\xba\x0f9\xb8\xecf\xa0`9\x0cm\xbd\x11\
\x99@N&\xe9\xb9\x01|\xf6\xde\xcc\xee\xe9&\x1a\x0f\
\xa4\x1aA\xd4\xc28\xd6\x14w\xc2\xdb\x02L5\xf4\xbb\
\x1a*\x11)h\xdcC\xb4\xc1\x1a\xb7!\x07\x11\xf9l\
\xc4\xd0|\x03x\xa6t\x88bl'c\x87\x83\xaf\x98\
\x8c\xdcj\xda!\xaa~\x1d\xbd\x86\xb4\x93\x92+h\xb8\
\x95\x91\xce\x10\xf1\xcd\xc3\xfd;vCq\xdf\xce\x91\xc8\
\xd7\xd8}ww#\xa1\x07\xa6T\xba\x1c0o\xa9\xd7\
\xee\xbdt\xdc\xfc\xdb_\xf7ij\xb1\x91so\xc23\
\xb7\xecD\x90\xdd}\xbbU42\xbeK\x9b\x8c\xd2\xdf\
\xa0\x98\x18\x13\xc22m\x9f[\xb4\xf1\xdd\xec\xa2\xd1!\
@\x83>!\x02\xf9\xdbj\x19Q\xde@\xbd\xd9\xcfB\
\xa7\x8ao;|u\xc0_iD\xb6\x86\xd2\xb2jv\
\x12\xf8\xcc\x05\x82}\xdd\xde\xcf\x11\xda \x7f@\xb2a\
L<\xe3\x02\xe2\x9e;\xfb\x12R\x05\x915\xf4\xcag\
\x1dLI\x0b<\x05x\xd0\x22\xe1,\x18\x0f'\xb8X\
\xb4\xef\xa8\x82\x11\xa0\x17\x01\xed4\x0d\x84T\x93\xa3a\
8\xcc\x8a\x02\xb0\x92V!4\xe4lN\xd3\xe4<>\
\xf4Y\xf1\x85\xc5(\xc8\xcf\xaa%\xbe\x8cc\x13\xa2\x9f\
\xb1\x0a\xb2\xbb\xd0n\x8e\xe5t\xf4\xcb\xb5)\xbc(M\
\x85\xe8\x94\xe1\xaav\xd6\x08\xe2\xda1\xd4\xf6\x9a\xd2\xf0\
\x99\x0b\xd2\x0d\xa7\xb3g\x88\xe9\x83\x85Q\xcf\xba\x02\xe2\
\xad\x98#]\xc7\x9a\x00h\xac\xb2z4\xa2\x84v\xa1\
}\xc3\x1d'\x0d\x99\x1c\x98)\xc3\x0e\xd0\x0a\xe5N\xbf\
\x0d\xc9\xad\xf2\x17H\x14W\xab\x94z\x7fK\xcf\xbd\xc2\
zC8\x99\xc1\x15\xb5\xc5\xd6gH\x08\xcby\xb5\xf5\
+*Ai\xf0\xd9\xb3.\x86g\x89\x03\x10/Qg\
\xd5\x85\xc5\xd0\x0c\x85\x16\x82\x02\xa0g\xbfU\x14Z\x81\
K\x04m\xd5c\xc0W0H\xbb9\x00\x12`h\xbc\
#h\x0b\xa1r\xb9\x83\xa6\x9d\xac\xc1\xb5_\x8di\x09\
\xbe\xf8\xa1-\xda7\xb4+\xac\x06/\x1dZB\x89\xe4\
\x8f\x0b?\x04\xd0\x0c\x94\x1dQ\xd66\x95\xa7\x13 \x1b\
\x8c\xb2\xd0\x5c\xc3\x0ad\xf5d\xc0\xb4\xd0\x985\x8e\x1c\
8\x07T\xe3\xc4q[PH,.J\x0d\xcf\xd0\x9a\
\xff\xf3\x22m\xc3\x22\xd6\xc2\xe6\xf9A\x83[\x14\xea\xe4\
\xe2Dm3\xa4T\xd0{\x16q\xfd3\x8b\xe5\xa0\xc7\
\xc97\x0d\xfe\x106?)(\xbb\xd0\xbcWC\xbbg\
\x0e\x1fzdE$\xd0\xc4\xda\x06\x82\xdb\xe1YQ\xd4\
\xa9\x86hW\x88\x01r\x00\xcf\xea\x9d`\xbf\xbap\xc5\
*~\xfa\xf2\x99\x08\xdc\x14<\x9d\x00Z\x00\x14\x8a\xdb\
\x0cN\x13\xecS}\xbb\xda\x86V\xa4h\xb0\xaf\xa0\x03\
A\xb8\xf0\x1e\xc5=D\x10\xd9\xae*t8\x08\xba\x96\
L\xf1\xfb,\xd43!\x8eC\xcd\x8f\x83\xb7E\xa7[\
\xfdtT\xeb\xfdPs\xc1T\xb6\x09\x98\xa0I)\xf3\
\xd5\xe3\xdd\xd0J[\x8dy\x08W\x95[LW\xea\x00\
\x1c\x00m\xf3\x9b\x96\xdf\xdcg8\xb4\x1c6\xad\xc5\x86\
h\xf6\xda\xf8lc\x90\xc9\xaf\xdeh\x83\xf7*ar\
i\x9d1\x866\xa0}\x91\xd9\x06c\xac\x0e9A\xc3\
\x22F\x8bX\x9dOa\x0d\x0a..\xbdFk\xb1!\
)s\xb5Sf\x1bB64\xfe\xe8\xe6\x1c\xfd\x19\x12\
n\x10&\xda\xfc\x92\x99j\xf9\x0cQ\x8dB1\xa0\x11\
\xc0\xb0\x99o\x1a\xef.\x80\x96\x8bT{I\xeaI\xae\
:\x96\xd7T\x8e\xa0\xdd>^~\xed\xe8\xd0\xda\xa7\xc2\
^\xae\x86\xc9\x8c0\xcc\x80\x16\x85\xc8\xb1eq\xa8[\
\xee\xac\xda\x88\x16\x1d\xef\x0a\x17\xe6\xe0\xd4\x1d\xc6\xfb\xbd\
\x1fB\xf2BC\x82\xa2<\x87\xaa\x92L\xc0\x87\x13\x80\
\x9e8n\x11\xb90C\x92\xca\x92D\xf9\x86\xc6\x8f\x90\
\x86x\xe1\x88m\x00#$\x8fD\xd1\xd0&4?\xd0\
\x17\x02(\x8e+0[u\xb77\xa9\x1b\xbb\xe9\xc4\x80\
\xd2\xec3\x07nn\x89\x0a\x85\x22\xbd,\xb0\xd3\x0e\xaf\
\xd2\x99\xe1\xd9qgcM\xe8!\x8c0\xc6n\x7f\xf3\
\xaa\xbb~\x80\x1c\xda\xad1X)a\x1c\xc2?i\xb3\
\xac\x90E+\x15\xa8\x05\xb9\xd2XD\xa3\xf0(\x96g\
\x0d\xda0\x97:\xad4\x02\x00\xf36d\x92A,\x03\
Z\xbc\xc2\x1a(>h\x80\x0d\x01hu!\xcb\xfb\xf8\
\xe7\x1cc\x94\xecB\x91\x91\x9c\xd9\x15\xcd\xb2l\x8c\xe4\
\x12LH\xdd\xdc&h\xcb\xa8\xe7\xe4\x93\xc0\xfb\xd3\xa9\
6\x94\xf9\xac\xbb\xd1\xa26o\xa8r9\xc6O\xa7\xfc\
?2LLxPA5h6~\xd0\xf0\xb3\xdbx\
_E\xc2\x0c4k\x0ba\x0a\xd0o?\xc4\xf40h\
\x08\xc2\x0e\x95g;K\xb0\xc0`\xd4@1\xcc4\xbc\
\x0d\xa5\x8a\xc9C\x8a\x5ckt\x84\xe6 CL\xbcJ\
cA#R\xe0\xba\x01DJ\xa3\xcc\x02\x8e\xc9\xf3\xcb\
\x22Y\xcf\x82Kq\x89f\xc1\xa1A\x8c\xbc\xef\xee\xa1\
\x18\xde)\x22)\xc0c\xabr\xc5u\x0a\xa1\xc1\xb0\xe0\
\xa6\x13\xce?,\xa9V#r\x10\xda\x8d\x0c\x9a-j\
\xcb]\xbf~\x12\x1aje,\x1a~\x03pai\x0f\
Q}\x00\x04\xef\xf7H4\xc7\x8e_M18\x1fZ\
\x1c\x9c\xc5e\xff\x09\xbe\xf6\xee\x0b\xf7w\x80A\x12\x0b\
\x22\xc3\x0f\xb2/\xb4\xf5\x98\xea\xb2\xfdde\x1f'\x11\
\x07\x14\x8bF(\xc9j\xc7\xc4\xca\xe5\xb6\xb4\xfe\xc5\x1a\
\xe1\xbc\x06\x01\x8c<\x00\x07\x15\x11\x0f\x00\x10\x00\x0f\x00\
\x87\xbf\xf1\x02\xf6\xbdyg/\xfb\x22\xc9\x8e\x10\x92\x8f\
\x02\x05\xe8]\x85\x05l\xbb\xdfs\x0e+\xf0o\x0f\x03\
\xfc\xfd\x9f\xd5?\xdd\xdc\xb3\xa1\x86Q\xfd\xfd\x01\xff\xde\
\x93k@1\x5cE\x8d\xa6\xdb\x8e\x17(rf\x82\xb5\
\xa8\xb2\xad[i\x0d\xe2\xa9\x06A\x18\x04A\x10 \xd3\
$d\x84=b \x04\x10\x83`\x08\xc2  \x82\x10\
4\x04\x08\x01\x82 \x08AB\x80\x10`\x08\x82@\x0c\
\xc40\x14\xc6X\xd4\xfc\xdc\x8a\x8aPc\x9c\x8a6\x8f\
NL\xb4\x15\x9d\x8a@\xdc2\xe9(\x91E\x0fH\x06\
\xa4\x9b\xfbW\xa8\xa7\xce6\xa4\xe0\xc01\xb3!\x83!\
\x18\x9a\x13d\x226\xe9jQ\xb8}\x1d\xd2[f\x03\
%\x17\x995\xfb\x22\x1a\x96\x07\xb4\x17\x1bi\xcfp\x10\
?L\x026\x8arh\x0d\x09f \xca\x1ck\x5co\
\xb8L\xcbl\x18$\xf7\x22\xd0\xe8\x84\xfbY\xc7\xa1\x9d\
\x0by\xf6\x1a\xc9\xc3MN\x0ab\xd6\x09p\x9f\x80\x9f\
\x80\x91yBk\x08\x8c\xcc\xb5\x0f\x847\x07\xae\x11\x0b\
\x98\xf7\xc5\x04[\x8c.Su|F\x1e\x88\xfb\xf4)\
\x0c\x9a\xf6Q\x98\x89vJ)'\x9a\x18\x94m\xc8/\
\xf8\xec\xa1\xe1\xd1\xe1\xe4\x8b\xf96X\x8c\x87\xdd\xf7\x04\
\xda\xd0\xc2\xc1\x11\xcc\x8d\xb2\xf3\x86\xb4!\xd9\x06\x8b\xdd\
Q\x82\xa7\x8a\x15\x9cd\x82\xb9|\xde\x90\xa2\xdc\x06\x07\
\xe6\x0eK\x1buhkz\xfc\xd9\xca\x12\xaa\xd3\x93\xfc\
U\x06\xbe\x16\xfd\x83.Z\x19\x9e\x13\xe5\xae\xb3\x0d\x9f\
\xdd\xdb\x08\xa0\xf1\x0e\xc0\x0d\x01\xce\x19\x84Kk\xb9\x1b\
>\xf3D\x14Q\xdb\x8f\x1b\x82\xa7N\x97\x0b\xca]\x94\
\x86q\x0f\x13\xe4%\xe7cb=M;\xd1\x18\xdc\x00\
H|\xc2\xaf(\xc1\xa1\x0c-\xcb\x9e\x0dv\xcc\xfd\xea\
\xe0h6?\xe3\xbd8m\xd2EL\xfe\x8c9w8\
\xa2\x01ixtC\xaa%\xe7\x0d\x95|[\x80a>\
\xdc=\xb3\x0d\xaf.\xda(x\xf4\xd0b\x15(3\x93\
\xad\xc9}MX\xaf\xb3\x04\xde\x06Q\xbc'5I\xa8\
1\xde\xd1\x02-\x8d\x0b,\xcd\xd7\x19\xc1\xdb\xe0\x92\xe6\
\xde\xc6b\xf0\xcfg\xf4\x1b\xe9\xf5\xab[2\x9a*w\
P\xa3\x9e\xf1\xe6\xd0v\x9b\x02\xb2h\x1a\x82\xe6\x12\xcc\
\xf9_'\xc60O\x808\x05-=\x09\x0d\x19R\x87\
\xe9\xd9\x0c\xf7\x16\xfe\xd7\xb4\x0dj&6\xbc\xbb\x02\x81\
>w\xe6l\xfa0\xd0\x8c\xa0\xb4\x8a>{\x96wH\
\xf1\xc6\x97<\xf4v\x89\xcc\xdc\x17\x0d\x8cQsB\xe2\
\xd0x6\x89\x9e@+\x97d6\x14\x03>\xb6\xcf6\
\x9bD\xae\xe9\xcc\xbeZ\xfeJK;]S\x0ef8\
\x12ZA\xe9\xcb[\x9d\xb6\x81\x22p\x08\xaa\xe1\x03\x0d\
\xdc\x8d\x0d\xb5\xcc`-\xbel\xdaN\xb2\xe1\xd0h\x80\
\x82\x00\xfd\x00D\x96mx\x8f\xcca\x16\x98\x8dU\xf0\
N\x15\x8cf\xfc\xdb\xd9\x86=\xccO,\x9f\x82\xafT\
\xcf\x88tb\x94\xef\xda\xf9\xc8\xf0\xf0\xea\xdc\x9b(\x1d\
\x05Z\xde\x91\xd6\x92\x06\x0178\xb6\xa1\xc9|\xd8g\
Z\xd5\xa3p\xdd\xe6\x1f^\x98Q\xb2\x91EZ)\xc6\
\xf3\x98\xe8\x14:\x0d\x0d,\xd8\x17#B\xcb\x05\xa8\x9c\
q\xd7\x15\x1a\x14\x94D\x01x&*\xba\xd0vWm\
\x09\x95l@\xcb\xdf7'\xb0\xe0\xd7\x17\x88\x02U,\
8\x94{\xc6\xaa\xe0\x1a\x09,xh\xd9\xbe\xcf)i\
h\xc3h\xe1\x99(T\x9e\xd9\xe0)\xc6\xe7om\x0c\
B4\xb5~3T\xa4\x0d\xb4\x87\x86\x00\x90x\xca\xf9\
L)\xdd\xf0k\xf6t\x93<\xc1\xabQ\x85g\xe8\x8d\
\x02>$\x1a\xe43R[Z\x9fyn)(\xb4\xbe\
\x1e7\x98\x17\xdb ~u\xa2\x0c\xb62\x9a\xa3\x12E\
(\x9b\xda\x1a\xd0\xa1\x1cj\xce\xe8\x07\xdc\xc0\xcf\x03\xfb\
R\xce\xf2\x16\x95\x906\xccV:fCS\x0a7J\
\x98\xed\x12\x22\xd3\xa50I\x88\x9d\xc5#\x96\x05\xbb\xef\
\xf1`a$\xe0\x154\xebN\xb4\xbe\xa3\x0a\xb6&\xd9\
\x06\xde~\xd3\x97\x05wpa\x1a\x1ez\x0fX=\xf2\
t\xae\x17\xdf\xda\x06\x1e0\xd1\x22\x22)\x09\x89jK\
\xce[\x1e\x89:2\x82;+j\x1f\x0bm}\xa0\xeb\
\xd3\xac7\xb7\x02Fc\x03\xea\x1f\xdb\x00\x83\xc1}\x1b\
\x16\xa66\xbb\x06\xa3\x89\xde\x05\xe3RD \x05'\xd2\
\xecB\xab%\xc5k\xa0A\x90l\x03\xd2\xab_\xaa^\
\xc33\x0aGh\xd0Z\x8b\xb2\x95\xde\xa87\xe5\xf1N\
^g\xfe{\xa0\xb1PV\x0035\x9e-\x17\x9f\xe0\
3\x81\x18hX\xcdh([\xd4_\x94q\x84\x1dj\
\xddd6D\xeck\xdcB8\xd7WK=zl\x03\
\xd2E\x1c\x1a\x92\x85\x16\xfc\xd1\x84\xd9P2A.\x12\
\x15q\x8dWE\x01\xfbP\x9f)U\x84\x14\x8a\xdfb\
\xe9\xe8tJ\xc76l\xad\xa9\x9b\xf6\xae\x0b--Y\
\xdc\x8eOd\x0bN\x04l\x17\xba\xd1?\xb7\xa0\x99Z\
\xb6\x13qx\xa7[\xf1l\x18]u\xe4*J\xf2\x87\
R\x00\x986yi\x92\xd8\x82\x03\xa9\x1b\xb4\xecl\xa1\
\x9d@E\xbbPj\xec\xb3\xd0\xe1\x83\x1b\xdf\x91\x22\xcd\
\x06\xc71o4\xc4\xdb\xf5\x87\x0b\x08\xcc\x06\xc1\xa8\xa9\
0\xb4\xaf\xa8D\xb9l\x18L1\x82\x9e\x1d\x03\x88\xfd\
\x85\x10\x08\xeb\xd4\xc2mH\xd5\x9f\x16\x9am\x5cq\x1c\
D\xd3\x0c5\xc5g$N\xd3\x15\xc2\xce|\x04\xd1\x90\
e\x0e\xad\xa4\xb0\x0d~\xbcEy\x8a\xc0d\x8c\xdeH\
\x9cp\x85\x03\x19\xfc\x1b\xd5\xb0\x1d\xb1\xe0r\x02 \xf7\
E\x87E\x19g\x12\x03oh\x15\x08\x9a\xa9\xf7\x975\
\xda6\xfcf:G\xb0\x85\xa67( \xa9\xb8\x00\x17\
\x91\xa5\x8ej\x8d\xb6fh\xea\xbf\xd8y\xf1]\x15\xb9\
\xac\xaa5\x12\x00y\xb6\x1dn\x1b\xc6\x22\xfft4a\
\xa5\xe9l\xae\x16\xec\xfdYx.\xeaX\x923\xb4X\
\xd0a\xe3n\x03\x1d\xfdZ\xec\x0a\xc4\xaa9\x97d\xef\
\x04K\xf2\xc6\x93\x88\x22\x8d\xc6\x81\xf8Lq\x83\x90\x89\
\xa1s\xa0\xed\xe9\xaa\x9e\xf8\x87\x96\xa6B.\xf4\x035\
?j\xdcE\x1f-9B\xe0\x80\xc8\xc49\x02\x00x\
\x81\x17\x80\xb0\x98\xe1*\xda\x8cd|\xb5\x0d\x89\x96\xa0\
=[\xb0\x12L\x05\x86\xc6\xc0F,\xb7\xb2Z\xd4Q\
D\xcdO\xd4X\xd5\x08\xfe\x97$\xeb\xa9\xf5\x16\x97\xa0\
\x10S\xa37l<\xd0P\xfd\xfc`\xf6`\x82\xf1\x00\
@$2\x10\xb6\xc1\xad}\xc6\x8af\x7f\xd4\x9f\xb1e\
\x1ei\xb6\x1e\xea3\xc9\xa8\xfbu)\xa0z\x9dW\xd8\
\x86\xf4\xd3-\x91TE\xc7\x0e\xfecSo\xd9\xc0,\
\x8aB\xaf\x9d\x08YG\xb5\x00\x9fin\x03\xb4ac\
\xfag\xd6\x99fG\x1d\xc9\xf8e\x9f\xf94\x1dn\xde\
\x06\x11\xadM\x98}\xae\xbb\x9e\xabM\x94\xcb\xe0\x93\x09\
Vb\xa9\xa0\xe6x\xe6\xb0p\xdeO0\x0e-\x80\x03\
* \x0e\xb9J\xeb\x8d\xcf.4\x82\x0b\xe1%~Y\
bq\xd4]znlx\xd0\x17\xf2\x7fk\xd2^\x9a\
\xea\xbb\x08\xa0\x01\xae_UY{x\x1b\xf0`\xc6\xa6\
\xb3vo[g\x18\x92\x0d\xa3\xfdaX\x8b8&4\
&4F\xa0\x8egi\x85ea\x81\x133|\x1aw\
+<\xcb\xcb\xe1\xbd\xaa\x1b\xa6\xee\x09N\xf93\xbd\xb2\
\x05\x0b\xb9\x19D\xa5M\x00*7Q\xd3e\xae\xab1\
\x81\xfd\xf2k\xd5\xa5\xcaV\xd4b\xa1\xc1e\xeb*H\
hk\x8f\x1ez\x84h\xd0\xcb\xd2mH\xd4\x18\xc9N\
\x84\xb7\xd2\x1bU\x13\xee\xb930q=\xaf_\x12\xe3\
\xcb\xd0\x8eGV\xfd\xa4\xfd4\xfb^=\x9d\xe5r\xb9\
\x5c\xe4\xde\xc5\x150)\xf5C\xd4\x0f-\x13A\x9b\x0b\
\xfd\x8d\xba\x93\x04\xe1\xb7oC\xe4\xdd\x06Sa\xc6V\
/\xaa\x1a\x1a\x8d\x82\xb3AG.+\xe0\xd9\x14$f\
\x00EK}Q\xcd\xa8Zv\x1bx\x91\xc5D\x0a\xcc\
\x88\xd0\xcc\xe0\x12P\xd0\x82s\xa0\x0dK\x9f7\xe6\xb3\
\xa8\xff\x1fa\x22\x1aA\x0c\xb4\xe2)Z\x89\x99\x09\xbe\
\xc6\xb1S\x1f\x91@\x8a\x1f\xf4D\x00W\x98\x13\x12\x00\
\x12\x00\x13\x00-\xedw\xe8\x1f~\x1e\xeaS\xe0\xc8\x91\
o\xa9\xe9\xd2\xf9\x02\xe1C\xe3\xff\x99\x01uo\xdd\xe0\
=[\x19}\xf6\xc9\xbe\x02\xf5\xda!\x0a\x5c\xa8,\xec\
\xfa\xf9\x03\xdd(,\x06_\xe1@8SV\xdf\x7f\xf8\
pg\x0d\xa7p\xfe\x81\xc0\xd7\xf9\x17\x02\x82\xfd\xa8\xa2\
\xb5h\x93\x0e\xc2\xa9\x0aa\x10\x04A0\x98\xb3\x10\x22\
*\xbc\x01\x22@\x10\x840\x18\x820\x08\x870\x08B\
\x80 \x08\x82 \x08\x82 \x08\x82 \x08\x82 \x08\x83\
P\x10\x84\x92\xdc{\x0b\xfb,\x08\xc0\xdf'\x81\x17\x89\
?\xe5\x1b\xd4\xe7\xf9\xec\xc7\x04\xa3n\xcd\x10\xa8f\x94\
\x18\x7f\x81L\xa9S\x0c\x0d\x87\x0a4\x84\x0e\xa3%-\
?N\x93\xd9\xd5\xf9\xaa\x9a\x84\xec\xd8\x89\xcc_\x1e\xd1\
\xa0\x1fK*\x8c\xd07\x9e^\xd3\x22P\x17\xae\xfa\x93\
^\x7f\xca\xb1#\x22\xdb\xbd\x981Tgq\x05\x98\x93\
\x88v\xd2\xe7}a3\xd2}\xc6\x8a\x13\x99\x8e\x97\xa0\
Q\xa4\xc4s\xd52\xd1\xe6\x94\xbe\x9c _\xc7\x02\x10\
\xadr;\xb0\x0c\x9f]$\x07\xa3\x16\xeb\x9bJ1\x04\
\x18\xa3\xa5\xe2|\xb5\xb9D\x1b\xe8\x08\xa0\x0d$\x0e9\
\xa7\xb7\x05s\x09\x00\xbbr\x02\xe5\x19\x07)hX\x95\
\x90\x80\xe3\xac\xc8\xe0m\x00\xfc!<\x10t\x837\xa7\
#\xd1\x86\xb6\x1a\xda({{\xd1@\x97M\x83\x98\x08\
\xbc\x04\xb6M:\x9f\xb5\xa88\x80\x01J\x82\xb9a\x84\
\x99\xcf\xf8\xc5\xb3\xfdS7\x0c\x9c\x866\xf3k\x0c\xe3\
\xee\x80xvu\xb9\xa1\x95\xa3\x12 \xff\xde\x06\xec\x8a\
\xa6o\xb7D6\x00M\x90\x89\x1e\x17\xfc\xa1\xa8\xe4\xa1\
\x0b\xe8\x13.\x84\xd3>\xd3\xe4\xa8\xc1\xb8\x14M\xc4\x96\
3\xf9L\xf5DC9\x12x\x9f\x84~\xa8\x22\xe2\xa0\
\xe5\x82\xd5\xb2\x81\x89G2\x0b\x06\xae\xe7\x16~\x17u\
P\x5c\x08e\xe9\xbc\xb6%N\xafJJ#\xb3c\x0f\
A\x078\xa3\xb9\xb8Q\xf1\xf6\x0d\x8d\xfd*\xd5Ca\
\xbf.\x0bv,c\xbf\xee\x83\x93\x17\xda\x11\xbf\xaaT\
\xaa\x0b\x04\xa3\xf9\x15\xc3\xe3\xb3\x03\x03K\x81\x964\x82\
o\xf9:\x8d\x9f\xaa\x02s{\xe1\xc9X\xb0\x929\x13\
\x00:.D\xab6T\xb6\x81\x8d\x19\x92\xa9=\xf3\xb7\
\x8e2\xc1\x94n6t\xbe-\xfd\xae\xe6/K\x9e\x84\
\xe5\xb33,\x90\xb7\x91\x02\x92\x0f`\xee\xad\xd2x\xe6\
\x22\x95\x89\xe2\xbf'\xae\xb6a\x19\xc2(U\x0df\xf0\
\x9e\x84F\x09a\x08\x8dkT\x9d\x81\x91<~3\x9c\
1\xab\xd0\x80\x81\x88\xf8,\xe6\xa6\xf1\xd7E\x84h\xe5\
3/\xd6/p\xbfn_\x90\xff\x7f\xef\x8c\xdf\xfe\xbe\
\x00\x92\x04\xc2\x80\x1e\x08A\xda\xe1\xdb\xc6\x8bf\x22:\
k:D!\x1c\xba\x0d\xd0\x1d\xe3$Y\x0bc\xe31\
\x07B\x90h\xdc2\xef\x04PEY\x01Z\xd7X0\
\xef\xd7\xe9\xdc\xc7\xd8\xe1\x99\xb4sK(\xcc\xb3\xfcO\
\xe3\x07\xd1\x8cL\xc0\x00\x80K\xe2\xb0\xbb\xcfJ\x7f\xde\
C\x0b\xd6\x0b\x93\x05\x027\xa8\xf1I\xf5\x94[\x8d\xc8\
\x00\x9b\x13\xca3\xd1P8\xb0\xcc\x0c\x01\x9a\xedJ\x07\
\x06\xfb\x04 \xd7pi\x00\x82X\x8eP\xf53L%\
 \xa04\xa2k@k\xe6\xe1\x0c\xd7\x87\x06\xda\x83\xc6\
N$\x18\x1f\xbb\xb0J\xf14|b\xe9\x1e\xab{\x85\
\x9e \x04\x97g[\x01-\xa2\x22O@\x94d\x86\xd8\
\x80Dg\x01\xe8\x5c\xd1\xce\xf4\xb1\xcf\x08\xdf\x90\xb4V\
\x14\x0e\x5c\x17@\x84\xb18{\x9f\x89\x88b\xb9\xde\x03\
\xb3m\x19\xd1|I\xc5\x8c@\x1f+gNW\xf0&\
\xcfv\xf5\x11\x18(\x1e\xd2\xd7\x18\xd9\xe9\x84\xbd+\xe8\
I\xa2\xa6\xab\xd4@'\xa3\x14/@C\xfa<\xabz\
\x93]X\xa5\x14\xad}j\xd9\xfe\xde\xce\xa8\xf3\x16h\
\x0bm\x91\xc8\x82\x99\x08|f\x07\xb0*\x93l\x87\xd0\
\x92[F\xc7WT\x16\x18\x9cfp\xf2\x972_\x92\
\x19|\xc2\x16U\x818\x88\x18\x03\x06C\xcan& \
d:\xa2um\xc3\xa4d\x06\xb4y\xe499\xc0Q\
Q\x02\x03\xb4\xbe\xa1P\x04 \x04\x88\x05?|V\xf9\
g\xc2m\x18\x22\x0d+}\xf6\x82\xd6\x80\xb34\x8a%\
\xe3\xf8\xb3\xa1\x8b\x0fL\xbb\xc3\x12?\x94w\x80%4\
E\x9dVt\x1b\x84\x02 \x9408\xdc\x86\x91Ya\
\xfe\xc8\xb4}J\xb1RTq\xc7\x83>\x1f\x07-\x89\
\x06\x96\x16\x8d\xac:\xa1T\xcf\xf5>\x87V\xf1\x98\xe1\
HA\xf5Y,\xb7dI\xf4d)\xc0\x89\xd0\xf0\x94\
\x7f\x0dA\x13\x05@\x9e\xa4\x86\xf0\xd90\xc0\xfbX7\
\x09\x98p6I\x09n7\x07\xd3\x96\x06\xf6\xf9\xac\xcd\
D*![\x85\x8c\xc9\xc1\x844\x18&\xd2\xb0\x01\xd4\
\x82\xa5SSZ\xffDD\xfb\xaa\xbe\xe2\xf2\x14\x12\x0f\
\xeb\x83n\xdc\xe0\xa8\x0a\x10\xfdM\xbc\xa2\x01P\x86T\
\xf8c\x97w\xfb\x9b<]\xee$x\x9f\xa8 \xe4\x22\
t\xa0\xb9fUY=a\xc8\x06\x17@\xc4\x03\xda\xd7\
VdO\x09-$\x804\x18z\xafg\xd8\x1c\x87\xdc\
\xd1W\xf6=d\xebY\x9d\x1b\xec,\x8al:\x9e\xe5\
\x1c>\x12\xceN\x98\x0e\xcd\xd1\xc5\x18\xb8\xf0Y\x92\xe3\
\x8eC\x06:\x8a\xaa\xc9\x912\xbb(\x8f\x1c\x82\x11\x1e\
\x90B\xe3\xc4\x00F\x15I \x85\xf3\x19Vf\xb4\xd5\
\x85\xe3\x22z\xd10\xab\xd9\xd1\x9e@\xd3C\xbf\x04\xcf\
\x02\x05\xe2\x11\x1bz\xaa\xc8`\x07\xea\xb6?\xf2\x86q\
\x8cAd\x07\x0a$\xae\x0f\xb2\x0b\xf836\xeeC\xf0\
q\x8d\xd0gk\xd2F\x8c\x06\xf4\xf1Y\xd3&\x0e;\
\xb5\x0fNl\x81F\xfe\xff\xd0>\x8d\xd6\x5cR\xc3}\
$\x12m\x08M\x96`5\xea\x04\xd2D.*\xd0\xac\
\xd25\x1a\x90E>\xa4\xfaLET\xf8\xc7\xee\xd59\
\x19\xe0\xd93\xe2L\xcdq\x05w\xd2qmh\x9b8\
ak`\x0d\x19\xadc'h\x0c\x93e\xc4\xd5d\x87\
\x98eQ\x9f\x85&(W\x82B\x92|F51\x02\
\xddW\xe5;\xb9DR\x98-\xe6\xe5\xd2;iL\xdd\
\x8e\xd6-i\xb3/\x0d\x85VG\xa0\x14\x98G\xf8Y\
\xec\x935\x18\xa6Q\xeb\xaau=W7\x13\xed\x88\xe0\
P\x81\xc1\xbc\xa1\x15\x1d\xcbM_\xdfgx\xd2't\
\xb4\xe5\xd2\x07\xf0\x04(u\xa0\xb9\xdf\xaa\x914\x00\x82\
~\xf9I\xa6%\xb4\xe5\xd8\xad\x1cK)MO/\xfd\
O\xafR\x889c\xd0\xe6\x90\x8dr\x90\x12\x1a\x9e\xf9\
&g\xbdkX\x8b\xf8\xe7\x19\xb3[a\xd8\x80\x22\xcd\
J\x0f\xeb\x04#Y\xcb\xf6\xd3\xbcNp \x08\xb6\xcf\
tL\xf8\x00\x1b4\x97\x94X\x0b\xda\x94){\xe7\x90\
\xd6l\xa00\x82r\xd9 FX$\x87\xa3\x17\x7f\x1b\
\xf0\x1b\xfc\xfd\x8c\xc8\x5c\x1dx\x1f\xcbg>m\xbb\x5c\
#\x1a\x17\xccHG\xae\x5c\x1ff\x1b\xd0\xf4U\x10G\
\xe8\xf3\xba\xcbge\xfe!16\xda\xab/L)\xdc\
\xeb\xd2\x09hR\xd0\xd3\x9f\xbe:\xaa+\xea\xe8\x1a\xcf\
\xb9\xc8\x1f\xbf7\xae\xb5\x14\xabn~\xcen\x9b\xb0T\
\xd7\xe8\xa0\x0c\x92hG\xc1\xb5.%\xe8\x8a\xc5\xa2n\
\x03\xd8\x05\x974\xbb|\xe6\x1f\xd2\xd3\xf3\x13\x8d+\xb4\
\xb6\xe8D)g\xb9\xe4r\xe5\xd9\xb8\x87=\xd9Y\xe7\
\x1aWZG_\x0a<x\xa4\xf8\x9b\xa6<S\x08\xf2\
\x9c*\xaa:\xfa\xc8\x92G$\xe66\xc0\x0a\x06\x8f\xd3\
\xe9ZC\x1a\x97\xc7\xaa\xec \x9a\xf6\xa0A\x80\xd8\x07\
\x9c\x89\xf2%j\xc1\x96t\x05\xd4\xb4\x0d\xa8\xe8\xa1\x8b\
\xf4\x0d\x9c\x0e\xc6\xa1.\x89:\xf8\x1a\xdb\x0dhl\xc5\
\xaf\xbdU\xdbr\x83I\xea\xecPS[\x9c\x86\x86\xf7\
\x11ic\xf4\x15~\xcf\xa2\xf4+\x12\xec\x92\xa6r>\
\x13\x17$$\xda\x87\xae\xda\x0d\xf1\x9dE\x09^\xc7\xc7\
\x82\x7f<\x9dEEk\x0f\xfd\xd3QJ4\xca\x9d\x99\
\xac\xd7R\xc6\xab\xbe\xd2\xcf\xbcS8f!\x22L\xc9\
/\x17~\xa6\x92\xcf3\x1b\xf4\xec\xa50h\xe8\x22.\
w\xddo\x93;\xb9\xd8M[\xbc\x95h\x1fd\x86\xec\
\xe5\xc7g\x99\xc5\xbf\x85%@,\xc9\xf1\x08;\xdb\x08\
\x90\x1a\xd5g\x1bJ\x15Z\xf1\x09\xed\xc6^F\xa0%\
\x8eR\x89\xb6\xb2\xb3\x0d|\x987\x8d$\x83\x15\x19\x85\
\xdc\xc1\xc0\xba\x89\xb6\xe1#\x97\xdc\x90\x94Y\x94\x977\
8\xfbY_\xc1R\x15\x1a6\xe7\xc5M\xceD\x19y\
G\xe3\xeb\x83\x85\xd3\xedPR\x09\x88<uk\xa8\x1b\
AZ\x02;!\x9c\xb51\x03Z\x8b\x0c&;\x94D\
\x12\x81\xeb\xfb\x1c\xa7\xa5__\x96\x10R9V\x065\
\xcf\xcc\xb9D\x03\xd2\xcc\x06\x92\x0cm\x82z\x15\x9d\x11\
tj\xa9\x0dz\xbd8\xff\xc8w\x9f\xa9\xd3\xec\x86\xbf\
\x94\xb1\xa1\xb0\xe5k\x09\x8a\xbf\x00H\xebY;\xb8\x98\
\x81\xb6\xe1Y\xed\xbaCR\xc6\x06\x83\xbe\x0af\xe3\x0c\
`\xdfO\x88\xd5\x09H\xde\xb8D\xeb\xd8l\xc36z\
 Y\x95\xc9S\xe7\xd0+\x17\xe4\xb3\xa0\xb4\xeb\xae\x83\
\xb2(\x03T\x15sIC3u\x80~\x17\xe9\x5c\x83\
\xcf\x12P\x16\xe5YF3;\xdcL\x10DO\xd4\x1f\
\xd0\x84n\x84\x165\xfd4\x03\xdc<\x00\x13\x8a\x07\xf3\
{\xb3\xdd\xf7W[\x01\xd0\xa7\xce\xc0m\xfa\xee\x07:\
\xd7\x8aj\xc7 \xf1\xdd\xbdMh\xfeV\x01\x82\xb4\xb8\
\x92\xce5\x07\x220\x08\x02!\x1c\x82 \x0c\x88 \x0c\
\x01\x82 \x04\x08\x01\x82 \x08\x82 \x04\x14\x01\x82 \
\x0c\xc2`(\xc6H\xaf\xf9\x01\x0c\x02\x22X\x9b\xc4\xad\
G\x15\xc6U\xd1\xa2-c=W=\xc7\x87c\xda\xae\
UJ\x9e\xde\xfc\xe7.\x09\xb4\x0e(\x1bU\x00yh\
\xd7\x06\xdaG\xab\x88\xd6\xac\x8ag\xe4P\xb3CuT\
u\xd5\xbb5\xb4\xef|\xfaZ\xe2\xe0\xa0$\xbaB\xda\
B\xd1\x9a\xacB\x04\xf5\x9a\xc2\x11\xc9\xa5\xacf\x91_\
PhK\x04\xa2\x83\x8bX\xb4\xbf]\x5c\x90\xdeBh\
\xad\x1d\xcb\x14\xa2\xa7\x14S/\xbc-\xf8\x82_\xab\x96\
\xc6,\x89ld\x18Ji\x12 v\xa4\xe4\xa4T\x84\
h-\xfd\x18Q\xc2R\xb9a\x9a\xce\x83yiZh\
s\x83\x96\xc1\xd3\xff\xe4y\xb8C\x1d\xbe\xfa\x19\xdf\xd0\
e\xad(\x1d\xcf\x9d\x86@1\x0a\x8f{C\xd6\x90\x5c\
\x01h}\x03Q)\xe7\xa1+\x0c<\x82\x05^\xce\xcf\
\x01\xda\xc9\xe33\x1d\xf5\x98\xa1a\xd6\x19.\x8b\x13\x81\
\xa8#\x8d\x87\xc6I\x9d\xcd\x01Px\xce\xc1\xce\xf4\xc2\
\xca_\x90\x17(\xaa<\xcaD+\xdb\x11\xee\xd0uT\
n\xec\x9c\x0d\x1c\xb6\xb51;\xbb\xbd\xec\xe4\x87H\xd8\
K\xb1\xba\xce\xf4\xc2\xd8\xcf\x80q\x8bV\x10'\xca\xec\
\x08qJ\x0b\x18'\x1b\xdfgY\xb4~\x05\x8b#\xde\
\x0bC\xbc\xe5\xdc\xb0Z}\xfe\x10LG\xb3\xc1G\xa3\
\xb0\x81S%D\xc3\xdb\x80\xa6\xfa\xa4\x1d\xb4\xa9sK\
#\xbd\xf3\x83vpN\x9e-\xb6\xec\x82\xe3kY\xbc\
\xfb\xc0\xbc:w,J&\x9c\xe6\xd4\x5c\x15MP\xb1\
\x9e\x19\x06LU\xac\xf1\xee(4\x13\xbe\xb52\xb0H\
\x1d!z}~\x84\x81\xc6{\xb1\x13O\x9e\xed0\x91\
_CO\xf27\x97\xb4h=?\x85O^\x9f@\x03\
m\xa8fv\xf4k\x0ct\x1d\x1ch>Tx?\xbd\
\x02\x8d\xbe\x06\x81\xff\x0e4y(\xb9\xd6\x99\x1f\x9d\xb0\
\xb6\x1d\xfbL\xe5[z\xddIg\x82,F+Z2\
\xfc\x9c\xe6w&`\x9f)dfeec\xfe\x1fZ\
\x16j\xa5\xf0y\x9e}\x16\x1d=\x1b\x94 4\xe9+\
\xabz\x02\xf2Y\x95,\xee+xf\xd1\xeb_\xdc\xb7\
\x98y\x16\x91\x0d\x92\xec\xf6f\xf9Z\x12BKb\x93\
\xd3\x1e\xa8F#C\xce}\x8c\xb6ag\x06\x8a\xaa\xde\
\xb0v\x85F\xed\xe6S\xb4\x06\x8e\xf2\x19\x19\x9b\xfd\x9b\
\x22\xd0\x1a\xa5\xb7!\xcd\xf4E\xf2\xfd\xccg\x0e_\xec\
\xa2\x0e\x95\xcc\xa5\x8e\xe4\xaa\x99DK\xd1\xfaMy\xb6\
A*\xbd\xee5\xcc\x06\xc0\xf7\xcc\x94>\x98\xac\xe6\xf6\
\x18-\x17n\xac<\x85\x8b\x22\xd0F#\x1aVF\xe6\
\xb3\xce\x17\xda\xd7\xe7RG\xd8)\x89v\x94\x99\xa5\xd3\
P~R[\xd3\xab`\xd0\xcd\xf8\x09U\xc96\xe0A\
?SF\x08\xce\xc8Z\x83\xec\x05\xad\xff!z\xddJ\
\x8bIE\x07\xf2\xf3\xfcmhd\x94R3\xcf \x92\
rh\xa8\xe9o\x0c\x83\x03\x98\xdf\xc8$\xab\x12\x02\xc0\
|\xa7\xf3\xac\xa0y\xbd\xe4 \x0e\x8f\x16\x0b\x16\xe0\xda\
\x97\xedW\xe0xD\x00j\xbdB\x85C\xa2J\xfbG\
\xf1\x95\xa4\xf4@<Bgh\xbe\x87\x13\xad\x16/\xe6\
3\x07*I\xd4\x1d;^\xa1\x01\x04o \xe7H\x95\
\xc93!\xaeX\x03&F\xdd\xb1\x13\xaa\xa20&h\
4\xe4R\xfe\x93\xdfU,\xd4\x92\xdcG>\xeb\xce\xa1\
=\x0d\xab\xd8n7\x99\xaf\x95h\xc8(\xac\x11\xe90\
\xca;\x0d\x9a\x89\xc3\xbd\x18xc\xce\x13S\xc8\x91H\
-B\xe7m`\x9dij\x11\xaa\xd5R\xe0\x9fh#\
i\x08\xe5\x99@\x09(8vs%\xa9\x5c^Q`\
\xd1\xe6\x89\xc8\xfa\xec\x96\xd2\x94\x90@\xe0\xbc\x03C\xb4\
,\x22\x07q\x89\xc62\xe2\x87\xe6\xd1\xd3\xe13\x92k\
\xaf\xe3\x99\xef\xbck\x8f\xf1<\xac\x9e\x88\xe6P\x0c\xdb\
\xb0\xe1\x9c\x0c\xad`e\xefkH\x97|\x0a.b\xdc\
plWP#\xb6\x81\xca\xff\x10\x0d9R\x06~|\
\xd60\x84r\xa0\x06E\x938\x04\xea5\xdc\x81\x1b\x8c\
\xcelH\xb5h\x09\xedQ=a\xcd\x10\x8d\x83\x1eD\
\xb8\xd8\x91\x0dx,\x18\xe1\x1a3>\x1aZ9\x80\x13\
\xf2Y\xdb\x10\xe2p.Z\xb4\x02\xce6,z\xe8\xd3\
-\xfb\x8c\xeb\xd3\xc5F\xdeGD\x13d\xf3\x0fe8\
\xbe?\x08\x17\xfc\xe33U\x22V\x0d\x8e\xf6\x815X\
\x0f\x83\xfa!\xb2\xdf\x96\xcc>\xf3\x114f\x0fG\xba\
\xc0\x8d\xa0O\x8bV\xea\xe6\x11\xe58}v\xd5\x03\xae\
\x90\xde\x19H\xcf\xb3\xb2\xd56\xe65\x98\xfdB\x88\xf6\
>\x9a\x055\x8dU:\xcc>\xbb{\xc7\xb0\xb2 \x22\
P\x00\xfc\xc4\xc6\xbbQ\x88\xab\x97\x09\xab\xc6\x96\xcf\xee\
\xe7\x80\xe4\xd0JrX\xd1\xcd=a\xadI7\x8e\xcd\
\xe2\x81\x83\xccH\xee\x178\xd64J#\xd0\x1a\x97e\
|H\xb0\x8et:\xd8\x10S*)\x16\x1a<\xcb\xff\
\xd2;yhC\x5c\x1a\x01\xbe\xa1Y#y\x03\x13\x8a\
VzP0\xf0B\x12H\xb8\xc0\xb8\xd6\x05\x98\x81a\
M\x9e\xe1\xec\x8c\x12H9\x80n\xd6\x8b\xcf\xef\x0f\x9a\
27L\x03i\x80\xe8\xfe\xd4l\x03(\xe6,u\x91\
\x97\xb33\xe8gZ\x06\xf3SC\x7fh\x991ZC\
\x84\xb53\x03\x17\xaceA\xc1\x86\x96Z\xa5\xb9A\x16\
^Z\xca\xda\xfc\xd0\xbe\x22\xf9L-v49F\xa5\
7\xa3g\x8bj\xd0f\x9c\xb4\xceQ\x95\x949\x92\xcf\
X\x8c>\x8b&Z\xa8t\xd9p\xc3\x0e\xb0\x0d-[\
'|\xd6\x04.\xb0\xbe|O\xae\xe5\xad\xc6\xa2\xf0\xcf\
\xbc\xb66\x0f\x14[U\x1b\xdc\x8b\xdbg>a\xe2(\
\x06y\xef\x18\x12=j\x8e4}\x8eH\xfeT%\xa0\
l\x9e\xdbT\xc7g\x19\xf7\xc3J4\xf1\xda\x86\xbf\xa5\
9\x11\xf4\x00g\xd1\x04D\x5c\x1e\x04\xe1\x10\xefW\x1e\
\xe3\xa5\xb3\xcb,\x8dUe\x7f)\xf4\xa86H\x9a%\
*\xff\x81\xca\xb6\x1d\xd1\xb8-\x0f\xaav\xb4\xb4{\xf3\
\xc5>O \x0cu\xc2{hB+\x09{n\xdc\x91\
\x05R\xc5I\xa5\x1d\xa2\xe2\x10\xf3|>;9wE\
\x8a\xbaL#\xf1\x04\x18gf\xd87\xb3\xa1}\xf4\x8e\
(\x7f\x99\x9d\xe8\xdb\x8a)\x10\x8d\x0br\x9a\x09\x05\xf6\
K\xc3\x16\xad\x1dz\xcd\xea+ID\xe9\xa2l\xfe\x13\
{\x086\x7f4\xfc\xe3\x84V\xdc\x16\xbc\xc4\xa8\xda\xe9\
\x9d\x86\xc6\xf7\xca\x06P\x8e\x96^C\x93\x9e\xc9\x11\xa3\
 \x83\x98\x0dTT\x22\x0f\xdb\xbc\x95\x88\x8f\xa8i\x09\
\x09\x1ee<R\xce\xe7\xc2\xbe\x9f\x12\xbbP\x17\xb8\xaa\
~\xbf\xee\x04\x9f\xd5 \x8eHsh\x85N\xf5u\xfe\
\x0b\x1fk^P)\xfe\xe8\xcd\x7f\xd9b@\xc9<\x01\
Z\xa9\xe3\x17\xef\x03\xfa~6\x84\xd7\xd1>\xe9\xd0\xcb\
hJ\x16`\xb1\xa6\x1f\xbfx\x0c\x9f\x97 4@\xe9\
\x0c\xdc\x97x\xd1\x94\x8f\xac\xd7\xa3e\xe8\xa4$\x80\xe8\
\xc9\xa7n\xc3)z\x98\x92\x89\xd3\xed\x1b\xce\xb4R\x99\
\xc2\xb6F\xb4!;\x07'\x03\xb5nzV`\x12\x01\
\x9a,\xf41\xb9\xf6/8\xc6\xe4X\x8e\x99\x17\xe8\xcb\
cH\xd0\xa1U\x13\x9e\xd1~\xe5\x10\x1a\x9c\x88[\xf7\
\x99_Xi6&j\xec\x1e\x0d\x8f\xe5QN\x15H\
i\x86\x95tw0\x82^@\xac\xaf\xce\x14u\x12\xb6\
9!=\x84o\xdc\x95\xa0\xf5\xe1Q\xf2\x8a\xd6\x97,\
\x8bCl\xb8\xc4\xed\xce\x22\x8f\x97\x12\xd8-\x06\xcb@\
_A\xa1\xad\xb1jy\xee\x0d\xec\xf8\xa0E+\xccT\
\xeeq\x84\xf1+9o\xf2wi\x1c\xd5U\xeb\xd6\xbe\
\x19\xc0V\xd1Dk\x19\xc2:D@ P$\xb4y\
\xd0ZX\xea\x04\xe8\x98\x8c\x8d4\xd7{\xd6iP\xc2\
\x1a\x93\xcc\xfc\xbds\x1c\xaa\x7f\x01\x04\xe0\xe2K\x88M\
\x9d\x0e\xc9\xd3>/r\xb5\xba\x96\xee[w\xcd\xfdT\
h$\x9c\x0dVW\x0c|<\x00wP\x0e\x0c\x00\x0d\
\x00\x0d\x00\x0f\xcf\x9f\xe1\x84\x90\xc8\x0c0v\x09\xec\xbc\
CL\x05\x00\x0e<\x1c`\x00r\xe6\x1c!\x0c\x05\x92\
\xbf\x93\x17\xdf\x82\xe1\x00\xc0\x0c\x81=P\xf6r\xc0\xf0\
CBB`\xe1\x03\x82\x93\xa8\x12\x9eZ\x07\xf2\xa9\x84\
 !H\x10\x1a\x05\xa1\xa4\xae\xcc\x03B\x18\x08\x83 \
\x0c\x82 \x08\x02!\x08\x82 \x08\x82 \x08\x82 \x08\
\x87 \x08\x84 \x08\xc30\x18\x08\x82\x98\x15?\x0d\xdb\
\xd0aqX\x9a)\x0eY\xd77^~\xd0YNr\
\xc2\xb6\xe1\x82\x17Z\xb4pk\x88qx\xe94\xad/\
Z\x97\xc7\x15{\xc3z\x9c\x90\xd8\xb1\xb8\xfcN\xab\xad\
\x92p=\xec\xad\x0b\xedh=]\x82\xa93t`\xe1\
i\x05\xe1\xcc\x8c;\x9f\xadZm\xd8\xd2s\xd9\xb8{\
\xc6J\xfcr\x07\x02\xd7\xc5\xadV\xa5a\xc3\xc2+h\
K\xaa\x06\xd2\xae\x9dh\xb7\xca\xf7Q\x12\xb6\xb8\xd5r\
n\x1fO\x80\x06\xa9\xf064\x8b\xd1J]\x7f\xe4\xcc\
\xfc\xee\xddH\x16l\xcf/\xd1\x88Z\xd0B\xbft\xdd\
\x1e\xdd\xe8\x94?ne\x81\xd3\x04\xf4b&\xf4}\xc6\
\x85+L\xe4\x8f{\xe9\x90\x18\xa3\xe3\x0a\xc3\xd4\x7f\xbc\
\x0c\xd5j\x97+\xed~0\xc9\x82\xe6:\xcanA\x96\
\xf3\x8d\xd2o\xa0\xbc\xb4L\x84Z\xeb\xa8^\xee\x80\xe0\
\xb0\xf8\x1ac4\xe1\xb93\x5c\x85|\xb6\x0d\x83\x16\xc2\
\x03=O]\x08\xd5g^\x90\x18\xa9\xe7\xbe\x9b\xb0&\
i\x82\xe5&4\xf7\x98\xe51\x0b\x11\x10!\x81K\x98\
\xfcz\xde\x22$\xc9^\x17\xb0\xf7\x13\x13\xd0\x9c\xd9\x9e\
\xf6\x8f\x8f\xd0\xf4NDy_A\xe3\x1ea\xfaU\x1e\
\xf7}\xfe\xff|_\xd6V\xcb\x04\x83\xd24\x1bI\x94\
;I\xf3\xe1\xe8\x7f\xfc\x12\x9a\x91\xca\x94%\xdc`\xd0\
p\x8b\x01\x09\xf6_i\x16A<}U\x8c\xf4.p\
Dv\x8e\xd1\x12\x10nC\xc8\xf6\x22\xfe_)\x99M\
3\xc2ux\xbe\xf0\x11\xaew\x910s\xc8C\xc9\xa2\
)\x90\xb5\x1e\x97\xc1\x87)\xb4\xabM\x0ff\x01\x0fw\
V\xc9.\xdc\x86\x91\xdc\xf5\xf0\xf0\x86Ba\xda\x8aS\
\x9f=\x7f\x8e\x8c9\xca\xdd\xd9S9J]\x88NG\
\x01\xee\x88\xae\xf1\xaa\x95\xd8|\x1f\xa8b*\xb4]\xcc\
\xa6H\x9e^Pj%>+\xfe\x85\x90\x01+_i\
\x1dh\x1f\xa0\x92~\x11\x9bM\x9d\x8f\x13y\x96\x8b8\
\x97\x8c-\xd1'\xca\x87k\xef\xf5\xb6,n\xb1n\xd7\
\x17\xe3\xf1\xfb\x0a}f\x89\x10M\xaf\xb4m\x89\x98\x95\
\xd4}[\x89\xe6}\xbe\xd8\xb2\x00\xb8w)L\xc1%\
B5\xd2Oa\xd8a\xce\x1e\xcbg\xe0\xa4\xdb\x86\x01\
\xae\x87\xff<\xb9\xfa\x81a\x8c&+\xf7\xf0\xd1\x8c:\
\xa6\x04\xbf\xebA\xf3ho\x13\x0a\x04\x85\xb3\x81\x02>\
E\xe4\x1dS0\x8b\xf9e\x00\x0f-\x06!$\xa5\xba\
\x8d\x84\xcfm\x06_\x14\x88JK\x95\xf9\xa5h9\xc9\
\x93l\xb8\xedA>\xdaM;}\xa6D#\x1a\xedR\
\xc6\x96Rf\x1d$N\xd0\x10\x9e\x1c\xb2\x9c\xd0Vx\
\xf6\x8ca\xd1)\xe6\xa8\x96g\xd8\xca>\x5c\xb0\xfcI\
\xaa\xd1h\x1bTS&\xb0\x9d\x09/\xc8\x94\xec\xf3\xb5\
dX\x8a\x06\xcb\xa6>\xa7\xcf\xa0\xedg4\x85\xcam\
Xg\xea\x9a\xdf\x8e\xde\x16\x5c\x0a\xadXg\xacJ\xd8\
\xe5pe\xb7\x22\xb0\x15\x17\xe6\x8e\x0d\x0e\xd4\xca\xea\xdd\
\x9c\xac\x945'\xca:\xe8\x9a\xe0\x08\xa1\xcf\xeaCn\
t\xcd\x1d\x17\x9f\xd3\xad8\xb4m\xcd\x1dJ\xefrC\
\xa7\xdf5\xa7a\xc6\xfc\x07\xdb\x7f\xbe1\x18Y\x8e\x18\
Q\x9d;\x94;8C^9/2\x00\xe1\xe6q\x00\
\xff\xe6\xabf\x9db*\xd6G\x80\x93)\x08`\xe64\
\xc5\x06;\x0d\xad\x03<D\xa6v\xb2}\x8df\xada\
\xd367\x1d*\xca\xe7\x0e\x22f\xa8\xf2\xb2K\xa90\
\x98\xb9\x03c?q]$8\xbd\xf2\x19nf{\xb2\
A\x0f\xffF\xbe\xc7`\x14\xd7\x8e\xe5\x95n\x9d\xa2\xdb\
t\x8c\x09_\xcbg\x12:\x87\xd2\x0b\xfaQ\xcb<\x9d\
u\xae\x90\x01\xd6I\xa7m%$\x17\x9f)\xa4\x1c\xb2\
\xf0\xf0\x1a*.\xa9\xfd\xb8(\xe3\x0c`\xb2\xf3\xf8%\
_\xe2\x99\x95\xa9\xde\xd8\x86\xa1\xc0\xe1Cge\x12\xea\
\x04\x0f\x96V(0\xd0H\x0d\x7f\xdag\x86F\x8d'\
\x9c\xe8\xc7\xac'\xfbD\x80\x87\xc3\x1e4^\xf06\x15\
i\xa9\x81\x109\x9e\x90L\x9f\x16\x5c\xcd\x96\xa3\x1bU\
G\xca\xec\xc8\x22\x0c\x08VTS<\x8f\xba\xf3\xea\x06\
\xbb}J\xc8\xbc@E\x0dm\xa8|V3\x1b\xfc\x1c\
)\x93H\xf2\x9f\xba\xcf\xc3\xc1\xb0\x89r\xb7f\x93\xe8\
\xf1D;\x14u\xa3X\xf8lxY4\xb2\x06\xef\xf8\
0\xa1\x01\x12M\xc7Dyd\x8e)Q\x0a\xeeH\x99\
\xcd\x1b\x95R\xba\x99\x1f\xa6:\xf4\xf5\xdd\x16R\xbd\xd8\
\x8d\x1c&\xeb\xd5\x13`\x978\x04\x06IGu\x1bP\
|QU\x9d\x03\x9f\xc5\x88\xb9J\xd7\x19\xde7\xc5\xd3\
\xac\x1d\x87\xf4\xcb\xd0\xa6Z\xdf\xca\xb1\x01\xb0\xe2Y\xd9\
\xbc\xc9\x0a\xe3*}\xf5Q0A\xf3$X\xcb\xcd\x8b\
\xd8\x92\xc1\x15Z\xc9\x1d9`V\x9f\xc1\xee\xbch$\
`\xdd\xb4\x161\x22\x17\x95\xa0\xcb2<\x18\x10\xec\xb4\
($x:\x0a&TU\x8f\xe5\x5c\x94\xaf\x86\x17>\
\xd4\x9e\xddH\x03\x04IGJ\x22\x80B,:A:\
\x15\xea\xfe<\x87\x0d\xd8\x11\x94\x8a\xd31\xcfg\x8d\x15\
\xb4\x05r\x06\xaa>+`\xb4l\xa3\xfe\x91\xc7\x09\xf4\
B[D\xc3\xe0\xe94E\x1d\xa4\xcf\xc8,J\xe6\x97\
P{Z=\x1b\x0aw\xd0\xd6\xc6\x91\x8a\x8c\x83;3\
\xf2Lq~k\xc1syl\x08\x97\xb7\xb2\xf6T0\
\x8dw1*1\x95s\x87\xda\xcd\x8d\xc8\xa0\xa6\xb9\x9f\
\xbd\xa8moh\xe6V\x1dC\xd1\x1a\xc6mC\xc1~\
0\xa9\x9e\x19\x1c\x0aD\x87\x8a\xcf\x0a5~\x8aY4\
\xc3\x06\xb7\xe1xhG\xfbP>\x1e,\xcd`\xc2\x02\
\x93\xc0\xb7\xfb\xa3\x5c\x92\xd1\xa4\xc5m\x03\xb3\x88\xe2\xed\
fO\xc6\x94\x8b\x96\x89\xb6\x05\x5c\xd4f\x08\xaa\x91\xcb\
d\xe0\xff\x9fX\x83\xb3c\x09\x0d\xd8-\x7f'\xd9\xb2\
M>ckP\x11\x88\xf0\xcf\x9eV\xeb\x14m\x9b-\
\x7f'\xf1\x87P72|\x96\xbd\xe4\xd0.\x9dPR\
P\xa609\xbb\x93\x9d\x0d\x99\xe2B\xb9\xc9u\x03-\
&\xf6\x9a\x05\x00\x14Q\xad\x1f\x80\x13\xbc\x96\xc1\xbc\xc1\
X6\x94GG\x08\xf2\x03\xf0n\xd3\x89\xcd\x89h*\
\xda\xab1it\x990\xc4\xa8\x00@\x9d\xe9\xa7\x05\x17\
-.\xebg4\x8dc\xb1\x8d\xd27\xee\x14\x97\x94\xc3\
\x02\x09i\xd9y\x1a\xe2\x80\xac\x01\x15\xa4\xe0G2E\
\x14\x8d\x90\xbd\x115<\xd9\xb9\x82W\xa4\xb9-Y:\
Lg\x83(\xbd\x10|A\x0bY*\xb4\x15w>\x8b\
#\xf0\x19\xc7\x5c\xedm\xa6D&\x0a4\xbe\xf2\xb5_\
G\xed\xa7sZF\xa3\x01\xad\xa9``\xfa\x10;\xfe\
m(\xbf\x04\xd1rO\xacQ\x1dL\x00\xf6\xf7\xd9@\
\xa0k`9\x18\xdf\x89\xf7D\xdbV\x00\x8d\x81#\xec\
\xfb\xac\xcc\xefe\xac1h\xab\x8a\x99\x87\x06&8v\
\x09@\x5c\x01-A\xe3\x8b\xa3]\xbc\xd7\xe9\xfc\x84\xf3\
\x81\xc6{Ck\xfe>\xbd\xe7R\x13\xdf\xf3_\xbe\xcf\
4\xd7LI4\x89L\xd2\xe0\xa1\x1fqC\xd7\x22\xe2\
|`\x7f\x8fE\xe5\xb3>\xd1n8Z0\xec\x88\x8d\
N:n\xafP\x07\x89\xce\xabg`.\xe5ah\xf4\
\x94.\xab\xb3\xdd\x15\xea\xa7\xbd\xcb<\x003\x0d\xec\x08\
,D\x9bc\xd26\x0cu\xaa\x0fT\xb6'\xb7|\xa2\
\x16\xe8\x0fzw\xd2\xafh\xdd\x9f\xa1)\xda\x1e`P\
\x00\x1a\xe0\x5c\xb8A\x94\x88\x19\x84\xce[\x1e\xff\x14\xaf\
\x87\x8d\xcc\xff\xf7\xd9/\x1f/8\xd2\xcd\xa5Mf\xc9\
w\x07\x8d\xd7\xf0X[\xd1\xea\x10A\x05Fr\x5c,\
\xa8-\xcb\x96\xfd\xef\xad\xe4\xf5\xb4$\x14\x03s\xa8O\
\xa6\xa04`e=4|\x01<2\x00G\xd5\x12\x12\
\x00\x11\x00\x11\x00!\xc4\xae\xd4ZP\x83\xce\x1al \
\xf1\x84\x9b!x\xad\x02@\xc2\x0apx)\xb7)\x10\
\x084\xf0\xb0\x19Bp\xc0m\xe5\x00d\x9e\x01\xd8{\
B\x16\x80\x87\x17C\x01 \x0c{\xb1\xa8+\x04\xea\xdd\
0D 4\xf0\x0e$<\xf7\x05\x82\x0d\xa8r\xad\xd6\
M\x865\x02\xba\x8a A\x10\x04\xc1!\xa5\x8c\xa2l\
\xed2\x10\x08\x04\x07\x81\x10\x84A\x10\x04A\x10\x06A\
\x18\x04A\x10\x04A\x10\x04!\xa0\x10\x84A\x10\x84\x81\
 \x06\xa4\xb2~\xaf\x044\xc3U\x12\x0dX4y[\
3\x94\x09v\xd9\x92x|\x936\xa1i\x04\x82\x1av\
|\xba\xccc\x22\xef\xe6\x08\xef\xa2S\xcd\xf8\xec\x1e,\
\xdaXU\x1a\xb0}\xcf&\x90\xa7\x10?5cD\xca\
\xa9\x86\xc8\xb9\x0b{\x06\xed\xab\x9d\xa5\x07\xae5N\x97\
\x0cm\x810c\xa1\xa4\x8a\x96\x13SPC?l\xb4\
\xbf\xc3\x8ds\xad\xc3B\xd8\xaa\xa2\x99\x0e\x8d8\xc9\x1d\
\xcbp\x0c\xb4\x19\xe0~\x92\xb3\xc9\xa2T[]\x1c\xb6\
B{:\x0c\xb4Z%\x13M\xb6\x93\xc8\x8a\xd7\x81s\
\x86\xc1\x15\x91\x9eh\x9a3 \xbapO\xa8\x9c\xecZ\
\xf0\xb3\xc3\xce\x0c\x22\xdfk\xed\xb6\xe4!8\xbc\xa1\xdc\
\xa8\xc1-\xfd\xdd\x90>\xc1xvW`\x1e\x17\x9c\xb6\
\x967\x16E=<\x99<\xfclb6{N@&\
\x1f\xbb\xbc\xfb\xb9\x01\x12,+\xc0$\x87\xad\x84\xe8;\
E\x802\xd0\x0a\x7f\x15j25\xd1\x5c(\x82\xb6\xa4\
c\x92,\x91\xcf\xab\x91\xc4o\x14\xe0\xfd\xbe`}R\
\x85\x8b\xadT\xaa4\x83ZNJ\xea\xf5\xbf\xa4\xd2\xf5\
14\x105\x0f=\xf8G\xafQ\x81I\xd1\xc6\x89\x03\
\x09\x0f\xbe.t\xa3\x5c\xffp\x1b\xac@\xa1\xb5\xcb\x90\
\xd4h\xe8\x07\xd4D\x83\xa0\xee\x86\x1b*\x15\xb3\x08\xbb\
TY\xc5\xa1\x9b%\xedz\x9d\x92\x93\x8e\xbc\xef\xb4\xfd\
\xc3\xa4,R4\xcc|\xf2O\x1c\xacnkD\xcf\xa4\
6wm\xc8\x84g- \x1cj\xa9\x06q2\x83\x94\
\x11\xa1)\x04\x8c\xba\xea()\xd6\x09\xbb*y\xea\x88\
\x99\xb5`\x06\x8c\x06\xea\xc3\x82\xc8\x9e\x1c\xd2\xb13\x9e\
\x9dM*m'*\x96\x11\x13\xad\xbcQ\xcapd\xde\
\xb9\x9f\x97':=%[Df\x81\x0c\xcb\xa5G\xa5\
G\x82+6\x1a\xe5\xc4\xb60\x1aMe\xf2\xf2I\x08\
\xad\xfb\xb2\xba\x09z|\xf1\xca\x03\x14\x13\x0aT\x12\xa6\
1\x8a\xccb\xaa\xd5rr.3m\x10\xediJP\
SF\x13@\xdf\x8f\xe6\xd8\xc2\x5cCR\x14Mrz\
j\x18\xe2dF&{*s\x17O\xcf\xc2\x8a\xee\xac\
\x8d\xd0D\xa0\xbfA1a\xe9cj\xff #\xe3\xcd\
\x0cDk\x0e\xc2_|\x85\xef\xaf\x9a\xd0\xbcL4\xc4\
c\xe9 \xf48\x87O\x06\x95@i\x00\xad\xc0S\x14\
\xcd\x9f8=C\x1e\x1c\x7f\xa1i\x97\xf3^-\xd1\x95\
I\x1e\x9b\xda$4e\xe8\xf3q\x08/\x97\x1bz\xcf\
\xd0\xc14p(\x8b\xbf5l\x91\xd3Gh\xeb\xdfM\
\x1c\x06\xfa\x80\xd4\x9eo\x0a\x0a\x06\x90*\x90\xf1/\x05\
\x0b\x96@\xb27qXu\xd7\x00qPt\xac:\xb2\
\xacK\xe4\xcbwtF\xf9\xbc\xe6\xfc\xde\x5cG\xb0\x0e\
,\x5c\xb43U\xbc$\x82\x1au\xd9\x0d\x14\x9e\xb0\xb0\
\xdc\xc1yKn]As\xc1\xe3/\xb0cI*\x80\
\xe0\xaa\xfb!#\xa1\xcf\xa2}\x85\x9b\xcc\xc1\x9e\x0e\xe7\
=\xa2\xad\xba\xc62\x05\x05aiv&\xc5\x84\xf0\xaf\
\xb0'\xe0'\xda\xd4Bf\x1f\x09z\xec}\x87\x1fx\
\xf1a\x84A#\xc4]7l\x07\xda\xee\xdb\x86\xdc\x99\
\xc4\xaey_:\xbb\xddfS\xd0\xaa SX\xf7b\
\x8f\xc4\xefY\xf2U\x98\xd7#\xfep{\x1b\xf2\x04\x1c\
\x88\xebr\xbf1\xbb_\xf0\xa2_.\xc6\xa5\xf0\xf3\x8d\
\xd2Tt\xcb\xefB\xda\xf03\x1b\x86\x7fA\xb3\xa2\xcb\
c\x8bf\xf1\x00>\x1a\xf3x\x10v\xc5\xf3\xd1\x9f\x05\
\xf5\x8a\x13\xcdo\xe1\xa0\x9c\xfe\x0d|\x0aCkm\xcc\
\xbd\xaf)\xa8\x8b\xa1\xc5\x9b&\xec]h\x90\xe2\xaf\xd0\
\xe6\x8d\xec)\xfe\x1eT\xb4\x9c\x97\x98\x0eG\xf7\x0f:\
\xbd\xd2VLsp\xbb`9\x96ac\xa1\xb1i\x94\
\x86Q-\x15\xdc\xa3Z\xacwx\x9at\xdar\x11\xfd\
W\xb4\x97\xb0Z\x11\xe0\x97\x9f\x1c\x98Pf \xe5Y\
\x8b\x06\x1fS\xc9\xc8\xd0.\x80nY\x9b\xdd@+R\
j\xb4)E\xad\x0b-Y+\xa5\xb5\x01$\x02\xec\xa2\
~\xcb\xf3~\x1e\xfa!\xa2\xc5\x1at\xc4\x9en\xea\xc2\
qdT\x8bM\x9a\xa9\x14-\xa3\xe3\xaa\x8f\x1a\x0d\xd8\
#\x1b\xbbZD\xa9\xbe\xa2\xe1\xc0\xdc}\x9a\x92\xd4\xa9\
\xc2\xa9\xbc\x17\x22\xdd\xc1\xb3\xb7Mv\xd1J\x88L\xea\
uB9\xe5\xc0n3/\xa9#\x9a\xbfO~6\x07\
j\xd4\xa6\xa5I\xea\x1f\xb5Muv\x9dIF(#\
\xa9U\xeb\xa0\x11s\x87\xe6\xe1\xf4\x0dc\xdc\xaf\xe8\xee\
\xd0\xbeL\x136\x7f\x98\x1e\x5c\xb8\xa8\xa0r\xe65\xc1\
\xd9Qg\x14^\xfeY\xc9\xd5\x11\x8c\x11=pp\xd3\
\xa6\xcc\xf5\x12\x1c\x0a\xbb\xdc\x8br\xc9\xd3\xc1s\x16h\
\xc7\x18\xb8\xb8\x83\xb3\xde\xfa\xf3\xe6\x1c\xad\xcf6\x9dC\
\xb3d9\xc7Lla\x13\xcdE/\xf8\xd2~\x12\xf7\
\x07\x12\xf10U\x0c\xfa\xfbH\xba\x1da\x0a\xe6dA\
39ff.\xcdH.Z\xcd6\x02\xbdAE\x04\
4\x7f\xdd\xf4\xc4\x5c\xe9VN\xd0Q\x14\x8b\xc1\xc3\x11\
\xf1\x19\xf5n\x1b\x04\xee\xb9\xe4\x88\xdd\x18\x11{O\x15\
\xeegR\x9a\xfdm#jV'\xe3>\xe2<!'\
\x9c\xb6\xeaP\xe1b\x1b\xb8\xc6\xea0\xb9\x88TK\x1b\
\x9c\xd4\xb8\x95_\xed\x0f1;\xe3\x87\xb9\x1eV\xf3\x15\
\xc6\x83\x8bi\x1b_$\xaf\xa2e5\xe4F\x82\xaa\xb0\
\x91\xd1f\x17\xa7\xaa\xfd\x0c9\x16\xact\x8f\xa99\xc1\
G\xef}\xf6G\x8d\xabp\xacs\xda\xa3\x0e\x1d4\x03\
\xcdj\x1a\x06K\x0d\xa5\x10v&\xdd\x07\xddr\x86\x9e\
f\x12\x88\xb1p\x88xv)\x07\xb8\x9f\x81\xa5\x9a\x94\
\xfa\xb7\x06\x12\xc9\xe6\x8a\xbdd\x9ab\xbb\xbd6x\xde\
\xf3R\xe9\x84^'\xca&\xbb,T\xb9\xcf\x0eH\x0d\
\xd19V\xab\x94\xba\x1a\x9cN3m\xe04x>\xeb\
\x19\xad\x9e\xed\xb4\xd5\xa2\xa6iyT\xed\x06A\x05\x1a\
\x19\xe9\xe7\xf9,\xa6s\xeb\x0a<\x1f\x89M\xd1\x7f\x22\
\xa7Yp\xbb\xee\xec5\xcf&\xb9@45\x88\xc3\x93\
\xcc\x82\xbb\xa6F\x17\x9a\x1e\xdb\xe4U\xc1{\x1b\x17\x87\
\xb6\x0d \x14~\xe65%w\x9d\xa5\xe5\xb0\xc6\x84\xe8\
\xc0M\x13\xb48\x00\xa7U\x12\x12\x00\x12\x00\x11\x00\x0d\
)\xd47hV\xe8\x16U\xc8\xadTq\x01\xf4N\x0d\
\x82\xc3\x00\xe1@\x18\xb8s\xca\xa9\x06H\x01\xd5M\xd2\
\x8c\x82\x08,\xcc\x06n^a{\x18\x82\xf5\x018\x14\
`-\x0fD\xe1\xef\xdf\xfa\xfd\xcf|\xea\x86\xbd\x98g\
\xbb\x9e\x82\xd4\xa8\xb2\xc5\xb0\xd2\x01\x82\x22\x87\x08\x08!\
\x84h\x85\x8c2f\xecB\x18\x0c\x04B\x18\x8aA\x10\
\x02\x04A\x10\x84A\x10\x04A\x11\x04!@\x10\x08a\
\x10\x06A \x04\x83(\xca\x99\xa8\x0f\x04\x0a\xcc\x8d~\
\xb5f\xf8\x0c:\x0aL\x9c)\xe7\xb7=\xb8\x9a\xab:\
\xa0@\x1a\x86\xe8[-\x98\xcc\x9a\x17\xb6\xa0\x852^\
`\xf5\x99\x86\x7f\xe4\x19u\xab\x04F\x9a0\x02\xce\x99\
\xe4)\x09\xcdp9\xe89:l\x8a@\xa4\x83\xb4*\
\xd3h\xfdt\x18\x0b1@!\xd9\xd8\x8d\x9caL\xbb\
{\x8f\xfb\x12Q\xf7\x05\xfb\xfb\xe3-\xa3\xc1\xa6\x82\xa6\
\xe5\x8d\xcbho\xa6Fd\xc9w\xf6\xb0\x0dF\xbbV\
C\x22zh|\xc7\xa0\xa5\xae\x02\xcd\x825^\x7f\xc3\
\x18\xf5\x9f\xbfU\xc3\xe4\xea\xb3\x99s\xdb3\xb5\x1f\x9a\
\xc5\xfa\xcaJW\xb3\x11=\x96\xab\x8a7\xa2\x5c\x0ch\
\x98[\xc3\xd3\x82s\xa9&\xba\xac\x0e\x01\x15.\x08\xa0\
;\x14\xbe\x05\xd6\xe2B\x19\xcf\xaa\xd6\xe5t\x96\x0b\x1f\
\x023#>\xf5HWl\x08*c\x9b\xf8;\xe8\xa3\
\xd6\x1c\xda\x13R\xb8\xcf\x98b`\x9d\xda\xb0Wn\xd9\
\xd9\xa1f\x89\x96\xc5D\x00.\xd5j\x1f5\xdd\xca\x86\
\xa1\xb3\xca\x0c\xf1\x8d\x0e\x17\x0b\xa0\x07\xaf\x9f\xdaw\x06\
\xcd\xca#u\xdc\xfc\x01\x9f\xe9\xd20 !:&\x7f\
\x1f+g\xbd\xa6\xe1\xee\x9d{\xe6\x11.\x1c_w\x22\
1,gt2\xd8h\x99X\xe1\xb4ZC\xca\xfdB\
\xe8\x12\x02yFi=\x9bG\x5clVII-C\
\x0b\x06\xb3l\x9eE)\x06\xf3\x00\x0d*\xa7\x91z|\
g\xb2](o\xc1\x1d^\x8d\xc8\x06\x92J\xbd\xac\xe8\
!O\x01\xeb1\xd5\xedL<\xfbv\xc8\x12\x1a\xf5\xaa\
\x09\x83T\xe7\x15\xba\xb0\xba\xe4\xe6\xe03P\x04\xa0u\
L\xd0b\xf2[7\x06?9\xf8\xac5-@\x9bc\
\xbc\x93\x82\xfe\xccBh\xebr\xbc\xd5n\x1d\xd10\x00\
\xaf\xc9.f\x80\x0d^\x17\xa0\x81\x10\x1a9@C\xe1\
T\x1bL\x7f\x03m\x16\x8d]\xe4\xba\x93\xaf\x8b\x22y\
\xa1\xf0\x8f8\xd5\x07;\x0c\xa8u\x9a\x96\x0b\x15p\x9c\
R\x94*\x06\x8f\x97^U\xa7\xe1L!\xc8D\xd9\xf2\
\xde\x00\xd0@\x18\xd2\xf4\xb8\xd0h\xc3\x1e\x91_\xdb\x91\
?tU\x93\x87\xa3\x01\xd7\x03\xeeJ\xe7\x8d4h\x9a\
\xae\xfa\xfc\xbb>\xa7\x15\x01\xfb\x87\xf7\x85\xc7\x0b\xb7\x92\
\x86\xe6\xa0\x03\xad1\xb3\xa0\x80\x05m\x90\xc0\x91\xfc\x0c\
J\xad\x0d4\xae\x00\xad-\xc7\x88w\xe2O\x97v9\
#\x96\x1fD\x8c\x8a\xb5I)K=\x0d\xa1m\xd6\x93\
\xc0y\xc5\xd4:#f\x18 8\xeeE\x0a\x0c\xaa\x0a\
\x9a}\xaa\xff\xe7T\xab5\xc1\xc0\xe2\x0c\x8d\xd8\xff\xc5\
\xd2\x1c\xabC,\xc7\xb1-\x0cK\xb6\x81\xab\x82\x84Z\
\xd5{\x183%\x86\xdf\x14I\xa7ddAK\x91U\
\xa1\x84\xa9\x04\xbd\x0f\x0f\x90\xfe\x99\x7fw\x9av\xae\x81\
g\xd1j\xfa\xafH\xa2]\xc6\xadB\xcc\xc0\x22\x8f&\
\x16\xbc\x22\x90\x9f\xdc\x98~\x0a(\x86\xa0\xf6b\xa5`\
O\xa3\xc4\x09\xcd\x9eG\xa8a\x96S\xafW!(\x0a\
<4|\xe6S\xbf\x88\x1e\xa7\xbe\xccJa\xf2\x0c\xb5\
\xe5)\xdc\x82\x06\xcdq\xb9\x0a#u\x1c2A\xf0\x19\
\xf6\xaf@'\xb45\xc9\xe0\x05\x1b\xbfr\x07\xd0\xce\x8a\
|\x99\x0eueB\xa3\xbc}\xd12\xa4\x00h\x1fk\
N\x10\xd1\x88\xe2\x89Q\x22\xea\x94\x18\x17\xdc\xc5\x83\xfe\
\x0b\x9aQ\x11\x1c\xe5\x09D\x0be\x83\xa4\xe5Z\x9e8\
1D\xc3\x89\xa6h\x97!\xe6\xb2\xfc\x86\x8f\x12\x06P\
\xcf\xec\xeaWDNU\x19\x9d\xaf\xf56\xb4\xdd\xd6\x05\
U\xd0\x01\xf3\xc0\xee\xd6\xbc\xab\x1d\xda\x1b\xac\x0c=\xd6\
\xbc\x08k\x97_\xe5 d\x93\xa8P\x80\x0b\xce\xbf\x02\
\x1a\xe0\x81\xcf\x9a\x91\xbci\xbe\xd8WE\xd0\x11S\x1b\
?\xc8\x06\xeff\x1ab\x96\xe9K\x0f\xc7Z\xb0\x9b\xf4\
\xde\xe5A\xed\x83}]F\x13\x96}\xed\xbd\xb0\xd4\x98\
}\xe0h\xf7GhxAK\x04u\x174U\xa8Z\
\x80\xf6\xcd\xab\xef\x8b\x82^g+\x06\xa7j\x94\x18X\
\xc6\x95\xccEB\xee\x03\x13ZB\xe3\xe0\xf8\x01\xd6\xc5\
 N\xa4\xcc4\xfe\xf95\xf7\xea`4/K!\xfc\
\xc5\x12\x86Ilz\x10\xd0'c\xcaD\xdb\xd7\xb0\xd0\
\x06\x0f3\xc6s\xaf\x89\x91`\x034\xdaO\xa4\x17\x1d\
\xb5\xe1\xc1E\xdf\xaf_\x88\x87'\xda\xdfV\x91\x02i\
\xcal\xe6\xb5\xa8n\xe7\x1b\x97\xcfe\xa2Q\x89\x9c7\
\xfd\xfc\x18\x9d\x15\xd5\xbd\xb7\xa1\x94_\x12\x0ep\x0d\xf5\
\x0cp?\xd8\x94\xc1.;41@\x14\xcb\xd7\xca\x82\
]\x95&\x1aE\xe66\x94A\x01\x96\xe7^\x84\x16j\
\xf3\xdck_u\xb8\xael\xcblD\xd3\xbeE\x83l\
x\xda\xbf\xb9\x17\xb3\xccj\xdc\xe4\x94\x12}99\xf4\
|\xc1\x86ik\x8a \x1ad\x05\x95\xa0yGgd\
\xb7$\xbf\xdf\xff\x99\xc9\x93\x9a\xe2*$\xa1\xf5T\xe8\
\xc3g\xfe&J\x0e\xf02\xd1\x80[Ky\x1bb\x12\
\x8b\x9f^\xcf\xac\xb8~\xeb\xd7\x92\x0e\xa8\x92?h\x99\
h\x0fW1\xbb\xbf\xb1\x965vn\xa3\xaaH\xfbJ\
\x0a\x90\xcf\xf1\xf0\xc4Cs\x18\x16\x9c\xed\x0d\xa2\x9du\
d3\xa73z\xe1i@4\x0a\x09\xa0\xa5q\x8b\xad\
\xd3\x9b\xf0u\xa0\x90G\x12\x90,\xbe\x03`7\xa4/\
a\x17\x07\x94B\xa3\xa8j\xeb\xc9\x86\xd2in\x08\xc0\
8\xf1E3e\xa1e\xeb\xad\x19\xb5pX\xf1\xff2\
\xcd \xd6P\x0e\xa8\x10\x80v`\xcc\x91:s\xae\x9a\
\x08\x86r\xdc\x81\x05i\xfc\x19\x5cF\xd1D\x87j\x81\
\x96\xd1^\x99b\xd4\xa1\x04\xd1P\x02hna\x13Z\
\xa3qB\x0a\xff\x1c@\x06K\xa5I\x12\xd1\x18\x85\xb5\
&\xde\xb3\x09\xed\xf7\xa87\xe4#\x0f\x08W\x10\xe1W\
@4KH\xdf\x07LL\xb0\x0a\xbadJ\x0e\x18\xd0\
_\xba{\x85]\x9b\xfc\xbf\x84\x9d\x89\x16\xa4b\x9a\x01\
\x17~\xd7Li\xc5\xd1W\xd6\x13\x99S\x97\xbf*j\
\x0eg\xe1\xd0\x7f.\xf9\x8c\x10\xa3*0\xc0LO;\
u\xb5\x0cD;\x9b\x11\xc0\x92\x17\xe5'\xdd\x15\xe4\xca\
b\xc3\xa1\xf1S\xd0\xd2F\xff\xeaL4&3\xb4\xb4\
\xa8\xe2\x0f\xca\xb0\x97\x17\xb3V\xec\xb17\xe0\xd4}g\
\x04\x11Z\xf0\xbfh\x0b\xaf\x0d\xd0\xc4\x0f:'o\xb2\
\x1a\xa7\x7f\x0f\x1a\xabW\x8e\x94}!\x86!\x8f\x86m\
\x85\x86t\xcb\x0d\xea\x87\x8b\xf6\xa1\xb8\x81o\x15\xc2\x96\
\xd13\xbc2\x12\x0e\x10L]\xd0\xb3\x168t\x14\x03\
\xb4L\xb8p~^\x96\x06\x96\x08\xe9m\x89\xe3\x0e\x0a\
\x19\x99\x0b\xc4|\x83ht\x07h\xfd)\xfe|\x00\xbe\
\xe1\xdf\xab\xac\x1c\x99P\xa3|JW\xc7E\xcd\x95\x87\
\xbd\x83@0\xb9\x9e\xe7\xdcCc\xe3\xa5\xfer\xbd\xec\
\xa8V\xaf\xa4\x90\xf1([`\x95\xe1j\x80\xb8\x03\x17\
k\xa1B\xc7\xb0R\x95\x0b\x06e\x10-~P\xe1\x98\
\xab\x19\xb5\xb4<J=l\xe0\x86VN\x94w\x95\xe2\
F\x0ad\x80V\x0b\xc0\xf9\x09\xbf\x97qu\xa9\xe4\x81\
\x1c\x09!\x00m\xf9\x85\x89\xb0\xf0=\x02\xb4\x18\x00#\
\x07\x05d\x83\xfd\xd7m\xabjm\xff\xed\xf3\xbf\x7f\xff\
\xd5\xee\xdf\xbe\xaa\x05\x81\x19\xf8B \x18\x08d\x10\x0c\
A\x08\x10\x82\x84\x00A\x10\x02\x04A\x10\x84\x00!H\
\x08\x10\x82\x04A\x10\x02\x84\x00B\x88\x9c\xcc\x0f\x06\x08\
\x9b\xf9\xc1\x9f\x10\xc5L\x0d\x1a\x16q\x95\x0b\xc2\xf1\xa8\
\x0b3\xa5Wq\xd23\xd1Hd\x0a!\x8eZ3p\
?\xc5\x00}ft(\x22\x01\xd9\xb5\x08\x07\xe5\xae(\
T`\x14\x0c>\x8bu]\xca[w)oW [\
\x8eS\x16\xbc\x92{\xabK\xc1C\xf9\xda\xfbJ=;\
\xc5\xb3\xc83CcX\xa4\xca\xaa\xf6\xdd\xb4\x1e\x99`\
w\x94\x91\xb3\xfc%\xea\x9b\x89*|&\xbcy\xba\xc4\
-\x85\xda\x19\x0eEh\x84'\xb7xtc\x04f\x82\
\xe9e\x16Lr\xef\x22J\xd5\xa7f\xc5A\xcbb\x05\
B\x18\xe7E\x98H\x13\xcf\xbe\x87\xca\xe8R\x93\x10\xf0\
\x07\x22\xc9,\xd88\xe1\x9fbQ\xe7\xe3BO\x8f\x89\
\x82+\x19\xb9C\xa5\xccg\xec<\xe9\xcb(\xc3p\xa1\
\xd0!@S\xe5\x10\xe9\x1c\x9a\xb8!)\xd5q\xfa\x92\
\x151\x88 /\x8a:\x04\x19\xa6m0\x95\x92\x81)\
\xca\x13Y0\xaa\x16B\x09\xd0\x84\xc4\x92\xa7SC\xb4\
4\xb7l>\xf3\x17=\xf3T\xac\x8e\xf2\xbeL \x82\
, \xa3e\x9b\xea)\x93q\x97pTy\xb7fM\
n\xd1\x99\xaa\xa6\x5c\x9c\x97\xda\xcc\x1e\x08\xc6\x8a\xdb\x10\
\xca\xa3B\xb3\xe1\xe9\x10\xb4\xc4a\xda\x22\x99\x85:@\
\xbe\x5c%.iAy}\xfb\xdb\xdf\xc3@\xca\xce\x93\
X\x0aE\x86\xc0\xa8F\x11\xaa\x8dq\xaf*\x182U\
-\xfc\x98\x14\x90\xf9L'fk\xb4\x91EW\xad\x04\
\x22\x8d{\xc1\x11u-\x14\xfcXV\x09@\x03\xb7\xc8\
4\xcfpM\xdb\x1bu\x92\x8b\xa3\xa2\xe4\x03\x86\xd0\xa1\
ecv%\xd0\xf5L@\x16\x8c\x1fU\xe5\xb1!\xc9\
\xbb\xcb\x96c>C{\xc8]\xee\xcc\xb6\xc8FN\xbc\
\xca\xdb\xfb\xf64\xc1\xab_\x0b\xf5D\xe4\x97\x05g\xa8\
\xd0\x98\xed`{\xdc\xd9\x22\x02\x05\xdb\x06#\x96\x9d\xa3\
r\xca\xc9r}\xb6\x9b`\x04\xf4\xe8\x22\xc2\x01\xb9\xb3\
\xfd\xc4l\x82<sx`/)\x80vq\x9d\xa8\x85\
\x0d\xdc$\x18\x9e\xc5\x04\x9b\x87\x85\xb6#\xbd\xd3\x83+\
\xa4\x90F~\x16\xf8N\xd0;oH\x12\x1f&\xc0\xf5\
\xc0\xc0\x11\xadN\xdch#\xe3?Rm-\xb3\xd1@\
'\xb4\xd8$\x02/e\xffz?< \x98\x9d\xe1\x19\
\x08\xbdO\x84\xcb=\x9aE\x06\xdf\xd3Q<F\x06\xb2\
\xd7 \x0e\x90\x85\x0baM\xc4\xfbn\x90r\xa7\xe7E\
2f\xd0C\x1a\x10Z\x8c\xac\x94\x162\xdbP3\xf2\
\x15\x1f-\xce\xfb\xa7]\x0cv\x17\xae\x16M\x0d\xe3\x85\
\x9a0\xaa:\xc7\xce\xbd\x89\x5cU49M\x17\x0c\xa1\
`\x87\x9aM\xfc\xaa\x0cP1;\x0ayf>km\
\x16\xda\x1e\x9bv\xdd\xacZ\xd0v\x98\xfbY1\x5c\xf1\
\xdb\x12\x15 \x0e\xfe>AM\xf8\x83\xba\x0d\xcb\x84\xa2\
\x88N\x08;L\x82\x8b\x1f\xdbD;t\xd0\xaf\xb0l\
\xc6\xdd\xc9\x8d\xc3=\x06\x1b\xee=g\xf8[@\x04\xfc\
\x10U\x83\xd1m\xef\x95\xa2\x91\x94\xec\xa9\xb81\xf4X\
\xd0\xa3\x9a\x9e,|\x14\x00C\x84\x02\xf3\xfa\x7f\xff\xff\
?\xe7\xff\x7f$\x80\xea\xb8\x90;\x07b\x10\x84\xa1\x10\
\x04\x81\x10\x08!@\x10\x84\x00A\x18\x04!@\x08\x10\
\x02\x84`\x85\x00A(\x8cb8\x94\xc4\xf2\x03\xc4\x02\
\xc9\xb6\x0df\xcd|6\x92\x03N~?CY\xfd\x8f\
\xf9fU\xb3\xdd\xcc5\xab\xcdP\xb3\x9e0h\x867\
\x93s\xb3\xdb\x0c\x87\x8d\x80`D=\x0bM\x89\x80\xa3\
*\x93\xcf\x9a\xff\xcc\xbe\x1e\x7f\xc5\xd7\xaf\xe8c\xd3\xa6\
\xf6\x0c\xe6\x83\xe8Vu\xae\x1dh\x9e\x8f\xb3\xd3\xeb\xdb\
N<5\xe7\xb4r\x11\x11\x9a\xca}\x82\xeaq\x1f\xe7\
\xb6)\xa7:\x1c\x0dU\xd7\xb5\xe3\x93<\x9dA9u\
\x0b\x015\xc612yUf2\xa7\x02\xe4P\xa3\xee\
\x93&8\xae\x8b\xc2\xa10\x88\x11=\x98\x0eg\xc3\xf5\
\x05\xa6\xe3\x9d\xa2\x08\x1e{\x98\xce\xe1bS\x9d\x7f\xd4\
i\x955Yh\xfc\x80g\xbc\xba\x82R{\x05+\xbd\
\x09\xe1nyv9H\xdb\xd42\xc1@3\xabz\xe0\
\x19\x0abU\xaf\xbd\xc5W\xfd\xedz\xcdm\xa8\x16)\
\x13>'\x11\xc4\xc2@\xbb\x9ef\xe1\xbf\xf2\x8c\x16\x05\
\x8aC\xda:Z\xad\x93\x9d-O`)jk\xbe.\
\x9f-@\x11\x8eozd\x04\x07p\x85i\xcf\xc0\xd9\
\x22\xd0\xa2\xbc\xb3+@\xd4u\xc4\xc8\x04\xd5\x87|F\
\x8f\xe6\xa1\xbc\xd06\x18^S\xae\x86+4\x91@d\
C0\x1c\xbb\x82t\x1c\xbc\xd2)\xbb&\xac\xf0\xcbX\
 +*K!l\x01\xa5`\xeb\x5c6?*g\x1e\
\x9f\x93@V\x98\xa1\xa1\x8f\xbad\x1c\x04Z\xb5w\xd2\
/\x97\x986(}\xee>\xbf\xbb0\xb2\x97\xbe\x00\x1f\
\x81\xd06\xb0\xab\xa9\x8c\xb0$\x1f++ \x1e\x0aG\
\xf3\xd6\x22\x91\xfe3\xcfq\xa1m\xc88aX\xcf\xa2\
_\x1f\x0e\xd2\xb1\xaf\x87\x02l$\x03\xf9%n\x08\xca\
\xce\x16\xa1\x11\x07\x15\xe0\x0dd\xf8\x0f\xeeK8\xa6\xae\
v\x96e+=\xc6\x81tD>\xb5\xd2\xb0\x10\xe7f\
h6\x87\x02\x92\xd1\xb0\xec4gO\xe8\x1c\xd1(c\
0\xda*\xd5\xcd\x08\xb4i\x85^\xeb\x86R\xf0\x1f\x16\
}@Tf\xbb\xd5\xccg\xc0am\x03\x9b\xc5\xb31\
\xee/dO\xf5\x22\x99\xc0\x82\x81 \xc2a\xe3]D\
f\xcc^mC\x10\x86\xc6#\xcel\xa0\x93\x09\xecH\
\xd4[\x83+|V\xe7\xcag\xf2\xbd|C6x\xe7\
\xdc\x0db\xf9b\x0b\xbbp\xbb\x9e^m\x83\x07P\x01\
\xc6\xa7\xda\x16\xb23\x80fM\x9f\xc8\x7f\xd5\x94+\xce\
GIU\xecu\x9c\x9d\x1e\xac.\x9bJ\xc2\x15\x8e|\
\x19\xc9\xf8\xca\xbe\xf2;[1\xd3\xbb\xf5+\x8e\x03Z\
\x9e\x19\xf5\xfd\xa4\xaa\x02\x0d\x05\x00P\x00\x00\x00\x00\x00\
\x00\x00\x00\x00\x000\xf8A\x14B\x88\x12\x14\xe1\x11\x22\
\xfc\xff\x88\xd0\xf9<\x0779\x1d\xc1\xca\x9b\xc7\xe0Y\
\xfe\x97\xfd\x8c\xe9\xa8\x14\xd6\xc5\x06C\x9c\xe2\x01\x9b*\
\xa5\xe10\xd9\xde\x99+g9\xf6\xa5\xa7L\xca0\xa7\
\x94*\x84]\xe6[WX\x8b\xbf\xa2\x09i\xe7\xb2\xd8\
\x22\xf0=\x07M\xa7'\x1a\x22p\xc2\xd3\xab\x8c\x03\xd2\
\xc6\x01\x17\xec\x90\xf9\xaa{\x7f\x8c\xd0|=\x19&k\
r\xa3\x1d\x8e\xa1$\x8a\xcc \x1e\x8e\xd0x\xa8Kv\
\x03\xe3-\xc9\x8d>/0%g\x8b>\xeb\xadU\xb8\
\x227\xda\xb1\x9aI\x1dR\xdc\xe4&\
\x00\x00\x026\
<\
svg role=\x22img\x22 v\
iewBox=\x220 0 24 2\
4\x22 xmlns=\x22http:/\
/www.w3.org/2000\
/svg\x22><title>MQT\
T</title><path d\
=\x22M10.657 23.994\
h-9.45A1.212 1.2\
12 0 0 1 0 22.78\
8v-9.18h.071c5.7\
84 0 10.504 4.65\
 10.586 10.386Zm\
7.606 0h-4.045C1\
4.135 16.246 7.7\
95 9.977 0 9.942\
V6.038h.071c9.98\
3 0 18.121 8.044\
 18.192 17.956Zm\
4.53 0h-.97C21.7\
54 12.071 11.995\
 2.407 0 2.372v-\
1.16C0 .55.544.0\
06 1.207.006h7.6\
4C15.733 2.49 21\
.257 7.789 24 14\
.508v8.291c0 .66\
3-.544 1.195-1.2\
07 1.195ZM16.713\
.006h6.092A1.19 \
1.19 0 0 1 24 1.\
2v5.914c-.91-1.2\
42-2.046-2.65-3.\
158-3.762C19.588\
 2.11 18.122.987\
 16.714.005Z\x22/><\
/svg>\
\x00\x00\x14\x97\
\x89\
PNG\x0d\x0a\x1a\x0a\x00\x00\x00\x0dIHDR\x00\
\x00\x02\x00\x00\x00\x02\x00\x08\x06\x00\x00\x00\xf4x\xd4\xfa\
\x00\x00\x00\x04sBIT\x08\x08\x08\x08|\x08d\x88\
\x00\x00\x14NIDATx\x9c\xed\xddk\xacee\
}\xc7\xf1\xdf\xc3\xfd\x12\xef\xad\xe3\x0c\xa0\x95 \xc5k\
5Z\x06\x8d\x85\x1a_\xd8*r\x93\x18\x9a\x12m\xa2\
\xd1\xd6\xb4M\xf4\x85R+\x98\xd6h\x88\xd14ik\
\xaa\x89U\x83\xad)M\x8b\xdc\xb4}c(B\x22\xa0\
\x06K\xd5Z5X\x15\x19iK\xb5\x12\x10\x10x\xfa\
bo\xaa\x05\xc4\x999g\xad\xe7\xcc\xfa\x7f>\xc9\xc9\
\x99W\xeb\xf9\xe7L\x9e\xb5\xbeg\xad\xbd\xf7i\xbd\xf7\
\x00c\xb5\xd6\x1e\x93\xe4\xe4$\xc7'\xd9\xb1\xfe\xda\xbe\
\xfe:h\xe0h\x1bqw\x92]\xeb\xaf\x9b\xd7_\xd7\
%\xb9\xbc\xf7\xfe\xbd\x91\x83\x01I\x13\x000Fk\xed\
\x09I^\x91\xe4\xf4$'%9`\xecD\xb3\xb9'\
\xc9\x95I>\x9e\xe4\xef{\xef\xdf\x1d<\x0f\x94$\x00\
`f\xad\xb5G'9'\xc9\xef'9t\xf08\xa3\
\xfd0\xc9\x9f&9\xbf\xf7\xfe\xfd\xd1\xc3@%\x02\x00\
f\xd2Z;8\xc9\xef&yk\x92\xc7\x0e\x1eg\xab\
\xf9\xef$\xefJ\xf2\xe7\xbd\xf7\xbbF\x0f\x03\x15\x08\x00\
\x98Ak\xed\xa8$\x97$y\xce\xe8Y\xb6\xb8\xeb\x93\
\x9c\xda{\xff\xf6\xe8A`\xe9\xf6\x1b=\x00,]k\
\xed\xf9I>\x1b\x17\xff\xdd\xf1\x9c$\x9f]\xff\xcc\x80\
\x09\x09\x00\x98Pk\xed\xec$W$\xd96z\x96}\
\xc8\xb6$W\xac\x7fv\xc0D<\x02\x80\x89\xb4\xd6N\
\xce\xea\xb6\xbf\xd0\xde;\xf7e\xf58\xe0\xf2\xd1\x83\xc0\
\x12\x09\x00\x98@k\xed\xe9I>\x93\xe4\x11\xa3g\xd9\
\xc7\xdd\x96\xe4\xf9\xbd\xf7/\x8d\x1e\x04\x96F\x00\xc0&\
k\xad=.\xab\x0f\xbc9z\xf4,\x0bqc\x92\xe3\
{\xef\xb7\x8e\x1e\x04\x96\xc4\xadI\xd8|\x7f\x19\x17\xff\
\xcdttV?S`\x13\xb9\x03\x00\x9b\xa8\xb5vb\
V\x9fr\xc7\xe6;\xa9\xf7\xfe\xe9\xd1C\xc0R\x08\x00\
\xd8D\xad\xb5k\x92\xec\x1c=\xc7B]\xdb{?a\
\xf4\x10\xb0\x14\x1e\x01\xc0&i\xad\x9d\x19\x17\xff)\xed\
\x5c\xff\x8c\x81M\xe0\x0e\x00l\x92\xd6\xda\xe7\x92<w\
\xf4\x1c\x0b\xf7\xf9\xde\xfb\xf3F\x0f\x01K \x00`\x13\
\xac?\xea\xf7[\xa3\xe7(\xe2\x89>*\x186\xce#\
\x00\xd8\x1c\xa7\x8c\x1e\xa0\x10?k\xd8\x04\x02\x006\xc7\
\xa9\xa3\x07(\xc4\xcf\x1a6\x81G\x00\xb0A\xad\xb5\xc3\
\x92|?\xc9\x81\xa3g)\xe2GI\x1e\xdd{\xbfc\
\xf4 \xb0/s\x07\x006\xee\xa8\xb8\xf8\xcf\xe9\xc0\xac\
~\xe6\xc0\x06\x08\x00\xd8\xb8\xed\xa3\x07(\xc8\xcf\x1c6\
H\x00\xc0\xc6\xed\x18=@A~\xe6\xb0A\x02\x006\
\xce\xc5h~~\xe6\xb0A^\x04\xc8lZk-\xc9\
\xe3\xb2\xba}\xbb\xe3'\xbe\xdf\xff\xef\xc3\xc7M\xb7!\
O\x89?\xfe3\xb7\x1b\x93|m\xf4\x10{\xe9\xf6$\
\xbb\x92\xdc\xbc\xfe\xda\xf5\x13\xdfo\xedN\xca\xccD\x00\
0\x99\xd6\xda\xb1Y\xbde\xeb\xa5I\x9e\x9c\xd5E\xfe\
\xa0\xa1C\xc1\xd6vwV!\xf0\x8d$\x9fLrI\
\xef\xfd\xabcGb\xa9\x04\x00\x9bf\xfd\x1b\xfe\xf1I\
N\xcb\xea\xc2\xff\xd4\xb1\x13\xc1\x22\xfck\x92K\x92\x5c\
\x9c\xe4:w\x08\xd8,\x02\x80\x0di\xad\x1d\x94\xe4\xc5\
Y]\xf0O\x89Wg\xc3\x94v%\xb94\xab \xf8\
T\xef\xfd\xee\xc1\xf3\xb0\x0f\x13\x00\xec\x95\xd6\xda~I\
\xceN\xf2\x8e$O\x1c<\x0eT\xf4\xad$\xe7&\xf9\
\xab\xde\xfb}\xa3\x87a\xdf#\x00\xd8c\xad\xb5_O\
r~\x92g\x8d\x9e\x05\xc8\x0dI\xce\xe9\xbd\xff\xc3\xe8\
A\xd8\xb7\x08\x00v[k\xedyI\xde\x9d\xe4E\xa3\
g\x01\x1e\xe4\x8a$o\xee\xbd\x7fn\xf4 \xec\x1b|\
\x0e\x00?Sk\xed\x98\xd6\xda\x85I\xae\x8b\x8b?l\
U/Jr]k\xed\xc2\xd6\xda1\xa3\x87a\xeb\x13\
\x00<\xac\xd6\xda9I\xbe\x9c\xe4\x95I\xda\xe0q\x80\
\x87\xd7\xb2\xda\xab_^\xef]\xf8\xa9<\x02\xe0!\xb5\
\xd6\x0eI\xf2\xc1$\xbf9z\x16`\xaf\xfdu\x92\xd7\
\xf6\xde\xef\x1c=\x08[\x8f\x00\xe0AZk\xdb\x93|\
<\xc9\xce\xd1\xb3\x00\x1bvm\x92\xd3{\xef\xbbF\x0f\
\xc2\xd6\x22\x00\xf8\x7fZk\xcf\xcd\xea=\xc6G\x8c\x9e\
\x05\xd84\xdfIrj\xef\xfd\xf3\xa3\x07a\xeb\xf0\x1a\
\x00\xfeOk\xed\x95I\xae\x8a\x8b?,\xcd\x11I\xae\
Z\xefqH\x22\x00Xk\xad\xfdQ\x92\x0b\x93\x1c:\
z\x16`\x12\x87&\xb9p\xbd\xd7A\x00\x90\xb4\xd6\xce\
Mr\xde\xe89\x80Y\x9c\xb7\xde\xf3\x14\xe75\x00\xc5\
\xb5\xd6\xceH\xf2w\xf1\x16?\xa8\xa4'9\xb3\xf7~\
\xd1\xe8A\x18G\x00\x14\xd6Z{v\x92\xab\x93\x1c>\
z\x16`v\xb7'ya\xef\xfd\x0b\xa3\x07a\x0c\x01\
PTkm[V\x9f\xec\xe7\x0f\xf9@]\xdfJr\
|\xef\xfd\x96\xd1\x830?\xaf\x01(\xa8\xb5vp\x92\
\x8b\xe2\xe2\x0f\xd5=1\xc9E\xebs\x02\xc5\x08\x80\x9a\
>\x90\xe4\x05\xa3\x87\x00\xb6\x84\x17duN\xa0\x18\x01\
PLk\xedMI^=z\x0e`Ky\xf5\xfa\xdc\
@!^\x03PHk\xed\xc8$_Kr\xc8\xe8Y\
\x80-\xe7\xce$O\xe9\xbd\xdf4z\x10\xe6\xe1\x0e@\
-\x7f\x1c\x17\x7f\xe0\xa1\x1d\x92\xd59\x82\x22\xdc\x01(\
\xa2\xb5\xf6\xf4$7d\xebD\xdf\xbdInIrS\
V\x9fS\xfe\x9d\xac\xde\x96\x04KwxV\x1f\xcd{\
D\x92#\x93lK\xb2\xff\xd0\x89~\xec\xbe$\xcf\xea\
\xbd\x7fi\xf4 LO\x00\x14\xd1Z\xbb,\xc9\xc9\x83\
\xc7\xb81\xc9\xa5Y\xfd\xb1\xa1\xab{\xef\xf7\x0c\x9e\x07\
\x86k\xad\x1d\x90\xe4\x85INMrJ\x92\xa3\xc7N\
\x94\xcb{\xef/\x1f<\x033\x10\x00\x05\xb4\xd6NL\
r\xe5\xa0\xe5\xefN\xf2\x17I>\xd8{\xff\xe2\xa0\x19\
`\x9f\xd1Z{F\x92\xd7&\xf9\x9d$\x07\x0d\x1a\xe3\
\xa4\xde\xfb\xa7\x07\xad\xcdL\x04@\x01\xad\xb5k\x92\xec\
\x9cy\xd9\x9e\xe4o\x93\xbc\xb5\xf7~\xe3\xcck\xc3>\
\xaf\xb5vt\x92w%ye\xe6\xff\xa8\xeek{\xef\
'\xcc\xbc&3\xdb*\xcf\x83\x99Hk\xed\x15\x99\xff\
\xe2\x7fC\x92\x9d\xbd\xf7\xb3\x5c\xfca\xef\xf4\xdeo\xec\
\xbd\x9f\x95\xd5\xfe\xbda\xe6\xe5w\xae\xcf\x1d,\x98;\
\x00\x0b\xd6ZkI\xbe\x92\xe4\xd8\x19\x97\xbd(\xc9\xab\
z\xef^\xd0\x07\x9b\xa4\xb5vx\x92\x0b\x92\x9c1\xe3\
\xb2_Mr\x5cw\x91X,w\x00\x96mg\xe6\xbb\
\xf8\xf7\xac\xdeBt\xa6\x8b?l\xae\xf5\x9e:3\xab\
=6\xd7\x05\xf9\xd8\xcc\x7f\xf7\x90\x19\x09\x80e;m\
\xc6\xb5^\xdd{\x7f\xbb\xdf\x16`\x1a}\xe5\xed\x99\xf7\
\x93<\xe7<\x8703\x01\xb0l\xa7\xce\xb4\xce;{\
\xef\x1f\x9di-(m\xbd\xd7\xde9\xd3rs\x9dC\
\x18\xc0k\x00\x16\xaa\xb5\xf6\x8bY=\xff\x9f\xda\xa5I\
N\xf3\x9b?\xccg\xfd\xfa\x9e\x8b\xb3\xfa\xdc\x80\xa9\x1d\
\xd7{\xff\xb7\x19\xd6af\xee\x00,\xd7\x1c\xe5\xfe\xe5\
$g\xbb\xf8\xc3\xbc\xd6{\xee\xec\xac\xf6\xe0\xd4\xdc\x05\
X(\x01\xb0\x5cs<\xbb{C\xef\xfd\xb6\x19\xd6\x01\
\x1e`\xbd\xf7\xde0\xc3R^\x07\xb0P\x1e\x01,P\
km[\x92\x9b3m\xe0\xf9\xb8P\xd8\x02f\xf8\x98\
\xef\xfb\x92\xec\xe8\xbd\xdf2\xe1\x1a\x0c\xe0\x0e\xc02\x9d\
\x92i\xffo\xefM\xf2\x96\x09\x8f\x0f\xec\xbe\xb7d\xb5\
'\xa7\xb2_\xe6y\xad\x013\x13\x00\xcb\xf4\x92\x89\x8f\
\xff\x91\xde\xfb\x1c\xcf\x1e\x81\x9fa\xbd\x17?2\xf12\
S\x9fS\x18@\x00,\xd3\x93&>\xfe\x87'>>\
\xb0g\xa6\xde\x93S\x9fS\x18@\x00,\xd3\xf6\x09\x8f\
}K\x92\xcfLx|`\xcf}&\xab\xbd9\x95)\
\xcf)\x0c\x22\x00\x16\xa6\xb5\xb6_\x92m\x13.qi\
\xef\xfd\xbe\x09\x8f\x0f\xec\xa1\xf5\x9e\xbct\xc2%\xb6\xad\
\xcf-,\x88\xff\xd0\xe5y|\x92\x03&<\xfe\xc5\x13\
\x1e\x1b\xd8{S\xee\xcd\x03\xb2:\xb7\xb0 \x02`y\
\xa6\xbeUw\xf5\xc4\xc7\x07\xf6\xce\xd4{\xd3c\x80\x85\
\x11\x00\xcb\xb3c\xc2c\xdf\xde{\xff\xc1\x84\xc7\x07\xf6\
\xd2zoN\xf9\x978\xa7<\xb70\x80\x00X\x9e)\
+}\xd7\x84\xc7\x066n\xca=\xea\x0e\xc0\xc2\x08\x80\
\xe5\x99\xb2\xd2o\x9e\xf0\xd8\xc0\xc6M\xb9G\xdd\x01X\
\x18\x01\xb0<\xee\x00@]\xee\x00\xb0\xdb\x04\xc0\xf2\x1c\
:\xe1\xb1\xef\x9c\xf0\xd8\xc0\xc6M\xb9G\xa7<\xb70\
\x80\x00\x00\x80\x82\x04\x00\x00\x14$\x00\x00\xa0 \x01\x00\
\x00\x05\x09\x00\x00(H\x00\x00@A\x02\x00\x00\x0a\x12\
\x00\x00P\x90\x00\x00\x80\x82\x04\x00\x00\x14$\x00\x00\xa0\
 \x01\x00\x00\x05\x09\x00\x00(H\x00\x00@A\x02\x00\
\x00\x0a\x12\x00\x00P\x90\x00\x00\x80\x82\x04\x00\x00\x14$\
\x00\x00\xa0 \x01\x00\x00\x05\x09\x00\x00(H\x00\x00@\
A\x02\x00\x00\x0a\x12\x00\x00P\x90\x00\x00\x80\x82\x04\x00\
\x00\x14$\x00\x00\xa0 \x01\x00\x00\x05\x09\x00\x00(H\
\x00\x00@A\x02\x00\x00\x0a\x12\x00\x00P\x90\x00\x00\x80\
\x82\x04\x00\x00\x14$\x00\x00\xa0 \x01\x00\x00\x05\x09\x00\
\x00(H\x00\x00@A\x02\x00\x00\x0a\x12\x00\x00P\x90\
\x00\x00\x80\x82\x04\x00\x00\x14$\x00\x00\xa0 \x01\x00\x00\
\x05\x09\x00\x00(H\x00\x00@A\x02\x00\x00\x0a\x12\x00\
\x00P\x90\x00\x00\x80\x82\x04\x00\x00\x14$\x00\x00\xa0 \
\x01\x00\x00\x05\x09\x00\x00(H\x00\x00@A\x02\x00\x00\
\x0a\x12\x00\x00P\x90\x00\x00\x80\x82\x04\x00\x00\x14$\x00\
\x00\xa0 \x01\x00\x00\x05\x09\x00\x00(H\x00\x00@A\
\x02\x00\x00\x0a\x12\x00\x00P\x90\x00\x00\x80\x82\x04\x00\x00\
\x14$\x00\x00\xa0 \x01\x00\x00\x05\x09\x00\x00(H\x00\
\x00@A\x02\x00\x00\x0a\x12\x00\x00P\x90\x00\x00\x80\x82\
\x04\x00\x00\x14$\x00\x00\xa0 \x01\x00\x00\x05\x09\x00\x00\
(H\x00\x00@A\x02\x00\x00\x0a\x12\x00\x00P\x90\x00\
\x00\x80\x82\x04\x00\x00\x14$\x00\x00\xa0 \x01\x00\x00\x05\
\x09\x00\x00(H\x00\x00@A\x02\x00\x00\x0a\x12\x00\x00\
P\x90\x00\x00\x80\x82\x04\x00\x00\x14$\x00\x00\xa0 \x01\
\x00\x00\x05\x09\x00\x00(H\x00\x00@A\x02\x00\x00\x0a\
\x12\x00\x00P\x90\x00\x00\x80\x82\x04\x00\x00\x14$\x00\x00\
\xa0 \x01\x00\x00\x05\x09\x00\x00(H\x00\x00@A\x02\
\x00\x00\x0a\x12\x00\x00P\x90\x00\x00\x80\x82\x04\x00\x00\x14\
$\x00\x00\xa0 \x01\x00\x00\x05\x09\x00\x00(H\x00\x00\
@A\x02\x00\x00\x0a\x12\x00\x00P\x90\x00\x00\x80\x82\x04\
\x00\x00\x14$\x00\x00\xa0 \x01\x00\x00\x05\x09\x00\x00(\
H\x00\x00@A\x02\x00\x00\x0a\x12\x00\x00P\x90\x00\x00\
\x80\x82\x04\x00\x00\x14$\x00\x00\xa0 \x01\x00\x00\x05\x09\
\x00\x00(H\x00\x00@A\x02\x00\x00\x0a\x12\x00\x00P\
\x90\x00\x00\x80\x82\x04\x00\x00\x14$\x00\x00\xa0 \x01\x00\
\x00\x05\x09\x00\x00(H\x00\x00@A\x02\x00\x00\x0a\x12\
\x00\x00P\x90\x00\x00\x80\x82\x04\x00\x00\x14$\x00\x00\xa0\
 \x01\x00\x00\x05\x09\x00\x00(H\x00\x00@A\x02\x00\
\x00\x0a\x12\x00\x00P\x90\x00\x00\x80\x82\x04\x00\x00\x14$\
\x00\x00\xa0 \x01\x00\x00\x05\x09\x00\x00(H\x00\x00@\
A\x02\x00\x00\x0a\x12\x00\x00P\x90\x00\x00\x80\x82\x04\x00\
\x00\x14$\x00\x00\xa0 \x01\x00\x00\x05\x09\x00\x00(H\
\x00\x00@A\x02\x00\x00\x0a\x12\x00\x00P\x90\x00\x00\x80\
\x82\x04\x00\x00\x14$\x00\x00\xa0 \x01\x00\x00\x05\x09\x00\
\x00(H\x00\x00@A\x02\x00\x00\x0a\x12\x00\x00P\x90\
\x00\x00\x80\x82\x04\x00\x00\x14$\x00\x00\xa0 \x01\x00\x00\
\x05\x09\x00\x00(H\x00\x00@A\x02\x00\x00\x0a\x12\x00\
\x00P\x90\x00\x00\x80\x82\x04\x00\x00\x14$\x00\x00\xa0 \
\x01\x00\x00\x05\x09\x00\x00(H\x00\x00@A\x02\x00\x00\
\x0a\x12\x00\x00P\x90\x00\x00\x80\x82\x04\x00\x00\x14$\x00\
\x00\xa0 \x01\x00\x00\x05\x09\x00\x00(H\x00\x00@A\
\x02\x00\x00\x0a\x12\x00\x00P\x90\x00\x00\x80\x82\x04\x00\x00\
\x14$\x00\x00\xa0 \x01\x00\x00\x05\x09\x00\x00(H\x00\
\x00@A\x02\x00\x00\x0a\x12\x00\x00P\x90\x00\x00\x80\x82\
\x04\x00\x00\x14$\x00\x00\xa0 \x01\x00\x00\x05\x09\x00\x00\
(H\x00\x00@A\x02\x00\x00\x0a\x12\x00\x00P\x90\x00\
\x00\x80\x82\x04\x00\x00\x14$\x00\x00\xa0 \x01\x00\x00\x05\
\x09\x00\x00(H\x00\x00@A\x02\x00\x00\x0a\x12\x00\x00\
P\x90\x00\x00\x80\x82\x04\x00\x00\x14$\x00\x00\xa0 \x01\
\x00\x00\x05\x09\x00\x00(H\x00\x00@A\x02\x00\x00\x0a\
\x12\x00\x00P\x90\x00\x00\x80\x82\x04\x00\x00\x14$\x00\x00\
\xa0 \x01\x00\x00\x05\x09\x00\x00(H\x00\x00@A\x02\
\x00\x00\x0a\x12\x00\x00P\x90\x00\x00\x80\x82\x04\x00\x00\x14\
$\x00\x00\xa0 \x01\x00\x00\x05\x09\x00\x00(H\x00\x00\
@A\x02\x00\x00\x0a\x12\x00\x00P\x90\x00\x00\x80\x82\x04\
\x00\x00\x14$\x00\x00\xa0 \x01\x00\x00\x05\x09\x00\x00(\
H\x00\x00@A\x02\x00\x00\x0a\x12\x00\x00P\x90\x00\x00\
\x80\x82\x04\x00\x00\x14$\x00\x00\xa0 \x01\x00\x00\x05\x09\
\x00\x00(H\x00\x00@A\x02\x00\x00\x0a\x12\x00\x00P\
\x90\x00\x00\x80\x82\x04\x00\x00\x14$\x00\x00\xa0 \x01\x00\
\x00\x05\x09\x00\x00(H\x00\x00@A\x02\x00\x00\x0a\x12\
\x00\x00P\x90\x00\x00\x80\x82\x04\x00\x00\x14$\x00\x00\xa0\
 \x01\x00\x00\x05\x09\x00\x00(H\x00\x00@A\x02\x00\
\x00\x0a\x12\x00\x00P\x90\x00\x00\x80\x82\x04\x00\x00\x14$\
\x00\x00\xa0 \x01\x00\x00\x05\x09\x00\x00(H\x00\x00@\
A\x07\x8c\x1e\x00\x92\xa4\xb5\xf6\xf3I\xfee\xf4\x1c0\
\x83g\xf6\xde\xffs\xf4\x10 \x00\xd8*\xf6O\xb2m\
\xf4\x100\x83\xfdG\x0f\x00\x89G\x00\x00P\x92\x00\x00\
\x80\x82\x04\x00\x00\x14$\x00\x00\xa0 \x01\x00\x00\x05\x09\
\x00\x00(H\x00\x00@A\x02\x00\x00\x0a\x12\x00\x00P\
\x90\x00\x00\x80\x82\x04\x00\x00\x14$\x00\x00\xa0 \x01\x00\
\x00\x05\x09\x00\x00(H\x00\x00@A\x02\x00\x00\x0a\x12\
\x00\x00P\x90\x00\x00\x80\x82\x04\x00\x00\x14$\x00\x00\xa0\
 \x01\x00\x00\x05\x09\x00\x00(H\x00\x00@A\x02\x00\
\x00\x0a\x12\x00\x00P\x90\x00\x00\x80\x82\x04\x00\x00\x14$\
\x00\x00\xa0 \x01\x00\x00\x05\x09\x00\x00(H\x00\x00@\
A\x02\x00\x00\x0a\x12\x00\x00P\x90\x00\x00\x80\x82\x04\x00\
\x00\x14$\x00\x00\xa0 \x01\x00\x00\x05\x09\x00\x00(H\
\x00\x00@A\x02\x00\x00\x0a\x12\x00\x00P\x90\x00\x00\x80\
\x82\x04\x00\x00\x14$\x00\x00\xa0 \x01\x00\x00\x05\x09\x00\
\x00(H\x00\x00@A\x02\x00\x00\x0a\x12\x00\x00P\x90\
\x00\x00\x80\x82\x04\x00\x00\x14$\x00\x00\xa0 \x01\x00\x00\
\x05\x09\x00\x00(H\x00\x00@A\x02\x00\x00\x0a\x12\x00\
\x00P\x90\x00\x00\x80\x82\x04\x00\x00\x14$\x00\x00\xa0 \
\x01\x00\x00\x05\x09\x00\x00(H\x00\x00@A\x02\x00\x00\
\x0a\x12\x00\x00P\x90\x00\x00\x80\x82\x04\x00\x00\x14$\x00\
\x00\xa0 \x01\x00\x00\x05\x09\x00\x00(H\x00\x00@A\
\x02\x00\x00\x0a\x12\x00\x00P\x90\x00\x00\x80\x82\x04\x00\x00\
\x14$\x00\x00\xa0 \x01\x00\x00\x05\x09\x00\x00(H\x00\
\x00@A\x02\x00\x00\x0a\x12\x00\x00P\x90\x00\x00\x80\x82\
\x04\x00\x00\x14$\x00\x00\xa0 \x01\x00\x00\x05\x09\x00\x00\
(H\x00\x00@A\x02\x00\x00\x0a\x12\x00\x00P\x90\x00\
\x00\x80\x82\x04\x00\x00\x14$\x00\x00\xa0 \x01\x00\x00\x05\
\x09\x00\x00(H\x00\x00@A\x02\x00\x00\x0a\x12\x00\x00\
P\x90\x00\x00\x80\x82\x04\x00\x00\x14$\x00\x00\xa0 \x01\
\x00\x00\x05\x09\x00\x00(H\x00\x00@A\x02\x00\x00\x0a\
\x12\x00\x00P\x90\x00\x00\x80\x82\x04\x00\x00\x14$\x00\x00\
\xa0 \x01\x00\x00\x05\x09\x00\x00(H\x00\x00@A\x02\
\x00\x00\x0a\x12\x00\x00P\x90\x00\x00\x80\x82\x0e\x18=\x00\
\x9b\xee\x9e\x09\x8f\xbd\xff\x84\xc7\xbe-\xc9\x1fLx|\
\xd8*n\x9b\xf0\xd8S\xee\xd1)\xcf-\x0c \x00\x96\
\xe7\x96\x09\x8f\xbdm\xaa\x03\xf7\xdeoOr\xfeT\xc7\
\x87\x22&\xdb\xa3\x99\xf6\xdc\xc2\x00\x1e\x01,\xcf\xcd\x13\
\x1e{\xc7\x84\xc7\x066n\xca=:\xe5\xb9\x85\x01\x04\
\xc0\xf2\xec\x9a\xf0\xd8\xdb'<6\xb0qS\xee\xd1)\
\xcf-\x0c \x00\x96g\xcaJ\x7flk\xed\xe0\x09\x8f\
\x0f\xec\xa5\xf5\xde|\xec\x84K\xb8\x03\xb00\x02`y\
\xa6\xae\xf4gN||`\xefL\xbd7\xdd\x01X\x18\
\x01\xb0<\xbb\x92\xf4\x09\x8f\x7f\xda\x84\xc7\x06\xf6\xde\x94\
{\xb3G\x00,\x8e\x00X\x98\xde\xfb\xddIn\x9dp\
\x89\xd3'<6\xb0\xf7\xa6\xdc\x9b\xb7\xae\xcf-,\x88\
\x00X\xa6)K\xfdi\xad\xb5c'<>\xb0\x87\xd6\
{\xf2i\x13.\xe1\xb7\xff\x05\x12\x00\xcb4\xf5\x8bu\
~c\xe2\xe3\x03{f\xea=\xe9\x05\x80\x0b$\x00\x96\
\xe9\xaa\x89\x8f\xff\xc6\xd6\xda\x94\xaf6\x06v\xd3z/\
\xbeq\xe2e\xa6>\xa70\x80\x00X\xa6\x8b'>\xfe\
\xa3\x92\xbcm\xe25\x80\xdd\xf3\xb6\xac\xf6\xe4\x94\xa6>\
\xa70@\xeb}\xca\x17\x8c3Jk\xedkI\x8e\x99\
p\x89\xbb\x92\x1c\xd7{\xff\xf7\x09\xd7\x00\x1eFk\xed\
\x17\x92|%\xc9\x94\x9f\xcf\xf1\xf5\xde\xfbS&<>\
\x83\xb8\x03\xb0\x5c\x97L|\xfc\x83\x93\xbcw\xe25\x80\
\x87\xf7\xdeL{\xf1O\xa6?\x970\x88\x00X\xae9\
n\xd9\x9d\xd1Z;g\x86u\x80\x07X\xef\xbd3f\
X\xca\xed\xff\x85\xf2\x08`\xa1Zk\xfbe\xf5\xd6\x9d\
\xc7O\xbc\xd4}IN\xe9\xbd\x7fb\xe2u\x80\xb5\xd6\
\xda\xcb\x92\x5c\x9a\xe9\x7f\x89\xfb\x8f$\xdb{\xef\xf7M\
\xbc\x0e\x03\xb8\x03\xb0P\xeb\x0d{\xd9\x0cK\xed\x97\xe4\
c\xad\xb5\xa7\xce\xb0\x16\x94\xb7\xdek\x1f\xcb<\xe7\xef\
\xcb\x5c\xfc\x97K\x00,\xdb\x5c\xb7\xee\x1e\x99\xe4\xca\xd6\
\xda\x893\xad\x07%\xad\xf7\xd8\x95Y\xed\xb99\xb8\xfd\
\xbf`\x1e\x01,Xk\xed\x90\xac>\xc0\xe313-\
\xf9\xa3$\xbf\xd7{\xff\xc0L\xebA\x19\xad\xb5\xd7'\
\xf9\xb3$\x07\xce\xb4\xe4\xf7\x92\xec\xe8\xbd\xdf9\xd3z\
\xcc\xcc\x1d\x80\x05[o\xdc\xf3g\x5c\xf2\xc0$\xefo\
\xad\xbd\xaf\xb5v\xe8\x8c\xeb\xc2b\xb5\xd6\x0em\xad\xbd\
/\xc9\xfb3\xdf\xc5?I\xcew\xf1_6w\x00\x16\
n}\x17\xe0\xabI\x8e\x9ay\xe9\x9b\x92\x9c\x9b\xe4\x02\
\xcf\x10a\xcf\xad_\xc8\xfb\xaa$\xefHr\xe4\xcc\xcb\
\x7f;\xc9\xb1\x02`\xd9\xdc\x01X\xb8\xf5\x06>o\xc0\
\xd2G&\xf9p\x92\xeb[k\xbf6`}\xd8g\xad\
\xf7\xcc\xf5Y\xed\xa1\xb9/\xfeIr\x9e\x8b\xff\xf2\xb9\
\x03P\xc0\xfa7\x89\x7fN\xf2\x8c\x81c\xdc\x94\xd5\xdb\
\x96.Mr\x85?-\x0a?\xd6Z;(\xc9\x8b\x92\
\x9c\xb2\xfe\x1aq\xd1\xbf\xdf\x17\x93\xfc\x92;w\xcb'\
\x00\x8aX\xbfo\xf8\xf2\xd1s\xac\xdd\x96\xe4\x9a$\xdf\
\xc9\xeaE\x8a\xbb\xd6\xdf\xef\x189\x14\xcc\xe4\xb0$;\
\x92l_\x7f?\x22\xc9\x09I\x1e1r\xa8\x9fp\xb2\
\xcf\xf5\xa8A\x00\x14\xd2Z\xfb\xa7$'\x8d\x9e\x03\xd8\
\xb2\xae\xec\xbd\xff\xea\xe8!\x98\x87\x00(\xa4\xb5\xb63\
\xab\xdf\xbc\x01\x1e\xca\x09\xbd\xf7kG\x0f\xc1<\xbc\x08\
\xb0\x90\xf5\xc6\xbe`\xf4\x1c\xc0\x96t\x81\x8b\x7f-\xee\
\x00\x14\xb3~\x7f\xfeUI\x9e;z\x16`\xcb\xf8|\
\x92_\xe9\xbd\xffp\xf4 \xccG\x00\x14\xd4Z;2\
\xc9g\x93<a\xf4,\xc0p\xdfM\xf2\xcb\xbd\xf7\x9b\
F\x0f\xc2\xbc<\x02(h\xbd\xd1OOr\xd7\xe8Y\
\x80\xa1\xeeJr\xba\x8b\x7fM\x02\xa0\xa8\xde\xfb5I\
^7z\x0e`\xa8\xd7\xad\xcf\x05\x14$\x00\x0a\xeb\xbd\
_\x90\xe4=\xa3\xe7\x00\x86x\xcf\xfa\x1c@Q^\x03\
P\xdc\xfaS\x02/K\xf2\xd2\xd1\xb3\x00\xb3\xf9d\x92\
\x97\xfb\xb4\xbf\xda\x04\x00i\xad=2\xc9'\x92\xbcp\
\xf4,\xc0\xe4\xaeN\xf2\xb2\xde\xfb\x0fF\x0f\xc2X\x1e\
\x01\x90\xf5\x89\xe0\xc5I>4z\x16`R\x1fJ\xf2\
b\x17\x7f\x12\x01\xc0Z\xef\xfd\xee\xde\xfbk\x92\xbc)\
\xc9\xbd\xa3\xe7\x016\xd5\xbdI\xde\xd4{\x7f\x8d?\xc4\
\xc5\xfd<\x02\xe0A\xd6\x7f\x8a\xf4o\x92<j\xf4,\
\xc0\x86\xfdO\x92\xb3z\xef\xff8z\x10\xb6\x16\x01\xc0\
Cj\xad\x1d\x97\xd5\x8b\x03\x8f\x19=\x0b\xb0\xd7\xbe\x9e\
\xd5\x8b\xfd\xbe2z\x10\xb6\x1e\x8f\x00xH\xeb\x13\xc6\
\xf1I>5z\x16`\xaf|*\xc9\xf1.\xfe\xfc4\
\x02\x80\x9f\xaa\xf7\xfe\xbd$/I\xf2\xfa$\xbb\x06\x8f\
\x03\xec\x9e]Y\xed\xd9\x97\xac\xf70<$\x8f\x00\xd8\
-\xad\xb5\xc3\x92\xbc1\xc9\x9b\x93<r\xf08\xc0\x83\
\xfd \xc9\xbb\x93\xfcI\xef\xfd\x8e\xd1\xc3\xb0\xf5\x09\x00\
\xf6Hk\xed\xe7\x92\x9c\x9b\xe4\xb7\x93\x1c4x\x1c \
\xb9;\xc9\xfb\x93\xbc\xa3\xf7\xfe_\xa3\x87a\xdf!\x00\
\xd8+\xad\xb5''yg\x92\xb3\x92\xb4\xc1\xe3@E\
=\xabw\xeb\xfca\xef\xfd\x1b\xa3\x87a\xdf#\x00\xd8\
\x90\xd6\xdas\x92\xfcV\x92S\x93<i\xec4P\xc2\
7\x93\x5c\x92\xe4#\xbd\xf7\xebG\x0f\xc3\xbeK\x00\xb0\
iZk\xcf\xce*\x04NK\xf2\xec\xc1\xe3\xc0\x92|\
!\xc9\xc5I.\xe9\xbd\x7fa\xf40,\x83\x00`\x12\
\xad\xb5'e\x15\x03\xa7&91\xc9\x01c'\x82}\
\xca=I>\x9d\xd5o\xfa\x97\xf4\xde\xbf9x\x1e\x16\
H\x000\xb9\xd6\xda\xe1I\x8eJ\xb2c\xfd\xb5\xfd\x01\
\xdf\xef\xff\xf7a\xa3f\x84\x19\xdd\x91\xd5[\xf5n^\
\x7f\xedz\xc0\xf7\x9b\x93|\xbb\xf7~\xfb\xb0\x09)\xe1\
\x7f\x01\x5cr\xad\xaa^<C\x01\x00\x00\x00\x00IE\
ND\xaeB`\x82\
\x00\x00\x01o\
<\
svg xmlns=\x22http:\
//www.w3.org/200\
0/svg\x22 width=\x2224\
\x22 height=\x2224\x22 vi\
ewBox=\x220 0 24 24\
\x22 fill=\x22none\x22 st\
roke=\x22currentCol\
or\x22 stroke-width\
=\x222\x22 stroke-line\
cap=\x22round\x22 stro\
ke-linejoin=\x22rou\
nd\x22 class=\x22feath\
er feather-log-o\
ut\x22><path d=\x22M9 \
21H5a2 2 0 0 1-2\
-2V5a2 2 0 0 1 2\
-2h4\x22></path><po\
lyline points=\x221\
6 17 21 12 16 7\x22\
></polyline><lin\
e x1=\x2221\x22 y1=\x2212\
\x22 x2=\x229\x22 y2=\x2212\x22\
></line></svg>\
\x00\x00\x06\x01\
\x89\
PNG\x0d\x0a\x1a\x0a\x00\x00\x00\x0dIHDR\x00\
\x00\x00@\x00\x00\x00X\x08\x06\x00\x00\x00E\xec\xf1(\
\x00\x00\x00\x09pHYs\x00\x00\x0b\x13\x00\x00\x0b\x13\
\x01\x00\x9a\x9c\x18\x00\x00\x00\x01sRGB\x00\xae\xce\
\x1c\xe9\x00\x00\x00\x04gAMA\x00\x00\xb1\x8f\x0b\xfc\
a\x05\x00\x00\x05\x96IDATx\x01\xdd\x9c\xbfs\
\x1bE\x14\xc7\xdf\x9e\xa3 \x07f\xd00@A\xc3Q\
\x10d7Q\xfe\x03\xa5\xa3p\x14QR\x91\xfc\x05q\
::\xcb\x1d\xa5\xfd\x17 *:0\x89a\x80&\xca\
_\x80\xd2X60\xc3R\xc30b\x92\x89\x93Xw\
\x9b\xf7\xee\xa4XgK\xbb{w\xbbw\xb7\xfe\xcc$\
s\x89\xd6\xa7\xfb~\xef\xed\xef\xb7\x06(\x9b\xe6F\x0f\
Jd\x05\xca\xe6\xbdO\x1e\xc2\xbbW\x19\xfc\xfb\xfb\x00\
J\xc0\x83*\xc0\xd8VY\x91P\x0d\x03\x88\x92L\xa8\
\x8e\x01D\x09&T\xcb\x00\xa2`\x13\xaag\x00Q\xa0\
\x09\xd54\x80(\xc8\x84\xea\x1a@\x14`B\xb5\x0d \
,\x9bP}\x03\x08\x8b&\xb8a\x00a\xc9\x04\x06\xb6\
iv}\x80\x97m`+\xd7\xf0_x-\xf0\x0fk\
\xc4\xd7\x19\x10b\x1b\x0e\xf7{`\x08;\x0647P\
0\xbb\x85W]\xc8*T\x86A\x13\xcc\x19\xe0w\x1b\
p%\xdc\xc4\xab\xbb\xf8\x80\x0d\xb0\x8d!\x13\xf2\xcf\x06\
I\xf8\x07W\xbf\x84\x9a\xf8\x16\x1f\xeaS\xfc\x9f:\x14\
\x01cm\x13\xb3\xc8K\x90\x87\xb5\x9b\x9b\xc0\xc2\xadB\
\xde\xf8b\x04\xe4$[\x15\xa0\x86\x8d\x05_\xe3U\x1b\
\xcaB\x88\x1eV\x81m\xc8I\xfan\x90\xde\xba\x17\xfe\
\x06\x17@<\x91.\x02\xd6;;\xf8\xe5w\xa1L\x0c\
\x8a'\xf4\x0c\xa0\x86nu\xb2\x83\xc5\xbf\x80,0\x18\
C\x08{\xc0\xc4\x10\x1b/\x0e\xa26\x84\xe3\xff\xfe\x07\
>\x18cD\xe9\xd7c\xc3\xe2\x09\xbdFp5|\x88\
*Z\x90\x86H\xb4 \xd3\x060z\xf0\x08\xf2bA\
<\xa16`m\xa3\x8f\xdf\xae/~&\xfc\xf8\xe9n\
\xf4\x86M`I<!7`\xbd\xd3\xc3/\xd7\x0f{\
zP\x93\xc2g\xf7\xb4$\x9eXn\x00\xb5\xf6Bl\
\x81\x1e\x1c\xbb\xc5\xcf`\xf4\xd3\x10LbY<\xb1\xb8\
\x1b\x8c\xfay\xa6'\x9eA\x1f\x8e\x9f\x5c\x87\x03\xf7\xc4\
\x13\x8b#\x80a\xa3\xa73\xba\xa3\x87\x1cYx\xc8\x82\
\xc4\x13\xe7#\xa0y\xf3v<eU`\xeb!m\xdd\
\x97\xda\xb3f\xe7\x5c{\x964@?\xf4\xf7\x9c\x13O\
\xed\x19\xc3\xde\xc9o'\x22;i\x80G\xd3Y\xe5\xdb\
\xe7X\xe7\xef\x80il\x8b\x8fi@\xfd\xad\xc4H\xf6\
\xd4\x80h\xe5\x06\xd4]\x9e8\xb9a\xb4\x9b\x8b\xeeY\
\x88\xf8\x18\xc66\xe7\xa3`.\x02\x82\xb6\xb2\xe1\x8b\x1e\
\xf4g\x0e&)R|L\x22\x0aN\xe7\x02k\x9d\xbf\
\x14\xe1\xcfqH\xfb\x11\xb8\xc0r\xf1S\xd8\x10F\xf7\
\xaf\xd3U\x1c\x01\xb4\x86\xa7\xaa\xfb\x22\xec\x81;(&\
X8\xb4\x8f4\xcf\x0c\xf0\x94\xb3<\x0e\x87?~\x03\
\xaep\xd9\xdb\xc5\xba.o\xa7\xe2E\xdb\xa9\x01\x02\xd7\
\xd7d\x08\x18\x80K\x0c\xf7\xc6X\x05\xfa\x8aR\xb4b\
\x8d\x06D\xad\xbf\x22\xfc\x83`\x17\x5cC\x88\x1f\x14%\
|\xea\x0d<`\x13\xd5T\x97\xc3\x1f\x86\xc7\xf9Ep\
\xb8?PV\x83\xfa\x9b\xb7<\x0c\xefk\xd2B!\xb8\
'~F(\xf6\xa4\x9f3\xaf\x85\x11\xa0Z\xe9\x11\x03\
p\x15\xc6\xe4//\x04\x9f\x0c\xf0s\xdd\xa4\xd2\x84\x7f\
K?\xf6\x04\x1a\xa0\x1a\xfd\xb1\x1a\x07W\x11\x97\x14/\
\x8f5\xa8\x1b\xf4\xa5eF\xdf\xc9]\xac2uP\xcd\
Y|w\xf2\x03\xb2@\xe3\x01\x05\x17\xdb\x00\x0d\xd4\x06\
\x9cY@\xb8h\x90\x01\x5cZb\xf5\x9d\xb7\xc1U\xe2\
5\x0e\x19\xdcSO\x1a\x9e\xa7\xdb\x11\xaa\x14\x13_\xfe\
\xb9\x18S7\xc8\xa5e\x02\xcf\x07Wa\x9eb\x94\xcb\
\xb8\xba\x0a0\xe6p\x04\x88\xb6\xf4c\xdc\xac\xc5\x08\x08\
\x1e\xcb\x0b\xc5\xd3F7Q\xbc</D\x03\xea\x97\xe5\
\x13\x06ZC\x9b\xae\x9e8\xc5\xc7\xdd\x96r\x9a\x1f\x86\
\x8f\xbd\xe9`\x81K\x0bNWO\x9c\xa2\x16\xa8\x129\
8-\xf0\xce\xc6\x01\xaa(\xb8\xed\xdcx@s\x95k\
\xba$\xa6\x5c=9\xb7\xa1Pi\xf4\xb6\xf7\xfa\xf4W\
l@\xb4z\x22\x1c\x9e\xf6\x9eA\xbd\xbd\x87\xe1\x1fg\
\xad\xcc\x0d\x85\xbd\xe5\xd5\xc0\xe6\xe6\x85\x95{\xea/\xf1\
\x9f\x1a\xb0l)\xb9\xf8\x9d\x9b\xec\xd0\xd0W}O\xd4\
\x18\xbc\xceY:5 \xee\x0dv\x12E]\x12O\x99\
l\x94\xd7\xa0\xa6?\xbf\xbd\x97\x9c\x0d\xceG\x81K\xe2\
\x89+\x94\xb9\xaa\xb1\xb3-N\x12K\xfcI\x03(\x0a\
\xc2\xc9=\xe7\xc4G\xf7\xd5\x18\xb1R\xdd?\xb3\xb9k\
\xff\xc0\xc4\x8ce\xe2G\x0f\xf2=\x83\xbe\xa9\x0b7w\
\xf3e\x8b\xebb\xab\xceS\xf6\xaaN\x1a_\x94\xbbx\
rc\xd1G\xf6\x0d\xb0!~\x1d\xc7\xf9\x22\xfc\x1e\x95\
\xf9Z\xe5\x03\xac\xd2G\x8b\xf3\x1a\xec\x1a`Z\xfc\xec\
T\x8a\x08\xf4\xefI\xed\xd9\xd1\xfe\xd2\xbdM{\x06\x98\
\x14\xff\xfa8N\x98\xee8\x0e\xe50*\xd2\xf8\xec\x18\
`J<M\xc3=\xaf\x9dZx\x04\x0e\xed\x0f\xf6\x95\
\xc9\x5c\xe6\x0d\xc8\x22\x9e\xdep\x1d'\x5c\xe1\x8b\x16\xac\
\xd4>\xc4\x9fo\x81\xc7\xba\x91h\x91\xe1T\x0c\xbd\xf9\
gO\xef\xe9\x155\x89\xad~>\x1d;\xd8\xddi\x89\
'\xccm\x8c\x94->N\xd3\xdfL#>\xfe1\x13\
\x94-^\xd0\x16\xfe\xe4N\x96\x14\xbe\xfc\x06\x94)\x9e\
\xdez \xef\xe6T\x98h\x04s\x9f\xddK\x8d\xc1S\
)\xf9O\x8e\xfes\xf4\x08\xdeo\xd2U\x1blC\xc2\
\x85\xf8\x0a\x85\x7f\x0e\x7f\xfe\xfa\x0b\x8c\xf9s\xc8\x89\xb9\
^`\xbd\xb3\x15\x8d\xba\xcc\xc3\xe3\x13g\x94\xa1n\xe0\
\xf0\xd5\x19Lw\x83yL\xe0\xb4W\x87\x8fD\x829\
.n\x0c\x81\xbd1\xb0\x9d\xa0a~:\x9c\xd6\x84\xbc\
\xd3\xe1\x9c\x98O\x908\xb8\xbf\x8d\xabJ=p\x04;\
\x19\x22\x0e\x99`/E\xc6\x11\x13\xec\xe6\x089`\x82\
\xfd$\xa9\x8a\x9bPL\x96X\x85M(.M\xae\xa2\
&\x14\x9b'XA\x13\x8aO\x94tl\x9c`\x0f\x1a\
1\xa6\xf9\xed\x11\x17\x122\xa1d^\x01\xa7e\x8f\xb4\
\xb8QQb\x00\x00\x00\x00IEND\xaeB`\x82\
\
\x00\x00\x14a\
\x89\
PNG\x0d\x0a\x1a\x0a\x00\x00\x00\x0dIHDR\x00\
\x00\x02\x00\x00\x00\x02\x00\x08\x06\x00\x00\x00\xf4x\xd4\xfa\
\x00\x00\x00\x04sBIT\x08\x08\x08\x08|\x08d\x88\
\x00\x00\x14\x18IDATx\x9c\xed\xdd[\xacmU\
}\xc7\xf1\xdf@\xee\xc4{\xe3\xf1\x1c@+\x01\x8a\x97\
Z\x8d\x96\x83\xc6B\x8d\x0f\xb6\x8a\xdc$\x86\xa6D\x9b\
h\xb45m\x13}Pb\x05\xd3\x1a\x0d1\x9a&m\
M5\xb1jhkJ\xd3\x227m_\x0cEH\x04\
\xd4`\x89Z\xab\x06\xab\x22G\x9aR\xad\x06\x04\x04F\
\x1f\xd6\xa2Z@<g\xef=\xe7\xd8g\xfe?\x9fd\
g\x9f\xa79\xfe\xd9'c\xce\xef\x9ek\xae\xb5[\xef\
=\xc0X\xad\xb5\xc7'95\xc9\x89Iv\xad\xbfv\
\xae\xbf\x0e\x1e8\xdaf\xdc\x93d\xcf\xfa\xeb\xd6\xf5\xd7\
\x0dI\xae\xec\xbd\x7fo\xe4`@\xd2\x04\x00\x8c\xd1Z\
{r\x92W&93\xc9)I\x0e\x1c;\xd1l\xee\
Mru\x92\x8f'\xf9\xc7\xde\xfbw\x07\xcf\x03%\x09\
\x00\x98Yk\xedqI\xceK\xf2\x87I\x0e\x1b<\xce\
h?J\xf2gI.\xec\xbd\x7f\x7f\xf40P\x89\x00\
\x80\x99\xb4\xd6\x0eI\xf2\xfbI\xde\x96\xe4\x09\x83\xc7\xd9\
n\xfe;\xc9\xbb\x93\xfcE\xef\xfd\xee\xd1\xc3@\x05\x02\
\x00f\xd0Z;:\xc9eI\x9e;z\x96m\xee\xc6\
$\xa7\xf7\xde\xbf=z\x10X\xba\x03F\x0f\x00K\xd7\
Z{A\x92\xcf\xc6\xc5\x7fo<7\xc9g\xd7?3\
`B\x02\x00&\xd4Z;7\xc9UIv\x8c\x9ee\
?\xb2#\xc9U\xeb\x9f\x1d0\x11/\x01\xc0DZk\
\xa7fu\xdb_ho\xcc\xfdY\xbd\x1cp\xe5\xe8A\
`\x89\x04\x00L\xa0\xb5\xf6\xcc$\x9fI\xf2\xe8\xd1\xb3\
\xec\xe7~\x98\xe4\x05\xbd\xf7/\x8d\x1e\x04\x96F\x00\xc0\
\x16k\xad=1\xab\x0f\xbc9f\xf4,\x0bqs\x92\
\x13{\xef\xb7\x8f\x1e\x04\x96\xc4\xadI\xd8z\x7f\x15\x17\
\xff\xadtLV?S`\x0b\xb9\x03\x00[\xa8\xb5v\
rV\x9fr\xc7\xd6;\xa5\xf7\xfe\xe9\xd1C\xc0R\x08\
\x00\xd8B\xad\xb5\xeb\x92\xec\x1e=\xc7B]\xdf{?\
i\xf4\x10\xb0\x14^\x02\x80-\xd2Z;;.\xfeS\
\xda\xbd\xfe\x19\x03[\xc0\x1d\x00\xd8\x22\xad\xb5\xcf%y\
\xde\xe89\x16\xee\xf3\xbd\xf7\xe7\x8f\x1e\x02\x96@\x00\xc0\
\x16X\x7f\xd4\xef\xb7F\xcfQ\xc4S|T0l\x9e\
\x97\x00`k\x9c6z\x80B\xfc\xaca\x0b\x08\x00\xd8\
\x1a\xa7\x8f\x1e\xa0\x10?k\xd8\x02^\x02\x80Mj\xad\
\x1d\x9e\xe4\xfbI\x0e\x1a=K\x11?N\xf2\xb8\xde\xfb\
\x9d\xa3\x07\x81\xfd\x99;\x00\xb0yG\xc7\xc5\x7fN\x07\
e\xf53\x076A\x00\xc0\xe6\xed\x1c=@A~\xe6\
\xb0I\x02\x006o\xd7\xe8\x01\x0a\xf23\x87M\x12\x00\
\xb0y.F\xf3\xf33\x87M\xf2\x10 \xb3i\xad\xb5\
$O\xcc\xea\xf6\xed\xae\x9f\xfa\xfe\xc0\xbf\x8f\x187\xdd\
\xa6\x1c\x17\x7f\xfcgn7'\xf9\xda\xe8!6\xe8\x8e\
${\x92\xdc\xba\xfe\xda\xf3S\xdfo\xefN\xca\xccD\
\x000\x99\xd6\xda\xf1Y\xbde\xebeI\x9e\x96\xd5E\
\xfe\xe0\xa1C\xc1\xf6vOV!\xf0\x8d$\x9fLr\
Y\xef\xfd\xabcGb\xa9\x04\x00[f\xfd\x1b\xfe\x89\
I\xce\xc8\xea\xc2\xff\xf4\xb1\x13\xc1\x22\xfc[\x92\xcb\x92\
\x5c\x9a\xe4\x06w\x08\xd8*\x02\x80Mi\xad\x1d\x9c\xe4\
%Y]\xf0O\x8b\xa7\xb3aJ{\x92\x5c\x9eU\x10\
|\xaa\xf7~\xcf\xe0y\xd8\x8f\x09\x006\xa4\xb5v@\
\x92s\x93\xbc3\xc9S\x06\x8f\x03\x15}+\xc9\xf9I\
\xfe\xa6\xf7~\xff\xe8a\xd8\xff\x08\x00\xf6Yk\xed7\
\x93\x5c\x98\xe4\xd9\xa3g\x01rS\x92\xf3z\xef\xff4\
z\x10\xf6/\x02\x80\xbd\xd6Z{~\x92\xf7$y\xf1\
\xe8Y\x80\x87\xb8*\xc9[z\xef\x9f\x1b=\x08\xfb\x07\
\x9f\x03\xc0\xcf\xd5Z;\xb6\xb5vq\x92\x1b\xe2\xe2\x0f\
\xdb\xd5\x8b\x93\xdc\xd0Z\xbb\xb8\xb5v\xec\xe8a\xd8\xfe\
\x04\x00\x8f\xa8\xb5v^\x92/'yU\x926x\x1c\
\xe0\x91\xb5\xac\xf6\xea\x97\xd7{\x17~&/\x01\xf0\xb0\
Zk\x87&\xf9P\x92\xdf\x1e=\x0b\xb0a\x7f\x9b\xe4\
u\xbd\xf7\xbbF\x0f\xc2\xf6#\x00x\x88\xd6\xda\xce$\
\x1fO\xb2{\xf4,\xc0\xa6]\x9f\xe4\xcc\xde\xfb\x9e\xd1\
\x83\xb0\xbd\x08\x00\xfe\x9f\xd6\xda\xf3\xb2z\x8f\xf1\x91\xa3\
g\x01\xb6\xccw\x92\x9c\xde{\xff\xfc\xe8A\xd8><\
\x03\xc0\xffi\xad\xbd*\xc95q\xf1\x87\xa592\xc9\
5\xeb=\x0eI\x04\x00k\xad\xb5?Nrq\x92\xc3\
F\xcf\x02L\xe2\xb0$\x17\xaf\xf7:\x08\x00\x92\xd6\xda\
\xf9I.\x18=\x070\x8b\x0b\xd6{\x9e\xe2<\x03P\
\x5ck\xed\xac$\xff\x10o\xf1\x83Jz\x92\xb3{\xef\
\x97\x8c\x1e\x84q\x04@a\xad\xb5\xe7$\xb96\xc9\x11\
\xa3g\x01fwG\x92\x17\xf5\xde\xbf0z\x10\xc6\x10\
\x00E\xb5\xd6vd\xf5\xc9~\xfe\x90\x0f\xd4\xf5\xad$\
'\xf6\xdeo\x1b=\x08\xf3\xf3\x0c@A\xad\xb5C\x92\
\x5c\x12\x17\x7f\xa8\xee)I.Y\x9f\x13(F\x00\xd4\
\xf4\xc1$/\x1c=\x04\xb0-\xbc0\xabs\x02\xc5\x08\
\x80bZkoN\xf2\x9a\xd1s\x00\xdb\xcak\xd6\xe7\
\x06\x0a\xf1\x0c@!\xad\xb5\xa3\x92|-\xc9\xa1\xa3g\
\x01\xb6\x9d\xbb\x92\x1c\xd7{\xbfe\xf4 \xcc\xc3\x1d\x80\
Z\xfe$.\xfe\xc0\xc3;4\xabs\x04E\xb8\x03P\
Dk\xed\x99In\xca\xf6\x89\xbe\xfb\x92\xdc\x96\xe4\x96\
\xac>\xa7\xfc;Y\xbd-\x09\x96\xee\x88\xac>\x9a\xf7\
\xc8$G%\xd9\x91\xe4QC'\xfa\x89\xfb\x93<\xbb\
\xf7\xfe\xa5\xd1\x830=\x01PDk\xed\x8a$\xa7\x0e\
\x1e\xe3\xe6$\x97g\xf5\xc7\x86\xae\xed\xbd\xdf;x\x1e\
\x18\xae\xb5v`\x92\x17%9=\xc9iI\x8e\x19;\
Q\xae\xec\xbd\xbfb\xf0\x0c\xcc@\x00\x14\xd0Z;9\
\xc9\xd5\x83\x96\xbf'\xc9_&\xf9P\xef\xfd\x8b\x83f\
\x80\xfdFk\xedYI^\x97\xe4\xf7\x92\x1c<h\x8c\
Sz\xef\x9f\x1e\xb463\x11\x00\x05\xb4\xd6\xaeK\xb2\
{\xe6e{\x92\xbfO\xf2\xb6\xde\xfb\xcd3\xaf\x0d\xfb\
\xbd\xd6\xda1I\xde\x9d\xe4U\x99\xff\xa3\xba\xaf\xef\xbd\
\x9f4\xf3\x9a\xccl\xbb\xbc\x1e\xccDZk\xaf\xcc\xfc\
\x17\xff\x9b\x92\xec\xee\xbd\x9f\xe3\xe2\x0f\x1b\xd3{\xbf\xb9\
\xf7~NV\xfb\xf7\xa6\x99\x97\xdf\xbd>w\xb0`\xee\
\x00,Xk\xad%\xf9J\x92\xe3g\x5c\xf6\x92$\xaf\
\xee\xbd{\xa0\x0f\xb6Hk\xed\x88$\x17%9k\xc6\
e\xbf\x9a\xe4\x84\xee\x22\xb1X\xee\x00,\xdb\xee\xccw\
\xf1\xefY\xbd\x85\xe8l\x17\x7f\xd8Z\xeb=uvV\
{l\xae\x0b\xf2\xf1\x99\xff\xee!3\x12\x00\xcbv\xc6\
\x8ck\xbd\xa6\xf7\xfe\x0e\xbf-\xc04\xfa\xca;2\xef\
'y\xcey\x0eaf\x02`\xd9N\x9fi\x9dw\xf5\
\xde\xffz\xa6\xb5\xa0\xb4\xf5^{\xd7L\xcb\xcdu\x0e\
a\x00\xcf\x00,Tk\xed\x97\xb2z\xfd\x7fj\x97'\
9\xc3o\xfe0\x9f\xf5\xf3=\x97f\xf5\xb9\x01S;\
\xa1\xf7\xfe\xef3\xac\xc3\xcc\xdc\x01X\xae9\xca\xfd\xcb\
I\xceu\xf1\x87y\xad\xf7\xdc\xb9Y\xed\xc1\xa9\xb9\x0b\
\xb0P\x02`\xb9\xe6x\xed\xee\x8d\xbd\xf7\x1f\xce\xb0\x0e\
\xf0 \xeb\xbd\xf7\xc6\x19\x96\xf2\x1c\xc0By\x09`\x81\
Zk;\x92\xdc\x9ai\x03\xcf\xc7\x85\xc260\xc3\xc7\
|\xdf\x9fdW\xef\xfd\xb6\x09\xd7`\x00w\x00\x96\xe9\
\xb4L\xfb\x7f{_\x92\xb7Nx|`\xef\xbd5\xab\
=9\x95\x032\xcf\xb3\x06\xccL\x00,\xd3K'>\
\xfeG{\xefs\xbc\xf6\x08\xfc\x1c\xeb\xbd\xf8\xd1\x89\x97\
\x99\xfa\x9c\xc2\x00\x02`\x99\x9e:\xf1\xf1?2\xf1\xf1\
\x81}3\xf5\x9e\x9c\xfa\x9c\xc2\x00\x02`\x99vNx\
\xec\xdb\x92|f\xc2\xe3\x03\xfb\xee3Y\xed\xcd\xa9L\
yNa\x10\x01\xb00\xad\xb5\x03\x92\xec\x98p\x89\xcb\
{\xef\xf7Ox|`\x1f\xad\xf7\xe4\xe5\x13.\xb1c\
}naA\xfc\x87.\xcf\x93\x92\x1c8\xe1\xf1/\x9d\
\xf0\xd8\xc0\xc6M\xb97\x0f\xcc\xea\xdc\xc2\x82\x08\x80\xe5\
\x99\xfaV\xdd\xb5\x13\x1f\x1f\xd8\x98\xa9\xf7\xa6\x97\x01\x16\
F\x00,\xcf\xae\x09\x8f}G\xef\xfd\x07\x13\x1e\x1f\xd8\
\xa0\xf5\xde\x9c\xf2/qNyna\x00\x01\xb0<S\
V\xfa\x9e\x09\x8f\x0dl\xde\x94{\xd4\x1d\x80\x85\x11\x00\
\xcb3e\xa5\xdf:\xe1\xb1\x81\xcd\x9br\x8f\xba\x03\xb0\
0\x02`y\xdc\x01\x80\xba\xdc\x01`\xaf\x09\x80\xe59\
l\xc2c\xdf5\xe1\xb1\x81\xcd\x9br\x8fNyna\
\x00\x01\x00\x00\x05\x09\x00\x00(H\x00\x00@A\x02\x00\
\x00\x0a\x12\x00\x00P\x90\x00\x00\x80\x82\x04\x00\x00\x14$\
\x00\x00\xa0 \x01\x00\x00\x05\x09\x00\x00(H\x00\x00@\
A\x02\x00\x00\x0a\x12\x00\x00P\x90\x00\x00\x80\x82\x04\x00\
\x00\x14$\x00\x00\xa0 \x01\x00\x00\x05\x09\x00\x00(H\
\x00\x00@A\x02\x00\x00\x0a\x12\x00\x00P\x90\x00\x00\x80\
\x82\x04\x00\x00\x14$\x00\x00\xa0 \x01\x00\x00\x05\x09\x00\
\x00(H\x00\x00@A\x02\x00\x00\x0a\x12\x00\x00P\x90\
\x00\x00\x80\x82\x04\x00\x00\x14$\x00\x00\xa0 \x01\x00\x00\
\x05\x09\x00\x00(H\x00\x00@A\x02\x00\x00\x0a\x12\x00\
\x00P\x90\x00\x00\x80\x82\x04\x00\x00\x14$\x00\x00\xa0 \
\x01\x00\x00\x05\x09\x00\x00(H\x00\x00@A\x02\x00\x00\
\x0a\x12\x00\x00P\x90\x00\x00\x80\x82\x04\x00\x00\x14$\x00\
\x00\xa0 \x01\x00\x00\x05\x09\x00\x00(H\x00\x00@A\
\x02\x00\x00\x0a\x12\x00\x00P\x90\x00\x00\x80\x82\x04\x00\x00\
\x14$\x00\x00\xa0 \x01\x00\x00\x05\x09\x00\x00(H\x00\
\x00@A\x02\x00\x00\x0a\x12\x00\x00P\x90\x00\x00\x80\x82\
\x04\x00\x00\x14$\x00\x00\xa0 \x01\x00\x00\x05\x09\x00\x00\
(H\x00\x00@A\x02\x00\x00\x0a\x12\x00\x00P\x90\x00\
\x00\x80\x82\x04\x00\x00\x14$\x00\x00\xa0 \x01\x00\x00\x05\
\x09\x00\x00(H\x00\x00@A\x02\x00\x00\x0a\x12\x00\x00\
P\x90\x00\x00\x80\x82\x04\x00\x00\x14$\x00\x00\xa0 \x01\
\x00\x00\x05\x09\x00\x00(H\x00\x00@A\x02\x00\x00\x0a\
\x12\x00\x00P\x90\x00\x00\x80\x82\x04\x00\x00\x14$\x00\x00\
\xa0 \x01\x00\x00\x05\x09\x00\x00(H\x00\x00@A\x02\
\x00\x00\x0a\x12\x00\x00P\x90\x00\x00\x80\x82\x04\x00\x00\x14\
$\x00\x00\xa0 \x01\x00\x00\x05\x09\x00\x00(H\x00\x00\
@A\x02\x00\x00\x0a\x12\x00\x00P\x90\x00\x00\x80\x82\x04\
\x00\x00\x14$\x00\x00\xa0 \x01\x00\x00\x05\x09\x00\x00(\
H\x00\x00@A\x02\x00\x00\x0a\x12\x00\x00P\x90\x00\x00\
\x80\x82\x04\x00\x00\x14$\x00\x00\xa0 \x01\x00\x00\x05\x09\
\x00\x00(H\x00\x00@A\x02\x00\x00\x0a\x12\x00\x00P\
\x90\x00\x00\x80\x82\x04\x00\x00\x14$\x00\x00\xa0 \x01\x00\
\x00\x05\x09\x00\x00(H\x00\x00@A\x02\x00\x00\x0a\x12\
\x00\x00P\x90\x00\x00\x80\x82\x04\x00\x00\x14$\x00\x00\xa0\
 \x01\x00\x00\x05\x09\x00\x00(H\x00\x00@A\x02\x00\
\x00\x0a\x12\x00\x00P\x90\x00\x00\x80\x82\x04\x00\x00\x14$\
\x00\x00\xa0 \x01\x00\x00\x05\x09\x00\x00(H\x00\x00@\
A\x02\x00\x00\x0a\x12\x00\x00P\x90\x00\x00\x80\x82\x04\x00\
\x00\x14$\x00\x00\xa0 \x01\x00\x00\x05\x09\x00\x00(H\
\x00\x00@A\x02\x00\x00\x0a\x12\x00\x00P\x90\x00\x00\x80\
\x82\x04\x00\x00\x14$\x00\x00\xa0 \x01\x00\x00\x05\x09\x00\
\x00(H\x00\x00@A\x02\x00\x00\x0a\x12\x00\x00P\x90\
\x00\x00\x80\x82\x04\x00\x00\x14$\x00\x00\xa0 \x01\x00\x00\
\x05\x09\x00\x00(H\x00\x00@A\x02\x00\x00\x0a\x12\x00\
\x00P\x90\x00\x00\x80\x82\x04\x00\x00\x14$\x00\x00\xa0 \
\x01\x00\x00\x05\x09\x00\x00(H\x00\x00@A\x02\x00\x00\
\x0a\x12\x00\x00P\x90\x00\x00\x80\x82\x04\x00\x00\x14$\x00\
\x00\xa0 \x01\x00\x00\x05\x09\x00\x00(H\x00\x00@A\
\x02\x00\x00\x0a\x12\x00\x00P\x90\x00\x00\x80\x82\x04\x00\x00\
\x14$\x00\x00\xa0 \x01\x00\x00\x05\x09\x00\x00(H\x00\
\x00@A\x02\x00\x00\x0a\x12\x00\x00P\x90\x00\x00\x80\x82\
\x04\x00\x00\x14$\x00\x00\xa0 \x01\x00\x00\x05\x09\x00\x00\
(H\x00\x00@A\x02\x00\x00\x0a\x12\x00\x00P\x90\x00\
\x00\x80\x82\x04\x00\x00\x14$\x00\x00\xa0 \x01\x00\x00\x05\
\x09\x00\x00(H\x00\x00@A\x02\x00\x00\x0a\x12\x00\x00\
P\x90\x00\x00\x80\x82\x04\x00\x00\x14$\x00\x00\xa0 \x01\
\x00\x00\x05\x09\x00\x00(H\x00\x00@A\x02\x00\x00\x0a\
\x12\x00\x00P\x90\x00\x00\x80\x82\x04\x00\x00\x14$\x00\x00\
\xa0 \x01\x00\x00\x05\x09\x00\x00(H\x00\x00@A\x02\
\x00\x00\x0a\x12\x00\x00P\x90\x00\x00\x80\x82\x04\x00\x00\x14\
$\x00\x00\xa0 \x01\x00\x00\x05\x09\x00\x00(H\x00\x00\
@A\x02\x00\x00\x0a\x12\x00\x00P\x90\x00\x00\x80\x82\x04\
\x00\x00\x14$\x00\x00\xa0 \x01\x00\x00\x05\x09\x00\x00(\
H\x00\x00@A\x02\x00\x00\x0a\x12\x00\x00P\x90\x00\x00\
\x80\x82\x04\x00\x00\x14$\x00\x00\xa0 \x01\x00\x00\x05\x09\
\x00\x00(H\x00\x00@A\x02\x00\x00\x0a\x12\x00\x00P\
\x90\x00\x00\x80\x82\x04\x00\x00\x14$\x00\x00\xa0 \x01\x00\
\x00\x05\x09\x00\x00(H\x00\x00@A\x02\x00\x00\x0a\x12\
\x00\x00P\x90\x00\x00\x80\x82\x04\x00\x00\x14$\x00\x00\xa0\
 \x01\x00\x00\x05\x09\x00\x00(H\x00\x00@A\x02\x00\
\x00\x0a\x12\x00\x00P\x90\x00\x00\x80\x82\x04\x00\x00\x14$\
\x00\x00\xa0 \x01\x00\x00\x05\x09\x00\x00(H\x00\x00@\
A\x02\x00\x00\x0a\x12\x00\x00P\x90\x00\x00\x80\x82\x04\x00\
\x00\x14$\x00\x00\xa0 \x01\x00\x00\x05\x09\x00\x00(H\
\x00\x00@A\x02\x00\x00\x0a\x12\x00\x00P\x90\x00\x00\x80\
\x82\x04\x00\x00\x14$\x00\x00\xa0 \x01\x00\x00\x05\x09\x00\
\x00(H\x00\x00@A\x02\x00\x00\x0a\x12\x00\x00P\x90\
\x00\x00\x80\x82\x04\x00\x00\x14$\x00\x00\xa0 \x01\x00\x00\
\x05\x09\x00\x00(H\x00\x00@A\x02\x00\x00\x0a\x12\x00\
\x00P\x90\x00\x00\x80\x82\x04\x00\x00\x14$\x00\x00\xa0 \
\x01\x00\x00\x05\x09\x00\x00(H\x00\x00@A\x02\x00\x00\
\x0a\x12\x00\x00P\x90\x00\x00\x80\x82\x04\x00\x00\x14$\x00\
\x00\xa0 \x01\x00\x00\x05\x09\x00\x00(H\x00\x00@A\
\x02\x00\x00\x0a\x12\x00\x00P\x90\x00\x00\x80\x82\x04\x00\x00\
\x14$\x00\x00\xa0 \x01\x00\x00\x05\x09\x00\x00(H\x00\
\x00@A\x02\x00\x00\x0a\x12\x00\x00P\x90\x00\x00\x80\x82\
\x04\x00\x00\x14$\x00\x00\xa0 \x01\x00\x00\x05\x09\x00\x00\
(H\x00\x00@A\x02\x00\x00\x0a\x12\x00\x00P\x90\x00\
\x00\x80\x82\x04\x00\x00\x14$\x00\x00\xa0 \x01\x00\x00\x05\
\x09\x00\x00(H\x00\x00@A\x02\x00\x00\x0a\x12\x00\x00\
P\x90\x00\x00\x80\x82\x04\x00\x00\x14$\x00\x00\xa0 \x01\
\x00\x00\x05\x09\x00\x00(H\x00\x00@A\x02\x00\x00\x0a\
\x12\x00\x00P\x90\x00\x00\x80\x82\x04\x00\x00\x14$\x00\x00\
\xa0 \x01\x00\x00\x05\x09\x00\x00(H\x00\x00@A\x02\
\x00\x00\x0a\x12\x00\x00P\x90\x00\x00\x80\x82\x04\x00\x00\x14\
$\x00\x00\xa0 \x01\x00\x00\x05\x09\x00\x00(H\x00\x00\
@A\x02\x00\x00\x0a\x12\x00\x00P\x90\x00\x00\x80\x82\x04\
\x00\x00\x14$\x00\x00\xa0 \x01\x00\x00\x05\x09\x00\x00(\
H\x00\x00@A\x02\x00\x00\x0a\x12\x00\x00P\x90\x00\x00\
\x80\x82\x04\x00\x00\x14$\x00\x00\xa0 \x01\x00\x00\x05\x09\
\x00\x00(H\x00\x00@A\x02\x00\x00\x0a\x12\x00\x00P\
\x90\x00\x00\x80\x82\x04\x00\x00\x14$\x00\x00\xa0 \x01\x00\
\x00\x05\x09\x00\x00(H\x00\x00@A\x02\x00\x00\x0a\x12\
\x00\x00P\x90\x00\x00\x80\x82\x04\x00\x00\x14$\x00\x00\xa0\
 \x01\x00\x00\x05\x09\x00\x00(H\x00\x00@A\x02\x00\
\x00\x0a\x12\x00\x00P\x90\x00\x00\x80\x82\x04\x00\x00\x14$\
\x00\x00\xa0 \x01\x00\x00\x05\x09\x00\x00(H\x00,\xcf\
\xbd\x13\x1e\xfbQ\x13\x1e\x1b\xd8\xbc)\xf7\xe8\x94\xe7\x16\
\x06\x10\x00\xcbs\xdb\x84\xc7\xde1\xe1\xb1\x81\xcd\x9br\
\x8fNyna\x00\x01\xb0<\xb7Nx\xec]\x13\x1e\
\x1b\xd8\xbc)\xf7\xe8\x94\xe7\x16\x06\x10\x00\xcb\xb3g\xc2\
c\xef\x9c\xf0\xd8\xc0\xe6M\xb9G\xa7<\xb70\x80\x00\
X\x9e)+\xfd\x09\xad\xb5C&<>\xb0A\xeb\xbd\
\xf9\x84\x09\x97p\x07`a\x04\xc0\xf2L]\xe9\xbf<\
\xf1\xf1\x81\x8d\x99zo\xba\x03\xb00\x02`y\xf6$\
\xe9\x13\x1e\xff\x8c\x09\x8f\x0dl\xdc\x94{\xb3G\x00,\
\x8e\x00X\x98\xde\xfb=In\x9fp\x893'<6\
\xb0qS\xee\xcd\xdb\xd7\xe7\x16\x16D\x00,\xd3\x94\xa5\
\xfe\x8c\xd6\xda\xf1\x13\x1e\x1f\xd8G\xeb=\xf9\x8c\x09\x97\
\xf0\xdb\xff\x02\x09\x80e\x9a\xfaa\x9d\xdf\x9a\xf8\xf8\xc0\
\xbe\x99zOz\x00p\x81\x04\xc02]3\xf1\xf1\xdf\
\xd4Z\x9b\xf2ic`/\xad\xf7\xe2\x9b&^f\xea\
s\x0a\x03\x08\x80e\xbat\xe2\xe3?6\xc9\xdb'^\
\x03\xd8;o\xcfjONi\xeas\x0a\x03\xb4\xde\xa7\
|`\x9cQZk_Kr\xec\x84K\xdc\x9d\xe4\x84\
\xde\xfb\x7fL\xb8\x06\xf0\x08Zk\xbf\x98\xe4+I\xa6\
\xfc|\x8e\xaf\xf7\xde\x8f\x9b\xf0\xf8\x0c\xe2\x0e\xc0r]\
6\xf1\xf1\x0fI\xf2\xbe\x89\xd7\x00\x1e\xd9\xfb2\xed\xc5\
?\x99\xfe\x5c\xc2 \x02`\xb9\xe6\xb8ewVk\xed\
\xbc\x19\xd6\x01\x1ed\xbd\xf7\xce\x9aa)\xb7\xff\x17\xca\
K\x00\x0b\xd5Z; \xab\xb7\xee<i\xe2\xa5\xeeO\
rZ\xef\xfd\x13\x13\xaf\x03\xac\xb5\xd6^\x9e\xe4\xf2L\
\xffK\xdc\x7f&\xd9\xd9{\xbf\x7f\xe2u\x18\xc0\x1d\x80\
\x85Zo\xd8+fX\xea\x80$\x1fk\xad=}\x86\
\xb5\xa0\xbc\xf5^\xfbX\xe69\x7f_\xe1\xe2\xbf\x5c\x02\
`\xd9\xe6\xbau\xf7\x98$W\xb7\xd6N\x9ei=(\
i\xbd\xc7\xae\xcej\xcf\xcd\xc1\xed\xff\x05\xf3\x12\xc0\x82\
\xb5\xd6\x0e\xcd\xea\x03<\x1e?\xd3\x92?N\xf2\x07\xbd\
\xf7\x0f\xce\xb4\x1e\x94\xd1Z{C\x92?Or\xd0L\
K~/\xc9\xae\xde\xfb]3\xad\xc7\xcc\xdc\x01X\xb0\
\xf5\xc6\xbdp\xc6%\x0fJ\xf2\x81\xd6\xda\xfb[k\x87\
\xcd\xb8.,Vk\xed\xb0\xd6\xda\xfb\x93| \xf3]\
\xfc\x93\xe4B\x17\xffes\x07`\xe1\xd6w\x01\xbe\x9a\
\xe4\xe8\x99\x97\xbe%\xc9\xf9I.\xf2\x1a\x22\xec\xbb\xf5\
\x83\xbc\xafN\xf2\xce$G\xcd\xbc\xfc\xb7\x93\x1c/\x00\
\x96\xcd\x1d\x80\x85[o\xe0\x0b\x06,}T\x92\x8f$\
\xb9\xb1\xb5\xf6\x1b\x03\xd6\x87\xfd\xd6z\xcf\xdc\x98\xd5\x1e\
\x9a\xfb\xe2\x9f$\x17\xb8\xf8/\x9f;\x00\x05\xac\x7f\x93\
\xf8\xd7$\xcf\x1a8\xc6-Y\xbdm\xe9\xf2$W\xf9\
\xd3\xa2\xf0\x13\xad\xb5\x83\x93\xbc8\xc9i\xeb\xaf\x11\x17\
\xfd\x07|1\xc9\xaf\xb8s\xb7|\x02\xa0\x88\xf5\xfb\x86\
\xaf\x1c=\xc7\xda\x0f\x93\x5c\x97\xe4;Y=\xa4\xb8g\
\xfd\xfd\xce\x91C\xc1L\x0eO\xb2+\xc9\xce\xf5\xf7#\
\x93\x9c\x94\xe4\xd1#\x87\xfa)\xa7\xfa\x5c\x8f\x1a\x04@\
!\xad\xb5\x7fIr\xca\xe89\x80m\xeb\xea\xde\xfb\xaf\
\x8f\x1e\x82y\x08\x80BZk\xbb\xb3\xfa\xcd\x1b\xe0\xe1\
\x9c\xd4{\xbf~\xf4\x10\xcc\xc3C\x80\x85\xac7\xf6E\
\xa3\xe7\x00\xb6\xa5\x8b\x5c\xfckq\x07\xa0\x98\xf5\xfb\xf3\
\xafI\xf2\xbc\xd1\xb3\x00\xdb\xc6\xe7\x93\xfcZ\xef\xfdG\
\xa3\x07a>\x02\xa0\xa0\xd6\xdaQI>\x9b\xe4\xc9\xa3\
g\x01\x86\xfbn\x92_\xed\xbd\xdf2z\x10\xe6\xe5%\
\x80\x82\xd6\x1b\xfd\xcc$w\x8f\x9e\x05\x18\xea\xee$g\
\xba\xf8\xd7$\x00\x8a\xea\xbd_\x97\xe4\xf5\xa3\xe7\x00\x86\
z\xfd\xfa\x5c@A\x02\xa0\xb0\xde\xfbEI\xde;z\
\x0e`\x88\xf7\xae\xcf\x01\x14\xe5\x19\x80\xe2\xd6\x9f\x12x\
E\x92\x97\x8d\x9e\x05\x98\xcd'\x93\xbc\xc2\xa7\xfd\xd5&\
\x00Hk\xed1I>\x91\xe4E\xa3g\x01&wm\
\x92\x97\xf7\xde\x7f0z\x10\xc6\xf2\x12\x00Y\x9f\x08^\
\x92\xe4\xc3\xa3g\x01&\xf5\xe1$/q\xf1'\x11\x00\
\xac\xf5\xde\xef\xe9\xbd\xbf6\xc9\x9b\x93\xdc7z\x1e`\
K\xdd\x97\xe4\xcd\xbd\xf7\xd7\xfaC\x5c<\xc0K\x00<\
\xc4\xfaO\x91\xfe]\x92\xc7\x8e\x9e\x05\xd8\xb4\xffIr\
N\xef\xfd\x9fG\x0f\xc2\xf6\x22\x00xX\xad\xb5\x13\xb2\
z8\xf0\xd8\xd1\xb3\x00\x1b\xf6\xf5\xac\x1e\xf6\xfb\xca\xe8\
A\xd8~\xbc\x04\xc0\xc3Z\x9f0NL\xf2\xa9\xd1\xb3\
\x00\x1b\xf2\xa9$'\xba\xf8\xf3\xb3\x08\x00~\xa6\xde\xfb\
\xf7\x92\xbc4\xc9\x1b\x92\xec\x19<\x0e\xb0w\xf6d\xb5\
g_\xba\xde\xc3\xf0\xb0\xbc\x04\xc0^i\xad\x1d\x9e\xe4\
MI\xde\x92\xe41\x83\xc7\x01\x1e\xea\x07I\xde\x93\xe4\
O{\xefw\x8e\x1e\x86\xedO\x00\xb0OZk\xbf\x90\
\xe4\xfc$\xbf\x9b\xe4\xe0\xc1\xe3\x00\xc9=I>\x90\xe4\
\x9d\xbd\xf7\xff\x1a=\x0c\xfb\x0f\x01\xc0\x86\xb4\xd6\x9e\x96\
\xe4]I\xceI\xd2\x06\x8f\x03\x15\xf5\xac\xde\xad\xf3G\
\xbd\xf7o\x8c\x1e\x86\xfd\x8f\x00`SZk\xcfM\xf2\
;INO\xf2\xd4\xb1\xd3@\x09\xdfLrY\x92\x8f\
\xf6\xdeo\x1c=\x0c\xfb/\x01\xc0\x96i\xad='\xab\
\x108#\xc9s\x06\x8f\x03K\xf2\x85$\x97&\xb9\xac\
\xf7\xfe\x85\xd1\xc3\xb0\x0c\x02\x80I\xb4\xd6\x9e\x9aU\x0c\
\x9c\x9e\xe4\xe4$\x07\x8e\x9d\x08\xf6+\xf7&\xf9tV\
\xbf\xe9_\xd6{\xff\xe6\xe0yX \x01\xc0\xe4Zk\
G$9:\xc9\xae\xf5\xd7\xce\x07}\x7f\xe0\xdf\x87\x8f\
\x9a\x11ftgVo\xd5\xbbu\xfd\xb5\xe7A\xdfo\
M\xf2\xed\xde\xfb\x1d\xc3&\xa4\x84\xff\x05%\xce\xa1\xac\
3|\x1fD\x00\x00\x00\x00IEND\xaeB`\x82\
\
\x00\x00\x016\
<\
?xml version=\x221.\
0\x22?><svg viewBox\
=\x220 0 448 512\x22 x\
mlns=\x22http://www\
.w3.org/2000/svg\
\x22><path d=\x22M224 \
416c-8.188 0-16.\
38-3.125-22.62-9\
.375l-192-192c-1\
2.5-12.5-12.5-32\
.75 0-45.25s32.7\
5-12.5 45.25 0L2\
24 338.8l169.4-1\
69.4c12.5-12.5 3\
2.75-12.5 45.25 \
0s12.5 32.75 0 4\
5.25l-192 192C24\
0.4 412.9 232.2 \
416 224 416z\x22/><\
/svg>\
\x00\x00\x14\x97\
\x89\
PNG\x0d\x0a\x1a\x0a\x00\x00\x00\x0dIHDR\x00\
\x00\x02\x00\x00\x00\x02\x00\x08\x06\x00\x00\x00\xf4x\xd4\xfa\
\x00\x00\x00\x04sBIT\x08\x08\x08\x08|\x08d\x88\
\x00\x00\x14NIDATx\x9c\xed\xdd[\xacfe\
}\xc7\xf1\xdf\x83\x9c\x89\xe7\x86q\x06\xd0J\x90\xe2\xa1\
V\xa3e\xd0X\xa8\xf1\xc2V\x91\x93\xc4\xd0\x94h\x13\
\x8d\xb6\xa6m\xa2\x17J\xad`Z\xa3!F\xd3\xa4\xad\
\xa9&V\x0dmMiZ\xe4\xa4\xed\x8d\xa1\x08\x89\x80\
\x1a,Qk\xd5`Ud\xc4\x94j%  \xcc\xd3\
\x8b\xf7\xa5Z@\x9c\x99\xbd\xd7z\xf6\xac\xff\xe7\x93\xec\
\xec\xb9Z\xcf?{\xf2\xac\xf5\xddk\xbd\xef\xbb[\xef\
=\xc0X\xad\xb5\xc7'95\xc9\x89Iv\xac\xbf\xb6\
\xaf\xbf\x0e\x1e8\xdaF\xdc\x9bd\xd7\xfa\xeb\xd6\xf5\xd7\
\x0dI\xae\xec\xbd\x7f\x7f\xe4`@\xd2\x04\x00\x8c\xd1Z\
{R\x92W&93\xc9)I\x0e\x1c;\xd1l\xee\
Kru\x92\x8f'\xf9\xa7\xde\xfbw\x07\xcf\x03%\x09\
\x00\x98Yk\xedqI\xceK\xf2\x87I\x0e\x1b<\xce\
h?J\xf2\xe7I.\xec\xbd\xff`\xf40P\x89\x00\
\x80\x99\xb4\xd6\x0eI\xf2\xfbI\xde\x96\xe4\x09\x83\xc7\xd9\
j\xfe;\xc9\xbb\x93\xfce\xef\xfd\x9e\xd1\xc3@\x05\x02\
\x00f\xd0Z;&\xc9eI\x9e;z\x96-\xee\xc6\
$\xa7\xf7\xde\xbf=z\x10X\xba\x03F\x0f\x00K\xd7\
Z{A\x92\xcf\xc6\xc5\x7fO<7\xc9g\xd7?3\
`B\x02\x00&\xd4Z;7\xc9UI\xb6\x8d\x9ee\
?\xb2-\xc9U\xeb\x9f\x1d0\x11\x8f\x00`\x22\xad\xb5\
S\xb3\xba\xed/\xb4\xf7\xcd\xee\xac\x1e\x07\x5c9z\x10\
X\x22\x01\x00\x13h\xad=3\xc9g\x92<z\xf4,\
\xfb\xb9;\x92\xbc\xa0\xf7\xfe\xa5\xd1\x83\xc0\xd2\x08\x00\xd8\
d\xad\xb5'f\xf5\x817\xc7\x8e\x9ee!nNr\
b\xef\xfd\xf6\xd1\x83\xc0\x92\xb85\x09\x9b\xef\xaf\xe3\xe2\
\xbf\x99\x8e\xcd\xeag\x0al\x22w\x00`\x13\xb5\xd6N\
\xce\xeaS\xee\xd8|\xa7\xf4\xde?=z\x08X\x0a\x01\
\x00\x9b\xa8\xb5v]\x92\x9d\xa3\xe7X\xa8\xeb{\xef'\
\x8d\x1e\x02\x96\xc2#\x00\xd8$\xad\xb5\xb3\xe3\xe2?\xa5\
\x9d\xeb\x9f1\xb0\x09\xdc\x01\x80M\xd2Z\xfb\x5c\x92\xe7\
\x8d\x9ec\xe1>\xdf{\x7f\xfe\xe8!`\x09\x04\x00l\
\x82\xf5G\xfd~k\xf4\x1cE<\xd9G\x05\xc3\xc6y\
\x04\x00\x9b\xe3\xb4\xd1\x03\x14\xe2g\x0d\x9b@\x00\xc0\xe6\
8}\xf4\x00\x85\xf8Y\xc3&\xf0\x08\x006\xa8\xb5v\
x\x92\x1f$9h\xf4,E\xfc8\xc9\xe3z\xefw\
\x8d\x1e\x04\xf6g\xee\x00\xc0\xc6\x1d\x13\x17\xff9\x1d\x94\
\xd5\xcf\x1c\xd8\x00\x01\x00\x1b\xb7}\xf4\x00\x05\xf9\x99\xc3\
\x06\x09\x00\xd8\xb8\x1d\xa3\x07(\xc8\xcf\x1c6H\x00\xc0\
\xc6\xb9\x18\xcd\xcf\xcf\x1c6\xc8\x8b\x00\x99Mk\xad%\
ybV\xb7ow\xfc\xd4\xf7\x07\xfe}\xc4\xb8\xe96\
\xe4i\xf1\xc7\x7f\xe6vs\x92\xaf\x8d\x1eb\x1f\xdd\x99\
dW\x92[\xd7_\xbb~\xea\xfb\xed\xddI\x99\x99\x08\
\x00&\xd3Z;>\xab\xb7l\xbd,\xc9S\xb3\xba\xc8\
\x1f<t(\xd8\xda\xee\xcd*\x04\xbe\x91\xe4\x93I.\
\xeb\xbd\x7fu\xecH,\x95\x00`\xd3\xac\x7f\xc3?1\
\xc9\x19Y]\xf8\x9f>v\x22X\x84\x7fOrY\x92\
K\x93\xdc\xe0\x0e\x01\x9bE\x00\xb0!\xad\xb5\x83\x93\xbc\
$\xab\x0b\xfei\xf1\xeal\x98\xd2\xae$\x97g\x15\x04\
\x9f\xea\xbd\xdf;x\x1e\xf6c\x02\x80}\xd2Z; \
\xc9\xb9I\xde\x99\xe4\xc9\x83\xc7\x81\x8a\xbe\x95\xe4\xfc$\
\x7f\xdb{\xdf=z\x18\xf6?\x02\x80\xbd\xd6Z\xfb\xcd\
$\x17&y\xf6\xe8Y\x80\xdc\x94\xe4\xbc\xde\xfb?\x8f\
\x1e\x84\xfd\x8b\x00`\x8f\xb5\xd6\x9e\x9f\xe4=I^<\
z\x16\xe0!\xaeJ\xf2\x96\xde\xfb\xe7F\x0f\xc2\xfe\xc1\
\xe7\x00\xf0s\xb5\xd6\x8ek\xad]\x9c\xe4\x86\xb8\xf8\xc3\
V\xf5\xe2$7\xb4\xd6.n\xad\x1d7z\x18\xb6>\
\x01\xc0#j\xad\x9d\x97\xe4\xcbI^\x95\xa4\x0d\x1e\x07\
xd-\xab\xbd\xfa\xe5\xf5\xde\x85\x9f\xc9#\x00\x1eV\
k\xed\xd0$\x1fJ\xf2\xdb\xa3g\x01\xf6\xd9\xdf%y\
]\xef\xfd\xee\xd1\x83\xb0\xf5\x08\x00\x1e\xa2\xb5\xb6=\xc9\
\xc7\x93\xec\x1c=\x0b\xb0a\xd7'9\xb3\xf7\xbek\xf4\
 l-\x02\x80\xff\xa7\xb5\xf6\xbc\xac\xdec|\xd4\xe8\
Y\x80M\xf3\x9d$\xa7\xf7\xde??z\x10\xb6\x0e\xaf\
\x01\xe0\xff\xb4\xd6^\x95\xe4\x9a\xb8\xf8\xc3\xd2\x1c\x95\xe4\
\x9a\xf5\x1e\x87$\x02\x80\xb5\xd6\xda\x9f$\xb98\xc9a\
\xa3g\x01&qX\x92\x8b\xd7{\x1d\x04\x00Ik\xed\
\xfc$\x17\x8c\x9e\x03\x98\xc5\x05\xeb=Oq^\x03P\
\x5ck\xed\xac$\xff\x18o\xf1\x83Jz\x92\xb3{\xef\
\x97\x8c\x1e\x84q\x04@a\xad\xb5\xe7$\xb96\xc9\x11\
\xa3g\x01fwg\x92\x17\xf5\xde\xbf0z\x10\xc6\x10\
\x00E\xb5\xd6\xb6e\xf5\xc9~\xfe\x90\x0f\xd4\xf5\xad$\
'\xf6\xdeo\x1b=\x08\xf3\xf3\x1a\x80\x82Zk\x87$\
\xb9$.\xfeP\xdd\x93\x93\x5c\xb2>'P\x8c\x00\xa8\
\xe9\x83I^8z\x08`KxaV\xe7\x04\x8a\x11\
\x00\xc5\xb4\xd6\xde\x9c\xe45\xa3\xe7\x00\xb6\x94\xd7\xac\xcf\
\x0d\x14\xe25\x00\x85\xb4\xd6\x8eN\xf2\xb5$\x87\x8e\x9e\
\x05\xd8r\xeeN\xf2\xb4\xde\xfb-\xa3\x07a\x1e\xee\x00\
\xd4\xf2\xa7q\xf1\x07\x1e\xde\xa1Y\x9d#(\xc2\x1d\x80\
\x22Zk\xcfLrS\xb6N\xf4\xdd\x9f\xe4\xb6$\xb7\
d\xf59\xe5\xdf\xc9\xeamI\xb0tGd\xf5\xd1\xbc\
G%9:\xc9\xb6$\x8f\x1a:\xd1O\xecN\xf2\xec\
\xde\xfb\x97F\x0f\xc2\xf4\x04@\x11\xad\xb5+\x92\x9c:\
x\x8c\x9b\x93\x5c\x9e\xd5\x1f\x1b\xba\xb6\xf7~\xdf\xe0y\
`\xb8\xd6\xda\x81I^\x94\xe4\xf4$\xa7%9v\xec\
D\xb9\xb2\xf7\xfe\x8a\xc130\x03\x01P@k\xed\xe4\
$W\x0fZ\xfe\xde$\x7f\x95\xe4C\xbd\xf7/\x0e\x9a\
\x01\xf6\x1b\xad\xb5g%y]\x92\xdfKr\xf0\xa01\
N\xe9\xbd\x7fz\xd0\xda\xccD\x00\x14\xd0Z\xbb.\xc9\
\xce\x99\x97\xedI\xfe!\xc9\xdbz\xef7\xcf\xbc6\xec\
\xf7Zk\xc7&yw\x92We\xfe\x8f\xea\xbe\xbe\xf7\
~\xd2\xcck2\xb3\xad\xf2<\x98\x89\xb4\xd6^\x99\xf9\
/\xfe7%\xd9\xd9{?\xc7\xc5\x1f\xf6M\xef\xfd\xe6\
\xde\xfb9Y\xed\xdf\x9bf^~\xe7\xfa\xdc\xc1\x82\xb9\
\x03\xb0`\xad\xb5\x96\xe4+I\x8e\x9fq\xd9K\x92\xbc\
\xba\xf7\xee\x05}\xb0IZkG$\xb9(\xc9Y3\
.\xfb\xd5$'t\x17\x89\xc5r\x07`\xd9vf\xbe\
\x8b\x7f\xcf\xea-Dg\xbb\xf8\xc3\xe6Z\xef\xa9\xb3\xb3\
\xdacs]\x90\x8f\xcf\xfcw\x0f\x99\x91\x00X\xb63\
f\x5c\xeb5\xbd\xf7w\xf8m\x01\xa6\xd1W\xde\x91y\
?\xc9s\xces\x083\x13\x00\xcbv\xfaL\xeb\xbc\xab\
\xf7\xfe73\xad\x05\xa5\xad\xf7\xda\xbbfZn\xaes\
\x08\x03x\x0d\xc0B\xb5\xd6~)\xab\xe7\xffS\xbb<\
\xc9\x19~\xf3\x87\xf9\xac_\xdfsiV\x9f\x1b0\xb5\
\x13z\xef\xff1\xc3:\xcc\xcc\x1d\x80\xe5\x9a\xa3\xdc\xbf\
\x9c\xe4\x5c\x17\x7f\x98\xd7z\xcf\x9d\x9b\xd5\x1e\x9c\x9a\xbb\
\x00\x0b%\x00\x96k\x8egwo\xec\xbd\xdf1\xc3:\
\xc0\x83\xac\xf7\xde\x1bgX\xca\xeb\x00\x16\xca#\x80\x05\
j\xadmKrk\xa6\x0d<\x1f\x17\x0a[\xc0\x0c\x1f\
\xf3\xbd;\xc9\x8e\xde\xfbm\x13\xae\xc1\x00\xee\x00,\xd3\
i\x99\xf6\xff\xf6\xfe$o\x9d\xf0\xf8\xc0\x9e{kV\
{r*\x07d\x9e\xd7\x1a03\x01\xb0L/\x9d\xf8\
\xf8\x1f\xed\xbd\xcf\xf1\xec\x11\xf89\xd6{\xf1\xa3\x13/\
3\xf59\x85\x01\x04\xc02=e\xe2\xe3\x7fd\xe2\xe3\
\x03{g\xea=9\xf59\x85\x01\x04\xc02m\x9f\xf0\
\xd8\xb7%\xf9\xcc\x84\xc7\x07\xf6\xdeg\xb2\xda\x9bS\x99\
\xf2\x9c\xc2 \x02`aZk\x07$\xd96\xe1\x12\x97\
\xf7\xdewOx|`/\xad\xf7\xe4\xe5\x13.\xb1m\
}naA\xfc\x87.\xcf\x91I\x0e\x9c\xf0\xf8\x97N\
xl`\xdfM\xb97\x0f\xcc\xea\xdc\xc2\x82\x08\x80\xe5\
\x99\xfaV\xdd\xb5\x13\x1f\x1f\xd87S\xefM\x8f\x01\x16\
F\x00,\xcf\x8e\x09\x8f}g\xef\xfd\x87\x13\x1e\x1f\xd8\
G\xeb\xbd9\xe5_\xe2\x9c\xf2\xdc\xc2\x00\x02`y\xa6\
\xac\xf4]\x13\x1e\x1b\xd8\xb8)\xf7\xa8;\x00\x0b#\x00\
\x96g\xcaJ\xbfu\xc2c\x03\x1b7\xe5\x1eu\x07`\
a\x04\xc0\xf2\xb8\x03\x00u\xb9\x03\xc0\x1e\x13\x00\xcbs\
\xd8\x84\xc7\xbe{\xc2c\x03\x1b7\xe5\x1e\x9d\xf2\xdc\xc2\
\x00\x02\x00\x00\x0a\x12\x00\x00P\x90\x00\x00\x80\x82\x04\x00\
\x00\x14$\x00\x00\xa0 \x01\x00\x00\x05\x09\x00\x00(H\
\x00\x00@A\x02\x00\x00\x0a\x12\x00\x00P\x90\x00\x00\x80\
\x82\x04\x00\x00\x14$\x00\x00\xa0 \x01\x00\x00\x05\x09\x00\
\x00(H\x00\x00@A\x02\x00\x00\x0a\x12\x00\x00P\x90\
\x00\x00\x80\x82\x04\x00\x00\x14$\x00\x00\xa0 \x01\x00\x00\
\x05\x09\x00\x00(H\x00\x00@A\x02\x00\x00\x0a\x12\x00\
\x00P\x90\x00\x00\x80\x82\x04\x00\x00\x14$\x00\x00\xa0 \
\x01\x00\x00\x05\x09\x00\x00(H\x00\x00@A\x02\x00\x00\
\x0a\x12\x00\x00P\x90\x00\x00\x80\x82\x04\x00\x00\x14$\x00\
\x00\xa0 \x01\x00\x00\x05\x09\x00\x00(H\x00\x00@A\
\x02\x00\x00\x0a\x12\x00\x00P\x90\x00\x00\x80\x82\x04\x00\x00\
\x14$\x00\x00\xa0 \x01\x00\x00\x05\x09\x00\x00(H\x00\
\x00@A\x02\x00\x00\x0a\x12\x00\x00P\x90\x00\x00\x80\x82\
\x04\x00\x00\x14$\x00\x00\xa0 \x01\x00\x00\x05\x09\x00\x00\
(H\x00\x00@A\x02\x00\x00\x0a\x12\x00\x00P\x90\x00\
\x00\x80\x82\x04\x00\x00\x14$\x00\x00\xa0 \x01\x00\x00\x05\
\x09\x00\x00(H\x00\x00@A\x02\x00\x00\x0a\x12\x00\x00\
P\x90\x00\x00\x80\x82\x04\x00\x00\x14$\x00\x00\xa0 \x01\
\x00\x00\x05\x09\x00\x00(H\x00\x00@A\x02\x00\x00\x0a\
\x12\x00\x00P\x90\x00\x00\x80\x82\x04\x00\x00\x14$\x00\x00\
\xa0 \x01\x00\x00\x05\x09\x00\x00(H\x00\x00@A\x02\
\x00\x00\x0a\x12\x00\x00P\x90\x00\x00\x80\x82\x04\x00\x00\x14\
$\x00\x00\xa0 \x01\x00\x00\x05\x09\x00\x00(H\x00\x00\
@A\x02\x00\x00\x0a\x12\x00\x00P\x90\x00\x00\x80\x82\x0e\
\x1c=\x00$Ik\xed\x80$G\x8e\x9e\x03f\xf0\xbd\
\xde\xfb\xee\xd1C\x80\x00`\xab82\xc9\xae\xd1C\xc0\
\x0c\xb6'\xf9\xee\xe8!\xc0#\x00\x00(H\x00\x00@\
A\x02\x00\x00\x0a\x12\x00\x00P\x90\x00\x00\x80\x82\x04\x00\
\x00\x14$\x00\x00\xa0 \x01\x00\x00\x05\x09\x00\x00(H\
\x00\x00@A\x02\x00\x00\x0a\x12\x00\x00P\x90\x00\x00\x80\
\x82\x04\x00\x00\x14$\x00\x00\xa0 \x01\x00\x00\x05\x09\x00\
\x00(H\x00\x00@A\x02\x00\x00\x0a\x12\x00\x00P\x90\
\x00\x00\x80\x82\x04\x00\x00\x14$\x00\x00\xa0 \x01\x00\x00\
\x05\x09\x00\x00(H\x00\x00@A\x02\x00\x00\x0a\x12\x00\
\x00P\x90\x00\x00\x80\x82\x04\x00\x00\x14$\x00\x00\xa0 \
\x01\x00\x00\x05\x09\x00\x00(H\x00\x00@A\x02\x00\x00\
\x0a\x12\x00\x00P\x90\x00\x00\x80\x82\x04\x00\x00\x14$\x00\
\x00\xa0 \x01\x00\x00\x05\x09\x00\x00(H\x00\x00@A\
\x02\x00\x00\x0a\x12\x00\x00P\x90\x00\x00\x80\x82\x04\x00\x00\
\x14$\x00\x00\xa0 \x01\x00\x00\x05\x09\x00\x00(H\x00\
\x00@A\x02\x00\x00\x0a\x12\x00\x00P\x90\x00\x00\x80\x82\
\x04\x00\x00\x14$\x00\x00\xa0 \x01\x00\x00\x05\x09\x00\x00\
(H\x00\x00@A\x02\x00\x00\x0a\x12\x00\x00P\x90\x00\
\x00\x80\x82\x04\x00\x00\x14$\x00\x00\xa0 \x01\x00\x00\x05\
\x09\x00\x00(H\x00\x00@A\x02\x00\x00\x0a\x12\x00\x00\
P\x90\x00\x00\x80\x82\x04\x00\x00\x14$\x00\x00\xa0 \x01\
\x00\x00\x05\x09\x00\x00(H\x00\x00@A\x02\x00\x00\x0a\
\x12\x00\x00P\x90\x00\x00\x80\x82\x04\x00\x00\x14$\x00\x00\
\xa0 \x01\x00\x00\x05\x09\x00\x00(H\x00\x00@A\x02\
\x00\x00\x0a\x12\x00\x00P\x90\x00\x00\x80\x82\x04\x00\x00\x14\
$\x00\x00\xa0 \x01\x00\x00\x05\x09\x00\x00(H\x00\x00\
@A\x02\x00\x00\x0a\x12\x00\x00P\x90\x00\x00\x80\x82\x04\
\x00\x00\x14$\x00\x00\xa0 \x01\x00\x00\x05\x09\x00\x00(\
H\x00\x00@A\x02\x00\x00\x0a\x12\x00\x00P\x90\x00\x00\
\x80\x82\x04\x00\x00\x14$\x00\x00\xa0 \x01\x00\x00\x05\x09\
\x00\x00(H\x00\x00@A\x02\x00\x00\x0a\x12\x00\x00P\
\x90\x00\x00\x80\x82\x04\x00\x00\x14$\x00\x00\xa0 \x01\x00\
\x00\x05\x09\x00\x00(H\x00\x00@A\x02\x00\x00\x0a\x12\
\x00\x00P\x90\x00\x00\x80\x82\x04\x00\x00\x14$\x00\x00\xa0\
 \x01\x00\x00\x05\x09\x00\x00(H\x00\x00@A\x02\x00\
\x00\x0a\x12\x00\x00P\x90\x00\x00\x80\x82\x04\x00\x00\x14$\
\x00\x00\xa0 \x01\x00\x00\x05\x09\x00\x00(H\x00\x00@\
A\x02\x00\x00\x0a\x12\x00\x00P\x90\x00\x00\x80\x82\x04\x00\
\x00\x14$\x00\x00\xa0 \x01\x00\x00\x05\x09\x00\x00(H\
\x00\x00@A\x02\x00\x00\x0a\x12\x00\x00P\x90\x00\x00\x80\
\x82\x04\x00\x00\x14$\x00\x00\xa0 \x01\x00\x00\x05\x09\x00\
\x00(H\x00\x00@A\x02\x00\x00\x0a\x12\x00\x00P\x90\
\x00\x00\x80\x82\x04\x00\x00\x14$\x00\x00\xa0 \x01\x00\x00\
\x05\x09\x00\x00(H\x00\x00@A\x02\x00\x00\x0a\x12\x00\
\x00P\x90\x00\x00\x80\x82\x04\x00\x00\x14$\x00\x00\xa0 \
\x01\x00\x00\x05\x09\x00\x00(H\x00\x00@A\x02\x00\x00\
\x0a\x12\x00\x00P\x90\x00\x00\x80\x82\x04\x00\x00\x14$\x00\
\x00\xa0 \x01\x00\x00\x05\x09\x00\x00(H\x00\x00@A\
\x02\x00\x00\x0a\x12\x00\x00P\x90\x00\x00\x80\x82\x04\x00\x00\
\x14$\x00\x00\xa0 \x01\x00\x00\x05\x09\x00\x00(H\x00\
\x00@A\x02\x00\x00\x0a\x12\x00\x00P\x90\x00\x00\x80\x82\
\x04\x00\x00\x14$\x00\x00\xa0 \x01\x00\x00\x05\x09\x00\x00\
(H\x00\x00@A\x02\x00\x00\x0a\x12\x00\x00P\x90\x00\
\x00\x80\x82\x04\x00\x00\x14$\x00\x00\xa0 \x01\x00\x00\x05\
\x09\x00\x00(H\x00\x00@A\x02\x00\x00\x0a\x12\x00\x00\
P\x90\x00\x00\x80\x82\x04\x00\x00\x14$\x00\x00\xa0 \x01\
\x00\x00\x05\x09\x00\x00(H\x00\x00@A\x02\x00\x00\x0a\
\x12\x00\x00P\x90\x00\x00\x80\x82\x04\x00\x00\x14$\x00\x00\
\xa0 \x01\x00\x00\x05\x09\x00\x00(H\x00\x00@A\x02\
\x00\x00\x0a\x12\x00\x00P\x90\x00\x00\x80\x82\x04\x00\x00\x14\
$\x00\x00\xa0 \x01\x00\x00\x05\x09\x00\x00(H\x00\x00\
@A\x02\x00\x00\x0a\x12\x00\x00P\x90\x00\x00\x80\x82\x04\
\x00\x00\x14$\x00\x00\xa0 \x01\x00\x00\x05\x09\x00\x00(\
H\x00\x00@A\x02\x00\x00\x0a\x12\x00\x00P\x90\x00\x00\
\x80\x82\x04\x00\x00\x14$\x00\x00\xa0 \x01\x00\x00\x05\x09\
\x00\x00(H\x00\x00@A\x02\x00\x00\x0a\x12\x00\x00P\
\x90\x00\x00\x80\x82\x04\x00\x00\x14$\x00\x00\xa0 \x01\x00\
\x00\x05\x09\x00\x00(H\x00\x00@A\x02\x00\x00\x0a\x12\
\x00\x00P\x90\x00\x00\x80\x82\x04\x00\x00\x14$\x00\x00\xa0\
 \x01\x00\x00\x05\x09\x00\x00(H\x00\x00@A\x02\x00\
\x00\x0a\x12\x00\x00P\x90\x00\x00\x80\x82\x04\x00\x00\x14$\
\x00\x00\xa0 \x01\x00\x00\x05\x09\x00\x00(H\x00\x00@\
A\x02\x00\x00\x0a\x12\x00\x00P\x90\x00\x00\x80\x82\x04\x00\
\x00\x14$\x00\x00\xa0 \x01\x00\x00\x05\x09\x00\x00(H\
\x00\x00@A\x02\x00\x00\x0a\x12\x00\x00P\x90\x00\x00\x80\
\x82\x04\x00\x00\x14$\x00\x00\xa0 \x01\x00\x00\x05\x09\x00\
\x00(H\x00\x00@A\x02\x00\x00\x0a\x12\x00\x00P\x90\
\x00\x00\x80\x82\x04\x00\x00\x14$\x00\x00\xa0 \x01\x00\x00\
\x05\x09\x00\x00(H\x00\x00@A\x02\x00\x00\x0a\x12\x00\
\x00P\x90\x00\x00\x80\x82\x04\x00\x00\x14$\x00\x00\xa0 \
\x01\x00\x00\x05\x09\x00\x00(H\x00\x00@A\x02\x00\x00\
\x0a\x12\x00\x00P\x90\x00\x00\x80\x82\x04\x00\x00\x14$\x00\
\x00\xa0 \x01\x00\x00\x05\x09\x00\x00(H\x00\x00@A\
\x02\x00\x00\x0a\x12\x00\x00P\x90\x00\x00\x80\x82\x0e\x1c=\
\x00\x9b\xee\xbe\x09\x8f\xfd\xa8\x09\x8f}G\x92?\x9a\xf0\
\xf8\xb0U\xdc1\xe1\xb1\xa7\xdc\xa3S\x9e[\x18@\x00\
,\xcfm\x13\x1e{\xdbT\x07\xee\xbd\xdf\x99\xe4\xc2\xa9\
\x8e\x0fEL\xb6G3\xed\xb9\x85\x01<\x02X\x9e[\
'<\xf6\x8e\x09\x8f\x0dl\xdc\x94{t\xcas\x0b\x03\
\x08\x80\xe5\xd95\xe1\xb1\xb7Oxl`\xe3\xa6\xdc\xa3\
S\x9e[\x18@\x00,\xcf\x94\x95\xfe\x84\xd6\xda!\x13\
\x1e\x1f\xd8G\xeb\xbd\xf9\x84\x09\x97p\x07`a\x04\xc0\
\xf2L]\xe9\xbf<\xf1\xf1\x81}3\xf5\xdet\x07`\
a\x04\xc0\xf2\xecJ\xd2'<\xfe\x19\x13\x1e\x1b\xd8w\
S\xee\xcd\x1e\x01\xb08\x02`az\xef\xf7&\xb9}\
\xc2%\xce\x9c\xf0\xd8\xc0\xbe\x9bro\xde\xbe>\xb7\xb0\
 \x02`\x99\xa6,\xf5g\xb4\xd6\x8e\x9f\xf0\xf8\xc0^\
Z\xef\xc9gL\xb8\x84\xdf\xfe\x17H\x00,\xd3\xd4/\
\xd6\xf9\xad\x89\x8f\x0f\xec\x9d\xa9\xf7\xa4\x17\x00.\x90\x00\
X\xa6k&>\xfe\x9bZkS\xbe\xda\x18\xd8C\xeb\
\xbd\xf8\xa6\x89\x97\x99\xfa\x9c\xc2\x00\x02`\x99.\x9d\xf8\
\xf8\x8fM\xf2\xf6\x89\xd7\x00\xf6\xcc\xdb\xb3\xda\x93S\x9a\
\xfa\x9c\xc2\x00\xad\xf7)_0\xce(\xad\xb5\xaf%9\
n\xc2%\xeeIrB\xef\xfd?'\x5c\x03x\x04\xad\
\xb5_L\xf2\x95$S~>\xc7\xd7{\xefO\x9b\xf0\
\xf8\x0c\xe2\x0e\xc0r]6\xf1\xf1\x0fI\xf2\xbe\x89\xd7\
\x00\x1e\xd9\xfb2\xed\xc5?\x99\xfe\x5c\xc2 \x02`\xb9\
\xe6\xb8ewVk\xed\xbc\x19\xd6\x01\x1ed\xbd\xf7\xce\
\x9aa)\xb7\xff\x17\xca#\x80\x85j\xad\x1d\x90\xd5[\
w\x8e\x9cx\xa9\xddIN\xeb\xbd\x7fb\xe2u\x80\xb5\
\xd6\xda\xcb\x93\x5c\x9e\xe9\x7f\x89\xfb^\x92\xed\xbd\xf7\xdd\
\x13\xaf\xc3\x00\xee\x00,\xd4z\xc3^1\xc3R\x07$\
\xf9Xk\xed\xe93\xac\x05\xe5\xad\xf7\xda\xc72\xcf\xf9\
\xfb\x0a\x17\xff\xe5\x12\x00\xcb6\xd7\xad\xbb\xc7$\xb9\xba\
\xb5v\xf2L\xebAI\xeb=vuV{n\x0en\
\xff/\x98G\x00\x0b\xd6Z;4\xab\x0f\xf0x\xfcL\
K\xfe8\xc9\x1f\xf4\xde?8\xd3zPFk\xed\x0d\
I\xfe\x22\xc9A3-\xf9\xfd$;z\xefw\xcf\xb4\
\x1e3s\x07`\xc1\xd6\x1b\xf7\xc2\x19\x97<(\xc9\x07\
Zk\xefo\xad\x1d6\xe3\xba\xb0X\xad\xb5\xc3Zk\
\xefO\xf2\x81\xccw\xf1O\x92\x0b]\xfc\x97\xcd\x1d\x80\
\x85[\xdf\x05\xf8j\x92cf^\xfa\x96$\xe7'\xb9\
\xc83D\xd8{\xeb\x17\xf2\xbe:\xc9;\x93\x1c=\xf3\
\xf2\xdfNr\xbc\x00X6w\x00\x16n\xbd\x81/\x18\
\xb0\xf4\xd1I>\x92\xe4\xc6\xd6\xdao\x0cX\x1f\xf6[\
\xeb=scV{h\xee\x8b\x7f\x92\x5c\xe0\xe2\xbf|\
\xee\x00\x14\xb0\xfeM\xe2\xdf\x92<k\xe0\x18\xb7d\xf5\
\xb6\xa5\xcb\x93\x5c\xe5O\x8b\xc2O\xb4\xd6\x0eN\xf2\xe2\
$\xa7\xad\xbfF\x5c\xf4\x1f\xf0\xc5$\xbf\xe2\xce\xdd\xf2\
\x09\x80\x22\xd6\xef\x1b\xber\xf4\x1ckw$\xb9.\xc9\
w\xb2z\x91\xe2\xae\xf5\xf7\xbbF\x0e\x0539<\xc9\
\x8e$\xdb\xd7\xdf\x8fJrR\x92G\x8f\x1c\xea\xa7\x9c\
\xeas=j\x10\x00\x85\xb4\xd6\xfe5\xc9)\xa3\xe7\x00\
\xb6\xac\xab{\xef\xbf>z\x08\xe6!\x00\x0ai\xad\xed\
\xcc\xea7o\x80\x87sR\xef\xfd\xfa\xd1C0\x0f/\
\x02,d\xbd\xb1/\x1a=\x07\xb0%]\xe4\xe2_\x8b\
;\x00\xc5\xac\xdf\x9f\x7fM\x92\xe7\x8d\x9e\x05\xd82>\
\x9f\xe4\xd7z\xef?\x1a=\x08\xf3\x11\x00\x05\xb5\xd6\x8e\
N\xf2\xd9$O\x1a=\x0b0\xdcw\x93\xfcj\xef\xfd\
\x96\xd1\x830/\x8f\x00\x0aZo\xf43\x93\xdc3z\
\x16`\xa8{\x92\x9c\xe9\xe2_\x93\x00(\xaa\xf7~]\
\x92\xd7\x8f\x9e\x03\x18\xea\xf5\xebs\x01\x05\x09\x80\xc2z\
\xef\x17%y\xef\xe89\x80!\xde\xbb>\x07P\x94\xd7\
\x00\x14\xb7\xfe\x94\xc0+\x92\xbcl\xf4,\xc0l>\x99\
\xe4\x15>\xed\xaf6\x01@Zk\x8fI\xf2\x89$/\
\x1a=\x0b0\xb9k\x93\xbc\xbc\xf7\xfe\xc3\xd1\x830\x96\
G\x00d}\x22xI\x92\x0f\x8f\x9e\x05\x98\xd4\x87\x93\
\xbc\xc4\xc5\x9fD\x00\xb0\xd6{\xbf\xb7\xf7\xfe\xda$o\
Nr\xff\xe8y\x80Mu\x7f\x927\xf7\xde_\xeb\x0f\
q\xf1\x00\x8f\x00x\x88\xf5\x9f\x22\xfd\xfb$\x8f\x1d=\
\x0b\xb0a\xff\x93\xe4\x9c\xde\xfb\xbf\x8c\x1e\x84\xadE\x00\
\xf0\xb0Zk'd\xf5\xe2\xc0\xe3F\xcf\x02\xec\xb3\xaf\
g\xf5b\xbf\xaf\x8c\x1e\x84\xad\xc7#\x00\x1e\xd6\xfa\x84\
qb\x92O\x8d\x9e\x05\xd8'\x9fJr\xa2\x8b??\
\x8b\x00\xe0g\xea\xbd\x7f?\xc9K\x93\xbc!\xc9\xae\xc1\
\xe3\x00{fWV{\xf6\xa5\xeb=\x0c\x0f\xcb#\x00\
\xf6Hk\xed\xf0$oJ\xf2\x96$\x8f\x19<\x0e\xf0\
P?L\xf2\x9e$\x7f\xd6{\xbfk\xf40l}\x02\
\x80\xbd\xd2Z\xfb\x85$\xe7'\xf9\xdd$\x07\x0f\x1e\x07\
H\xeeM\xf2\x81$\xef\xec\xbd\xff\xd7\xe8a\xd8\x7f\x08\
\x00\xf6Ik\xed\xa9I\xde\x95\xe4\x9c$m\xf08P\
Q\xcf\xea\xdd:\x7f\xdc{\xff\xc6\xe8a\xd8\xff\x08\x00\
6\xa4\xb5\xf6\xdc$\xbf\x93\xe4\xf4$O\x19;\x0d\x94\
\xf0\xcd$\x97%\xf9h\xef\xfd\xc6\xd1\xc3\xb0\xff\x12\x00\
l\x9a\xd6\xdas\xb2\x0a\x813\x92<g\xf08\xb0$\
_Hri\x92\xcbz\xef_\x18=\x0c\xcb \x00\x98\
Dk\xed)Y\xc5\xc0\xe9INNr\xe0\xd8\x89`\
\xbfr_\x92Og\xf5\x9b\xfee\xbd\xf7o\x0e\x9e\x87\
\x05\x12\x00L\xae\xb5vD\x92c\x92\xecX\x7fm\x7f\
\xd0\xf7\x07\xfe}\xf8\xa8\x19aFwe\xf5V\xbd[\
\xd7_\xbb\x1e\xf4\xfd\xd6$\xdf\xee\xbd\xdf9lBJ\
\xf8_M\x08\xaf\x8b`\xd7!*\x00\x00\x00\x00IE\
ND\xaeB`\x82\
\x00\x00\x14\x96\
\x89\
PNG\x0d\x0a\x1a\x0a\x00\x00\x00\x0dIHDR\x00\
\x00\x02\x00\x00\x00\x02\x00\x08\x06\x00\x00\x00\xf4x\xd4\xfa\
\x00\x00\x00\x04sBIT\x08\x08\x08\x08|\x08d\x88\
\x00\x00\x14MIDATx\x9c\xed\xdd[\xacnU\
y\xc7\xe1\xff@\xce\xc4\xb3q\xbb7\xa0\x95 \xc5C\
\xadF\xcbFc\xa1\xc6\x0b[EN\x1aCS\xa2M\
4\xda\x9a\xb6\x89^(\xb5\x82i\x8d\x86\x18M\x93\xb6\
\xa6\x9aX5\xb45\xa5i\x91\x93\xb67\x86\x22$\x02\
j\xb0D\xadU\x83U\x91-M\xa9V\x02\x02\x02\xa3\
\x17\xdfG\xb5\x80\xb8\xf7^k\xce\xb1\xd6|\x9f'Y\
\xd9\x5c\xcd\xf1f\x911\xe7o\xcd9\xd7\xb7Z\xef=\
\xc0X\xad\xb5\xc7&9%\xc9\x09Iv\xad\xbfv\xae\
\xbf\x0e\x1e8\xdaF\xdc\x9dd\xcf\xfa\xeb\xe6\xf5\xd7u\
I.\xef\xbd\x7f\x7f\xe4`@\xd2\x04\x00\x8c\xd1Z{\
R\x92W&9#\xc9\xc9I\x0e\x1c;\xd1l\xeeI\
re\x92O$\xf9\xc7\xde\xfb\xf7\x06\xcf\x03%\x09\x00\
\x98Yk\xed1I\xceI\xf2\x07I\x0e\x1b<\xceh\
?J\xf2gI\xce\xef\xbd\xff`\xf40P\x89\x00\x80\
\x99\xb4\xd6\x0eI\xf2{I\xde\x9e\xe4q\x83\xc7\xd9j\
\xfe;\xc9{\x92\xfcE\xef\xfd\xae\xd1\xc3@\x05\x02\x00\
f\xd0Z;:\xc9%I\x9e;z\x96-\xee\xfa$\
\xa7\xf5\xde\xbf3z\x10X\xba\x03F\x0f\x00K\xd7Z\
{A\x92\xcf\xc5\xc5\x7fo<7\xc9\xe7\xd6\xdf3`\
B\x02\x00&\xd4Z;;\xc9\x15Iv\x8c\x9ee\x1b\
\xd9\x91\xe4\x8a\xf5\xf7\x0e\x98\x88G\x000\x91\xd6\xda)\
Y\xdd\xf6\x17\xda\xfb\xe7\xbe\xac\x1e\x07\x5c>z\x10X\
\x22\x01\x00\x13h\xad=3\xc9g\x93<r\xf4,\xdb\
\xdcmI^\xd0{\xff\xf2\xe8A`i\x04\x00l\xb2\
\xd6\xda\xe3\xb3\xfa\xc0\x9bcF\xcf\xb2\x107&9\xa1\
\xf7~\xeb\xe8A`I\xdc\x9a\x84\xcd\xf7Wq\xf1\xdf\
L\xc7d\xf5=\x056\x91;\x00\xb0\x89Zk'e\
\xf5)wl\xbe\x93{\xef\x9f\x19=\x04,\x85\x00\x80\
M\xd4Z\xbb&\xc9\xee\xd1s,\xd4\xb5\xbd\xf7\x13G\
\x0f\x01K\xe1\x11\x00l\x92\xd6\xda\xab\xe2\xe2?\xa5\xdd\
\xeb\xef1\xb0\x09\xdc\x01\x80M\xd2Z\xfb|\x92\xe7\x8d\
\x9ec\xe1\xbe\xd0{\x7f\xfe\xe8!`\x09\x04\x00l\x82\
\xf5G\xfd~{\xf4\x1cE<\xd9G\x05\xc3\xc6y\x04\
\x00\x9b\xe3\xd4\xd1\x03\x14\xe2{\x0d\x9b@\x00\xc0\xe68\
m\xf4\x00\x85\xf8^\xc3&\xf0\x08\x006\xa8\xb5vx\
\x92\x1f$9h\xf4,E\xfc8\xc9cz\xefw\x8c\
\x1e\x04\xb63w\x00`\xe3\x8e\x8e\x8b\xff\x9c\x0e\xca\xea\
{\x0el\x80\x00\x80\x8d\xdb9z\x80\x82|\xcfa\x83\
\x04\x00l\xdc\xae\xd1\x03\x14\xe4{\x0e\x1b$\x00`\xe3\
\x5c\x8c\xe6\xe7{\x0e\x1b\xe4%@f\xd3ZkI\x1e\
\x9f\xd5\xed\xdb]?\xf5\xef\xfd\xff}\xc4\xb8\xe96\xe4\
i\xf1\xc7\x7f\xe6vc\x92\xaf\x8f\x1eb?\xdd\x9ed\
O\x92\x9b\xd7_{~\xea\xdf[\xbb\x9323\x11\x00\
L\xa6\xb5v\x5cV\xbf\xb2\xf5\xb2$O\xcd\xea\x22\x7f\
\xf0\xd0\xa1`k\xbb;\xab\x10\xf8f\x92O%\xb9\xa4\
\xf7\xfe\xb5\xb1#\xb1T\x02\x80M\xb3\xfe\x09\xff\x84$\
\xa7gu\xe1\x7f\xfa\xd8\x89`\x11\xfe-\xc9%I.\
Nr\x9d;\x04l\x16\x01\xc0\x86\xb4\xd6\x0eN\xf2\x92\
\xac.\xf8\xa7\xc6\xdb\xd90\xa5=I.\xcd*\x08>\
\xdd{\xbf{\xf0<lc\x02\x80\xfd\xd2Z; \xc9\
\xd9I\xde\x95\xe4\xc9\x83\xc7\x81\x8a\xbe\x9d\xe4\xdc$\x7f\
\xd3{\xbfo\xf40l?\x02\x80}\xd6Z\xfb\x8d$\
\xe7'y\xf6\xe8Y\x80\xdc\x90\xe4\x9c\xde\xfb?\x8d\x1e\
\x84\xedE\x00\xb0\xd7Zk\xcfO\xf2\xde$/\x1e=\
\x0b\xf0 W$yk\xef\xfd\xf3\xa3\x07a{\xf09\
\x00\xfc\x5c\xad\xb5c[k\x17&\xb9..\xfe\xb0U\
\xbd8\xc9u\xad\xb5\x0b[k\xc7\x8e\x1e\x86\xadO\x00\
\xf0\xb0Zk\xe7$\xf9J\x92W'i\x83\xc7\x01\x1e\
^\xcbj\xaf~e\xbdw\xe1g\xf2\x08\x80\x87\xd4Z\
;4\xc9\x87\x93\xfc\xd6\xe8Y\x80\xfd\xf6\xb7I^\xdf\
{\xbfs\xf4 l=\x02\x80\x07i\xad\xedL\xf2\x89\
$\xbbG\xcf\x02l\xd8\xb5I\xce\xe8\xbd\xef\x19=\x08\
[\x8b\x00\xe0\xffi\xad=/\xab\xdf1>r\xf4,\
\xc0\xa6\xf9n\x92\xd3z\xef_\x18=\x08[\x87w\x00\
\xf8?\xad\xb5W'\xb9*.\xfe\xb04G&\xb9j\
\xbd\xc7!\x89\x00`\xad\xb5\xf6\xc7I.Lr\xd8\xe8\
Y\x80I\x1c\x96\xe4\xc2\xf5^\x07\x01@\xd2Z;7\
\xc9y\xa3\xe7\x00fq\xdez\xcfS\x9cw\x00\x8ak\
\xad\x9d\x99\xe4\x1f\xe2W\xfc\xa0\x92\x9e\xe4U\xbd\xf7\x8b\
F\x0f\xc28\x02\xa0\xb0\xd6\xdas\x92\x5c\x9d\xe4\x88\xd1\
\xb3\x00\xb3\xbb=\xc9\x8bz\xef_\x1c=\x08c\x08\x80\
\xa2Zk;\xb2\xfad?\x7f\xc8\x07\xea\xfav\x92\x13\
z\xef\xb7\x8c\x1e\x84\xf9y\x07\xa0\xa0\xd6\xda!I.\
\x8a\x8b?T\xf7\xe4$\x17\xad\xcf\x09\x14#\x00j\xfa\
P\x92\x17\x8e\x1e\x02\xd8\x12^\x98\xd59\x81b\x04@\
1\xad\xb5\xb7$y\xed\xe89\x80-\xe5\xb5\xebs\x03\
\x85x\x07\xa0\x90\xd6\xdaQI\xbe\x9e\xe4\xd0\xd1\xb3\x00\
[\xce\x9dI\x9e\xd6{\xbfi\xf4 \xcc\xc3\x1d\x80Z\
\xfe$.\xfe\xc0C;4\xabs\x04E\xb8\x03PD\
k\xed\x99In\xc8\xd6\x89\xbe{\x93\xdc\x92\xe4\xa6\xac\
>\xa7\xfc\xbbY\xfdZ\x12,\xdd\x11Y}4\xef\x91\
I\x8eJ\xb2#\xc9#\x86N\xf4\x13\xf7%yv\xef\
\xfd\xcb\xa3\x07az\x02\xa0\x88\xd6\xdaeIN\x19<\
\xc6\x8dI.\xcd\xea\x8f\x0d]\xdd{\xbfg\xf0<0\
\x5ck\xed\xc0$/JrZ\x92S\x93\x1c3v\xa2\
\x5c\xde{\x7f\xc5\xe0\x19\x98\x81\x00(\xa0\xb5vR\x92\
+\x07-\x7fw\x92\xbfL\xf2\xe1\xde\xfb\x97\x06\xcd\x00\
\xdbFk\xedYI^\x9f\xe4w\x93\x1c<h\x8c\x93\
{\xef\x9f\x19\xb463\x11\x00\x05\xb4\xd6\xaeI\xb2{\
\xe6e{\x92\xbfO\xf2\xf6\xde\xfb\x8d3\xaf\x0d\xdb^\
k\xed\x98$\xefI\xf2\xea\xcc\xffQ\xdd\xd7\xf6\xdeO\
\x9cyMf\xb6U\x9e\x073\x91\xd6\xda+3\xff\xc5\
\xff\x86$\xbb{\xefg\xb9\xf8\xc3\xfe\xe9\xbd\xdf\xd8{\
?+\xab\xfd{\xc3\xcc\xcb\xef^\x9f;X0w\x00\
\x16\xac\xb5\xd6\x92|5\xc9q3.{Q\x92\xd7\xf4\
\xde\xbd\xd0\x07\x9b\xa4\xb5vD\x92\x0b\x92\x9c9\xe3\xb2\
_Kr|w\x91X,w\x00\x96mw\xe6\xbb\xf8\
\xf7\xac~\x85\xe8U.\xfe\xb0\xb9\xd6{\xeaUY\xed\
\xb1\xb9.\xc8\xc7e\xfe\xbb\x87\xccH\x00,\xdb\xe93\
\xae\xf5\xda\xde\xfb;\xfd\xb4\x00\xd3\xe8+\xef\xcc\xbc\x9f\
\xe49\xe79\x84\x99\x09\x80e;m\xa6u\xde\xdd{\
\xff\xeb\x99\xd6\x82\xd2\xd6{\xed\xdd3-7\xd79\x84\
\x01\xbc\x03\xb0P\xad\xb5_\xcc\xea\xf9\xff\xd4.Mr\
\xba\x9f\xfca>\xeb\xf7{.\xce\xeas\x03\xa6v|\
\xef\xfd\xdfgX\x87\x99\xb9\x03\xb0\x5cs\x94\xfbW\x92\
\x9c\xed\xe2\x0f\xf3Z\xef\xb9\xb3\xb3\xda\x83Ss\x17`\
\xa1\x04\xc0r\xcd\xf1\xec\xeeM\xbd\xf7\xdbfX\x07x\
\x80\xf5\xde{\xd3\x0cKy\x0f`\xa1<\x02X\xa0\xd6\
\xda\x8e$7g\xda\xc0\xf3q\xa1\xb0\x05\xcc\xf01\xdf\
\xf7%\xd9\xd5{\xbfe\xc25\x18\xc0\x1d\x80e:5\
\xd3\xfe\xbf\xbd7\xc9\xdb&<>\xb0\xf7\xde\x96\xd5\x9e\
\x9c\xca\x01\x99\xe7]\x03f&\x00\x96\xe9\xa5\x13\x1f\xff\
c\xbd\xf79\x9e=\x02?\xc7z/~l\xe2e\xa6\
>\xa70\x80\x00X\xa6\xa7L|\xfc\x8fN||`\
\xdfL\xbd'\xa7>\xa70\x80\x00X\xa6\x9d\x13\x1e\xfb\
\x96$\x9f\x9d\xf0\xf8\xc0\xbe\xfblV{s*S\x9e\
S\x18D\x00,Lk\xed\x80$;&\x5c\xe2\xd2\xde\
\xfb}\x13\x1e\x1f\xd8G\xeb=y\xe9\x84K\xecX\x9f\
[X\x10\xffC\x97\xe7\x89I\x0e\x9c\xf0\xf8\x17Ox\
l`\xffM\xb97\x0f\xcc\xea\xdc\xc2\x82\x08\x80\xe5\x99\
\xfaV\xdd\xd5\x13\x1f\x1f\xd8?S\xefM\x8f\x01\x16F\
\x00,\xcf\xae\x09\x8f}{\xef\xfd\x87\x13\x1e\x1f\xd8O\
\xeb\xbd9\xe5_\xe2\x9c\xf2\xdc\xc2\x00\x02`y\xa6\xac\
\xf4=\x13\x1e\x1b\xd8\xb8)\xf7\xa8;\x00\x0b#\x00\x96\
g\xcaJ\xbfy\xc2c\x03\x1b7\xe5\x1eu\x07`a\
\xa6|Y\x8c1\xb6\xe5\x1d\x80\xd6\xda\x81I\x9e5\xd5\
\xf1a\x0b\xf9R\xef\xfd\x9e\x89\x8e\xed\x0e\x00{M\x00\
,\xcfa\x13\x1e\xfb\xce\x09\x8f\xfd\x84$\xd7Ox|\
\xd8*v&\xf9\xdeD\xc7\x9er\x8fNyna\x00\
\x8f\x00\x00\xa0 \x01\x00\x00\x05\x09\x00\x00(H\x00\x00\
@A\x02\x00\x00\x0a\x12\x00\x00P\x90\x00\x00\x80\x82\x04\
\x00\x00\x14$\x00\x00\xa0 \x01\x00\x00\x05\x09\x00\x00(\
H\x00\x00@A\x02\x00\x00\x0a\x12\x00\x00P\x90\x00\x00\
\x80\x82\x04\x00\x00\x14$\x00\x00\xa0 \x01\x00\x00\x05\x09\
\x00\x00(H\x00\x00@A\x02\x00\x00\x0a\x12\x00\x00P\
\x90\x00\x00\x80\x82\x04\x00\x00\x14$\x00\x00\xa0 \x01\x00\
\x00\x05\x09\x00\x00(H\x00\x00@A\x02\x00\x00\x0a\x12\
\x00\x00P\x90\x00\x00\x80\x82\x04\x00\x00\x14$\x00\x00\xa0\
 \x01\x00\x00\x05\x09\x00\x00(H\x00\x00@A\x02\x00\
\x00\x0a\x12\x00\x00P\x90\x00\x00\x80\x82\x04\x00\x00\x14$\
\x00\x00\xa0 \x01\x00\x00\x05\x09\x00\x00(H\x00\x00@\
A\x02\x00\x00\x0a\x12\x00\x00P\x90\x00\x00\x80\x82\x04\x00\
\x00\x14$\x00\x00\xa0 \x01\x00\x00\x05\x09\x00\x00(H\
\x00\x00@A\x02\x00\x00\x0a\x12\x00\x00P\x90\x00\x00\x80\
\x82\x04\x00\x00\x14$\x00\x00\xa0 \x01\x00\x00\x05\x09\x00\
\x00(H\x00\x00@A\x02\x00\x00\x0a\x12\x00\x00P\x90\
\x00\x00\x80\x82\x04\x00\x00\x14$\x00\x00\xa0 \x01\x00\x00\
\x05\x09\x00\x00(H\x00\x00@A\x02\x00\x00\x0a\x12\x00\
\x00P\x90\x00\x00\x80\x82\x04\x00\x00\x14$\x00\x00\xa0 \
\x01\x00\x00\x05\x09\x00\x00(H\x00\x00@A\x02\x00\x00\
\x0a\x12\x00\x00P\x90\x00\x00\x80\x82\x04\x00\x00\x14$\x00\
\x00\xa0 \x01\x00\x00\x05\x09\x00\x00(H\x00\x00@A\
\x02\x00\x00\x0a\x12\x00\x00P\x90\x00\x00\x80\x82\x04\x00\x00\
\x14$\x00\x00\xa0 \x01\x00\x00\x05\x09\x00\x00(H\x00\
\x00@A\x02\x00\x00\x0a\x12\x00\x00P\x90\x00\x00\x80\x82\
\x04\x00\x00\x14$\x00\x00\xa0 \x01\x00\x00\x05\x09\x00\x00\
(H\x00\x00@A\x02\x00\x00\x0a\x12\x00\x00P\x90\x00\
\x00\x80\x82\x04\x00\x00\x14$\x00\x00\xa0 \x01\x00\x00\x05\
\x09\x00\x00(H\x00\x00@A\x02\x00\x00\x0a\x12\x00\x00\
P\x90\x00\x00\x80\x82\x04\x00\x00\x14$\x00\x00\xa0 \x01\
\x00\x00\x05\x09\x00\x00(H\x00\x00@A\x02\x00\x00\x0a\
\x12\x00\x00P\x90\x00\x00\x80\x82\x04\x00\x00\x14$\x00\x00\
\xa0 \x01\x00\x00\x05\x09\x00\x00(H\x00\x00@A\x02\
\x00\x00\x0a\x12\x00\x00P\x90\x00\x00\x80\x82\x04\x00\x00\x14\
$\x00\x00\xa0 \x01\x00\x00\x05\x09\x00\x00(H\x00\x00\
@A\x02\x00\x00\x0a\x12\x00\x00P\x90\x00\x00\x80\x82\x04\
\x00\x00\x14$\x00\x00\xa0 \x01\x00\x00\x05\x09\x00\x00(\
H\x00\x00@A\x02\x00\x00\x0a\x12\x00\x00P\x90\x00\x00\
\x80\x82\x04\x00\x00\x14$\x00\x00\xa0 \x01\x00\x00\x05\x09\
\x00\x00(H\x00\x00@A\x02\x00\x00\x0a\x12\x00\x00P\
\x90\x00\x00\x80\x82\x04\x00\x00\x14$\x00\x00\xa0 \x01\x00\
\x00\x05\x09\x00\x00(H\x00\x00@A\x02\x00\x00\x0a\x12\
\x00\x00P\x90\x00\x00\x80\x82\x04\x00\x00\x14$\x00\x00\xa0\
 \x01\x00\x00\x05\x09\x00\x00(H\x00\x00@A\x02\x00\
\x00\x0a\x12\x00\x00P\x90\x00\x00\x80\x82\x04\x00\x00\x14$\
\x00\x00\xa0 \x01\x00\x00\x05\x09\x00\x00(H\x00\x00@\
A\x02\x00\x00\x0a\x12\x00\x00P\x90\x00\x00\x80\x82\x04\x00\
\x00\x14$\x00\x00\xa0 \x01\x00\x00\x05\x09\x00\x00(H\
\x00\x00@A\x02\x00\x00\x0a\x12\x00\x00P\x90\x00\x00\x80\
\x82\x04\x00\x00\x14$\x00\x00\xa0 \x01\x00\x00\x05\x09\x00\
\x00(H\x00\x00@A\x02\x00\x00\x0a\x12\x00\x00P\x90\
\x00\x00\x80\x82\x04\x00\x00\x14$\x00\x00\xa0 \x01\x00\x00\
\x05\x09\x00\x00(H\x00\x00@A\x02\x00\x00\x0a\x12\x00\
\x00P\x90\x00\x00\x80\x82\x04\x00\x00\x14$\x00\x00\xa0 \
\x01\x00\x00\x05\x09\x00\x00(H\x00\x00@A\x02\x00\x00\
\x0a\x12\x00\x00P\x90\x00\x00\x80\x82\x04\x00\x00\x14$\x00\
\x00\xa0 \x01\x00\x00\x05\x09\x00\x00(H\x00\x00@A\
\x02\x00\x00\x0a\x12\x00\x00P\x90\x00\x00\x80\x82\x04\x00\x00\
\x14$\x00\x00\xa0 \x01\x00\x00\x05\x09\x00\x00(H\x00\
\x00@A\x02\x00\x00\x0a\x12\x00\x00P\x90\x00\x00\x80\x82\
\x04\x00\x00\x14$\x00\x00\xa0 \x01\x00\x00\x05\x09\x00\x00\
(H\x00\x00@A\x02\x00\x00\x0a\x12\x00\x00P\x90\x00\
\x00\x80\x82\x04\x00\x00\x14$\x00\x00\xa0 \x01\x00\x00\x05\
\x09\x00\x00(H\x00\x00@A\x02\x00\x00\x0a\x12\x00\x00\
P\x90\x00\x00\x80\x82\x04\x00\x00\x14$\x00\x00\xa0 \x01\
\x00\x00\x05\x09\x00\x00(H\x00\x00@A\x02\x00\x00\x0a\
\x12\x00\x00P\x90\x00\x00\x80\x82\x04\x00\x00\x14$\x00\x00\
\xa0 \x01\x00\x00\x05\x09\x00\x00(H\x00\x00@A\x02\
\x00\x00\x0a\x12\x00\x00P\x90\x00\x00\x80\x82\x04\x00\x00\x14\
$\x00\x00\xa0 \x01\x00\x00\x05\x09\x00\x00(H\x00\x00\
@A\x02\x00\x00\x0a\x12\x00\x00P\x90\x00\x00\x80\x82\x04\
\x00\x00\x14$\x00\x00\xa0 \x01\x00\x00\x05\x09\x00\x00(\
H\x00\x00@A\x02\x00\x00\x0a\x12\x00\x00P\x90\x00\x00\
\x80\x82\x04\x00\x00\x14$\x00\x00\xa0 \x01\x00\x00\x05\x09\
\x00\x00(H\x00\x00@A\x02\x00\x00\x0a\x12\x00\x00P\
\x90\x00\x00\x80\x82\x04\x00\x00\x14$\x00\x00\xa0 \x01\x00\
\x00\x05\x09\x00\x00(H\x00\x00@A\x02\x00\x00\x0a\x12\
\x00\x00P\x90\x00\x00\x80\x82\x04\x00\x00\x14$\x00\x00\xa0\
 \x01\x00\x00\x05\x09\x00\x00(H\x00\x00@A\x02\x00\
\x00\x0a\x12\x00\x00P\x90\x00\x00\x80\x82\x04\x00\x00\x14$\
\x00\x00\xa0 \x01\x00\x00\x05\x09\x00\x00(H\x00\x00@\
A\x02\x00\x00\x0a\x12\x00\x00P\x90\x00\x00\x80\x82\x04\x00\
\x00\x14$\x00\x00\xa0 \x01\x00\x00\x05\x09\x00\x00(H\
\x00\x00@A\x02\x00\x00\x0a\x12\x00\x00P\x90\x00\x00\x80\
\x82\x04\x00\x00\x14$\x00\x00\xa0 \x01\x00\x00\x05\x09\x00\
\x00(H\x00\x00@A\x02\x00\x00\x0a\x12\x00\x00P\x90\
\x00\x00\x80\x82\x04\x00\x00\x14$\x00\x00\xa0 \x01\x00\x00\
\x05\x09\x00\x00(H\x00\x00@A\x02\x00\x00\x0a\x12\x00\
\x00P\x90\x00\x00\x80\x82\x04\x00\x00\x14$\x00\x00\xa0 \
\x01\x00\x00\x05\x09\x00\x00(H\x00\x00@A\x02\x00\x00\
\x0a\x12\x00\x00P\x90\x00\x00\x80\x82\x04\x00\x00\x14$\x00\
\x00\xa0 \x01\x00\x00\x05\x09\x00\x00(H\x00\x00@A\
\x02\x00\x00\x0a\x12\x00\x00P\x90\x00\x00\x80\x82\x04\x00\x00\
\x14$\x00\x00\xa0 \x01\x00\x00\x05\x09\x00\x00(H\x00\
\x00@A\x02\x00\x00\x0a\x12\x00\x00P\x90\x00\x00\x80\x82\
\x04\x00\x00\x14$\x00\x00\xa0 \x01\x00\x00\x05\x09\x00\x00\
(H\x00\x00@A\x02\x00\x00\x0a\x12\x00\x00P\x90\x00\
\x00\x80\x82\x04\x00\x00\x14$\x00\x00\xa0 \x01\x00\x00\x05\
\x09\x00\x00(H\x00\x00@A\x02\x00\x00\x0a\x12\x00\x00\
P\x90\x00\x00\x80\x82\x04\x00\x00\x14$\x00\x00\xa0 \x01\
\x00\x00\x05\x09\x00\x00(H\x00\x00@A\x02\x00\x00\x0a\
\x12\x00\x00P\x90\x00\x00\x80\x82\x04\x00\x00\x14$\x00\x00\
\xa0 \x01\x00\x00\x05\x09\x00\x00(H\x00\x00@A\x02\
\x00\x00\x0a\x12\x00\x00P\x90\x00\x00\x80\x82\x04\x00\x00\x14\
$\x00\x00\xa0 \x01\x00\x00\x05\x09\x00\x00(H\x00\x00\
@A\x02\x00\x00\x0a\x12\x00\x00P\x90\x00\x00\x80\x82\x04\
\x00\x00\x14$\x00\x00\xa0 \x01\x00\x00\x05\x1d8z\x00\
6\xdd=\x13\x1e\xfb\x11\x13\x1e\xfb\xb6$\x7f8\xe1\xf1\
a\xab\xb8m\xc2cO\xb9G\xa7<\xb70\x80\x00X\
\x9e[&<\xf6\x8e\xa9\x0e\xdc{\xbf=\xc9\xf9S\x1d\
\x1f\x8a\x98l\x8ff\xdas\x0b\x03x\x04\xb0<7O\
x\xec]\x13\x1e\x1b\xd8\xb8)\xf7\xe8\x94\xe7\x16\x06\x10\
\x00\xcb\xb3g\xc2c\xef\x9c\xf0\xd8\xc0\xc6M\xb9G\xa7\
<\xb70\x80\x00X\x9e)+\xfdq\xad\xb5C&<\
>\xb0\x9f\xd6{\xf3q\x13.\xe1\x0e\xc0\xc2\x08\x80\xe5\
\x99\xba\xd2\x7fi\xe2\xe3\x03\xfbg\xea\xbd\xe9\x0e\xc0\xc2\
\x08\x80\xe5\xd9\x93\xa4Ox\xfc\xd3'<6\xb0\xff\xa6\
\xdc\x9b=\x02`q\x04\xc0\xc2\xf4\xde\xefNr\xeb\x84\
K\x9c1\xe1\xb1\x81\xfd7\xe5\xde\xbcu}naA\
\x04\xc02MY\xea\xcfh\xad\x1d7\xe1\xf1\x81}\xb4\
\xde\x93\xcf\x98p\x09?\xfd/\x90\x00X\xa6\xa9_\xd6\
\xf9\xcd\x89\x8f\x0f\xec\x9b\xa9\xf7\xa4\x17\x00\x17H\x00,\
\xd3U\x13\x1f\xff\xcd\xad\xb5)\xdf6\x06\xf6\xd2z/\
\xbey\xe2e\xa6>\xa70\x80\x00X\xa6\x8b'>\xfe\
\xa3\x93\xbcc\xe25\x80\xbd\xf3\x8e\xac\xf6\xe4\x94\xa6>\
\xa70@\xeb}\xca\x17\xc6\x19\xa5\xb5\xf6\xf5$\xc7N\
\xb8\xc4]I\x8e\xef\xbd\xff\xc7\x84k\x00\x0f\xa3\xb5\xf6\
\x0bI\xbe\x9ad\xca\xcf\xe7\xf8F\xef\xfdi\x13\x1e\x9f\
A\xdc\x01X\xaeK&>\xfe!I\xde?\xf1\x1a\xc0\
\xc3{\x7f\xa6\xbd\xf8'\xd3\x9fK\x18D\x00,\xd7\x1c\
\xb7\xec\xcel\xad\x9d3\xc3:\xc0\x03\xac\xf7\xde\x993\
,\xe5\xf6\xffBy\x04\xb0P\xad\xb5\x03\xb2\xfa\xd5\x9d\
'N\xbc\xd4}IN\xed\xbd\x7fr\xe2u\x80\xb5\xd6\
\xda\xcb\x93\x5c\x9a\xe9\x7f\x88\xfb\xcf$;{\xef\xf7M\
\xbc\x0e\x03\xb8\x03\xb0P\xeb\x0d{\xd9\x0cK\x1d\x90\xe4\
\xe3\xad\xb5\xa7\xcf\xb0\x16\x94\xb7\xdek\x1f\xcf<\xe7\xef\
\xcb\x5c\xfc\x97K\x00,\xdb\x5c\xb7\xee\x1e\x95\xe4\xca\xd6\
\xdaI3\xad\x07%\xad\xf7\xd8\x95Y\xed\xb99\xb8\xfd\
\xbf`\x1e\x01,Xk\xed\xd0\xac>\xc0\xe3\xb13-\
\xf9\xe3$\xbf\xdf{\xff\xd0L\xebA\x19\xad\xb57&\
\xf9\xf3$\x07\xcd\xb4\xe4\xf7\x93\xec\xea\xbd\xdf9\xd3z\
\xcc\xcc\x1d\x80\x05[o\xdc\xf3g\x5c\xf2\xa0$\x1fl\
\xad}\xa0\xb5v\xd8\x8c\xeb\xc2b\xb5\xd6\x0ek\xad}\
 \xc9\x073\xdf\xc5?I\xcew\xf1_6w\x00\x16\
n}\x17\xe0kI\x8e\x9ey\xe9\x9b\x92\x9c\x9b\xe4\x02\
\xcf\x10a\xdf\xad_\xe4}M\x92w%9j\xe6\xe5\
\xbf\x93\xe48\x01\xb0l\xee\x00,\xdcz\x03\x9f7`\
\xe9\xa3\x92|4\xc9\xf5\xad\xb5_\x1f\xb0>l[\xeb\
=s}V{h\xee\x8b\x7f\x92\x9c\xe7\xe2\xbf|\xee\
\x00\x14\xb0\xfeI\xe2_\x93<k\xe0\x187e\xf5k\
K\x97&\xb9\xc2\x9f\x16\x85\x9fh\xad\x1d\x9c\xe4\xc5I\
N]\x7f\x8d\xb8\xe8\xdf\xefKI~\xd9\x9d\xbb\xe5\x13\
\x00E\xac\x7fo\xf8\xf2\xd1s\xac\xdd\x96\xe4\x9a$\xdf\
\xcd\xea%\xc5=\xeb\x7f\xef\x189\x14\xcc\xe4\xf0$\xbb\
\x92\xec\x5c\xff{d\x92\x13\x93<r\xe4P?\xe5\x14\
\x9f\xebQ\x83\x00(\xa4\xb5\xf6/IN\x1e=\x07\xb0\
e]\xd9{\xff\xb5\xd1C0\x0f\x01PHkmw\
V?y\x03<\x94\x13{\xef\xd7\x8e\x1e\x82yx\x09\
\xb0\x90\xf5\xc6\xbe`\xf4\x1c\xc0\x96t\x81\x8b\x7f-\xee\
\x00\x14\xb3\xfe\xfd\xfc\xab\x92<o\xf4,\xc0\x96\xf1\x85\
$\xbf\xda{\xff\xd1\xe8A\x98\x8f\x00(\xa8\xb5vT\
\x92\xcf%y\xd2\xe8Y\x80\xe1\xbe\x97\xe4Wz\xef7\
\x8d\x1e\x84yy\x04P\xd0z\xa3\x9f\x91\xe4\xae\xd1\xb3\
\x00C\xdd\x95\xe4\x0c\x17\xff\x9a\x04@Q\xbd\xf7k\x92\
\xbca\xf4\x1c\xc0PoX\x9f\x0b(H\x00\x14\xd6{\
\xbf \xc9\xfbF\xcf\x01\x0c\xf1\xbe\xf59\x80\xa2\xbc\x03\
P\xdc\xfaS\x02/K\xf2\xb2\xd1\xb3\x00\xb3\xf9T\x92\
W\xf8\xb4\xbf\xda\x04\x00i\xad=*\xc9'\x93\xbch\
\xf4,\xc0\xe4\xaeN\xf2\xf2\xde\xfb\x0fG\x0f\xc2X\x1e\
\x01\x90\xf5\x89\xe0%I>2z\x16`R\x1fI\xf2\
\x12\x17\x7f\x12\x01\xc0Z\xef\xfd\xee\xde\xfb\xeb\x92\xbc%\
\xc9\xbd\xa3\xe7\x016\xd5\xbdI\xde\xd2{\x7f\x9d?\xc4\
\xc5\xfd<\x02\xe0A\xd6\x7f\x8a\xf4\xef\x92<z\xf4,\
\xc0\x86\xfdO\x92\xb3z\xef\xff<z\x10\xb6\x16\x01\xc0\
Cj\xad\x1d\x9f\xd5\xcb\x81\xc7\x8e\x9e\x05\xd8o\xdf\xc8\
\xeae\xbf\xaf\x8e\x1e\x84\xad\xc7#\x00\x1e\xd2\xfa\x84q\
B\x92O\x8f\x9e\x05\xd8/\x9fNr\x82\x8b??\x8b\
\x00\xe0g\xea\xbd\x7f?\xc9K\x93\xbc1\xc9\x9e\xc1\xe3\
\x00{gOV{\xf6\xa5\xeb=\x0c\x0f\xc9#\x00\xf6\
Jk\xed\xf0$oN\xf2\xd6$\x8f\x1a<\x0e\xf0`\
?L\xf2\xde$\x7f\xda{\xbfc\xf40l}\x02\x80\
}\xd2Z{B\x92s\x93\xfcN\x92\x83\x07\x8f\x03$\
w'\xf9`\x92w\xf5\xde\xffk\xf40l\x1f\x02\x80\
\xfd\xd2Z{j\x92w'9+I\x1b<\x0eT\xd4\
\xb3\xfam\x9d?\xea\xbd\x7fs\xf40l?\x02\x80\x0d\
i\xad=7\xc9o'9-\xc9S\xc6N\x03%|\
+\xc9%I>\xd6{\xbf~\xf40l_\x02\x80M\
\xd3Z{NV!pz\x92\xe7\x0c\x1e\x07\x96\xe4\x8b\
I.NrI\xef\xfd\x8b\xa3\x87a\x19\x04\x00\x93h\
\xad=%\xab\x188-\xc9II\x0e\x1c;\x11l+\
\xf7$\xf9LV?\xe9_\xd2{\xff\xd6\xe0yX \
\x01\xc0\xe4ZkG$9:\xc9\xae\xf5\xd7\xce\x07\xfc\
{\xff\x7f\x1f>jF\x98\xd1\x1dY\xfd\xaa\xde\xcd\xeb\
\xaf=\x0f\xf8\xf7\xe6$\xdf\xe9\xbd\xdf>lBJ\xf8\
_\x00\xfb\xafq\x9f\x8eM\xf2\x00\x00\x00\x00IEN\
D\xaeB`\x82\
\x00\x00\x14\x8a\
\x89\
PNG\x0d\x0a\x1a\x0a\x00\x00\x00\x0dIHDR\x00\
\x00\x02\x00\x00\x00\x02\x00\x08\x06\x00\x00\x00\xf4x\xd4\xfa\
\x00\x00\x00\x04sBIT\x08\x08\x08\x08|\x08d\x88\
\x00\x00\x14AIDATx\x9c\xed\xdd[\xacmU\
}\xc7\xf1\xdf@\xee\xc4{\xe3\xf1\x1c@+A\x8a\x97\
Z\x8d\x96\x83\xc6B\x8d\x0f\xb6\x8a\xdc$\x86\xa6D\x9b\
h\xb45m\x13}Pj\x05\xd3\x1a\x0d1\x9a&m\
M5\xb1\xd6\xd0\xd6\x94\xa6En\xda\xbe\x18\x8a\x90\x08\
\xa8\xc1\x12\xb5V\x0dVE\x8e4\xa5Z\x09\x08\x08\x8c\
>\xacE\xb5\x80x\xce\xde{\xce\xb1\xcf\xfc\x7f>\xc9\
\xce>Os\xfc\xb3O\xc6\x9c\xdf=\xe7Zk\xb7\xde\
{\x80\xb1Zk\x8fOrJ\x92\x13\x92\xecZ\x7f\xed\
\x5c\x7f\x1d<p\xb4\xcd\xb8'\xc9\x9e\xf5\xd7-\xeb\xaf\
\xeb\x93\x5c\xd1{\xff\xde\xc8\xc1\x80\xa4\x09\x00\x18\xa3\xb5\
\xf6\xe4$\xafJrF\x92\x93\x93\x1c8v\xa2\xd9\xdc\
\x9b\xe4\xaa$\x1fO\xf2\x8f\xbd\xf7\xef\x0e\x9e\x07J\x12\
\x000\xb3\xd6\xda\xe3\x92\x9c\x9b\xe4\xf7\x93\x1c6x\x9c\
\xd1~\x98\xe4O\x93\x5c\xd0{\xff\xfe\xe8a\xa0\x12\x01\
\x003i\xad\x1d\x92\xe4w\x93\xbc=\xc9\x13\x06\x8f\xb3\
\xdd\xfcw\x92\xf7$\xf9\xf3\xde\xfb\xdd\xa3\x87\x81\x0a\x04\
\x00\xcc\xa0\xb5vt\x92K\x93<o\xf4,\xdb\xdc\x0d\
IN\xeb\xbd\x7f{\xf4 \xb0t\x07\x8c\x1e\x00\x96\xae\
\xb5\xf6\xc2$\x9f\x8d\x8b\xff\xdex^\x92\xcf\xae\x7ff\
\xc0\x84\x04\x00L\xa8\xb5vN\x92+\x93\xec\x18=\xcb\
~dG\x92+\xd7?;`\x22\x1e\x01\xc0DZk\
\xa7du\xdb_ho\xcc\xfdY=\x0e\xb8b\xf4 \
\xb0D\x02\x00&\xd0Z{V\x92\xcf$y\xf4\xe8Y\
\xf6s\xb7'ya\xef\xfdK\xa3\x07\x81\xa5\x11\x00\xb0\
\xc5ZkO\xcc\xea\x03o\x8e\x19=\xcbB\xdc\x94\xe4\
\x84\xde\xfbm\xa3\x07\x81%qk\x12\xb6\xde_\xc6\xc5\
\x7f+\x1d\x93\xd5\xcf\x14\xd8B\xee\x00\xc0\x16j\xad\x9d\
\x94\xd5\xa7\xdc\xb1\xf5N\xee\xbd\x7fz\xf4\x10\xb0\x14\x02\
\x00\xb6Pk\xed\xda$\xbbG\xcf\xb1P\xd7\xf5\xdeO\
\x1c=\x04,\x85G\x00\xb0EZkg\xc5\xc5\x7fJ\
\xbb\xd7?c`\x0b\xb8\x03\x00[\xa4\xb5\xf6\xb9$\xcf\
\x1f=\xc7\xc2}\xbe\xf7\xfe\x82\xd1C\xc0\x12\x08\x00\xd8\
\x02\xeb\x8f\xfa\xfd\xd6\xe89\x8ax\x8a\x8f\x0a\x86\xcd\xf3\
\x08\x00\xb6\xc6\xa9\xa3\x07(\xc4\xcf\x1a\xb6\x80\x00\x80\xad\
q\xda\xe8\x01\x0a\xf1\xb3\x86-\xe0\x11\x00lRk\xed\
\xf0$\xdfOr\xd0\xe8Y\x8a\xf8Q\x92\xc7\xf5\xde\xef\
\x1c=\x08\xec\xcf\xdc\x01\x80\xcd;:.\xfes:(\
\xab\x9f9\xb0\x09\x02\x006o\xe7\xe8\x01\x0a\xf23\x87\
M\x12\x00\xb0y\xbbF\x0fP\x90\x9f9l\x92\x00\x80\
\xcds1\x9a\x9f\x9f9l\x92\x17\x012\x9b\xd6ZK\
\xf2\xc4\xacn\xdf\xee\xfa\x89\xef\x0f\xfc\xfb\x88q\xd3m\
\xca\xd3\xe3\x8f\xff\xcc\xed\xa6$_\x1b=\xc4\x06\xdd\x91\
dO\x92[\xd6_{~\xe2\xfbm\xddI\x99\x99\x08\
\x00&\xd3Z;.\xab\xb7l\xbd<\xc9\xd3\xb2\xba\xc8\
\x1f<t(\xd8\xde\xee\xc9*\x04\xbe\x91\xe4\x93I.\
\xed\xbd\x7fu\xecH,\x95\x00`\xcb\xac\x7f\xc3?!\
\xc9\xe9Y]\xf8\x9f1v\x22X\x84\x7fKri\x92\
K\x92\x5c\xef\x0e\x01[E\x00\xb0)\xad\xb5\x83\x93\xbc\
4\xab\x0b\xfe\xa9\xf1\xeal\x98\xd2\x9e$\x97e\x15\x04\
\x9f\xea\xbd\xdf3x\x1e\xf6c\x02\x80\x0di\xad\x1d\x90\
\xe4\x9c$\xefJ\xf2\x94\xc1\xe3@E\xdfJr^\x92\
\xbf\xe9\xbd\xdf?z\x18\xf6?\x02\x80}\xd6Z\xfb\xf5\
$\x17$y\xce\xe8Y\x80\xdc\x98\xe4\xdc\xde\xfb?\x8d\
\x1e\x84\xfd\x8b\x00`\xaf\xb5\xd6^\x90\xe4\xbdI^2\
z\x16\xe0!\xaeL\xf2\xd6\xde\xfb\xe7F\x0f\xc2\xfe\xc1\
\xe7\x00\xf03\xb5\xd6\x8em\xad]\x94\xe4\xfa\xb8\xf8\xc3\
v\xf5\x92$\xd7\xb7\xd6.j\xad\x1d;z\x18\xb6?\
\x01\xc0#j\xad\x9d\x9b\xe4\xcbI^\x9d\xa4\x0d\x1e\x07\
xd-\xab\xbd\xfa\xe5\xf5\xde\x85\x9f\xca#\x00\x1eV\
k\xed\xd0$\x1fN\xf2\x9b\xa3g\x016\xeco\x93\xbc\
\xbe\xf7~\xd7\xe8A\xd8~\x04\x00\x0f\xd1Z\xdb\x99\xe4\
\xe3Iv\x8f\x9e\x05\xd8\xb4\xeb\x92\x9c\xd1{\xdf3z\
\x10\xb6\x17\x01\xc0\xff\xd3Z{~V\xef1>r\xf4\
,\xc0\x96\xf9N\x92\xd3z\xef\x9f\x1f=\x08\xdb\x87\xd7\
\x00\xf0\x7fZk\xafNru\x5c\xfcai\x8eLr\
\xf5z\x8fC\x12\x01\xc0Zk\xed\x8f\x92\x5c\x94\xe4\xb0\
\xd1\xb3\x00\x938,\xc9E\xeb\xbd\x0e\x02\x80\xa4\xb5v\
^\x92\xf3G\xcf\x01\xcc\xe2\xfc\xf5\x9e\xa78\xaf\x01(\
\xae\xb5vf\x92\x7f\x88\xb7\xf8A%=\xc9Y\xbd\xf7\
\x8bG\x0f\xc28\x02\xa0\xb0\xd6\xdas\x93\x5c\x93\xe4\x88\
\xd1\xb3\x00\xb3\xbb#\xc9\x8b{\xef_\x18=\x08c\x08\
\x80\xa2Zk;\xb2\xfad?\x7f\xc8\x07\xea\xfaV\x92\
\x13z\xef\xb7\x8e\x1e\x84\xf9y\x0d@A\xad\xb5C\x92\
\x5c\x1c\x17\x7f\xa8\xee)I.^\x9f\x13(F\x00\xd4\
\xf4\xa1$/\x1a=\x04\xb0-\xbc(\xabs\x02\xc5\x08\
\x80bZkoI\xf2\xda\xd1s\x00\xdb\xcak\xd7\xe7\
\x06\x0a\xf1\x1a\x80BZkG%\xf9Z\x92CG\xcf\
\x02l;w%yz\xef\xfd\xe6\xd1\x830\x0fw\x00\
j\xf9\xe3\xb8\xf8\x03\x0f\xef\xd0\xac\xce\x11\x14\xe1\x0e@\
\x11\xad\xb5g%\xb91\xdb'\xfa\xeeKrk\x92\x9b\
\xb3\xfa\x9c\xf2\xefd\xf5\xb6$X\xba#\xb2\xfah\xde\
#\x93\x1c\x95dG\x92G\x0d\x9d\xe8\xc7\xeeO\xf2\x9c\
\xde\xfb\x97F\x0f\xc2\xf4\x04@\x11\xad\xb5\xcb\x93\x9c2\
x\x8c\x9b\x92\x5c\x96\xd5\x1f\x1b\xba\xa6\xf7~\xef\xe0y\
`\xb8\xd6\xda\x81I^\x9c\xe4\xb4$\xa7&9f\xec\
D\xb9\xa2\xf7\xfe\xca\xc130\x03\x01P@k\xed\xa4\
$W\x0dZ\xfe\x9e$\x7f\x91\xe4\xc3\xbd\xf7/\x0e\x9a\
\x01\xf6\x1b\xad\xb5g'y}\x92\xdfIr\xf0\xa01\
N\xee\xbd\x7fz\xd0\xda\xccD\x00\x14\xd0Z\xbb6\xc9\
\xee\x99\x97\xedI\xfe>\xc9\xdb{\xef7\xcd\xbc6\xec\
\xf7Zk\xc7$yO\x92Wg\xfe\x8f\xea\xbe\xae\xf7\
~\xe2\xcck2\xb3\xed\xf2<\x98\x89\xb4\xd6^\x95\xf9\
/\xfe7&\xd9\xdd{?\xdb\xc5\x1f6\xa6\xf7~S\
\xef\xfd\xec\xac\xf6\xef\x8d3/\xbf{}\xee`\xc1\xdc\
\x01X\xb0\xd6ZK\xf2\x95$\xc7\xcd\xb8\xec\xc5I^\
\xd3{\xf7\x82>\xd8\x22\xad\xb5#\x92\x5c\x98\xe4\xcc\x19\
\x97\xfdj\x92\xe3\xbb\x8b\xc4b\xb9\x03\xb0l\xbb3\xdf\
\xc5\xbfg\xf5\x16\xa2\xb3\x5c\xfcak\xad\xf7\xd4YY\
\xed\xb1\xb9.\xc8\xc7e\xfe\xbb\x87\xccH\x00,\xdb\xe9\
3\xae\xf5\xda\xde\xfb;\xfd\xb6\x00\xd3\xe8+\xef\xcc\xbc\
\x9f\xe49\xe79\x84\x99\x09\x80e;m\xa6u\xde\xdd\
{\xff\xeb\x99\xd6\x82\xd2\xd6{\xed\xdd3-7\xd79\
\x84\x01\xbc\x06`\xa1Zk\xbf\x90\xd5\xf3\xff\xa9]\x96\
\xe4t\xbf\xf9\xc3|\xd6\xaf\xef\xb9$\xab\xcf\x0d\x98\xda\
\xf1\xbd\xf7\x7f\x9fa\x1df\xe6\x0e\xc0r\xcdQ\xee_\
Nr\x8e\x8b?\xcck\xbd\xe7\xce\xc9j\x0fN\xcd]\
\x80\x85\x12\x00\xcb5\xc7\xb3\xbb7\xf5\xdeo\x9fa\x1d\
\xe0A\xd6{\xefM3,\xe5u\x00\x0b\xe5\x11\xc0\x02\
\xb5\xd6v$\xb9%\xd3\x06\x9e\x8f\x0b\x85m`\x86\x8f\
\xf9\xbe?\xc9\xae\xde\xfb\xad\x13\xae\xc1\x00\xee\x00,\xd3\
\xa9\x99\xf6\xff\xf6\xbe$o\x9b\xf0\xf8\xc0\xde{[V\
{r*\x07d\x9e\xd7\x1a03\x01\xb0L/\x9b\xf8\
\xf8\x1f\xed\xbd\xcf\xf1\xec\x11\xf8\x19\xd6{\xf1\xa3\x13/\
3\xf59\x85\x01\x04\xc02=u\xe2\xe3\xff\xd5\xc4\xc7\
\x07\xf6\xcd\xd4{r\xeas\x0a\x03\x08\x80e\xda9\xe1\
\xb1oM\xf2\x99\x09\x8f\x0f\xec\xbb\xcfd\xb57\xa72\
\xe59\x85A\x04\xc0\xc2\xb4\xd6\x0eH\xb2c\xc2%.\
\xeb\xbd\xdf?\xe1\xf1\x81}\xb4\xde\x93\x97M\xb8\xc4\x8e\
\xf5\xb9\x85\x05\xf1\x1f\xba<OJr\xe0\x84\xc7\xbfd\
\xc2c\x03\x1b7\xe5\xde<0\xabs\x0b\x0b\x22\x00\x96\
g\xea[u\xd7L||`c\xa6\xde\x9b\x1e\x03,\
\x8c\x00X\x9e]\x13\x1e\xfb\x8e\xde\xfb\x0f&<>\xb0\
A\xeb\xbd9\xe5_\xe2\x9c\xf2\xdc\xc2\x00\x02`y\xa6\
\xac\xf4=\x13\x1e\x1b\xd8\xbc)\xf7\xa8;\x00\x0b#\x00\
\x96g\xcaJ\xbfe\xc2c\x03\x9b7\xe5\x1eu\x07`\
a\x04\xc0\xf2\xb8\x03\x00u\xb9\x03\xc0^\x13\x00\xcbs\
\xd8\x84\xc7\xbek\xc2c\x03\x9b7\xe5\x1e\x9d\xf2\xdc\xc2\
\x00\x02\x00\x00\x0a\x12\x00\x00P\x90\x00\x00\x80\x82\x04\x00\
\x00\x14$\x00\x00\xa0 \x01\x00\x00\x05\x09\x00\x00(H\
\x00\x00@A\x02\x00\x00\x0a\x12\x00\x00P\x90\x00\x00\x80\
\x82\x04\x00\x00\x14$\x00\x00\xa0 \x01\x00\x00\x05\x09\x00\
\x00(H\x00\x00@A\x02\x00\x00\x0a\x12\x00\x00P\x90\
\x00\x00\x80\x82\x04\x00\x00\x14$\x00\x00\xa0 \x01\x00\x00\
\x05\x09\x00\x00(H\x00\x00@A\x02\x00\x00\x0a\x12\x00\
\x00P\x90\x00\x00\x80\x82\x04\x00\x00\x14$\x00\x00\xa0 \
\x01\x00\x00\x05\x09\x00\x00(H\x00\x00@A\x02\x00\x00\
\x0a\x12\x00\x00P\x90\x00\x00\x80\x82\x04\x00\x00\x14$\x00\
\x00\xa0 \x01\x00\x00\x05\x09\x00\x00(H\x00\x00@A\
\x02\x00\x00\x0a\x12\x00\x00P\x90\x00\x00\x80\x82\x04\x00\x00\
\x14$\x00\x00\xa0 \x01\x00\x00\x05\x09\x00\x00(H\x00\
\x00@A\x02\x00\x00\x0a\x12\x00\x00P\x90\x00\x00\x80\x82\
\x04\x00\x00\x14$\x00\x00\xa0 \x01\x00\x00\x05\x09\x00\x00\
(H\x00\x00@A\x02\x00\x00\x0a\x12\x00\x00P\x90\x00\
\x00\x80\x82\x04\x00\x00\x14$\x00\x00\xa0 \x01\x00\x00\x05\
\x09\x00\x00(H\x00\x00@A\x02\x00\x00\x0a\x12\x00\x00\
P\x90\x00\x00\x80\x82\x04\x00\x00\x14$\x00\x00\xa0 \x01\
\x00\x00\x05\x09\x00\x00(H\x00\x00@A\x02\x00\x00\x0a\
\x12\x00\x00P\x90\x00\x00\x80\x82\x04\x00\x00\x14$\x00\x00\
\xa0 \x01\x00\x00\x05\x09\x00\x00(H\x00\x00@A\x02\
\x00\x00\x0a\x12\x00\x00P\x90\x00\x00\x80\x82\x04\x00\x00\x14\
$\x00\x00\xa0 \x01\x00\x00\x05\x09\x00\x00(H\x00\x00\
@A\x02\x00\x00\x0a\x12\x00\x00P\x90\x00\x00\x80\x82\x04\
\x00\x00\x14$\x00\x00\xa0 \x01\x00\x00\x05\x09\x00\x00(\
H\x00\x00@A\x02\x00\x00\x0a\x12\x00\x00P\x90\x00\x00\
\x80\x82\x04\x00\x00\x14$\x00\x00\xa0 \x01\x00\x00\x05\x09\
\x00\x00(H\x00\x00@A\x02\x00\x00\x0a\x12\x00\x00P\
\x90\x00\x00\x80\x82\x04\x00\x00\x14$\x00\x00\xa0 \x01\x00\
\x00\x05\x09\x00\x00(H\x00\x00@A\x02\x00\x00\x0a\x12\
\x00\x00P\x90\x00\x00\x80\x82\x04\x00\x00\x14$\x00\x00\xa0\
 \x01\x00\x00\x05\x09\x00\x00(H\x00\x00@A\x02\x00\
\x00\x0a\x12\x00\x00P\x90\x00\x00\x80\x82\x04\x00\x00\x14$\
\x00\x00\xa0 \x01\x00\x00\x05\x09\x00\x00(H\x00\x00@\
A\x02\x00\x00\x0a\x12\x00\x00P\x90\x00\x00\x80\x82\x04\x00\
\x00\x14$\x00\x00\xa0 \x01\x00\x00\x05\x09\x00\x00(H\
\x00\x00@A\x02\x00\x00\x0a\x12\x00\x00P\x90\x00\x00\x80\
\x82\x04\x00\x00\x14$\x00\x00\xa0 \x01\x00\x00\x05\x09\x00\
\x00(H\x00\x00@A\x02\x00\x00\x0a\x12\x00\x00P\x90\
\x00\x00\x80\x82\x04\x00\x00\x14$\x00\x00\xa0 \x01\x00\x00\
\x05\x09\x00\x00(H\x00\x00@A\x02\x00\x00\x0a\x12\x00\
\x00P\x90\x00\x00\x80\x82\x04\x00\x00\x14$\x00\x00\xa0 \
\x01\x00\x00\x05\x09\x00\x00(H\x00\x00@A\x02\x00\x00\
\x0a\x12\x00\x00P\x90\x00\x00\x80\x82\x04\x00\x00\x14$\x00\
\x00\xa0 \x01\x00\x00\x05\x09\x00\x00(H\x00\x00@A\
\x02\x00\x00\x0a\x12\x00\x00P\x90\x00\x00\x80\x82\x04\x00\x00\
\x14$\x00\x00\xa0 \x01\x00\x00\x05\x09\x00\x00(H\x00\
\x00@A\x02\x00\x00\x0a\x12\x00\x00P\x90\x00\x00\x80\x82\
\x04\x00\x00\x14$\x00\x00\xa0 \x01\x00\x00\x05\x09\x00\x00\
(H\x00\x00@A\x02\x00\x00\x0a:p\xf4\x00\x90$\
\xad\xb5''\xd93z\x0e\x98\xc1\xce\xde\xfbwG\x0f\
\x01\xee\x00\x00@A\x02\x00\x00\x0a\x12\x00\x00P\x90\x00\
\x00\x80\x82\x04\x00\x00\x14$\x00\x00\xa0 \x01\x00\x00\x05\
\x09\x00\x00(H\x00\x00@A\x02\x00\x00\x0a\x12\x00\x00\
P\x90\x00\x00\x80\x82\x04\x00\x00\x14$\x00\x00\xa0 \x01\
\x00\x00\x05\x09\x00\x00(H\x00\x00@A\x02\x00\x00\x0a\
\x12\x00\x00P\x90\x00\x00\x80\x82\x04\x00\x00\x14$\x00\x00\
\xa0 \x01\x00\x00\x05\x09\x00\x00(H\x00\x00@A\x02\
\x00\x00\x0a\x12\x00\x00P\x90\x00\x00\x80\x82\x04\x00\x00\x14\
$\x00\x00\xa0 \x01\x00\x00\x05\x09\x00\x00(H\x00\x00\
@A\x02\x00\x00\x0a\x12\x00\x00P\x90\x00\x00\x80\x82\x04\
\x00\x00\x14$\x00\x00\xa0 \x01\x00\x00\x05\x09\x00\x00(\
H\x00\x00@A\x02\x00\x00\x0a\x12\x00\x00P\x90\x00\x00\
\x80\x82\x04\x00\x00\x14$\x00\x00\xa0 \x01\x00\x00\x05\x09\
\x00\x00(H\x00\x00@A\x02\x00\x00\x0a\x12\x00\x00P\
\x90\x00\x00\x80\x82\x04\x00\x00\x14$\x00\x00\xa0 \x01\x00\
\x00\x05\x09\x00\x00(H\x00\x00@A\x02\x00\x00\x0a\x12\
\x00\x00P\x90\x00\x00\x80\x82\x04\x00\x00\x14$\x00\x00\xa0\
 \x01\x00\x00\x05\x09\x00\x00(H\x00\x00@A\x02\x00\
\x00\x0a\x12\x00\x00P\x90\x00\x00\x80\x82\x04\x00\x00\x14$\
\x00\x00\xa0 \x01\x00\x00\x05\x09\x00\x00(H\x00\x00@\
A\x02\x00\x00\x0a\x12\x00\x00P\x90\x00\x00\x80\x82\x04\x00\
\x00\x14$\x00\x00\xa0 \x01\x00\x00\x05\x09\x00\x00(H\
\x00\x00@A\x02\x00\x00\x0a\x12\x00\x00P\x90\x00\x00\x80\
\x82\x04\x00\x00\x14$\x00\x00\xa0 \x01\x00\x00\x05\x09\x00\
\x00(H\x00\x00@A\x02\x00\x00\x0a\x12\x00\x00P\x90\
\x00\x00\x80\x82\x04\x00\x00\x14$\x00\x00\xa0 \x01\x00\x00\
\x05\x09\x00\x00(H\x00\x00@A\x02\x00\x00\x0a\x12\x00\
\x00P\x90\x00\x00\x80\x82\x04\x00\x00\x14$\x00\x00\xa0 \
\x01\x00\x00\x05\x09\x00\x00(H\x00\x00@A\x02\x00\x00\
\x0a\x12\x00\x00P\x90\x00\x00\x80\x82\x04\x00\x00\x14$\x00\
\x00\xa0 \x01\x00\x00\x05\x09\x00\x00(H\x00\x00@A\
\x02\x00\x00\x0a\x12\x00\x00P\x90\x00\x00\x80\x82\x04\x00\x00\
\x14$\x00\x00\xa0 \x01\x00\x00\x05\x09\x00\x00(H\x00\
\x00@A\x02\x00\x00\x0a\x12\x00\x00P\x90\x00\x00\x80\x82\
\x04\x00\x00\x14$\x00\x00\xa0 \x01\x00\x00\x05\x09\x00\x00\
(H\x00\x00@A\x02\x00\x00\x0a\x12\x00\x00P\x90\x00\
\x00\x80\x82\x04\x00\x00\x14$\x00\x00\xa0 \x01\x00\x00\x05\
\x09\x00\x00(H\x00\x00@A\x02\x00\x00\x0a\x12\x00\x00\
P\x90\x00\x00\x80\x82\x04\x00\x00\x14$\x00\x00\xa0 \x01\
\x00\x00\x05\x09\x00\x00(H\x00\x00@A\x02\x00\x00\x0a\
\x12\x00\x00P\x90\x00\x00\x80\x82\x04\x00\x00\x14$\x00\x00\
\xa0 \x01\x00\x00\x05\x09\x00\x00(H\x00\x00@A\x02\
\x00\x00\x0a\x12\x00\x00P\x90\x00\x00\x80\x82\x04\x00\x00\x14\
$\x00\x00\xa0 \x01\x00\x00\x05\x09\x00\x00(H\x00\x00\
@A\x02\x00\x00\x0a\x12\x00\x00P\x90\x00\x00\x80\x82\x04\
\x00\x00\x14$\x00\x00\xa0 \x01\x00\x00\x05\x09\x00\x00(\
H\x00\x00@A\x02\x00\x00\x0a\x12\x00\x00P\x90\x00\x00\
\x80\x82\x04\x00\x00\x14$\x00\x00\xa0 \x01\x00\x00\x05\x09\
\x00\x00(H\x00\x00@A\x02\x00\x00\x0a\x12\x00\x00P\
\x90\x00\x00\x80\x82\x04\x00\x00\x14$\x00\x00\xa0 \x01\x00\
\x00\x05\x09\x00\x00(H\x00\x00@A\x02\x00\x00\x0a\x12\
\x00\x00P\x90\x00\x00\x80\x82\x04\x00\x00\x14$\x00\x00\xa0\
 \x01\x00\x00\x05\x09\x00\x00(H\x00\x00@A\x02\x00\
\x00\x0a\x12\x00\x00P\x90\x00\x00\x80\x82\x04\x00\x00\x14$\
\x00\x00\xa0 \x01\x00\x00\x05\x09\x00\x00(H\x00\x00@\
A\x02\x00\x00\x0a\x12\x00\x00P\x90\x00\x00\x80\x82\x04\x00\
\x00\x14$\x00\x00\xa0 \x01\x00\x00\x05\x09\x00\x00(\xe8\
\xc0\xd1\x03\xb0\xe5\xee\x9d\xf0\xd8\x8f\x9a\xf0\xd8\xb7'\xf9\
\x83\x09\x8f\x0f\xdb\xc5\xed\x13\x1e{\xca=:\xe5\xb9\x85\
\x01\x04\xc0\xf2\xdc:\xe1\xb1wLu\xe0\xde\xfb\x1dI\
.\x98\xea\xf8P\xc4d{4\xd3\x9e[\x18\xc0#\x80\
\xe5\xb9e\xc2c\xef\x9a\xf0\xd8\xc0\xe6M\xb9G\xa7<\
\xb70\x80\x00X\x9e=\x13\x1e{\xe7\x84\xc7\x066o\
\xca=:\xe5\xb9\x85\x01\x04\xc0\xf2LY\xe9Oh\xad\
\x1d2\xe1\xf1\x81\x0dZ\xef\xcd'L\xb8\x84;\x00\x0b\
#\x00\x96g\xeaJ\xff\xc5\x89\x8f\x0fl\xcc\xd4{\xd3\
\x1d\x80\x85\x11\x00\xcb\xb3'I\x9f\xf0\xf8\xa7Oxl\
`\xe3\xa6\xdc\x9b=\x02`q\x04\xc0\xc2\xf4\xde\xefI\
r\xdb\x84K\x9c1\xe1\xb1\x81\x8d\x9bro\xde\xb6>\
\xb7\xb0 \x02`\x99\xa6,\xf5g\xb6\xd6\x8e\x9b\xf0\xf8\
\xc0>Z\xef\xc9gN\xb8\x84\xdf\xfe\x17H\x00,\xd3\
\xd4/\xd6\xf9\x8d\x89\x8f\x0f\xec\x9b\xa9\xf7\xa4\x17\x00.\
\x90\x00X\xa6\xab'>\xfe\x9b[kS\xbe\xda\x18\xd8\
K\xeb\xbd\xf8\xe6\x89\x97\x99\xfa\x9c\xc2\x00\x02`\x99.\
\x99\xf8\xf8\x8fM\xf2\x8e\x89\xd7\x00\xf6\xce;\xb2\xda\x93\
S\x9a\xfa\x9c\xc2\x00\xad\xf7)_0\xce(\xad\xb5\xaf\
%9v\xc2%\xeeNr|\xef\xfd?&\x5c\x03x\
\x04\xad\xb5\x9fO\xf2\x95$S~>\xc7\xd7{\xefO\
\x9f\xf0\xf8\x0c\xe2\x0e\xc0r]:\xf1\xf1\x0fI\xf2\xfe\
\x89\xd7\x00\x1e\xd9\xfb3\xed\xc5?\x99\xfe\x5c\xc2 \x02\
`\xb9\xe6\xb8ewfk\xed\xdc\x19\xd6\x01\x1ed\xbd\
\xf7\xce\x9ca)\xb7\xff\x17\xca#\x80\x85j\xad\x1d\x90\
\xd5[w\x9e4\xf1R\xf7'9\xb5\xf7\xfe\x89\x89\xd7\
\x01\xd6Zk\xafHrY\xa6\xff%\xee?\x93\xec\xec\
\xbd\xdf?\xf1:\x0c\xe0\x0e\xc0B\xad7\xec\xe53,\
u@\x92\x8f\xb5\xd6\x9e1\xc3ZP\xdez\xaf},\
\xf3\x9c\xbf/w\xf1_.\x01\xb0ls\xdd\xba{L\
\x92\xabZk'\xcd\xb4\x1e\x94\xb4\xdecWe\xb5\xe7\
\xe6\xe0\xf6\xff\x82y\x04\xb0`\xad\xb5C\xb3\xfa\x00\x8f\
\xc7\xcf\xb4\xe4\x8f\x92\xfc^\xef\xfdC3\xad\x07e\xb4\
\xd6\xde\x98\xe4\xcf\x92\x1c4\xd3\x92\xdfK\xb2\xab\xf7~\
\xd7L\xeb13w\x00\x16l\xbdq/\x98q\xc9\x83\
\x92|\xb0\xb5\xf6\x81\xd6\xdaa3\xae\x0b\x8b\xd5Z;\
\xac\xb5\xf6\x81$\x1f\xcc|\x17\xff$\xb9\xc0\xc5\x7f\xd9\
\xdc\x01X\xb8\xf5]\x80\xaf&9z\xe6\xa5oNr\
^\x92\x0b=C\x84}\xb7~!\xefk\x92\xbc+\xc9\
Q3/\xff\xed$\xc7\x09\x80es\x07`\xe1\xd6\x1b\
\xf8\xfc\x01K\x1f\x95\xe4\xaf\x92\xdc\xd0Z\xfb\xb5\x01\xeb\
\xc3~k\xbdgn\xc8j\x0f\xcd}\xf1O\x92\xf3]\
\xfc\x97\xcf\x1d\x80\x02\xd6\xbfI\xfck\x92g\x0f\x1c\xe3\
\xe6\xac\xde\xb6tY\x92+\xfdiQ\xf8\xb1\xd6\xda\xc1\
I^\x92\xe4\xd4\xf5\xd7\x88\x8b\xfe\x03\xbe\x98\xe4\x97\xdc\
\xb9[>\x01P\xc4\xfa}\xc3W\x8c\x9ec\xed\xf6$\
\xd7&\xf9NV/R\xdc\xb3\xfe~\xe7\xc8\xa1`&\
\x87'\xd9\x95d\xe7\xfa\xfb\x91INL\xf2\xe8\x91C\
\xfd\x84S|\xaeG\x0d\x02\xa0\x90\xd6\xda\xbf$9y\
\xf4\x1c\xc0\xb6uU\xef\xfdWG\x0f\xc1<\x04@!\
\xad\xb5\xddY\xfd\xe6\x0d\xf0pN\xec\xbd_7z\x08\
\xe6\xe1E\x80\x85\xac7\xf6\x85\xa3\xe7\x00\xb6\xa5\x0b]\
\xfckq\x07\xa0\x98\xf5\xfb\xf3\xafN\xf2\xfc\xd1\xb3\x00\
\xdb\xc6\xe7\x93\xfcJ\xef\xfd\x87\xa3\x07a>\x02\xa0\xa0\
\xd6\xdaQI>\x9b\xe4\xc9\xa3g\x01\x86\xfbn\x92_\
\xee\xbd\xdf<z\x10\xe6\xe5\x11@A\xeb\x8d~F\x92\
\xbbG\xcf\x02\x0cuw\x923\x5c\xfck\x12\x00E\xf5\
\xde\xafM\xf2\x86\xd1s\x00C\xbda}.\xa0 \x01\
PX\xef\xfd\xc2$\xef\x1b=\x070\xc4\xfb\xd6\xe7\x00\
\x8a\xf2\x1a\x80\xe2\xd6\x9f\x12xy\x92\x97\x8f\x9e\x05\x98\
\xcd'\x93\xbc\xd2\xa7\xfd\xd5&\x00Hk\xed1I>\
\x91\xe4\xc5\xa3g\x01&wM\x92W\xf4\xde\x7f0z\
\x10\xc6\xf2\x08\x80\xacO\x04/M\xf2\x91\xd1\xb3\x00\x93\
\xfaH\x92\x97\xba\xf8\x93\x08\x00\xd6z\xef\xf7\xf4\xde_\
\x97\xe4-I\xee\x1b=\x0f\xb0\xa5\xeeK\xf2\x96\xde\xfb\
\xeb\xfc!.\x1e\xe0\x11\x00\x0f\xb1\xfeS\xa4\x7f\x97\xe4\
\xb1\xa3g\x016\xed\x7f\x92\x9c\xdd{\xff\xe7\xd1\x83\xb0\
\xbd\x08\x00\x1eVk\xed\xf8\xac^\x1cx\xec\xe8Y\x80\
\x0d\xfbzV/\xf6\xfb\xca\xe8A\xd8~<\x02\xe0a\
\xadO\x18'$\xf9\xd4\xe8Y\x80\x0d\xf9T\x92\x13\x5c\
\xfc\xf9i\x04\x00?U\xef\xfd{I^\x96\xe4\x8dI\
\xf6\x0c\x1e\x07\xd8;{\xb2\xda\xb3/[\xefaxX\
\x1e\x01\xb0WZk\x87'ys\x92\xb7&y\xcc\xe0\
q\x80\x87\xfaA\x92\xf7&\xf9\x93\xde\xfb\x9d\xa3\x87a\
\xfb\x13\x00\xec\x93\xd6\xda\xcf%9/\xc9o'9x\
\xf08@rO\x92\x0f&yW\xef\xfd\xbfF\x0f\xc3\
\xfeC\x00\xb0!\xad\xb5\xa7%yw\x92\xb3\x93\xb4\xc1\
\xe3@E=\xabw\xeb\xfca\xef\xfd\x1b\xa3\x87a\xff\
#\x00\xd8\x94\xd6\xda\xf3\x92\xfcV\x92\xd3\x92<u\xec\
4P\xc27\x93\x5c\x9a\xe4\xa3\xbd\xf7\x1bF\x0f\xc3\xfe\
K\x00\xb0eZk\xcf\xcd*\x04NO\xf2\xdc\xc1\xe3\
\xc0\x92|!\xc9%I.\xed\xbd\x7fa\xf40,\x83\
\x00`\x12\xad\xb5\xa7f\x15\x03\xa7%9)\xc9\x81c\
'\x82\xfd\xca\xbdI>\x9d\xd5o\xfa\x97\xf6\xde\xbf9\
x\x1e\x16H\x000\xb9\xd6\xda\x11I\x8eN\xb2k\xfd\
\xb5\xf3A\xdf\x1f\xf8\xf7\xe1\xa3f\x84\x19\xdd\x99\xd5[\
\xf5nY\x7f\xedy\xd0\xf7[\x92|\xbb\xf7~\xc7\xb0\
\x09)\xe1\x7f\x01a\xc6\xad\x8b\xbc\xb9\x17x\x00\x00\x00\
\x00IEND\xaeB`\x82\
\x00\x00\x01e\
<\
svg xmlns=\x22http:\
//www.w3.org/200\
0/svg\x22 height=\x222\
4\x22 viewBox=\x220 -9\
60 960 960\x22 widt\
h=\x2224\x22><path d=\x22\
M784-120 532-372\
q-30 24-69 38t-8\
3 14q-109 0-184.\
5-75.5T120-580q0\
-109 75.5-184.5T\
380-840q109 0 18\
4.5 75.5T640-580\
q0 44-14 83t-38 \
69l252 252-56 56\
ZM380-400q75 0 1\
27.5-52.5T560-58\
0q0-75-52.5-127.\
5T380-760q-75 0-\
127.5 52.5T200-5\
80q0 75 52.5 127\
.5T380-400Z\x22/></\
svg>\
\x00\x00\x01Z\
<\
svg xmlns=\x22http:\
//www.w3.org/200\
0/svg\x22 width=\x2224\
\x22 height=\x2224\x22 vi\
ewBox=\x220 0 24 24\
\x22 fill=\x22none\x22 st\
roke=\x22currentCol\
or\x22 stroke-width\
=\x222\x22 stroke-line\
cap=\x22round\x22 stro\
ke-linejoin=\x22rou\
nd\x22 class=\x22feath\
er feather-menu\x22\
><line x1=\x223\x22 y1\
=\x2212\x22 x2=\x2221\x22 y2\
=\x2212\x22></line><li\
ne x1=\x223\x22 y1=\x226\x22\
 x2=\x2221\x22 y2=\x226\x22>\
</line><line x1=\
\x223\x22 y1=\x2218\x22 x2=\x22\
21\x22 y2=\x2218\x22></li\
ne></svg>\
\x00\x00\x01>\
<\
?xml version=\x221.\
0\x22?><svg viewBox\
=\x220 0 320 512\x22 x\
mlns=\x22http://www\
.w3.org/2000/svg\
\x22><path d=\x22M96 4\
80c-8.188 0-16.3\
8-3.125-22.62-9.\
375c-12.5-12.5-1\
2.5-32.75 0-45.2\
5L242.8 256L73.3\
8 86.63c-12.5-12\
.5-12.5-32.75 0-\
45.25s32.75-12.5\
 45.25 0l192 192\
c12.5 12.5 12.5 \
32.75 0 45.25l-1\
92 192C112.4 476\
.9 104.2 480 96 \
480z\x22/></svg>\
\x00\x00\x01@\
<\
?xml version=\x221.\
0\x22?><svg viewBox\
=\x220 0 448 512\x22 x\
mlns=\x22http://www\
.w3.org/2000/svg\
\x22><path d=\x22M416 \
352c-8.188 0-16.\
38-3.125-22.62-9\
.375L224 173.3l-\
169.4 169.4c-12.\
5 12.5-32.75 12.\
5-45.25 0s-12.5-\
32.75 0-45.25l19\
2-192c12.5-12.5 \
32.75-12.5 45.25\
 0l192 192c12.5 \
12.5 12.5 32.75 \
0 45.25C432.4 34\
8.9 424.2 352 41\
6 352z\x22/></svg>\
\x00\x00\x01?\
<\
?xml version=\x221.\
0\x22?><svg viewBox\
=\x220 0 320 512\x22 x\
mlns=\x22http://www\
.w3.org/2000/svg\
\x22><path d=\x22M224 \
480c-8.188 0-16.\
38-3.125-22.62-9\
.375l-192-192c-1\
2.5-12.5-12.5-32\
.75 0-45.25l192-\
192c12.5-12.5 32\
.75-12.5 45.25 0\
s12.5 32.75 0 45\
.25L77.25 256l16\
9.4 169.4c12.5 1\
2.5 12.5 32.75 0\
 45.25C240.4 476\
.9 232.2 480 224\
 480z\x22/></svg>\
\x00\x00\x1cb\
\x89\
PNG\x0d\x0a\x1a\x0a\x00\x00\x00\x0dIHDR\x00\
\x00\x02\x00\x00\x00\x02\x00\x08\x06\x00\x00\x00\xf4x\xd4\xfa\
\x00\x00\x00\x04sBIT\x08\x08\x08\x08|\x08d\x88\
\x00\x00\x1c\x19IDATx\x9c\xed\xddy\xb4\xadg\
A\xdf\xf1on\x02\x81\x10\x01\x09\x06B\x05\x83\x82\x82\
\x0c\x8a\x03]\x8aTP\x8b8\xe0\x80\xe0\xb2@@\x9c\
*(\x22B-\xd5\xb6V\x06-\x0e\xa0\xa2\xa0\xa8T\
\x04\xadC[\x11\x9c\x11\x10\x14A-F\x06QdI\
\x0e\x8a\x10\x83\x22\x09\x83\x84L\xfd\xe3\xcd\xad\xd7\xeb\x1d\
\xce>g\xef\xfd\xecw\xef\xcfg\xad\xb3r\xef\x19\xf6\
\xfb\xcbJ\xee}~\xfby\x9f\xe7y\x0b\x00\x00\x00\x00\
\x00\x00\x00\x00\x00\x00\x00\x00\x00\x00\x00\x00\x00\x00\x00\x00\
\x00\x00\x00\x00\x00\x00\x00\x00\x00\x00\x00\x00\x00\x00\x00\x00\
\x00\x00\x00\x00\x00\x00\x00\x00\x00\x00\x00\x00\x00\x00\x00\x00\
\x00\x00\x00\x00\x00\x00\x00\x00\x00\x00\x00\x00\x00\x00\x00\x00\
\x00\x00\x00\x00\x00\x00\x00\x00\x00\x00\x00\x00\x00\x00\x00\x00\
\x00\x00\x00\x00\x00\x00\x00\x00\x00\x00\x00\x00\x00\x00\x00\x00\
\x00\x00\x00\x00\x00\x00\x00\x00\x00\x00\x00\x00\x00\x00\x00\x00\
\x00\x00\x00\x00\x00\x00\x00\x00\x00\x00\x00\x00\x00\x00\x00\x00\
\x00\x00\x00\x00\x00\x00\x00\x00\x00\x00\x00\x00\x00\x00\x00\x00\
\x00\x00\x00\x00\x00\x00\x00\x00\x00\x00\x00\x00\x00\x00\x00\x00\
\x00\x00\x00\x00\xf8g\xce\x18\x1d`\x89n]]x\xfd\
\xc7\xf9\xd5y\xd7\x7f\xdc\xa0\xfa\xb0\xea\xacQ\xc1\x00\xa8\
\xea=\xd5u\xd5\xbb\xab\xbf\xab\xfe\xbe\xfa\xabj\xaf\xfa\
\xeb\xea\xaaa\xc9v\xd0\x5c\x0b\xc0\xed\xab\xfbT\xf7\xac\
\xee^\xdd\xadi\x90\x07`\x9e\xae\xae\xde\x5c\xbd\xbe\xba\
\xb8zE\xf5\xda\xea\x9a\x91\xa1\xb6\xd9\x5c\x0a\xc0m\xaa\
\xcf\xaa\xee{\xfd\xc7\xed\xc7\xc6\x01`\x0d.\xaf^Y\
\xbd\xaczyS9\xb8nh\xa2-\xb2\xc9\x05\xe0f\
\xd5\x17W\x17U\x9f\xddfg\x05`\xf5\xde^\xfdL\
\xf5\xdc\xea/\x06g\x99\xbdM\x1bT\xcf\xaa\xee\xdf4\
\xe8\x7fQu\xa3\xb1q\x00\xd8P\xaf\xa9\x9e_\xfd\x5c\
\xd3\x9a\x02\x16\xb4)\x05\xe0\x86\xd5WT\xff\xb9\xba\xe3\
\xe0,\x00\xcc\xc7\x95\xd5\xf3\xaa'7\xcd\x10\xb0O\xa3\
\x0b\xc0M\xaa\xaf\xa9\x9eP}\xe4\xe0,\x00\xcc\xd7\x87\
\xaa\x9f\xaf\x9e\x92\xdb\x03\xfb2\xaa\x00\xdc\xa0\xfa\xa6\xea\
\x89\xd5-\x07e\x00`\xfb\x5c]\xbd\xa0\xfa\xb6\xea\x9d\
\x83\xb3l\xb43\x07\x5c\xf3\xde\xd5/7\xdd\xe7?g\
\xc0\xf5\x01\xd8^G\xaaO\xac\xbe\xbei\x0b\xe1\x1fT\
\xd7\x0eM\xb4\xa1\xd69\x03p\x8b\xea\xbb\xab\xaf]\xf3\
u\x01\xd8]\xaf\xab\x1e]\xfd\xfe\xe8 \x9bf]3\
\x00\x0f\xad~\xa3\xfa\x8c\x0c\xfe\x00\xac\xcf\xad\xabGV\
\xb7j:K\xe0\xea\xb1q6\xc7\xaa\x07\xe3\x1bUO\
k\xba\xdf\x0f\x00#\xbd\xa9\xfa\xf2\xeaOG\x07\xd9\x04\
\xab\x9c\x01\xf8\xb8\xea\xb7\x9a\xf6\xf3\x03\xc0h\x1fQ=\
\xbc\xe9\xf9\x03o\x18\x9ce\xb8U\x15\x80\x87V/\xaa\
n\xbb\xa2\xd7\x07\x80\x83\xb8a\xf5\xc0\xea_5\xbdI\
\xdd\xd9g\x0d\xac\xe2\x16\xc0c\xabg\xac\xe8\xb5\x01`\
Y~\xa7\xfa\x92\xa6g\x0e\xec\x9ce\x0e\xd2gT\xdf\
\xd3t\xa8\x0f\x00\xcc\xc1\x1b\x9a\x8e\xa0\x7f\xc7\xe8 \xeb\
\xb6\xac\x02pV\xf5\x9c\xa6\x95\x96\x000'\x97T\x9f\
[\xbdet\x90uZF\x018\xbbzaS\x83\x02\
\x809\xba\xb4\xfa\x9cvh\x87\xc0a\x0b\xc0\x91\xa6'\
1=x\x09Y\x00`\xa4wT\xf7\xaa\xf6\x06\xe7X\
\x8b#\x87\xfc\xf9\x1f\xc8\xe0\x0f\xc0v\xb8M\xf5\x92\xea\
\xfc\xd1A\xd6\xe10\x05\xe0I\xd5c\x96\x15\x04\x006\
\xc0\x1d\xaa_\xa9\xce\x1d\x1dd\xd5\x0ez\x0b\xe0Q\xd5\
\xb3\x96\x19\x04\x006\xc8oT\x0fh\x8b\x8f\x0e>\xc8\
A@\xf7\xac~\xe1\x80?\x0b\x00sp\x87\xa6Y\xf2\
\x97\x8f\x0e\xb2*\x8b\xce\x00|x\xf5\xda\xea\xf6+\xc8\
\x02\x00\x9b\xe4\xda\xea\xf3\xab\xdf\x1c\x1dd\x15\x16Y\x03\
pF\xf5\xdc\x0c\xfe\x00\xec\x86#\xd5\xf3\x9b\x16\x07n\
\x9dE\x0a\xc0\xe3\x9a\x8eL\x04\x80]\xf1\x11\xd5\xcf\xb6\
\x85\xb7\xbd\xf7\xfb/t\x97\xea\x17\x17\xf8~\x00\xd8\x16\
\x17V\x1f\xa8^58\xc7R\xedg\x0d\xc0\x19\xd5K\
\xab\xfb\xae8\x0b\x00l\xaa\x0f4\xbd\x19\xde\x1b\x9cc\
i\xf6s\x0b\xe0\xa2\x0c\xfe\x00\xec\xb6s\xaa\xa7\x8f\x0e\
\xb1L\xa7\x9b\x01\xb8i\xf5\xe7\xd5\x05k\xc8\x02\x00\x9b\
\xee\x01M\x07\x05\xcd\xde\xe9f\x00\xbe;\x83?\x00\x1c\
\xf5\xc3M\xb3\x01\xb3w\xaaE}w\xac\xfeG\x87\x7f\
^\x00\x00l\x8b\x9bW\xffP\xbdzt\x90\xc3:\xd5\
\xe0\xfe\xc4\xac\xfa\x07\x80\xe3=\xa1\xba\xf1\xe8\x10\x87u\
\xb2\x01\xfe\xb6\xd5O\x9c\xe2\xeb\x00\xb0\xab\xce\xad\xdeY\
\xfd\xd1\xe8 \x87q\xb2\x19\x80\xffX\xddp\x9dA\x00\
`Ff?N\x9e\xe8\x1d\xfe\xad\xaa\xe7U7Xs\
\x16\x00\x98\x8b\x9b5\x9d\x09p\xf1\xe0\x1c\x07v\xa2\x19\
\x80G\xb5\x05\xf76\x00`\xc5\xbeet\x80\xc38\xfe\
\x1c\x803\xaa\xb7T\x1f3 \x0b\x00\xcc\xcd'W\x7f\
<:\xc4A\x1c?\x03p\xef\x0c\xfe\x00\xb0_\x17\x8d\
\x0epP\xc7\x17\x80\xd9\xfe\x8b\x00\xc0\x00\x0fi\xa6k\
\xe6\x8e-\x007\xaa\x1e4*\x08\x00\xcc\xd0\xf9\xd5\xfd\
F\x878\x88c\x0b\xc0\x176\x9dp\x04\x00\xec\xdfC\
G\x078\x88c\x0b\xc0\xe7\x0eK\x01\x00\xf3u\xbff\
xl\xfe\xb1\x81=\xf2\x17\x00\x16w^u\xb7\xd1!\
\x16u\xb4\x00\xdc.\xab\xff\x01\xe0\xa0>kt\x80E\
\x1d-\x00\x9f=4\x05\x00\xcc\xdb\xecf\xd1\x8f\x16\x80\
\xd9\x05\x07\x80\x0dr\x9f\xea\xac\xd1!\x16q\xb4\x00\xdc\
kh\x0a\x00\x98\xb7\x0f\xab\xee::\xc4\x22\x8e4\x85\
\xbe\xfd\xe8 \x000sw\x1f\x1d`\x11G\x9a\x02\x1f\
\xffL\x00\x00`1\xb3\xda\x09p\xa4\xfa\xb8\xd1!\x00\
`\x0b\xdcyt\x80E\x1c\xa9.\x1c\x1d\x02\x00\xb6\xc0\
\x85\xa3\x03,B\x01\x00\x80\xe5\xb8pt\x80E\x9cU\
\xddft\x08`\x88wV\x7f^]Q\xdd\xb8\xfa\xe8\
\xa6\x03\xc1\xac\x09\x82\x83\xb9I\xd33u\xde3:\xc8\
~\x9c\xd5t\x84!\xb0\x1b.\xad\x9e]\xbd\xa0z\xeb\
\x09\xbe\xfe\xaf\xaa\x07V\x8f\xaf>j\x8d\xb9`[\x9c\
\xd7L\x0a\xc0\x91\xea\x96\xa3C\x00+w]\xf5\x83M\
\x8b~\x9f\xd4\x89\x07\xff\xaa\xbf\xa9\x9eY}l\xf5_\
\xaak\xd6\x92\x0e\xb6\xc7l\xdeT\x1f\xa9\xce\x1d\x1d\x02\
X\xa9\xab\xaa\x87U\xdf\xdc4\xdd\xbf\x1f\x1f\xaa\x9eR\
\xdd\xbf\xfa\xc0\x8ar\xc16\xfa\xb0\xd1\x01\xf6\xebHu\
\xf6\xe8\x10\xc0J=\xba\xfa\xd9\x03\xfe\xecoW_\x96\
\x99\x00\xd8\xaf\xd9\x8c\xa9G\xaa\x1b\x8e\x0e\x01\xac\xcc\x8f\
V?q\xc8\xd7\xf8\x8d\xea\xe9K\xc8\x02\xbb`V\x05\
\xe0\xcc\xd1!\x80\x95\xf8\xb3\xa6\xc5|\xcb\xf0\x1d\xd5\xbb\
\x96\xf4Z\xb0\xcdf\xf3@\xa0#\xa7\xff\x16`\x86\xae\
\xac\x1e\xd2\xf2\xee\xdf\xffc\xd3\xee\x01`K(\x00\xb0\
\x9d\xfeS\xf5'K~\xcd_Z\xf2\xeb\x01\x03)\x00\
\xb0}~\xab\xfa\x81\x15\xbc\xee\xeb\xaa\xcbW\xf0\xba\xc0\
\x00\x0a\x00l\x97\xbf\xab\xbe\xb2i\xdf\xff\xb2]\xd7t\
N\x00\xb0\x05f\xb3X\x018\xad\xeb\xaa\xafj:\xe2\
wU\x9c\x09\x00\xa7\xf6\xb8\xea\xc1'\xf8\xfc\x15\xd5\xfb\
\xaf\xff\xb8\xaczK\xf5\xe6\xea\x92\x06m\xb3U\x00`\
{<\xbbz\xf1\x8a\xaf\xf1\xe1+~}\x98\xbbO[\
\xf0\xfb?T\xfdq\xf5\xb2\xea\xe5\xd5\xab\x9a\x16\xdd\xae\
\xdc\x19\xadf\xaa\x10X\xaf7U\x9f\xd2j\xff\xe28\
\xb3z_u\xa3\x15^\x03v\xdd\x07\xaa\x17V\xcf\xaf\
^\xd2\x0ag\x07\x14\x00\x98\xbf+\xab\x7f\xdd\xb4Ho\
\x95\xee\xd04m\x09\xac\xc7;\x9bf\xf6\x9e\xd9\x0a\x1e\
0d\x11 \xcc\xdf\x13[\xfd\xe0_\xf5\xf1k\xb8\x06\
\xf0O.hzx\xd7\xdb\xaa\xefj\xc9\x0f\xefS\x00\
`\xde~\xab\xe9)\x7f\xebp\x975]\x07\xf8\xe7n\
\xdat\xb6\xc7[\xaa\xc7\xb6\xa4\x13|\x15\x00\x98\xaf\xcb\
\xaaG\xb4\xbe\xdbxw^\xd3u\x80\x13\xbby\xd3\x19\
\x1f\xbf_}\xc2a_L\x01\x80y\xba\xae\xfa\x9a\xea\
\xd25^\xd3-\x00\xd8\x0c\xf7\xac\xfe\xa0i6\xe0\xc0\
,\x02\x84y\xfa\xe1\xea1k\xbc\xde\x91\xa6}\xcc7\
Y\xe35\x81\xd3\xfb\xc5\xa67\x03W,\xfa\x83\x0a\x00\
\xcc\xcf:\xb6\xfc\x1d\xef\xf6\xd5[\xd7x=`\xff\xde\
X\xdd\xbf\x05O\xeat\x0b\x00\xe6\xe5\xe8S\xfe\xd69\
\xf8\x97\xe9\x7f\xd8dw\xad~\xaf\xfa\xd8E~H\x01\
\x80y\xf9\xd6\xd6\xb3\xe5\xefx\x16\x00\xc2f\xbb\xb0z\
e\x0b\x94\x00\x05\x00\xe6\xe37\x9b\x0e\x04\x19\xc1\x0c\x00\
l\xbe[U\xbf]\xddv?\xdf\xac\x00\xc0<\xfcm\
\xeb\xdd\xf2w<\x05\x00\xe6\xe1\xb6\xd5\xaf4m\x19<\
%\x05\x006\xdf\xd1-\x7f\x7f;\xe8\xfagTw\x1a\
tm`qw\xaf^\xd0\xf4g\xf7\xa4\x14\x00\xd8|\
\xcflj\xf4\xa3|du\xb3\x81\xd7\x07\x16\xf7\x05M\
\x8f&>)\xdb\x00a\xb3\xbd\xa1\xe9\xd0\x8f\x0f\x0e\xcc\
p\xbf\xa6\xf5\x07\xc0\xbc\x5cU\xdd\xbb\xe9\xd0\xa0\x7f\xc1\
\x0c\x00l\xae+\xab\x875v\xf0/\xcf\x00\x80\xb9\xba\
A\xf5\x93\xd7\xff\xf3_P\x00`s=\xa1z\xfd\xe8\
\x10\xd9\x02\x08sv\x97\xea\x9bN\xf4\x05\xb7\x00`3\
\xfdj\xf5\x806\xe3\xcf\xe7\xefV\x9f1:\x04p`\
\xefk*\xf2o?\xf6\x93f\x00`\xf3\x5c\xd6\xb4\xea\
\x7f\x13\x06\xff\xb2\x05\x10\xe6\xee\xdc\xea\xdb\x8e\xff\xa4\x19\
\x00\xd8,\xd75\xbd\xf3\xff\xd5\xd1A\xaewA\xf5\x8e\
\xd1!\x80C\xbb\xb2\xfa\x98\x8ey^\x80\x19\x00\xd8,\
?\xd8\xe6\x0c\xfe\xe5\xdd?l\x8b\xb3\xabo9\xf6\x13\
\x0a\x00l\x8e\xd7WO\x1c\x1d\xe28\x16\x00\xc2\xf6\xf8\
\xba\x8ey\xa4\xb7\x02\x00\x9b\xe1\x83\xd5EM\xd3t\x9b\
\xc4\x0c\x00l\x8fs\xab\x07\x1e\xfd\x8d\x02\x00\x9b\xe1\xf1\
m\xc6\x96\xbf\xe3)\x00\xb0].:\xfa\x0b\x8b\x00a\
\xbc\x17W_\xdcf\xfeY\xfc\xdb\xea\xfc\xd1!\x80\xa5\
\xb9\xa6\xe9x\xefK\xcd\x00\xc0X\x97U_\xdbf\x0e\
\xfe\xb7\xcc\xe0\x0f\xdb\xe6\xcc\xeas\xca-\x00\x18\xe9\xba\
\xea\x91\x8d{\xca\xdf\xe98\x02\x18\xb6\xd3}K\x01\x80\
\x91\x9eQ\xfd\xda\xe8\x10\xa7\xe0\xfe?l'3\x000\
\xd0\x9ft\x82\x93\xb96\x8c-\x80\xb0\x9dnW]\xa0\
\x00\xc0\xfa}\xb0zx\x9b\xb7\xe5\xefxf\x00`{\
}\x9c\x02\x00\xeb\xf7\xb8\xea\x0d\xa3C\xec\x83\x02\x00\xdb\
K\x01\x805\xfb\xe5\xeaGG\x87\xd8\x87\x9b7=\x07\
\x00\xd8N\x0a\x00\xac\xd1\xdfV\xff~t\x88}\xb2\x03\
\x00\xb6\xdb\xf9\x0a\x00\xac\xc7\xa6o\xf9;\x9e\xe9\x7f\xd8\
n7U\x00`=\xbe\xbf\xfa\xf5\xd1!\x16`\x07\x00\
l\xb7\x0fS\x00`\xf5.\xae\xbe}t\x88\x05)\x00\
\xb0\xdd\xceU\x00`\xb5>P=\xa4\xfa\xd0\xe8 \x0b\
\xb2\x06\x00\xb6\xdb\x99\x0a\x00\xac\xd6\xe3\xaa?\x1f\x1db\
A\xe76=,\x04\xd8b\x0a\x00\xac\xce\x0b\xab\xe7\x8c\
\x0eq\x00wizR(\xb0\xc5\x14\x00X\x8d\xbfi\
z\xca\xdf\x1c\xd9\x01\x00;@\x01\x80\xe5\xbb\xb6zD\
\xf5w\xa3\x83\x1c\x90\x05\x80\xb0\x03\x14\x00X\xbe\xef\xab\
^::\xc4!\x98\x01\x80\x1d\xa0\x00\xc0r\xfdq\xf5\
_F\x878$\x05\x00v\x80\x02\x00\xcb\xf3\xfe\xea\xa1\
\xcdo\xcb\xdf\xb1\xce\xa9>jt\x08`\xf5\x14\x00X\
\x9eon~[\xfe\x8ew\xe7\xfc\xbd\x00;\xc1\x1ft\
X\x8e_\xaa~bt\x88%0\xfd\x0f;B\x01\x80\
\xc3\x9b\xf3\x96\xbf\xe3\xd9\x01\x00;B\x01\x80\xc39\xba\
\xe5\xef\xefG\x07Y\x123\x00\xb0#\x14\x008\x9c\xef\
i\xde[\xfe\x8e\xa7\x00\xc0\x8e8\xa3\xe99\xe5\xc0\xe2\
^[}z\xf3^\xf5\x7f\xac\xb3\xab\xf7Ug\x8d\x0e\
\x02\xac\xdc\xc5f\x00\xe0`\xb6a\xcb\xdf\xf1\xee\x94\xc1\
\x1fv\x86\x02\x00\x07\xf3M\xd5\x9bG\x87X2\xd3\xff\
\xb0C\x14\x00X\xdc\xff\xa9\x9e;:\xc4\x0a\xd8\x01\x00\
;D\x01\x80\xc5\xfcM\xf5u\xa3C\xac\x88\x19\x00\xd8\
!\x0a\x00\xec\xdf\xb5\xd5\xc3\xdb\x9e-\x7f\xc7S\x00`\
\x87(\x00\xb0\x7f\xff\xbdz\xd9\xe8\x10+r\x83\xea\x0e\
\xa3C\x00\xeb\xa3\x00\xc0\xfe\xbc\xb6\xfa\xce\xd1!V\xe8\
c\x9bJ\x00\xb0#\x14\x008\xbd\xf7W\x0fi\xbb\xb6\
\xfc\x1d\xcf\xf4?\xec\x18\x05\x00N\xef\x1b\xab\xbf\x18\x1d\
b\xc5\x14\x00\xd81\x0a\x00\x9c\xda\xff\xae~jt\x88\
5\xb0\x05\x10v\x8c\x02\x00'\xf7\xf6\xb6w\xcb\xdf\xf1\
\xcc\x00\xc0\x8eQ\x00\xe0\xc4\x8en\xf9{\xf7\xe8 k\
pV\xd3\x22@`\x878\xf7\x1bN\xec\xbb\xab\x97\x8f\
\x0e\xb1&gU\x17\xad\xf8\x1a7\xeb\xc4o8\xce\xac\
.\xa8>\xb9\xbaou\xe3\x15\xe7\x00\xae\xe7i\x80\xf0\
/\xfdAu\xef\xea\xaa\xd1Av\xccM\xabGV\xff\
\xa9\xba\xd5\xe0,\xb0\xed.V\x00\xe0\x9f{ou\x8f\
\xea/G\x07\xd9a\xe7U?^}\xe9\xe8 \xb0\xc5\
<\x0e\x18\x8e\xf3\x98\x0c\xfe\xa3\xfd}\xf5\xa0\xeaY\xa3\
\x83\xc06S\x00\xe0\x9f\xfc\x5c\xf5\xbc\xd1!\xa8\xa6E\
\x98\x8f\xa9^4:\x08l+\xb7\x00`\xf2\xb6\xea\x13\
\xab\xf7\x8c\x0e\xc2?s~\xf5\xa6\xa6\xdb\x02\xc0\xf2\xb8\
\x05\x00M\xef6\xbf2\x83\xff&\xba\xacz\xfa\xe8\x10\
\xb0\x8d\x14\x00\xa8\xa7V\xbf3:\x04'\xf5\x9c\xea\xea\
\xd1!`\xdb(\x00\xec\xbaWWO\x1a\x1d\x82S\xfa\
\xbb\xea5\xa3C\xc0\xb6Q\x00\xd8e\xef\xab\x1e\x91w\
\x97sp\xf1\xe8\x00\xb0m\x14\x00v\xd9\xa3\xaa\xb7\x8c\
\x0e\xc1\xbe\x5c::\x00l\x1b\x05\x80]\xf5\xb3\xd5\x0b\
F\x87`\xdf\xae\x19\x1d\x00\xb6\x8d\x02\xc0.\xda\xab\x1e\
=:\x04\x0b\xb9\xf5\xe8\x00\xb0m\x14\x00v\xcd\xd1-\
\x7f\x97\x0f\xce\xc1b>it\x00\xd86\x0a\x00\xbb\xe6\
\xc9\xd5+F\x87`!\x1f^\xfd\xeb\xd1!`\xdb(\
\x00\xec\x92\xdf\xaf\x9e2:\x04\x0b{Du\xf6\xe8\x10\
\xb0m\x1c\x05\xcc\xae\xb8\xbc\xe9)\x7f\x97\x8c\x0e\xc2B\
n\xda\xb4S\xe3\xfc\xd1A`\xcb8\x0a\x98\x9d\xf1\x0d\
\x19\xfc\xe7\xe8\xa9\x19\xfca%\x14\x00v\xc1\x0b\xaa\x9f\
\x19\x1d\x82\x85\xdd\xb3\xe9\xac\x06`\x05\xdc\x02`\xdb]\
\xd2\xf4\x94\xbf+F\x07a!gU\x7f\xd4\xf4\xdf\x0e\
X>\xb7\x00\xd8jWW\x0f\xcb\xe0?GO\xcc\xe0\
\x0f+\xa5\x00\xb0\xcd\x9e\xdc\xb4\xf2\x9fy\xb9c\xf5\xed\
\xa3C\xc0\xb6S\x00\xd8V\xafjZ@\xc6\xbc\x9cQ\
=\xbb\xba\xd1\xe8 \xb0\xed\x14\x00\xb6\xd1\xe5MS\xff\
\xce\x8f\x9f\x9f\xaf\xae>{t\x08\xd8\x05\x0a\x00\xdb\xe8\
\xd1M\xe7\xfd3/\xb7\xaa\xbegt\x08\xd8\x15\x0a\x00\
\xdb\xe6\xa7\x9b\x9e\xf4\xc7\xfc\xfcP\xd3\xb1\xbf\xc0\x1a\xd8\
\x06\xc86yk\xd3i\x7fV\xfd\xcf\xcf\xe7U\xbf6\
:\x04\xec\x10\xdb\x00\xd9\x1a\xb6\xfc\xcd\xd7M\xaa\x1f\x19\
\x1d\x02v\x8d\x02\xc0\xb6\xf8\xce\xea\xd5\xa3Cp \xdf\
U\xdd~t\x08\xd85n\x01\xb0\x0d~\xaf\xbaOV\
\xfd\xcf\xd1\xa76\x15\xb73G\x07\x81\x1d\xe3\x16\x00\xb3\
wyuQ\x06\xff9:\xab\xfa\xb1\x0c\xfe0\x84\x02\
\xc0\xdc=*[\xfe\xe6\xea[\x9b\x16m\x02\x03\xb8\x05\
\xc0\x9c\xfdT\xf5\xc8\xd1!8\x90;V\xaf\xabn<\
:\x08\xec(\xb7\x00\x98\xad\xb7V\x8f\x1d\x1d\x82\x039\
\xa3zV\x06\x7f\x18J\x01`\x8e\xae\xae\x1e\x9a-\x7f\
s\xf5\xc8\xeasF\x87\x80]\xa7\x000G\xdfQ\xbd\
ft\x08\x0e\xe4\x96\xd5\xd3F\x87\x00\x14\x00\xe6\xe7\x95\
\x19@\xe6\xec\x99M%\x00\x18L\x01`N\xae\xac\xfe\
}\xb6\xfc\xcd\xd5\xe7U_1:\x040Q\x00\x98\x93\
\xe7V\x7f>:\x04\x07rN\x8e\xfb\x85\x8d\xa2\x000\
'\xcf\x19\x1d\x80\x03{j\x8e\xfb\x85\x8d\xe2\x1c\x00\xe6\
\xe2\x1d\xd5G\xe6\xff\xd79r\xdc/l\x1e\xe7\x000\
\x1b\xaf\xcf\xe0?G\x8e\xfb\x85\x0d\xa5\x000\x17\x97\x8e\
\x0e\xc0\x81<>\xc7\xfd\xc2FR\x00\x80U\xb9C\xd3\
\x99\x0d\xc0\x06R\x00\x98\x8b\xdb\x8c\x0e\xc0\xc2\x9e\x9d\xe3\
~ac)\x00\xcc\xc5=\xf2\xff\xeb\x9c|e\x8e\xfb\
\x85\x8d\xe6/T\xe6\xe2#\x9aV\x93\xb3\xf9\xce\xaf\xbe\
ot\x08\xe0\xd4\x14\x00\xe6\xe4\xd1\xa3\x03\xb0/\xcf\xa8\
\xce\x1b\x1d\x0285\xe7\x000'\xd7T\x9fR\xfd\xc9\
\xe8 \x9c\xd4\xfd\xab_\x1f\x1d\x028-\xe7\x000+\
gV?U\xdddp\x0eN\xec&M\x0b\xff\x80\x19\
P\x00\x98\x9bO\xa8~>\xab\xcb7\xd1\x93\xaa\x0bG\
\x87\x00\xf6G\x01`\x8e\xbe\xa0zi\xce\x96\xdf$\x9f\
R=vt\x08`\xff\x14\x00\xe6\xea\xd3\x9a\x8e\x07~\
Ju\xc1\xe0,\xbb\xee\xac\xa6\x0759\xee\x17f\xc4\
\x22@\xb6\xc15\xd5\xab\xaa\xd7To\xaf\xae<\xc9\xf7\
]q\xfd\xf7\xae\xca\x07\xab\x17\xaf\xf0\xf57\xd5\xb7V\
O\x1b\x1d\x02X\xc8\xc5\x0a\x00,\xcf\xeb\x9b\xd6(\xec\
\x92\x0b\xab7fa&\xcc\x8d]\x00\xb0D{\xa3\x03\
\x0c\xf0\x9c\x0c\xfe0K\x0a\x00,\xcf\xde\xe8\x00k\xf6\
\x88\xea\xdf\x8e\x0e\x01\x1c\x8c\x02\x00\xcb\xf3\xb6\xd1\x01\xd6\
\xe8\xbc\xea{G\x87\x00\x0eN\x01\x80\xe5\xd9\x1b\x1d`\
\x8d~\xb0\xe9\xf9\x0c\xc0L)\x00\xb0<{\xa3\x03\xac\
\xc9\xe7V\x0f\x1d\x1d\x028\x1c\x05\x00\x96got\x80\
58\xa7z\xd6\xe8\x10\xc0\xe1)\x00\xb0\x1c\xef\xad\xde\
=:\xc4\x1a<\xa9\xfa\xe8\xd1!\x80\xc3S\x00`9\
.\x19\x1d`\x0d>\xa1\xfa\xa6\xd1!\x80\xe5P\x00`\
9\xf6F\x07X\xb1\xb3\xaa\x9f\xacn0:\x08\xb0\x1c\
\x0a\x00,\xc7\xde\xe8\x00+\xf6\xb8\xea\x93G\x87\x00\x96\
G\x01\x80\xe5\xd8\xe63\x00>\xaa\xfa\xaf\xa3C\x00\xcb\
\xa5\x00\xc0r\xec\x8d\x0e\xb0B\xcf\xa9\xce\x1d\x1d\x02X\
.\x05\x00\x96cot\x80\x15\xb9\xa8\xba\xdf\xe8\x10\xc0\
\xf2)\x00\xb0\x1c{\xa3\x03\xac\xc0y\xd5\xf7\x8d\x0e\x01\
\xac\x86\x02\x00\x87\xb7\xadg\x00<\xa3:\x7ft\x08`\
5\x14\x008\xbcm<\x03\xe0\xbe\xd5\xc3F\x87\x00V\
G\x01\x80\xc3\xdb\x1b\x1d`\xc9\xce\xa9~\xbc:ct\
\x10`u\x14\x008\xbc\xbd\xd1\x01\x96\xec\xbfU\x1f3\
:\x04\xb0Z\x0a\x00\x1c\xde6\x9d\x01p\xf7\xea\x9bG\
\x87\x00VO\x01\x80\xc3\xdb\x1b\x1d`I\xce\xac\x9e\x9b\
\xe3~a'(\x00px{\xa3\x03,\xc97\xe7\xb8\
_\xd8\x19gT\xd7\x8d\x0e\x013w^\xf3\xdf\x06\xf8\
Q\xd5\x1bs\xe2\x1f\xec\x8a\x8b\xcd\x00\xc0\xe1\x5c\xd1\xfc\
\x07\xff\xaa\x1f\xce\xe0\x0f;E\x01\x80\xc3\xd9\x1b\x1d`\
\x09\x1eZ}\xe1\xe8\x10\xc0z)\x00p8{\xa3\x03\
\x1c\xd2y\xd5\xd3G\x87\x00\xd6O\x01\x80\xc3\xd9\x1b\x1d\
\xe0\x90\xbe?\xc7\xfd\xc2NR\x00\xe0p\xf6F\x078\
\x84\xfbT\x0f\x1f\x1d\x02\x18C\x01\x80\xc3\xd9\x1b\x1d\xe0\
\x80n\x9c\xe3~a\xa7)\x00p8{\xa3\x03\x1c\xd0\
\x7f\xab\xee0:\x040\x8es\x00\xe0pnQ\xfd\xc3\
\xe8\x10\x0b\xba{\xf5\x7fs\xe2\x1f\xec2\xe7\x00\xc0!\
\x5c\xd1\xfc\x06\xff#\xd5\x8ff\xf0\x87\x9d\xa7\x00\xc0\xc1\
]2:\xc0\x01<\xb6\xfa\xb4\xd1!\x80\xf1\x14\x008\
\xb8\xbd\xd1\x01\x16t\xbb\xeaI\xa3C\x00\x9bA\x01\x80\
\x83\xdb\x1b\x1d`A\x8e\xfb\x05\xfe?\x05\x00\x0e\xeem\
\xa3\x03,\xe0\xdfU\x0f\x18\x1d\x02\xd8\x1c\x0a\x00\x1c\xdc\
\xde\xe8\x00\xfbt\x8b\xea\x19\xa3C\x00\x9bE\x01\x80\x83\
\xdb\x1b\x1d`\x9f\xbe\xbf\xba\xd5\xe8\x10\xc0F\xb9R\x01\
\x80\x83\xdb\x1b\x1d`\x1f>\xb3z\xc4\xe8\x10\xc0\xc6y\
\xaf\x02\x00\x073\x873\x00\xcen\xda\xf3\xef\xb8_\xe0\
x\x0a\x00\x1c\xd0\xde\xe8\x00\xfb\xf0\x1d\xd5\x9dF\x87\x00\
6\x92\x02\x00\x07\xb4\xe9\x87\x00\xdd\xadz\xc2\xe8\x10\xc0\
\xc6z\x9b\x02\x00\x07\xb37:\xc0)\x1c\xa9~,\xc7\
\xfd\x02'\xf7f\x05\x00\x0ef\x93\xcf\x00xL\x8e\xfb\
\x05NM\x01\x80\x03\xda\x1b\x1d\xe0$nW=et\
\x08`\xa3]\x93\x02\x00\x07\xb67:\xc0I<3\xc7\
\xfd\x02\xa7\xf6\xda\xea}\x0a\x00\x1c\xcc\xde\xe8\x00'\xf0\
\x15\xd5\x17\x8d\x0e\x01l\xbc\x97\x95\x93\x00\xe1 6\xf1\
\x0c\x80\x9b5\x9d\xf8\x07p:\x0a\x00\x1c\xd0\xde\xe8\x00\
'\xf0\xfd\xd5mF\x87\x006\xde{\xaa\xdf-\x05\x00\
\x0eb\xd3\xce\x00\xf8\xcc\xea\xabF\x87\x00f\xe1\x17\xaa\
\x0f\x96\x02\x00\x07\xb17:\xc01\x1c\xf7\x0b,\xe2\xf9\
G\x7f\xa1\x00\xc0\xe26\xe9\x0c\x80\xff\x9a\xe3~\x81\xfd\
yK\xf5\xaa\xa3\xbfQ\x00`q{\xa3\x03\x5c\xefn\
\xd5\x7f\x18\x1d\x02\x98\x8d\xa7U\xd7\x1d\xfd\x8d\x02\x00\x8b\
\xdb\x1b\x1d\xa0\xe9\xcf\xee\x8f\xe6\xb8_`\x7f\xfe\xbac\
\xa6\xffK\x01\x80\x83\xd8\x84[\x00\xdfP}\xfa\xe8\x10\
\xc0l<\xad\xfa\xd0\xb1\x9f8\xa3c\xa6\x03\x80\xd3\xba\
\xa2i\xcf\xfdH\xb7\xa9\xde\xb4\x019\x80y\xf8\xd3\xea\
\x1e\xd5U\xc7~\xd2\x0c\x00,f\x13\xb6\x00>+\x83\
?\xb0?\xd75= \xec\xaa\xe3\xbf\xa0\x00\xc0bF\
O\xff?\xb8\xfa\xe2\xc1\x19\x80\xf9x~\xf5\xf2\x13}\
A\x01\x80\xc5\x8c\x9c\x01\xb8Y\xf5\x03\x03\xaf\x0f\xcc\xcb\
_U\x8f;\xd9\x17\x15\x00X\xcc\xc8\x19\x80\xef\xcbq\
\xbf\xc0\xfe\x5c\xd5\xf4\x80\xb0w\x9f\xec\x1b\x14\x00X\xcc\
\xde\xa0\xeb~f\xf5\xd5\x83\xae\x0d\xcc\xcf\x13\xaaW\x9f\
\xea\x1b\x14\x00X\xcc\xde\x80k\x9e]=;\xc7\xfd\x02\
\xfb\xf3\xac\xea\x87N\xf7M\x0a\x00,fo\xc05\xff\
su\xe7\x01\xd7\x05\xe6\xe7\xe7\x9aV\xfd\x9f\x96s\x00\
`\xffF\x9c\x01p\xd7\xea\xb5\xd5\x0d\xd7|]`~\
^\xd4\xb4S\xe8C\xa7\xfb\xc62\x03\x00\x8bX\xf7\x0e\
\x80\xa3\xc7\xfd\x1a\xfc\x81\xd3y^\xf5e\xeds\xf0/\
\x05\x00\x16\xb1\xee\x1d\x00\x8f\xaa\xee\xb5\xe6k\x02\xf3r\
]\xf5\xd4\xea\x91\xd5\xd5\x8b\xfc\xe0Y+\x89\x03\xdbi\
\x9d3\x00\xb7i\xfaC\x0dp2WT_[\xfd\xc2\
A~X\x01\x80\xfd[\xe7\x0c\x80\xe3~\x81S\xf9\xc3\
\xa6}\xfe\x07~c\xe2\x16\x00\xec\xdf\xde\x9a\xae\xf3\xa0\
\x1c\xf7\x0b\x9c\xd8\xfb\xab\xef\xac\xee\xdd!g%\xcd\x00\
\xc0\xfe\xed\xad\xe1\x1a7o\x1f\xfbw\x81\x9ds]\xd3\
T\xff\xe3\xab\xbfY\xc6\x0b\x9a\x01\x80\xfd\xdb[\xc35\
\x9eV]\xb0\x86\xeb\x00\xf3pm\xf5+\xd5\xa76M\
\xf9/e\xf0/\xe7\x00\xc0~]\xde\xf4\xee|\x95\xee\
]\xbd\x22'\xfe\x01\xf5\xae\xea\x7f6\xad\x07z\xf3*\
.\xe0\x16\x00\xec\xcf\xaa\x17\x00\x9e]='\x83?\xec\
\xb2\xcb\xaa\x976\x0d\xfc\xbf\xd1\xf4@\x9f\x95Q\x00`\
\x7f.[\xf1\xeb\x7f[u\xa7\x15_\x03\xd8\x1c\xefm\
zg\xff\x17M+\xfa_V\xbd\xb15\xce\xca+\x00\
\xb0?\x1fX\xe1k\xdf\xa5z\xe2\x0a_\x1fX\x9f\xa7\
W\xaf9\xc1\xe7/\xaf\xdew\xfd\xc7\xbb\xaaw\xae3\
\xd4\x89(\x00\xb0?\xb7X\xd1\xeb:\xee\x17\xb6\xcbk\
\xaa_\x1c\x1db?\xec\x02\x80\xfd\xb9\xe3\x8a^\xf7\xeb\
\xab\xcfX\xd1k\x03\x9c\x94\x02\x00\xfbs\xab\xea\x13\x97\
\xfc\x9a\x17\xe4\xb8_`\x10\x05\x00\xf6\xef!K~\xbd\
g\xb5\xfa\xad\x85\x00'\xa4\x00\xc0\xfe=\xaa:\x7fI\
\xaf\xf5\xc0\xeaK\x96\xf4Z\xc0\xe6\x98\xcd\xd9:GZ\
\xf1>C\xd8\x22\xe7V\xcf^\xc2\xeb\xdc\xba\xe9\xdd?\
\xb0}f3\xa6\x1e\xa9\xae\x1c\x1d\x02f\xe4\x81M{\
\xf6\x0f\xea\x9c\xea\x7f5\xad)\x00\xb6\xcfl\xc6\xd4#\
\xd5\x87F\x87\x80\x99yj\xf5\x94\xea\xcc\x05\x7f\xee\xfc\
\xea7\xab{-=\x11\xb0)>8:\xc0~\x1d\xa9\
\xfeat\x08\x98\xa1oo:\xb7\xff\x1e\xfb\xf8\xde3\
\xab\x87U\xaf\xcf\x96?\xd8v\xef\x19\x1d`\xbf\xce\xa8\
\xfe\xa0\xba\xe7\xe8 0c/\xa9~\xb9\xfa\xdd\xea\x1d\
M\xa5\xfa\xbc\xea\xce\xd5g7\xed\x1e\xf8\x98a\xe9\x80\
u\xbam\xf5\xf6\xd1!\xf6\xe3\x8c\xa6\xc7\x0c~\xc1\xe8\
 \x00\xb0\x05\xce\xa9\xfeqt\x88\xfd8R\xfd\xf5\xe8\
\x10\x00\xb0\x05.k&\x83\x7fM\x05`ot\x08\x00\
\xd8\x02\x97\x8c\x0e\xb0\x88#\xd5[G\x87\x00\x80-0\
\xbb\x02\xf0\xa7\xa3C\x00\xc0\x16x\xe3\xe8\x00\x8b8R\
\xbd\xb9\x19\xdd\xb3\x00\x80\x0d\xf5\xfa\xd1\x01\x16q\xa4\xba\
\xa6\x99\xb5\x16\x00\xd8@\xaf\x1b\x1d`\x11G\x1f\x06\xf4\
\x8a\xa1)\x00`\xde\xdeZ\xfd\xd5\xe8\x10\x8b8Z\x00\
^>4\x05\x00\xcc\xdb\xcbF\x07X\xd4\xd1\x02\xf0\xca\
f\xf4\x04#\x00\xd80\xb3{#}\xb4\x00\xbc\xaf\xfa\
\xbf#\x83\x00\xc0\x8c\xfd\xce\xe8\x00\x8b:r\xcc\xafg\
7}\x01\x00\x1b\xe0MM\xcf\x01\x99\x95c\x0b\xc0\x8b\
\x86\xa5\x00\x80\xf9z\xf1\xe8\x00\x07q\xc6q\xbf\xff\xb3\
\xeaN#\x82\x00\xc0L\xdd\xbdz\xc3\xe8\x10\x8b:r\
\xdc\xef_0$\x05\x00\xcc\xd3k\x9b\xe1\xe0_\xff\xb2\
\x00<\xbf\xbavD\x10\x00\x98\xa1\xe7\x8f\x0epP\xc7\
\x17\x80\xbf\xca\xa1@\x00\xb0\x1fWW??:\xc4A\
\x1d_\x00\xaa\x9e\xbb\xf6\x14\x000?\xbfZ]::\
\xc4A\x1d\xbf\x08\xb0\xea\x06M\x0f\x08\xba\xfd\x9a\xb3\x00\
\xc0\x9c|F\xf5\xaa\xd1!\x0e\xeaD3\x00WU\xdf\
\xbb\xee \x000#\xbf\xdd\x8c\x07\xff:\xf1\x0c@\xd5\
\xd9M\x0f6\xb8\xcd\x1a\xb3\x00\xc0\x5c\xdc\xb7\x19\x9e\xfe\
w\xac\x13\xcd\x00T]Y=}\x9dA\x00`&^\
\xdd\xcc\x07\xff:\xf9\x0c@\xd5M\xaa\xbf\xacn\xb5\xa6\
,\x000\x07\xf7\xab^2:\xc4a\x9dl\x06\xa0\xea\
\xfd\xd5\x7f\x5cW\x10\x00\x98\x81\x17\xb6\x05\x83\x7f\x9dz\
\x06\xe0\xe8\xd7_V\xddg\xf5Q\x00`\xa3}\xa0\xba\
ku\xc9\xe8 \xcbp\xaa\x19\x80\xaa\xeb\xaaol\xda\
\x19\x00\x00\xbb\xec\xc9m\xc9\xe0_u\xe6>\xbe\xe7]\
\xd5\xcd\xaaO_q\x16\x00\xd8To\xa9\x1e^]3\
:\xc8\xb2\x9c\xee\x16\xc0Q\xe7V\xaf\xcf\xe1@\x00\xec\
\x9ek\xab\xcfj\xcb\x8e\xca?\xdd-\x80\xa3\xdeW}\
y\xd3\xf6@\x00\xd8%On\xcb\x06\xff\xda\xdf-\x80\
\xa3\xdeQ\xbd\xb7\xba\xff\x8a\xb2\x00\xc0\xa6yE\xf5\xd5\
Mk\xe2\xb6\xca\x22\x05\xa0\xea\x0f\xab\xbbUw^A\
\x16\x00\xd8$\x975\xed\xf9\xbfbt\x90U\xd8\xef\x1a\
\x80c\xdd\xbc\xfa\xe3\xac\x07\x00`{]\xdb4\xf8\xbf\
tt\x90U\xd9\xef\x1a\x80c\xbd\xa7\xfa\xc2\xea\xddK\
\xce\x02\x00\x9b\xe2[\xda\xe2\xc1\xbf\x0eV\x00\xaa\xdeT\
}~\xd3i\x81\x00\xb0M\x9e\x5c\xfd\xe0\xe8\x10\xabv\
\x90[\x00\xc7\xfa\x82\xa6c\x11\xcfZB\x16\x00\x18\xed\
\xc7\xab\xaf\x1b\x1db\x1d\x16]\x04x\xbc\xb74\x9d\x8a\
\xf4\xa5\x1d\xbeL\x00\xc0H/n:\xec\xe7\xda\xd1A\
\xd6\xe1\xb0\x05\xa0\xa6\x03\x82.\xad>\xaf\x83\xdfR\x00\
\x80\x91^X}E\xf5\xa1\xd1A\xd6e\x19\x05\xa0\xea\
\xb5\xd5\xeb\xaa/\xaen\xb0\xa4\xd7\x04\x80u\xf8\xa9\xea\
\xa2vh\xf0\xaf\xe5\xbec\xff\xe5\xa6Y\x80\xcb\x97\xf8\
\x9a\x00\xb0JO\xab\xbe\xaa\xbazt\x90u[\xc5}\
\xfbO\xa8~\xbd\xba`\x05\xaf\x0d\x00\xcbpM\xf5\xd8\
\xeaGF\x07\x19e\x15\xf7\xec_W}b\xf5\x92\x15\
\xbc6\x00\x1c\xd6\xbb\x9av\xb1\xed\xec\xe0_\xcb[\x03\
p\xbc\xf7W?\xdbtv\xf2\xbd\xb38\x10\x80\xcd\xf0\
;M'\xfc\xfd\xc9\xe0\x1c\xc3\xadc\xeb\xde}\xab\x9f\
\xc9-\x01\x00\xc6\xb9\xae\xfa\x9e\xea\xdb\x9b\xa6\xffw\xde\
\xaaf\x00\x8e\xb5\xd7T\x00.\xac>~\x0d\xd7\x03\x80\
c\xfdY\xf5\xa0\xea'\xdb\xc2\xa7\xfa\x1d\xd4\xba\xa6\xe6\
/\xad\x1e\x5c}V\xd3\x7f\x08\x00X\xb5\x0fT\xdfY\
\xdd\xa3z\xe5\xe0,\x1bg\x1d3\x00\xc7\xda\xab\x9eS\
\xfd}\xd3\xda\x80\x1b\xae\xf9\xfa\x00\xec\x86_izp\
\xdd\x0b3\xe5\x7fB#\x16\xe7]\xd5\xf4\x90\x85\xbb5\
M\xc7\xec\xd4\xc1\x0b\x00\xac\xd4\xef5-\xf2{@\xd3\
\x9bNNb\x13\xce\xef\xbf]\xf5\xf8\xeak\xaas\x06\
g\x01`\x9e^\xd5t\xa8\xcf\x8bG\x07\x99\x8bM(\
\x00G\xdd\xba\xa9\x08|Uu\x8b\xc1Y\x00\xd8|W\
7M\xf5?\xadz\xcd\xe0,\xb3\xb3I\x05\xe0\xa8\x1b\
V\x9f\xdb\xb4h\xf0A\xd5\x8d\xc7\xc6\x01`\xc3\xbc\xa9\
\xfa\xe9\xeayM\x8b\xcc9\x80M,\x00\xc7\xbaE\xd3\
\xd3\x99\x1e\x5c}Zu\xf6\xd88\x00\x0c\xf2\xa6\xeaE\
\xd5\xf3\xaf\xff5\x87\xb4\xe9\x05\xe0X7\xae>\xb9\xba\
W\xf59\xd5\xbf\xc9.\x02\x80m\xf5\xce\xa6\x05}\xbf\
\xdd\xf4|\x99\xbf\x1e\x1bg\xfb\xcc\xa9\x00\x1c\xef\xa6\xd5\
'Uw\xad\xee^\xdd\xa1\xba}\xf5\x91\xd5Y\x03s\
\x01\xb0\x7f\x97U\x97\x5c\xff\xf1\xc6\xea\x0d\xd5\xc5\x19\xf0\
Wn\xce\x05\xe0d\xce\xac\xce\xabny\xfd?\xcfn\
\x9a=\xb8\xd1\xc8P\x00;\xee\x9a\xea\x8a\xea\xda\xa6\xb3\
`\x8e~\xfc\xe3\xc8P\x00\x00\x00\x00\x00\x00\x00\x00\x00\
\x00\x00\x00\x00\x00\x00\x00\x00\x00\x00\x00\x00\x00\x00\x00\x00\
\x00\x00\x00\x00\x00\x00\x00\x00\x00\x00\x00\x00\x00\x00\x00\x00\
\x00\x00\x00\x00\x00\x00\x00\x00\x00\x00\x00\x00\x00\x00\x00\x00\
\x00\x00\x00\x00\x00\x00\x00\x00\x00\x00\x00\x00\x00\x00\x00\x00\
\x00\x00\x00\x00\x00\x00\x00\x00\x00\x00\x00\x00\x00\x00\x00\x00\
\x00\x00\x00\x00\x00\x00\x00\x00\x00\x00\x00\x00\x00\x00\x00\x00\
\x00\x00\x00\x00\x00\x00\x00\x00\x00\x00\x00\x00\x00\x00\x00\x00\
\x00\x00\x00\x00\x00\x00\x00\x00\x00\x00\x00\x00\x00\x00\x00\x00\
\x00\x00\x00\x00\x00\x00\x00\x00\x00\x00\x00\x00\x00\x00\x00\x00\
\x00\x00\x00\x00\x00\x00\x00\x00\x00\x00\x00\x00\x00\x00\x00\x00\
\x00\x00\x00\x00\x00\x00\x00\x00\x00\x00\x00\x00\x00\x00\x00\x00\
\x00\x00\x00\x00\x00\x00\x00\x00\x00\x00\x00\x00\x00\x00\x00\x00\
\x00\x00\x00\x00\x00\x00\x00\x00\x00\xb0}\xfe\x1f\xc6\x18\x90\
#\xb4\xad\xc4B\x00\x00\x00\x00IEND\xaeB`\
\x82\
\x00\x00\x04\xdc\
\x89\
PNG\x0d\x0a\x1a\x0a\x00\x00\x00\x0dIHDR\x00\
\x00\x00\x18\x00\x00\x00\x18\x08\x06\x00\x00\x00\xe0w=\xf8\
\x00\x00\x00\x04gAMA\x00\x00\xb1\x8f\x0b\xfca\x05\
\x00\x00\x00 cHRM\x00\x00z&\x00\x00\x80\x84\
\x00\x00\xfa\x00\x00\x00\x80\xe8\x00\x00u0\x00\x00\xea`\
\x00\x00:\x98\x00\x00\x17p\x9c\xbaQ<\x00\x00\x00\x06\
bKGD\x00\xff\x00\xff\x00\xff\xa0\xbd\xa7\x93\x00\x00\
\x00\x07tIME\x07\xe3\x0b\x06\x08\x02\x1dQ\x9c\xf2\
\xa2\x00\x00\x03\xe0IDATH\xc7\x95\x94Kh\x5c\
e\x14\xc7\x7f\xe7\xfb\xee\xbc\xeeL\xd2<5\xa4$.\
\x0c\x94\x067\x82\x82\xe0\xc6\x07.\x04\x91\x0a\xea*\xdd\
\x08\x16\x14\x12\xad\x08Z\xach\x17\xd2\x95b'`+\
\xe2\xa2V\x17>@\x10\xc1\x82\xa0\xd9\xb9P\x84\x82F\
\x02\xd2E\xd2V\xdaNb\x93\xcc\xdcy\xdc{\xbf\xe3\
b\xeeM&3\x93\x16\xcf\xf2|\xe7\xfc\xff\xe7\x7f\x1e\
\x9f\xd0\xc7jg\xa60F\x00\x0e\x00O\x02\xcf\x01\x0f\
\x00\xe3I\xc8M\xe07\xe0k\xe0\x07`S\xd5\xe1/\
\x5c\xe9\xc1\x92nG\xbd<\x8d\xa2\x22\x22\x0f\x01o\x01\
\x8f\x02~O\xa4\x02\x10\x00?\x03\xef9\xe7~\x11\x11\
\xfc\x85\xb5\xfd\x09\x82\xf24\xb1sx\xd6<\x0b|\x00\
L\x01\xc4QD\xd4\x0cqQ\x04\x80\xf1<\xbc\x5c\x06\
\xebyi\xea\x1a\xf0Z\x1c\xbao\x8cg\xf0\x17V{\
\x09\xea\xe5)\x10\x01x\x1c\xf8\x0c\x98t\xb1\xa3\xb1\xb5\
M\xa3Z#\x8ebPm3\x88x\xd6\xb3\xe4KE\
\xf2\x83\x03\x18k\x00\xae\x01G\x81\x9fT\xd9!\xf1v\
\xa9\x04\xe0.\xe0]`\xd2E1\xdb\x95\x0dZA=\
\x06~\x17c\xbe\x15#\x7f\x02\xa8r_\x1cF\xcf\xd4\
\xfe\xdd\xbc?l\xb6\xec\xc0\xd8\x08\xc6\xb3\x93\xc0)\xe0\
\x0f\x11n\xecQ\x10\x94\xa7\x906\xc1\x8b\xc0YU\xb5\
\xd5\xca\x06\x8d\xedZ(\x22\x1f\x19\xcf\x9enlF\xd7\
\x07\x0f\x8e\x808\xb6\xd6n\x91\x1f\xf2\xeevQ|B\
U_\xce\x97\x8a\x99\xd2\xf8\x08\x22\x12\x03/\x01\x9f\xa8\
*\xfe\xc2Z\xaa@P%/\xc2\x11\xc0\xb6\x82\x06\xcd\
j\x00\x22_\x1a\xcf\x9eT\xa7\xd5{?\x06\xd8\xd8\x11\
|\xe5u\xbdn<{2\x8e\xe2\xd1f-\x98\xcb\x16\
}r\xc5\x82\x05\x8e\xa8r\x01\xa4\x01`\xd2\xee\x880\
\x01\xcc\x02\xb4j\x01\xaaZ\x11a\xd1Equ\xf4\x9e\
\xc9\x9e\xf5\x1b>8\x81\x8b\xe2\xaa\x08\x8b\xaaZi\xd5\
\x82\xf4iV\x84\x09I\xa6k:r\xc6\x80au\x8e\
\xa8\x15\x02,\x8b\xc8\xb2\x18\xa10\xbf\xd6CP<~\
\x15\x8c\x80\xc82\xb0\x1c\xb5B\xd49\x80\xe1\x04\xab\x87\
\xc0\x03\x8c:E\xd5\x01T\x10\xa9\xf79\x95\x8e\x15\x14\
D\xa4\x0eTT\x1d\xea4\xc5\xf4\xfa\x11l\x02\x01\x22\
\xe9\xc0\x87]\xecr\xae]U_s\xce\xa1\xb1\xcb\x01\
C\x92\xf4\x19\xa8\x01\xb7\xfa\x11\x5c\x03.\x1bk\xb0\xd9\
\x0c(\x87Q\x9dAu_\x02TQ\xd5\x19\x94Y\x9b\
\xc9\xa4\xf7p\x19\xf8\xa7\x8b@S\x05\x17\x01r\xbe\x0f\
F&\x80c@v\xf5x/v\xe2\xcb\x02\xc702\
\x91+\xfa\xe9\xd3\xc56\x96&mL\xac\xbe8\x0dp\
\x08\xf8^\x9d\xcel\xdf\x5c\xa7Y\x0d\x02\x84\xd3\xc0\x19\
`\x1b\x85X\xa1](\x03\xc0+('r%\xdf\x1f\
\x18\x1fE\x8c\xfc\x0d<\x05\xac\x14\xe6\xbb.Y\x15\x8c\
\x91\x15U-\x8b\x91\xf7\x8b#C\x19\xe7\x9c\x1f\xd6\x1b\
o\x03\x0f\x03_!\xfce\xdb%\x1d\x06\x9e\x07\x1e\xcb\
\xf8\xf9lqd\x081\x12\x02e\x11YI\x86\xbdW\
A\x87\x8a\x12p\x16\x98sQL\xb0\xb9E\xb3\x1a\xe0\
\xe28F\x09\x92,\xdfXks%\x1f\xff\xc0 \xc6\
\xb3\x00\x9f\xd3\xbe\xe2jZ\xfd\x1e\x05m\x15\x8a\x88T\
\x81w\x80C\xc6\xb3\x0f\x96F\x87)\x0c\x94\x08\x9bM\
\x1b\x87\xf1\x00\x80\xcdX\xbc\x5c\x0e/\x9bIS\x7fM\
r\xaa\xda\xb5\x14=K\x1e,N!m\xf7#\xc0\x17\
\xc0\xe4N\xa4vd\xed\xe2\x5c\x05\xe6\x80\xa5\xf4\xff\xe9\
4\xd3M\xe0'W\x9b/d\x97h\xff\xac\xc1\xee\xa2\
\xa5Rw\xeb\x01Ne3\x99%\xa0\x07\xbc/\x01@\
a~\x95F\xbd\x05p\x1e8\xd7\x05\xdfIs\x0e8\
\xdf\x0aC:\xfb~\xdb\x16\xf5\x19\xfa\x18\xf0)\xf0t\
\xd7\xf3w\xc0\x0b\xc0\xfa~\xe0\xfb*\xd8)\xb1]w\
\x05x\x13\xb8\xd4\xf1t\x09x\x03X\xe7\x0e&w\x0a\
\xe8\x18\xfa\x13\xc0\x85\xc4}\x14\xf8\xb1\xdfP\xff7A\
\x9bd\x1aU'F\xcc\xab\x00\xce\xe9\x87bD\xfd\xdb\
\xb4&\xb5\xff\x00|c\x945\x98\xda\xec\x1f\x00\x00\x00\
%tEXtdate:create\
\x002019-11-06T14:5\
8:16+07:008\x9d\xa5\xbe\x00\x00\
\x00%tEXtdate:modif\
y\x002019-11-06T14:\
58:08+07:00\xd5Uf\xc1\x00\
\x00\x00\x00IEND\xaeB`\x82\
\x00\x00\x07\xc6\
\x89\
PNG\x0d\x0a\x1a\x0a\x00\x00\x00\x0dIHDR\x00\
\x00\x00\x14\x00\x00\x00#\x08\x06\x00\x00\x00\x94\xf6*\x18\
\x00\x00\x00\x09pHYs\x00\x00\x07b\x00\x00\x07b\
\x018z\x99\xdb\x00\x00\x04\xfbiTXtXML\
:com.adobe.xmp\x00\x00\
\x00\x00\x00<x:xmpmeta xm\
lns:x='adobe:ns:\
meta/'>\x0a        \
<rdf:RDF xmlns:r\
df='http://www.w\
3.org/1999/02/22\
-rdf-syntax-ns#'\
>\x0a\x0a        <rdf:\
Description rdf:\
about=''\x0a       \
 xmlns:dc='http:\
//purl.org/dc/el\
ements/1.1/'>\x0a  \
      <dc:title>\
\x0a        <rdf:Al\
t>\x0a        <rdf:\
li xml:lang='x-d\
efault'>Thi\xe1\xba\xbft \
k\xe1\xba\xbf ch\xc6\xb0a c\xc3\xb3 t\
\xc3\xaan - 1</rdf:li>\
\x0a        </rdf:A\
lt>\x0a        </dc\
:title>\x0a        \
</rdf:Descriptio\
n>\x0a\x0a        <rdf\
:Description rdf\
:about=''\x0a      \
  xmlns:Attrib='\
http://ns.attrib\
ution.com/ads/1.\
0/'>\x0a        <At\
trib:Ads>\x0a      \
  <rdf:Seq>\x0a    \
    <rdf:li rdf:\
parseType='Resou\
rce'>\x0a        <A\
ttrib:Created>20\
24-06-24</Attrib\
:Created>\x0a      \
  <Attrib:ExtId>\
ef0fbbbe-f187-49\
4c-ae05-78aa395d\
ece7</Attrib:Ext\
Id>\x0a        <Att\
rib:FbId>5252659\
14179580</Attrib\
:FbId>\x0a        <\
Attrib:TouchType\
>2</Attrib:Touch\
Type>\x0a        </\
rdf:li>\x0a        \
</rdf:Seq>\x0a     \
   </Attrib:Ads>\
\x0a        </rdf:D\
escription>\x0a\x0a   \
     <rdf:Descri\
ption rdf:about=\
''\x0a        xmlns\
:pdf='http://ns.\
adobe.com/pdf/1.\
3/'>\x0a        <pd\
f:Author>Nam Le<\
/pdf:Author>\x0a   \
     </rdf:Descr\
iption>\x0a\x0a       \
 <rdf:Descriptio\
n rdf:about=''\x0a \
       xmlns:xmp\
='http://ns.adob\
e.com/xap/1.0/'>\
\x0a        <xmp:Cr\
eatorTool>Canva \
(Renderer)</xmp:\
CreatorTool>\x0a   \
     </rdf:Descr\
iption>\x0a        \
\x0a        </rdf:R\
DF>\x0a        </x:\
xmpmeta>\x83\x05\xa8\xc6\x00\x00\x02q\
IDATx\x9c\xed\x94\xcfKTQ\x14\xc7?\xe7\
\xcd\x18\x19D%FQ\xc6\x88\x05YH-&\x5cT\
\xf6\x03\xcc\x16\xad\xac\x16b\xe1.\xca\xe8/\x88l\xd5\
BZZ\xb8\x89 [\x14\x0e\x15\xbak!\xe1\xfcH\
\x92\xac\x8di\x90\xa6\x8eN\xd8\xc21d*\x9aF\xdf\
ia\x8d\xef\xc7<\xdf\x04\xed\xf2\xac\xde\xbd\xf7{>\
\xf7{\xee\xb9\xf7\x09\xff8d\x0d\xb8\x06\xfc\xbf\x80\xc7\
\x09\x00;\x81Z\xa0\x02XD\xf9\x80\xf0\x96\x8f\xcc\x91\
\xfa\x1b`\x0b\xd5T\xd2\x8epJ\x90R\x8bNUu\
\x0e\xe5\x09q\xda\xe8'\xed\x0f\xbc\xc1I\x0c\x9e\x0a\xb2\
\xc5\xcb\xbf\xaa\x02\xbc#I#]\x8c[\xd7\x0c\x9b\xb2\
\x99\x1a\x0c\x9e\x89x\xc3\x00D\x04\x11\xa9!D\x84\xa3\
l\xb0\xae\x05\xf2_u\x04\x08s_D\x0e8\xdd\x08\
\xa0\x80 \xf6\x9a\x84\xed\x84\xc8\x11#\xeav(T\x02\
\x0dVXP\x82\xb4\x1eje\xf4\xda{\x06/\x0dR\
_U\xbfL\xce\xa7\x88`p\x99#l,\x04<\x8d\
\x10\xb4\x02\xcf\xef?G\xc7\x99\x0e\xaa\xb7VS[Q\
Kos/\xe1\x1daG\xfd\x94\xb3\x8b\xbdn`\x1d\
U\x82\xd8N\xaeq\xdfY\x82\xc6\xca\x1e\xa5%\xa54\
\xec\xb6\x15\x81 %\xeca\x9b\x1bh\xb0\x88#f3\
\xb3\xb6\xb1\xaa\x92\xfe\xee\xba)\x8a\xc9\x92\x1b\x18e\x18\
\xdb\x09A\xe7\xebNR\x0b\xa9<l`f\x80\xee\x91\
n\xe7&Y\x12\xcc\xac8\xfe\x13\xc7(\xe7\x04c\x22\
\xb2\xd9\x9aP\xb6\xbe\x8c\xa6\x9a&2\xd9\x0c\x91\x91\x08\
Y3\xeb\x04\x0e\xd3E\x98$9;0\x04\xb4pW\
\x0c\xb9J\x91o\x5cU\x95)\x9axH\xc4]r\x12\
\x88\xd2\xae\xaa_\x8a\x81\xfd\x8e!\xa6\xe8\xb1N\xd8_\
J\x8c\x14\xd0\xa6\xaaf\x11\xee\x96\x98\xe4&1~z\
\x03\x01^\xf0\x00\x18\xf2\xf5\xa6\xdc#\xces\xe7t\xc0\
%\x9c&\x07\xbc!\xc4E\x11Y\xe7\xe1.\xc5\x18\x17\
H\xf0\xd5\x1f\xb8\x1c\x9f9\xc8&\x119\x8c\xa3A\xaa\
\xaaLr\x85G\xbc*\x94\xe8.\x19\x96\x1b\x14\xe3\xb6\
\xaa~*\xb0\xdaGr\xa5\xab\xc5\x01\x01\xa2\xa41\xb9\
\x0e\xe4\x1b\xa4\xaa&\x13\xdc\x22\x86g\xd3\xbc\x81\x00\xfd\
\xf4\xa8\xeaD~\xac\xf4\x90 \xb6Z\xca\xea\xc0\x04\x19\
rt)\xaa\x8a.\xa2t0\xb5j\x86\x0f\x10\xe0%\
wP\xbe\xa1\x8c\x13g\xd0O\x1e\xf4\x13`\xb2\x00\xf4\
\xb1\xc4$Q~\xf8\xc9\xfd\x1d&\x00\x93>\xe2<\xf6\
\xd5\xe2}\x0f\xed!\xccc2\xca\xb4\xfd\xf7V(~\
\x01~\x8b\xd91k8p\xa4\x00\x00\x00\x00IEN\
D\xaeB`\x82\
\x00\x00\x04\x96\
\x89\
PNG\x0d\x0a\x1a\x0a\x00\x00\x00\x0dIHDR\x00\
\x00\x00\x0d\x00\x00\x00\x14\x08\x03\x00\x00\x00a\xecG\x1d\
\x00\x00\x00\x04gAMA\x00\x00\xb1\x8f\x0b\xfca\x05\
\x00\x00\x00 cHRM\x00\x00z&\x00\x00\x80\x84\
\x00\x00\xfa\x00\x00\x00\x80\xe8\x00\x00u0\x00\x00\xea`\
\x00\x00:\x98\x00\x00\x17p\x9c\xbaQ<\x00\x00\x02.\
PLTE\x00\x00\x00\x00\x0a\x14\x00\x0a\x14\x00\x03\x06\
\x00\x03\x05\x008q\x00\x01\x02\x00\x01\x03\x00\xff\xff\x00\
\x02\x04\x00\x03\x06\x00\x00\x01\x00\x01\x02\x00\x00\x00\x00\x18\
1\x007o\x00K\x95\x00Q\xa1\x00J\x94\x006m\
\x00\x17/\x00\x00\x00\x00\x01\x01\x002c\x00a\xc2\x00\
a\xc1\x001c\x00\x01\x02\x00\x00\x00\x002e\x002\
e\x00\x00\x00\x00\x1b6\x00c\xc7\x00c\xc7\x00\x1b6\
\x00:t\x00:t\x00K\x97\x00K\x97\x00M\x9b\x00\
M\x9b\x00@\x80\x00?\x7f\x00#E\x00l\xd8\x00k\
\xd8\x00\x22D\x00\x03\x06\x00E\x8a\x00F\x8d\x00\x03\x06\
\x00\x193\x00`\xc2\x00b\xc5\x00\x1b7\x00\x00\x00\x00\
\x00\x00\x000a\x002e\x00\x00\x00\x00\x06\x0d\x00I\
\x92\x00K\x96\x00\x08\x0f\x00\x1a5\x00c\xc6\x00d\xca\
\x00\x1c9\x00\x00\x00\x00\x00\x00\x008p\x00:t\x00\
\x00\x00\x00\x11\x22\x00\x5c\xb9\x00^\xbd\x00\x13%\x00\x00\
\x00\x00:t\x00;w\x00\x00\x00\x00\x1e<\x00R\xa4\
\x00 ?\x00\x0a\x14\x00\x1d:\x00\x0b\x16\x00\x00\x00\x00\
\x00\x00\x00\x00\x00\x00z\xf3\x00\x7f\xff\x00\x80\xff\x00\x7f\
\xff\x00y\xf2\x00o\xde\x00\x81\xff\x00\x7f\xff\x00\x80\xff\
\x00\x81\xff\x00\x81\xff\x00\x7f\xff\x00\x81\xff\x00o\xdf\x00\
\x7f\xff\x00~\xfd\x00d\xc9\x00L\x98\x00_\xbe\x00}\
\xfa\x00\x7f\xff\x00\x81\xff\x00{\xf7\x00\x80\xff\x00\x5c\xb9\
\x00\x0d\x1a\x00\x00\x00\x00\x08\x10\x00O\x9f\x00\x80\xff\x00\
\x7f\xff\x00{\xf7\x00\x80\xff\x00\x7f\xff\x00\x80\xff\x006\
l\x00&M\x00}\xfa\x00\x7f\xff\x00\x80\xff\x00\x7f\xff\
\x00\x80\xff\x00H\x92\x00\x01\x02\x009s\x00\x7f\xfd\x00\
\x7f\xff\x00\x80\xff\x00}\xfb\x00\x7f\xff\x00\x80\xff\x00w\
\xef\x00@\x81\x00\x22E\x008q\x00r\xe5\x00\x80\xff\
\x00}\xfb\x00\x80\xff\x00\x7f\xff\x00\x80\xff\x00\x7f\xff\x00\
{\xf8\x00\x7f\xff\x00\x80\xff\x00\x7f\xff\x00\x80\xff\x00}\
\xfa\x00\x7f\xff\x00\x7f\xff\x00\x7f\xff\x00\x7f\xff\x00\x7f\xff\
\x00\x7f\xff\x00~\xfb\x00\x80\xff\x00\x7f\xff\x00\x80\xff\x00\
s\xe7\x00\x80\xff\x00\x7f\xff\x00\x80\xff\x00t\xe9\x00~\
\xfb\x00\x7f\xff\x00~\xfb\x00\x80\xff\x00\x7f\xff\x00\x80\xff\
\x00y\xf2\x00\x80\xff\x00y\xf3\x00\x82\xff\x00v\xed\xff\
\xff\xff\xdf\x0b\x97^\x00\x00\x00[tRNS\x00\x00\
\x00\x00\x00\x00\x00\x00\x00\x00\x00\x00\x00\x0dd\xc2\xf1\xfc\
\xef\xbea\x0d\x1b\xa3\xf6\xf6\xa3\x1b\x10\xa7\xa7\x10p\xf9\
\xf9o\xcf\xcf\xf7\xf7\xfc\xfb\xde\xdd\x89\xfd\xfd\x88\x22\xd0\
\xd3#_\xf7\xf8d\x00\x0a\xa4\xa9\x0b)\xda\xdd-e\
\xf9\xfaj\x00\x0d\xb5\xba\x0fJ\xf3\xf5N\x0a\xb7\xbb\x0c\
d\xfah(\xcc+\x0d\x83\x108\xb5v\xe1\x00\x00\x00\
\x01bKGD\xb9:\xb8\x16`\x00\x00\x00\x07tI\
ME\x07\xe3\x0a\x1a\x10)\x1a\x8c\x12\xa97\x00\x00\x00\
\xfeIDAT\x18\xd3c``\xe4\xe5\xe3\x17\x10\x14\
\x12\x16\x11eb``\x16\x13\x97\x88\x8e\x89\x8d\x8b\x97\
\x94\x92fa\x90\x91MHLJNIMK\xcf\x90\
\x93gPPL\xcc\xcc\xca\xce\xc9\xcd\xcb/PRf\
P)\xcc/*.)-+\xaf\xa8\xacReP\xab\
\xae\xa9\xad+--\xadohlRg\xd0\xa8mn\
im+-m\xef\xe8\xec\xd2d\xd0\xea\xee\xe9\xed\xeb\
\x9f0q\xd2\xe4\x9e)\xda\x0c:\xbaS\xa7M\x9f1\
s\xd6\xec9s\xf5\xf4\x19\x0c\x0c\xe7\xcd_\xb0p\xd1\
\xe2\x05K\x96\x1a\x193\xb0\x9a\x98.[\xde\xdc\xdc\xbc\
|\x85\x99\xb9\x05\x03\x83\xa5\xd5\xcaU\xab\x9bW\xafY\
km\xc3\xc0\xc0\xc0fk\xb7nI\xf3\xfa\x0d\xf6\x0e\
\xec@\x1e\x03\x87\xa3\xd3\xc6M\x9b\x9d]\x5c\x19\xc0\xc0\
\xcd}\xcb\xd6m\x1e\x9e\x10\x0e\x03\xa7\x97\xf7v\x1f_\
.(\x8f\xc1\xcf\x7fG@ \x8c\xc3\xc0\x1d\x14\x1c\xc2\
\x03\xe71\x84\x86\x85#8\x0c\x11\x91Q`\x1a\x00W\
\xe5K\xc4\xa5\xea\xf7&\x00\x00\x00%tEXtd\
ate:create\x002019-\
10-26T23:35:52+0\
7:00W\x1f\xfd\xb8\x00\x00\x00%tEXt\
date:modify\x002019\
-10-26T23:35:48+\
07:00N\x98\x1a\xd4\x00\x00\x00\x00IEN\
D\xaeB`\x82\
\x00\x00\x04\xa3\
\x89\
PNG\x0d\x0a\x1a\x0a\x00\x00\x00\x0dIHDR\x00\
\x00\x00\x0f\x00\x00\x00\x18\x08\x03\x00\x00\x00\x12\xdbW[\
\x00\x00\x00\x04gAMA\x00\x00\xb1\x8f\x0b\xfca\x05\
\x00\x00\x00 cHRM\x00\x00z&\x00\x00\x80\x84\
\x00\x00\xfa\x00\x00\x00\x80\xe8\x00\x00u0\x00\x00\xea`\
\x00\x00:\x98\x00\x00\x17p\x9c\xbaQ<\x00\x00\x02\x10\
PLTE\x00\x00\x00\x06\x00\x00\x05\x00\x00\xff\x00\x00\
,\x00\x00,\x00\x00\x19\x00\x00\x1f\x00\x00\x04\x00\x00\x05\
\x00\x000\x00\x00:\x00\x00\x00\x00\x00\x0c\x00\x00\x0f\x00\
\x00\x0a\x00\x00\x0d\x00\x001\x00\x009\x00\x00\x03\x00\x00\
\x04\x00\x00\x00\x00\x00'\x00\x00]\x00\x00\x80\x00\x00\x8b\
\x00\x00~\x00\x00Z\x00\x00%\x00\x00\x00\x00\x00\x11\x00\
\x00g\x00\x00\xc2\x00\x00\xc0\x00\x00f\x00\x00\x11\x00\x00\
\x0f\x00\x00\x80\x00\x00\x80\x00\x00\x0f\x00\x00\x00\x00\x00h\
\x00\x00h\x00\x00\x00\x00\x00)\x00\x00\xc3\x00\x00\xc3\x00\
\x00)\x00\x00_\x00\x00_\x00\x00\x82\x00\x00\x82\x00\x00\
\x8b\x00\x00\x8b\x00\x00{\x00\x00{\x00\x00P\x00\x00O\
\x00\x00\x15\x00\x00\xab\x00\x00\xaa\x00\x00\x13\x00\x00\x00\x00\
\x00U\x00\x00X\x00\x00\x00\x00\x00\x09\x00\x00\x95\x00\x00\
\x9a\x00\x00\x0d\x00\x00\x00\x00\x007\x00\x00\xcb\x00\x00;\
\x00\x00\x00\x00\x00\x00\x00\x00i\x00\x00n\x00\x00\x00\x00\
\x00\x14\x00\x00\xa3\x00\x00\xa7\x00\x00\x17\x00\x00\x00\x00\x00\
G\x00\x00K\x00\x00\x00\x00\x00\x00\x00\x00\x8b\x00\x00\x90\
\x00\x00\x00\x00\x00\x00\x00\x00=\x00\x00A\x00\x00\x00\x00\
\x00\x00\x00\x00\x94\x00\x00\x98\x00\x00\x00\x00\x00\x00\x00\x00\
V\x00\x00Y\x00\x00\x00\x00\x00)\x00\x00\x83\x00\x00,\
\x00\x00\x0b\x00\x00 \x00\x00\x0c\x00\x00\x00\x00\x00\x00\x00\
\x00\x00\x00\x00\xf1\x00\x00\xfe\x00\x00\xff\x00\x00\xfd\x00\x00\
\xef\x00\x00\xed\x00\x00\xed\x00\x00\xed\x00\x00\xff\x00\x00\xfd\
\x00\x00\xff\x00\x00\xed\x00\x00\xed\x00\x00\x8b\x00\x00V\x00\
\x00\x81\x00\x00\xe5\x00\x00\xf1\x00\x00\xfd\x00\x00s\x00\x00\
\x01\x00\x00\x00\x00\x00^\x00\x00\xf7\x00\x00\xf1\x00\x00\xfe\
\x00\x00\xe9\x00\x00)\x00\x00\x1a\x00\x00\xda\x00\x00\xfe\x00\
\x00\xef\x00\x007\x00\x00%\x00\x00\xe2\x00\x00\xfc\x00\x00\
\xa3\x00\x00\x17\x00\x00\x10\x00\x00\x8f\x00\x00\xfe\x00\x00\xfc\
\x00\x00\xe7\x00\x00\xfc\x00\x00\xcc\x00\x00\xa2\x00\x00\xc5\x00\
\x00\xfa\x00\x00\xe7\x00\x00\xe6\x00\x00\xe9\x00\x00\xfe\x00\x00\
\xff\x00\x00\xce\x00\x00\xf0\x00\x00\xf2\x00\x00\xdb\x00\x00\xdf\
\x00\x00\xfd\x00\x00\xfe\x00\x00\xd7\x00\x00\xda\x00\x00\xd8\x00\
\x00\xff\xff\xff\xde\xfe\xfdn\x00\x00\x00ptRNS\
\x00\x00\x00\x00\x00\x00\x00\x00\x00\x00\x00\x00\x00\x00\x00\x00\
\x00\x00\x00\x00\x00\x1av\xca\xf3\xfd\xf1\xc7r\x19>\xc4\
\xfc\xfb\xc3=>\xde\xde>\x1c\xc4\xc3\x1bz\xfc\xfby\
\xcd\xcd\xf4\xf4\xfd\xfd\xed\xec\xb8\xb7X\xf3\xf2V\x0b\xab\
\xaf\x0c<\xea\xecB\x02\x84\xff\x8a\x03\x19\xc6\xca\x1cM\
\xf1\xf3R\x05\x99\xa0\x07.\xe2\xe53\x00\x8a\x90\x010\
\xe7\xea4\x05\xa7\xab\x06]\xfbb(\xcc,\x0f\x8c\x12\
\xfb[s\xdd\x00\x00\x00\x01bKGD\xaf\xcel\xa3\
1\x00\x00\x00\x07tIME\x07\xe3\x0a\x1a\x10*\x0c\
S\xebO\xa5\x00\x00\x01\x14IDAT\x18\xd3M\xcf\
\xd3v\x83Q\x14\x04\xe0iS\xdb\xb6m\xdb\xb6m\xbb\
\xbb6\xff\xda\xb6\xadg\xecn\x92&\x99\x8b3\xf3\xad\
un6\x00%S3s\x0bK+k\x1b[ep\
Dv\xf6\x0e\x03\x8344\xec\xe8\xe4,\x02T\x5c\x5c\
GH\x92Q7wUxx\x8e\xf1\x1c\x9f\x98\xe4w\
\xca\xcb\x1b>\xbe<\xa6gf\xe7\xe6\xb9\xfd\xfc\x11\xb0\
@\xb4\xb8\xb4,\x08+\xabDk\x81\x08Z'\xda\xd8\
\x14\x04ak\x9bh'\x18!\xfcmw\x8f\xbd\x7f\xc0\
+\x14a\x87\x5cG\xc7\xc2\xc9\xe9\x19\xd1y8\x22.\
\xd8\x97W\xd77\xb7\xdcw\x91\x88\x8a&ybb\x11\
\x17\x7f/\xe3CB\x22\xd4\x92\x92\x1f\xa5|JIU\
\x07\xd2\xd23\xa4~\xce\xcc\xe2{4\xb2s^\xc4|\
\xcd\xcd\xd3\xfc;P+\xbf@\xec\xc2\x22m\x88S\x5c\
\xf2\xc6|/-\xd3\x91X\xb7\xbc\xe2\x83>+\xab\xf4\
 Mu\xcd\x17}\xd7\xd6\xfd\x13\xfa\xf5\x0d\xd4\xd8d\
 3\x9a[~Z\xdb\xe4\x84a{G\xa7\x91\x82\x8d\
\xbb\xba{L\x14\x8c\xde\xbe~\xc9\xf8\x05NBi\x81\
V\x03`7\x00\x00\x00%tEXtdate\
:create\x002019-10-\
26T23:39:51+07:0\
0|\xcb\x07\xab\x00\x00\x00%tEXtdat\
e:modify\x002019-10\
-26T23:39:48+07:\
00T\xa4\xfaZ\x00\x00\x00\x00IEND\xaeB\
`\x82\
\x00\x00\x17\xad\
\x89\
PNG\x0d\x0a\x1a\x0a\x00\x00\x00\x0dIHDR\x00\
\x00\x010\x00\x00\x00\xa6\x08\x03\x00\x00\x00jm#+\
\x00\x00\x01\xb6PLTE\xff\xff\xff\xfc\xee#\x00R\
\x97\xf9\xed$\x00Q\x98\xfe\xf0#\x00N\x96\x00R\x96\
\x00L\x95\x00<\x8a\x00Q\x99\x005\x99\x00<\x8c\xf9\
\xef6\x00J\x95\x00G\x93\x00C\x91\x00=\x88\x00A\
\x80\x00?\x84\x00=\x8f\x00D\x8c\x00A\x90\x00=\x89\
\x00?\x83\x00E\x94\xff\xf1\x18\x00>\x86\xc7\xd2T\x00\
;\x8e\x8e\xa4C\x006\x97\xf3\xf5\xf9\x83\x9cH\xc1\xc9\
7\x00G\x8a\xbb\xc70\xc6\xcd4\xbb\xcaR\xcb\xd4S\
\x92\xa7A\x82\x9bI{\x96M\xec\xf0\xf5\xe2\xe6\xef\xcc\
\xd3\xe2\xb5\xc0\xd4\x00I\x89\x00B\x98\x00Nb\x002\
}\x004\x8e\xf0\xeeH\x000\x81\xbf\xc4\xcd\xd4\xd6+\
\x00*\x84\xd3\xdew\x00B|\x97\xa6\xbf\x00A\x9f\xd2\
\xd9\xe5:f\x9e\xa5\xb3\xc8\x83\x9a\xbbo\x88\xae4_\
\x9cXu\xa7Tu\x9f!W\x8f\x00Gwe\x9b\x88\
\x87\xadh\x9f\xb7kq\x88\xb3\x81\x9ec\xa7\xbdF-\
Z\xa5\x1d\x5cXO\x8d\x90`\x83i[}@\xa5\xc8\
t<kam\x90[\xa3\xb1\xd1\xdf\xe6['Z\x82\
\xd8\xdd?Lqp[\x91\x8a\x0eMH/d\x82\x8e\
\xa0\xc7\x009i\xa7\xb9W\x00>_\x9c\xba\x87\x22X\
iBgU}\x9dqt\x8b\xaa9el\x00$j\
\x00Oq:o\x8c\xa1\xb17Lze6v|\x90\
\xa3\xb4\x1ce\x7fL}d@qMIrAn\x92\
r\xf5\xf0O$WE\x00;Q\xbc\xc6\xe0\x00&e\
x\x95q\x00'W?f~\x00\x22sp\x88\x97_\
~sF}\x8a\x9d\xb6`\x00Xa\x00\x22\x89\xd5\xdc\
jx\xa6g\x5c\x91i*n\x96\xa7\xc6\x80o\x87V\
\x00.N\x009D\x87\x99\xca\x80\x999Oo\xb0\xb6\
\xca\x5c5jJr\x8b\xc3?\x82\x9c\xca\xd1\xcb\xb9\x95\
w\x09\x00\x00\x15\xb2IDATx\x9c\xed]\x8bc\
\xd2\xd6\x1e.y\x83\x90@\x85PB\xb1\xb1\xd8\xeaJ\
\xa0\x0f\xe8\xe36\x12\x02\x81\xceR\xddu\xda\x97[_\
s\xadv:_u:\xb7]\xadn\xde=\xed\xbdw\
\xff\xf1=\xe7$\xa1\x09P\xa1-\x02\xb5|U(!\
M\xce\xf9\xf2{\x9fs\x92\xae\xae\x0e:\xe8\xa0\x83\x0e\
:\xe8\xa0\x83\x0e:\xe8\xa0\x83\x0e\x8e\x04Qnu\x0b\
N\x16\xd2\xc3#\xf9V\xb7\xe1$!\xe3\x1evM\x17\
Z\xdd\x8a\x93\x83\xec\xc8\xcc\xa7\xa1+\x85h\xac\xd5\x0d\
9\x19\x88\x0d\xb3gg'\x93\x17\xfb\x87#\xe9V\xb7\
\xe5$ \xc3S\xe1Ya\xe0\xcc\x05\xa1?\x10\xe9\x98\
\xfe\x9a(\x061~Np\x00\xc2H\xf2j\xd8\xdb1\
\xfd\xefG\xec\xdag\xff\x0c\x5c\xc7qD\x18N\x9e\xf7\
3tG-\xdf\x83D\xdf\xe77\x86oz\x1c\x06a\
\x0e\xcf<O8\x17Z\xdd\xaa\xf6Eq\xfc\xdc\xe2\xd2\
\xe8\xb2\x03\xc7ID\x18`\xec\xd6\xf0\x17_\xbe\xeb\x08\
YU\xc4\x94\xd1A\xf2\xd6\xd9A\xdc$\x0c\xbe/\x8f\
\xae\xfc\xe3\xf3\xf1\xd5V\xb7\xad\x1d\x11\x8f\xde\x5c\x14f\
\x93\x9fxp YH%\x1d\x0e\x07N\xee\xad]\xf7\
\xac\xbf.\xc4[\xdd\xbc\xb6\x83<6\xfdEjy\x1a\
\x1a0\xc0\x17i\x12\x06\xcc\xd8\xd8\xaep#4\x96\x97\
Z\xdd\xc2\xb6\x82\x98\xdf\xf8j\xae\xe7\xfa\xf5\xee\x01\xc0\
\x91\x850\xf0\xdb\xe2\xed\xa5\xde\xaf\xa77o\xdd\xdd\x12\
[\xdd\xca\xf6\x81\xd4}\xa7W\xc07C#\x9fz\x80\
\xa9\x07\x22\xb6/a\x0ea}d\xba{W\xf0\xfcz\
\xfb\xae*\xb6\xba\xa1m\x82\xccO\xd7\x01Q\x8eTa\
x\xfb\x5c\x0aG4\x95$\xcc\xb3<\x14\x0d]\x11p\
\x87\xe0\xb9\xb22\xb6\xd5QL\x80<H\x85\xa0\xe5\xba\
\x14\xf9\xe5\x9b\xe4\xed{)OI\xc2pO\xea\xdev\
\xe4\x9b\xa5\xfbP\xecp\x01\x9f]\x1aW&Z\xdd\xdc\
VC\x0a,\xf5\x0bP\x0dS\xa3\xdf\x08\xc2\x15*\xb9\
4\xdf\xef\xc1\x07\xfa.\xe0\xb8\xa7\x7f\xbe\x90,\xac\x93\
\xe7\xcf\x0c\x00\xf2\x00H\xe1\xea\xb7I\xea\xc1\xa9\xaeb\
$\xce\xdc\xc7\x91\xdd\x22\xcf%\x07A6\x84\x9f/\x5c\
\xbe\x1cz\xf8-{\xf3\xe6\xc3\x91\xcb\xc9\x95u\x9ct\
L\x86\x1e\x918\xf2\x9e@\xf6&\xe7\x993\xefN\xaf\
\x98e\xcf\x5c\x22\x1d\x88\x89e `\xc8\xe0\xe3\x93\x9f\
\xdc\x7f\xc8\xbaF\x86W\x1e\x9d\x9f\xc4Q\x18{\xfe\xf2\
$\xe2\xcb\x81\xbe\xc7\xef=J&\x8b\x89V7\xbd\x15\
\x88\xe5f\x06pd\xdbqa}\xfc*i\xfc\xee\xf1\
x.\xf4]\x00\xaf\x1eH%\xf8\xef\xe1\xe6Q\xb4\x01\
\xe9\x82?\x9e\xc9{\x8f\xcfN\xfdw\xe1\xb4\xe9f\x22\
\xf98\x85|\x22\xf4\x867\x97<\xfao\x0eKX\xa1\
\x7f\xc2\xc9\xb7\x81\x14\xda\x0f7\xb68\xf0\xd4\xf2\xbd'\
\xa3S\xec\xeai\x12\xb4\xd5\xbb\x7f\xa5\x1c\x06+\xe4\xde\
\xc6\x8e`\x10\xe6\xb0\x04\xae:C\xe4\xd5\xbe\xab\xa4\xf9\
\x1dn\xf2\xfatqp\xe8\xbb\x8d\xf1\xdc\xeas\xb1\xd5\
]i\x06b\xca\xc6\xa0\xa7\xd4{a\xae\xbb\xb7D\x89\
5\xd2\xd7Y\xc3\x87\x1f{\x1c6\xa0\x8c\x93\xf4<\xed\
]\xff\xed\xcbg\xdf\x0f\x17\x9f\xa7\xc5V\xf7\xe8\xc3\x22\
>\xf6\xf8\x22\xa9w\x1bi\xe4\xad\x1fqG\x15\x093\
\xf8\x22wf&\xc92\xc6t\xd2H\xd2\xb3\xf8\xf3\xee\
\xdc\xcdg\xbf\xff\xa0d\x13\x92\xd8\xea~}(\xc8\xdf\
\xcf\xa5H\xdc\xe4\x08'\x177^\x08\xb8\x85\xb0~\x9b\
\x0ds\x90W\xa7\xfaI\x0b\xa1%mEo\xa4 \xa4\
\x16\xf7\xae\xec\xdc\xda\xf8\xe1\x87\x8d\xbc\xfc1\xd2\x96_\
\x9bE\x81\x15\x8e\x1b\x11\xe9\xee\xc6\x0d\xc1B\x86\x9d0\
\x80\xc9\xd0yG9J\x04#\xed\x04\xacy\x16\xf7f\
wn\xad\xcc\xdc\xbd\xbb\xf6\xe3\x83L\xfc\xe3I\xa3\xa4\
\x9e\x95^#\xe62\x08\x136\xd7\x96\xad\x5cX\x083\
()<)3b\x95\xd0eM\xc0\x97\xf7f7_\
\xad\xcct\x8f\xfd\xd4\xb3\xf4\xaf\x07\x13\xe9\x13\x1f|d\
~\xfa\x02\xe6\xda%\x05\x83\x84\xbd\xbc\xed\xc1\xab\xab\xa4\
\xae\x94\xc2\xab\xcfR\x8e\xda@\x87\x80\xc2\x06\xc4my\
p\xf7\x97/\x1e\x0eG}\xe3S\x81\xe1\x15\xc0\xdcD\
Llu\xd7\x8f\x84|xWp\xe0\xb8\xbd\x9f?\xa2\
\xfc\xfa@\x09s\x90\x9b\xa3\x8bu\x10V2l\xba\x96\
\x92\x06qW\xde\xde\x7fX\xe0\xdd\xc9$Oh\xf9-\
@\xdd\xc4\xc9\x91:)\xbc\xb4l\x98w#\xd7A\x89\
\xf7\xcc\xa6\x80\x1b\x80\xdb\x10a\xb8\x85\x01r\xb7\xe7\x22\
\xe9p\x94\x11]\xfe\xd1\xfe\x95\xe9SH\x9d9\x90\x1f\
\xf4\xaf\x7f2\xff\xe8\xdb%\xfe\x0c@\xdf\xb5k\xef4\
53\xf1w{\xbb\x88\xc4\xf8K\x9c\xac\xc4\xe4\xf4\x9c\
`\xdb0pf\xc0\xf6Y\xb8:\xdek\xdf\xe3h0\
.\xca\xe4\xc0\x85{\x7f\x0d}\xfe\xf8\xe6\xeb\xed\xf0\xd4\
\x9b7STN[]]\x953i\xa9\xcd\xd4\xb6\x18\
\xb9\xbf7X\x05\xb3\xd3;\xbd\xb6\x0d\xbb\x97wm\x9f\
{\xafDf\xcd=\xe0{oo/\xfc_\x1b\x17\xc1\
\x0fx-\xc7\xcf\x00\xff@\xd8\xdb\xbb\xb1\xfb\xcb\xdb\xfb\
\xdf>,0L |6\xec\x1b\x1b\x8b*ZQ]\
\xc8d\x12\xe9V;\x0c\x8d\xa7)\xb7\x13\xfe\x00\xb8\xdd\
\xee |w\x82\xd7 \xc1\xc2_\x82A7|u\x06\
}\x01,\xe0\x0b\xfa\x82A\x1fxE\x08\x10\x01\xfd\x97\
\xb0/l\xc3\xd9\xb3\xf0\xbf\x05=VtC\xe8\xafe\
\x98.aff\xa6P(\xe4h\x82\xc0\x08\x0c\x82\xa0\
(\x86\xf3\xf2\xfeHd\x1c`l<\xda\xba\x81\xd1<\
\xff\xcd\xbdK\xe58w\xe9\xd2\xd0\xf4\xcbK\xe7\xac\x98\
\x1f\x19:g\xdf\x10\x98?w\xee\xfcA\xf8\xa4*\x86\
\xaa\x03~\xa5\xff\xd9\xd0\xd0\xfc\xfc\xce\xa7_\xfc\xf3\xd5\
\xff\xfe\xad\xd0\x14\xc3\xb2,\xc7\x85 S~F\xc9o\
\xc9\x99D\x1c\xe8h\xcb\xc8Bx0\xf6\xe9S\xd2S\
\x0e|qz\xce\xbe\xb5\xffL?n\xdbc}|\xd0\
\xb6\xe1\x90@\x96\xcb\xe3I=]\x5c\x04\xaax\xe3\xc6\
\xaf_}\xb5\xf9\xe2\xc5\xce\xf5\x97\xb7\xee\xdc\xde\xdeX\
\x9b\x06\x02\xb7\x94\x07\x1c\xc9m\xc0\x91\x1d\xe9\xe9[\x8b\
\x82\xe9\xdfp\xb3\xc65\x09\xbd\xa4\x11\x0d\xa0\xf2N\x7f\
\xdf\x00\xa9\xd7\xbe\xf4\xaa\x0e\xb9\xdb}Q\xaf\xba\x9aU\
\x9e\x0a\xff\xb8\xefy\x0d\xc7\x0a]#\x89C\x92~\xde\
\xdb[\xdf\xdd\x1d\x9a\xfb\xed\xfa\xd7\x9f\xfd\xf1\xec\xd9\xef\
\x00\x1b+K\x9a\x06L\xd5\xea\xc2s@\x91$\x8a\xad\
&\xe6@\x88\xca\xb3u\xd2\xdaG\x08\xcf\xcauD\x87\
\x19\x8b\x01\xc2.\x90f\xef\xe1\xbfR\x1c\x86\xdb\xfe\xae\
\x925=r\xc5=@\x94z\x07\xf7\xd6\xcf\x0d=\xf9\
\xfa\xcb?\x9e\xfd\xbe\xfdM\xbeXD\xe4\x00v\xdaJ\
\x82\xea\x80\xfa\xfd\x90\x9ex[b\xfd[\xb7<\x96\x98\
\x0aw\x18\x81+nrV\x11\xe9[\xf3H\x87\x99\x96\
: SO\x17/\x0e^\x1az\xf2\xdd\x97\xcf\xb6\x97\
\xb4?W\x9f\xc7O\x1cA\x15HL=Y\xb6\x94v\
 \x1f;\x1b\xcb\x8e\x83\x08C\xef\x85\xb2\x82\x98\x8d0\
\x9d4Ojy\xa0\xff\xaf'\xdf=\xeb\xbe\xf6\xee\xcf\
\xe7\x1fQ\xee\x0d\xc2\xfdk\xa3\xfd\x1e\xd3 AC%\
\x5cY\xdb\xb3T'*\x08\x83\xd5\x0a\xb2JTo\xe6\
\xef\xc0\x9cO\xde\x1b\xfa\xcfv\xf2\xda\x7f\x17\x9e\x9fx\
\x81\xaa\x86?\xc7\xeey,RB\xf6\xaemZ*\xd4\
\xba\xd1\xb7\x9a\xab\xab\xd0\x09\x94\xb3\xe50\xd9\x9a<\xf7\
d\xbb\xef\xda\x9f\x0b\x1f\x93P\x95#3\xf5\xd6\xd41\
\xd8\xeb\xd4\xf6\xcb\xb2z\xd8\x00Yr\xa4\xe0\xf3\xdb\x99\
\xc9*\xf2\x05\xbf\x9e\xbc\xf4\xe8l\xf2\xdd\xea\xc7?\xe9\
N\xe2\xb6!'fM\xff\xc5\xf4\xb2\x8d\xb0\x92D\xe9\
r\xc6Z\xcba\xb8\xe1;A\xca9\xbf\x94|\xa7~\
\xfcd\xe9\xd0\xc6a\x9d\xc7`h}\xe3+\xa1*a\
Hc\xef\xf5\xf5\x97\x1b.R\xb8\xb8Ypk\x13b\
\xab\xbb\xd1D\xc8\xe3\x9f\x96\x22\xd3\xd4\xebWfQ\x1f\
\x95w\x90\x0d+}\xbe?\x9d\xb2\x12\x86\x93B\xea\xca\
JO\xfeT\xb1\x05\x91\x1e{\xb8,\xe8\x01=9\xe4\
3e\x0aD\xe8\xf8\xd5\xbeA\xf0f\xc6\x1e\x93\xfc<\
\xbe\x1fa8\x04\xcf\xde\xcb\x99\xa5\x84\xd8\xea\xe6\xb7\x00\
b~fW\xd0\x03\x89\x8154\x92+\x90\x8b7v\
n\xfd\xb8\xc4,\xbdz\xb9\xb9\x97\x12P\x84;\x17\x99\
4\xf2&]\xb8\xee\xac\xa9\x1f\xb3C|/\xe4\xbb/\
<P\x90\x1c\x9e\xf9\xe82)x\xd6_\xce\xf4l\xbc\
\xfe\xee&{\xf3\xb3\xd1\xe9\xe9\x1f7\x17ay\xb1\xfb\
\xadY\x8d%\xc9\xc5\xb9\xd1\xa5\xd34?\xa0\x02\xf1\xef\
\xef/\x92hZ\xeb\xf4\x0e\xb9\xf7rm\xed\xfe\xec\xde\
\xe2\xe2`\xdf\x1e\x1c\x9f}\xdd\xbd=\xb7\x8c\xcfG\x06\
\x8c*\xbd\xe3\xe7\xb9gK\xa7}Fu,7\xba\x07\
\xcd\x98\xe77zhfm\x07\xa8\xa1@\x22\xa3O\x02\
\xf5\xbcr'\xfc\xf5\xee\xccKR\xf7\x8d\x8b\xe7\xfeP\
NK\x0c\xf1>\x14\xbf\xbf\x94\x82\x91\xc5\xe5\x91W{\
\xa4\xee\x04`\xe0\x0a\x8b\x14Bjsf\x84\xedE\x96\
\xec\xe9\xbd\xd1\xdci\x97.\x03\xcf\xc7?Oy\xfa_\
\x0f\x07\x8c\xf1\xddR\x1c\x06]\xe2\xec\xc8\xf4\x10\x88Z\
S\xfd\x9f\xb9:t\x99\x90\x88;\xeb\xdb3\xbf.=\
4\x12LH\x98\x11u-\x8f*;\xc9\xcf=\x93\x8f\
#\x9dUZVh}\x85^\xe1\xea\x99\xf3dY\xa4\
\x8f_\x0f\xf6\x0a\x9b\x97o\xba\xfflu\x0b\xdb\x0dr\
d\x1e'\xef\xf7\xe99\xb7A\x18\x8e\x0b\xb3\xe1\x17\x82\
0\x10xwj\xe3\xae\x83\x91v\xaeL\xe2\xd8\x12\x9a\
\x9bi\xd4\xf4q\xf2b\xf8\x0e\xeey\x94\xec,e\xae\
\x0a\xe5\xec^\xbf\xfb>4c\xe6 Hjity\
\xaf[\xf9(K\x82\x8d\x80\xfa\xd3\xe6/\xdds\xa4\x99\
|\xe3\xf8\xab\x8d_7\xc73\xadnV\x1b#>\xf6\
\xed\xbf\xa7\xd7AN\x89$\x8c\xbc\x1e\xfe\xdf\x9dB\xc7\
z\xbd\x0f\xe2R\xd45=( \x09\x136\xc3\xae\xf0\
\x83V\xb7\xa8\xed\xa1\xba\xd9\xed\x8b\x02 L\x98\xeba\
\x87;\x89Pm$\xc2\xa1\xdb?\x0f$/\xce\xf6\x8c\
\xe4\xc5V7\xe6D@RFn\xee\x86\xe6\xa3~\xb5\
\xd5-91\xc8;\x0bD\x88?\xd5U\xafC\x22\xe3\
\xe4:\xc1\xd7\xa1\x90.\xb6\xba\x05\x1dt\xd0A\x07\x1d\
t\xd0\xa6\xe8$\xdc\x87D\xa7`x8\xa4Ot\x90\
\x9fh\xfe\xe5>\xd1Iw:\x99lv\x8d%\xa64\
\xf9\x845!me\xeb\x15\x1b1Hp\xcd\xae\x11\xab\
\xed6\x02)G\x18\x86W\xeb\xdbW\xa1\x08\xb6\xce]\
\x1b\x86\xb16s\x92\xe9\x08\x81a\x04W\xd7\xbe2\x87\
a\xcc\xd6\x07nP\x19\x9e\x07\x9a{\xbe\x9a\xc83\x04\
\x80\xb3\x1e\xcb\x94\xe6\x00\xb7\xcd\x960-\xdb\xdc\xf3\xd5\
\x04 \x0cHX]\x84\xe5(\x0c\x10\xd6\x5c7\x19\x1b\
o\xb7\xa0\x22\xe1\x85\xeb(\xddu\x18\x0a\x19\x0a\x18\xe1\
mn\x07\x16\xa6\xda\xcc\x84uu\x05\x08\x8c\xa0r\xb5\
\xf7\x93\xbc\x04\x5c\xa5\xca7w\x96Q\xae\xddLXW\
W\x16\x18\xb1z\xf4L\xa10\x02\xa3\xb1`S\xafx\
:\xd2n&\x0c\x10\xc6b\x18'\xd6\xdc-\xc1\xeb+\
\xa0\x9b{\xc5U\xbe\xfd\x12I`\xf5\xb9:Z\xe5u\
\x11h\xc5xs\xefi\x1f\xe0\xdbo\xf0\x96v1u\
$\x1frH_c\xcf65\xd0\x8f\xf3n\xb1\x99\xe7\
\xab\x07q\x9e\xf0\xd56K\xa2\x1b\xf1E\xd4\xe5N\x1b\
\x07\x95\x8d6\xf3tu\xa1@\xd5#\xf52\xe7\xc20\
\x17\xd0\xc8\xe6f\xc2\x0c\xdbv6_c\xddu\xc4\x09\
b\x10\xf8G(a\xa1\xa6Fa\xf1`\x93\xc3\xe4\xda\
P\xf8\xba\x1e\xb3\x01\x93H\xa8\x90X\x93}d\x94k\
\xaf8?\x86E\xb4\xba\xf6s\x22\x0f\x09\xc2\xfc\xe6\xd6\
vr.\xbe\x1e\x93)\xc6\xa4tzb\x22\x91\xc8\x00\
\xc8\x10j\x19\xe4\xc6\xdcL8\xcd\xd7\x99\xe7\xa8\x9c\xce\
W=\x09A\x03!9\x09o\x95\xcdb,\x1d\xcfd\
\x00\x0d\x9a\xa6\xe40\x0e\xdd\xb2\xc7\x17\x0c\x86\xbd\xbc\xdb\
\x1d\x89D\x92\xc9\xa4/@a\x8a\x96\xddR3\x13\x13\
\x13\x8d\xbboG\x9a\xae\xd3@\x88a\x8c\x80i$\x11\
in^\x07\xd2\x5cf\xff\x93\x94N\xc8jQ\xcb\x05\
\x9d>_\x98\xe3X\x86\xa1(\x86aX.\x14\xe2\xfd\
n\x86\xa0s\x1ab\xa8\x0d\xeea\x85,\x18\x0d\xd2\xc8\
&[`\x8d\x22\x80H\xc7\xe2\x19YU\xc2c>_\
\x80e\x01I@\xd2\x09\x86\xe18\xde\xed\xe5hek\
+\x93H\xa4[\xcf\x91\x0d\x01h\xc1h\x9ak\xb2\x8b\
\x17) \xd7\xf4\xd9p\x18H\x13\xa5\x87\xcd.\x96\x0d\
\xf1n\x1f\x0do\xb6\x14o\xdb\x19P\x19\xe4\x221\xa6\
.\xff\xd0\x18\x88\xe9\x04\x10*\x17\x14&B\x8fg\x5c\
\x0c\x10\xa9@!\xabfZ}\xdb\xb3\xda\xc8\xa1\xabK\
\xe5\xc4\xe6\x9cNLd\x95\xb3<\xc7B\xf9*q\x05\
\xa8\x92\xdbW\xa4\xecHx\x11_\xb4\xbd\xb9\xe2\x07;\
_&\xc2\xe8\xa2\x85\xd8b\xbd\xbeB6\xd1\x02\xa9J\
\x1f\xd9\xc1i\x14\xaa\xea\xd8\xfe>CG\xb8\x0f\xe51\
\x8b\x0cb\x8a\xd0\xf5Qm\xd1m\x86\xd4\xc8\x9b#^\
\xa4\xb4\x13\xb6\xdfk\xcd\x9f$:\xe4r\xd5\x88\xc9\xe4\
\x5cV<\xda\x09)=\xa9\x80\x06\x1f\xab+n\xfd\x10\
\xc8\xf2\x9cZ{/i\x02D\xca\xe51\xb1\x0a/\xb8\
\xd3\x1a\xe0f\xfc\xa8O\xef\x1d\x99\xd3x\x82=Z\x94\
\x1b\x83\xc3~\x18\xe3\xcb\xe5\x08\x9a\xf67\x9a\xb0X}\
!\x7f\x91\xabY\xf7\x93T\x8d\xf2\x878\x8e\xf3\xda+\
^\x22C\x94\x05`Y?\xbc\xff\xa4\xeb\xe0\xd2\xab\x18\
\xeb\xca\xc0\xf2\xec\xd1f\x8a\xa7\x83\xc0`:\xb58\x8a\
\xfe\x1aMX\x91\xe7)\xb1\xf6n\x1aW\xab\xca\x90\xc8\
\xf9YJ\xbf\x0d'\xe1\x8aX\x95\x17\x98|\x17g\x9d\
\xc4\xacp\xc8\xbcT\x8f2b\x99\xa2\xc2L9\xbd(\
\x10a\x8e\x14\xb7%8\xc2\xa7\xc1\x82\x80\xca\xd67\x98\
U?D\x9a%h_m\x19\xd3\xd8\x1a\x8d\xcf`\x1c\
\xa5\xbb%d8\x82\xd6\xfa\x05\x88\xb6Y\x0b5b\x0e\
\x0dc\x02m\xa9\xf2\x8c_Y\x19s&\xb3\xa0A\xcf\
\xbd\xa8\x9a}\xa4\xc9\xe2*gHf\x96i\xb4\x84)\
\x0c\xe1\x22\xfc\x15\xedV5\xbb4!\xafCx\xd5\x83\
\x0e\x93\xce\xb9\xfdn\xde\x89\x86'\x91/\xb7f\x8c\x92\
\x1f\xa3,\xf9\x5c,\xc7`\x880*YQ\xb7\xc8D\
9&\xa2?cN\x0fu\x8f6F\xae\x99\xee\x97\xa6\
\x1bLX\x91\x05\xdd\xab\xf4U\x9a\x97\xb1\x0d\x16g9\
=\xfe\xe3r\xd5\x0b_\xab\xc9\xe0VZ\x14\xc5\x89\x80\
Q\x84\xb6\x15Ue\x8e\xf0\xefkh\x8cf\x5c\xc0?\
\xb2\xa1\x88V\xde\x131\xcf\x13\xcc\xb0\xb15\x13\x80\xb9\
\x94\xf3H\xbd-\xad\xf9\x80\xed\xf16p\x08D\xe6\xa1\
\x12E\xca\xcb\xa5\x1a\xb8\xb8\xd6A\xa0\x04\x8a\x0a\x90\x86\
\xb8\xd5\xca\xa3\x88\xca\x94\xf9\xe0\xc1\xb4O\xdf\xd1\xa6k\
\x14\xe1\xdf?C,\x1a\x88F\xa3\x05E\xad\xbc\x95R\
,\xc7\xba(\xc5\xdc\x1c\x1b\x83\x84\x11\x87\xef\x14@\xe9\
t\xe0B7\xb2\xc0+\x05Q\xe7\xca\x15\xa3\x08N\xe3\
\xb2\x16\x9d\xb7X#\xc3\x00\xc6\x89\xa3\xcbc1\x89\xb6\
H\xa3\x06\xa7\xa5\xd0~\xeb!'\xf8\x90Z\xfa \x1e\
\xeci\xa5(\xe5b\x0a\x96\xb3:\x01_\xc7\xac\x96B\
;\xd8@\xc2\x14\x10\x0b\x11\xee\xf2\xe3\xc9|y\x96\x1c\
\x8b\xc0\xe1\x0bC\xc8\xca\xeb\x0d\x12\xef\xb3\x88S\x11V\
N\xec\x97@\xb1\x8e\xc0)\x07\x1b\xf1\x1cH\xfc\xc2V\
\xc9\x94\xa3\xc0r\x1e+\xec\x14#\x0d\x9d\xf9\x02\xcd*\
\x13.\xd7\xf0t\x04\xc8\x88kX\xb4\xee\xa8\xa9\x05/\
\xa1[s{\xfc\x09o<8n\x91E1J`l\
\xc0\xa6\xe2\xa2\xdf\xb9\x7f,-t\xe0\x88\x11\x90\xcd\xf2\
0C\xcd3\xc7+\xd0\x8a\xee#G&\xd5\x00,\x22\
[2\x19%\xd0p,,`\xd5;\x11^\xe4x\x98\
\x82U\x12\x82-\x13\x11\xc6\x16\x90\xe6\x19\xcaY\xb4\x1f\
R\xf6\xef\xef\x90\xb5\x99\x7f\x1b2<\xe1\xb2'O]\
\xf180\x7f\x18\x7f\x8cR:$\x0c\xb4\xfa\xe8\x07\xb0\
\x01\x04ule\xe0\x08\xfc&\x86U\x1b\x95\x8d\x01\x95\
\xa1\xb1\xf2\x01n\x85\xb54GR\xfcn\xad\xdc\x83D\
\xf6wPy\x9a`\xabO>\x8c!\xf7\xe3\xb5\x9d7\
\x8f&\xb90\xc7X\xb6\x87T\xb2Q\xa3T\x92\xbb\xda\
\x88j\xc2\x0f\x04\xac\xfa\xcc\xb8\x18\xf0\x95\xe5|\xc9\x9c\
\xd7\x14\x001\x91\x7fC\xcb\x15\xf2\x93\x8e\x94:,\xf3\
 *\x22\xf8\xaa\x22\xa6\xc1@\xcfe\x1b\xa2\xce$P\
a\xdbZ\x92?4PU\xa9A\xd97\x10\xa5\xca \
'\x16\x01\x22\x1c<`T\xb6\xc8\x94\x17\x00\xc5\x08\x9c\
\xd8\x1a\x93&\x1el\x85\xa7\x8a\xab\xd5\x1a\xb6U\xca\x89\
\xd2,4\x83t\xd5t(\x8d\xa6\xf5\xd8\x94G\x84\x0e\
3\xc3\xd6;u\xb6:P\x5c\xd8\x98\xa9\x1cb\x90\xa0\
*\x9b\x9e\xa3\x5c\x07\xe7\xbb\x19.\x5c&\x1d@\xab\x89\
7\x8c\xa2\x15\xe5\x03o\xe7\xe9v\x19\x1a!v\xa5\xfd\
0\xc2wU;\xbe\x82\xea\xedD\xd8r\x14\x14#\xcb\
\xc7$\x0c\x1d\x96i\xc8d!h\xc1*\xfcm\x16j\
\xc0\x81NE)\x8fpc\x91\x9a\xf3$\xd2NL\x0f\
\xa5\xe0\xb8\x1e\x0cc0W\x15\x1d\x93\xfcz\x9cg\x09\
PTd\xeb\xe0\x04\xbc\xe3\xd8l\x0dV\x03\x08\xe71\
\x8eP\x02\xcc_\xca\xa9\xd1\x0b*\x07e\x12\x0b~\xfb\
\xfe\xa2\x98e\xb1*Rj\x03\xc8~\x09Z\x04\xbf@\
\xd9\x94\x22h0\xa2\xd2\x8c\xab\x8c\x91z\xa9\xa5\x93\x85\
\xd1\x1b\x08\xa1\x8f5\x99\x0c\x1d\x98n\xc4\x94Zh4\
\x08\xafh\xdb\x96\x80Q\x0b\x16:\xc0\x8d\xc7\xddn\x9b\
B\xa6c]y\x10i\xbc\x7f\xda\xce\x02\x83J\xf9f\
\xb2\xb2\x054\x0c\xa6\xc3\xf6\x0e\x88\x89\xa0\x91G\x10\xa6\
\x88\x15\xdfHf+\x8f\x15w&Bh,\xa1\x01c\
U*K\x83\x8b\xa7\x89\x96M\x0b\xfa\xf4-\xabQ\xb6\
<\x99@\xf2\x11\x11\xeb\x01d\xd0#X\xd3rQ\x07\
\x97\xad\x13\x05\xa4\x84\xc0\xb7\xaa\xfa\x06\x18\x17AO\xc9\
X\xcf\x9b\x91\xba\xdcf\xe6EDeI\x94\x16\x0a\xc6\
\xfd\x972\x1cq\xbce61?\x9a\xf3\x189\xfe\xf8\
\x07\xea\x09A\xd1\xa5k-f\xd5\x82\xab\x5c/\xf6\x85\
M\x04\xfcZ\x08\x93`y.\x06s\x02\x82\x0a\x1c \
\xf0q:\xab{?\x82(\xe5\xe2\x19T\xe4\x22,\xd1\
\x89\xa4H%\x13\x06\x8b>\x81pO8`\xa6_Y\
\xd6\x85\x1do]\x12\xad\x0b\x81Zs\xc7Z\xc8\xa1\xda\
(Hn}Y\xf8\x88\x94\xb4\x0ct \xcb\xe8\xd7\x99\
+\xc4%\xb0)3\x96\xb0\xed\x8f\x95T2&\xbf\x81\
*\x16s\x03\x0b\xee\x02n,*W\x06\x14\xf1\xc2\x14\
\xf8\xf38\x0a\x84,3\xda\xc0q@\xba\x80\x95\x12\xd2\
\x0c\x9cB\x1f\xe7\xb1}\x80#\x96\xf8\x0c\xb8\x0e\xa8\xca\
\xd6\x0dXr\xc5\x1aQu\xa5)\xc2(\x8f2^g\
\xd8\xc7\x8fK]%\xc20\x8a\x0b\x86}\xbe\xa4\xc5'\
\xc2\x82\xaba\x0a\xc4\xb4\x1a\x9cB_\xc5\xdc\xa8~\x01\
2O\xce\xad\xc8\xf1\xfdG\xb8I\xf1\xad\xe8\x14Rw\
4\xa3\x82\xb0\xcc\xaf\x96x\xbd\xc6\xc8i1\x90r\xa9\
\x01\x94\x83\xe9\xa3\x96&a\x04U0\xf6\x97\xfc\x98\xe9\
\x85\x8e\xaaS\xfa!\x1a`\xc5r\xc6D\x03\xa3\x91(\
\x17BW\xc3\x98\xc4\x85\xb9\xacEf\x19\xd9N\x8c\x8d\
nm)a\x9eu\x1aT\xc2\xb0\x9068fyw\
@\xc9o\x01(\x05\xb77d\xe8\xe9\x02$\xcc6\xbf\
Ze\xf5\x133\xfe\x80\x93\x0fa\x88\x888\xcc\xec\xcd\
#\x11\xae\x1e\x93\x1dd\xb2i\x82Q\xe5\xfc\x91\x8b\x80\
h\xa9\xceQ\x07S,(2\xc4>c\x94>\xc2\x8a\
.4\xda\xea27\x19\x88\x94\x06\xdc\xe1\xe0\xbb\xcf\x14\
\xbd-\xd6(\xb0\xeapQ\xe8\xd9Z\x14\xc18UQ\
\xdf\x03(\x1b]\x16H\xd1\xbad\xc3\x80\xcc\x1c\x09O\
#\xb1\xd3\x09\xa3\xa9\xee\xd2\x99\xf5*5A\xf8\x8fq\
\xd7\x1csi@\xf0\x98v_\xd7\x02c\x16\xb8\xd1n\
\x90\x17\x19W\x19c\x15\xc9\xb63\xaa\xed\xe8=\xa5\xf6\
\xab71g\xa9L\x86:\x06b\x06\xf0Cy\x95\xd2\
\x1e0\xfb\x0d\xda/n\x5cw\x894\xc8\xc3\xcdR\x89\
\x9e#\xa3C\x10\x01\x8b\xf2d\xd04u\xca\xa9\x1e\xa7\
\xa794\x13\xe5\xf8\xf3\xf8h}\x1c\x1dj\x8cf\x92\
\xafP\xc6\xe3\xea|\xf6\xd02\xc3\xed\xb3\xcbX\xe7\xb3\
&\xdc.\xc2\xc6\x18\xa0+\xa8X\x09\xcas\x5c\xb9\xf9\
P9\xdd\x8cy\xf7\xbf\xd0(\xfdJ\x11vr\xd2 \
\xb3e\xfc\xc7\xbc\xb9v\xdc\xa8\xafW\xa9\xcc\x1c\xf68\
\x90\x1c\xa0>\xfb\x16&\x1eAR\xc4\x94{\xf2\xd88\
a\x1a7\xce^@\x8b3\xac\x851\x1ac\xect\x01\
\xe1\xd1*\xdb\xa9\xa0!(\xb7\xc5\xb2\xc1\xa2%\xa0\x8c\
\xe2\x15\xbb7\xd3\x22t\xf1\xd8\xeb\xb84\xd3\xf9\x1f\xf3\
\xf6N\x0bN\x0a\xd8\x1c\xb7m\xe8F\xf5\x03\x03\xe4\xd6\
*\xd4]\x06\xf1\x1fr\xa9\xee\xf2\x93\x8aE8\xa7H\
\x17\x0f\xc6\xcb\xd5\xd7=\x85g\xfd\xf6\xdbf\xc7]~\
/\x1f\xd1\xfe>|7jCd\xf4\x99\x16D\x85\xac\
\x1f\x12R^\xd1\xca\x9f\xeb\x90Pr\x15\x83_\x10q\
\xdaK\x11\x14WmH\x22\xa6\xe6x>\xc4y\xfd\x94\
V\xf735\x12j\x055\xd2\xdf\x7f\xd7\xfb\xd7\x87\x05\
\x5c`\x8d\x8cO\xc0\x96\xd9|`$\x14\x82V\x0f\xf8\
N\x8cOL\xb4\xf3\x83\xcb\x12n\xdd%a\x0c\xd5\xb9\
\x1d|]HDt\xafE\xbb\x82j\xab\xdbr2\x90\
0\x22I\x8c`\xa3\xed\xb5.\xa4]!\x05X=\x83\
\xc1\x5c\x960\xb1\x83\x83!\xe6\xfd\x84\x91dP\xde\xe1\
S\xf9\xc8\xa7\xc3\x22>\x5c\x1a\xbf'\xbcp\xf2L\xab\
\x1b\xd4\xfe\x90\xcf\x02\xca\xf4\x18\x9c`x\xdfV\xfb\xad\
ln7\x88\x99\x1e\x8e2r\x16\xc8\x99;'w\xec\
Y\x0d$4\x1f\xa7\x0f\xb9 {\xc6z}t\xfeA\
\xe6\xd0A\xa4(Md\x12\x89\xc4G\xf0x\xe1\xda\x10\
\x17\xb4`\x90\xd1\xd7\x88\x10\x98\xcbE0l\xc8O\xe5\
\x94\xfc\x16Z\xc6v\x00\x03\xb1XL\x9a\x98\x98\x90\xd5\
\xac2\x9c+\x16\xd5\xc4\xe9\xb2\x81qU\xf3\x069\xb8\
\xac\xcd\x5c-B\x00\xde8.\xc4\xbb\xdd^\x22\x07\xa0\
(\x1aD\x0e\x81\xa0\xc6\x93SSS|N+\x9e\x84\
uJ\x1f\x06b:\xa3j9/\xef\xd5WM\x22\xea\
P\x81\x81 (\x08\xc4\x9f\x97\xf7\xf9\xdd|.\xa7\xa9\
\xf2\xc4i%\xaa\x0c\xe9\x89\x8c\x9c\xcdkJ\x0e\x90\xc6\
\xf2\x08^\x86a\xa1\x88ee\x19*\xa9\xd8\xea&\xb6\
3\xc4F\xadT\xee\xa0\x83\x0e:\xe8\xa0\x83\x0e:\xe8\
\xa0\x83\x0e:\xf8\xc0\xf8?\xd1< \x7fj\x22\xc8e\
\x00\x00\x00\x00IEND\xaeB`\x82\
\x00\x01\xfeQ\
\x89\
PNG\x0d\x0a\x1a\x0a\x00\x00\x00\x0dIHDR\x00\
\x00\x02\xa6\x00\x00\x02\xa6\x08\x06\x00\x00\x00\x9f{\x5c\x9f\
\x00\x00\x00\x01sRGB\x00\xae\xce\x1c\xe9\x00\x00 \
\x00IDATx^\xec\xbdw\x90%W\x9d\xef\xf9\
=\xe9\xaf/_\xed\xab\xbd\xadj!\x81\x10\x08#\x09\
\x10 @\x02y\xbcw\xb3\xf3vbb\xf7\x8f\xb7\xbb\
ob\xe7\xc5\xc6\xdb\xf9c\xdfN\xbc\x8d7\xbbo\x18\
x\xb8A\x80\xa4\x01\xb5\x0c\xc2H\x98\x110 \x9c\x06\
\xbaT\xdd\xeaV\xab\x9dZ]\xd5\xe5\xafOw\xce\xd9\
9'\xef\xed\xaa.\xb5SU\x9b[\xd5\xbf\x8c\xa8(\
w3\xef\xc9\xcf9y\xf3\x9b?\xcb@\x1b\x11 \x02\
D\x80\x08\x10\x01\x22@\x04\x88\x00\x11h\x01\x02\xac\x05\
\xc6@C \x02D\x80\x08\x10\x01\x22@\x04\x88\x00\x11\
 \x02 aJ\x8b\x80\x08\x10\x01\x22@\x04\x88\x00\x11\
 \x02D\xa0%\x08\x900m\x89i\xa0A\x10\x01\x22\
@\x04\x88\x00\x11 \x02D\x80\x08\x900\xa55@\x04\
\x88\x00\x11 \x02D\x80\x08\x10\x01\x22\xd0\x12\x04H\x98\
\xb6\xc44\xd0 \x88\x00\x11 \x02D\x80\x08\x10\x01\x22\
@\x04H\x98\xd2\x1a \x02D\x80\x08\x10\x01\x22@\x04\
\x88\x00\x11h\x09\x02$L[b\x1ah\x10D\x80\x08\
\x10\x01\x22@\x04\x88\x00\x11 \x02$Li\x0d\x10\x01\
\x22@\x04\x88\x00\x11 \x02D\x80\x08\xb4\x04\x01\x12\xa6\
-1\x0d4\x08\x22@\x04\x88\x00\x11 \x02D\x80\x08\
\x10\x01\x12\xa6\xb4\x06\x88\x00\x11 \x02D\x80\x08\x10\x01\
\x22@\x04Z\x82\x00\x09\xd3\x96\x98\x06\x1a\x04\x11 \x02\
D\x80\x08\x10\x01\x22@\x04\x88\x00\x09SZ\x03D\x80\
\x08\x10\x01\x22@\x04\x88\x00\x11 \x02-A\x80\x84i\
KL\x03\x0d\x82\x08\x10\x01\x22@\x04\x88\x00\x11 \x02\
D\x80\x84)\xad\x01\x22@\x04\x88\x00\x11 \x02D\x80\
\x08\x10\x81\x96 @\xc2\xb4%\xa6\x81\x06A\x04\x88\x00\
\x11 \x02D\x80\x08\x10\x01\x22@\xc2\x94\xd6\x00\x11 \
\x02D\x80\x08\x10\x01\x22@\x04\x88@K\x10 a\xda\
\x12\xd3@\x83 \x02D\x80\x08\x10\x01\x22@\x04\x88\x00\
\x11 aJk\x80\x08\x10\x01\x22@\x04\x88\x00\x11 \
\x02D\xa0%\x08\x900m\x89i\xa0A\x10\x01\x22@\
\x04\x88\x00\x11 \x02D\x80\x08\x900\xa55@\x04\x88\
\x00\x11 \x02D\x80\x08\x10\x01\x22\xd0\x12\x04H\x98\xb6\
\xc44\xd0 \x88\x00\x11 \x02D\x80\x08\x10\x01\x22@\
\x04H\x98\xd2\x1a \x02D\x80\x08\x10\x01\x22@\x04\x88\
\x00\x11h\x09\x02$L[b\x1ah\x10D\x80\x08\x10\
\x01\x22@\x04\x88\x00\x11 \x02$Li\x0d\x10\x01\x22\
@\x04\x88\x00\x11 \x02D\x80\x08\xb4\x04\x01\x12\xa6-\
1\x0d4\x08\x22@\x04\x88\x00\x11 \x02D\x80\x08\x10\
\x01\x12\xa6\xb4\x06\x88\x00\x11 \x02D\x80\x08\x10\x01\x22\
@\x04Z\x82\x00\x09\xd3\x96\x98\x06\x1a\x04\x11 \x02D\
\x80\x08\x10\x01\x22@\x04\x88\x00\x09SZ\x03D\x80\x08\
\x10\x01\x22@\x04\x88\x00\x11 \x02-A\x80\x84iK\
L\x03\x0d\x82\x08\x10\x01\x22@\x04\x88\x00\x11 \x02D\
\x80\x84)\xad\x01\x22@\x04\x88\x00\x11 \x02D\x80\x08\
\x10\x81\x96 @\xc2\xb4%\xa6\x81\x06A\x04\x88\x00\x11\
 \x02D\x80\x08\x10\x01\x22@\xc2\x94\xd6\x00\x11 \x02\
D\x80\x08\x10\x01\x22@\x04\x88@K\x10 a\xda\x12\
\xd3@\x83 \x02D\x80\x08\x10\x01\x22@\x04\x88\x00\x11\
 aJk\x80\x08\x10\x01\x22@\x04\x88\x00\x11 \x02\
D\xa0%\x08\x900m\x89i\xa0A\x10\x01\x22@\x04\
\x88\x00\x11 \x02D\x80\x08\x900\xa55@\x04\x88\x00\
\x11 \x02D\x80\x08\x10\x01\x22\xd0\x12\x04H\x98\xb6\xc4\
4\xd0 \x88\x00\x11 \x02D\x80\x08\x10\x01\x22@\x04\
H\x98\xd2\x1a \x02D\x80\x08\x10\x01\x22@\x04\x88\x00\
\x11h\x09\x02$L[b\x1ah\x10D\x80\x08\x10\x01\
\x22@\x04\x88\x00\x11 \x02$Li\x0d\x10\x01\x22@\
\x04\x88\x00\x11 \x02D\x80\x08\xb4\x04\x01\x12\xa6-1\
\x0d4\x08\x22@\x04\x88\x00\x11 \x02D\x80\x08\x10\x01\
\x12\xa6\xb4\x06\x88\x00\x11 \x02D\x80\x08\x10\x01\x22@\
\x04Z\x82\x00\x09\xd3\x96\x98\x06\x1a\x04\x11 \x02D\x80\
\x08\x10\x01\x22@\x04\x88\x00\x09SZ\x03D\x80\x08\x10\
\x01\x22@\x04\x88\x00\x11 \x02-A\x80\x84iKL\
\x03\x0d\x82\x08\x10\x01\x22@\x04\x88\x00\x11 \x02D\x80\
\x84)\xad\x01\x22@\x04\x88\x00\x11 \x02D\x80\x08\x10\
\x81\x96 @\xc2\xb4%\xa6\x81\x06A\x04\x88\x00\x11 \
\x02D\x80\x08\x10\x01\x22@\xc2\x94\xd6\x00\x11 \x02D\
\x80\x08\x10\x01\x22@\x04\x88@K\x10 a\xda\x12\xd3\
@\x83 \x02D`\xa9\x10\x90R\x9e\xf2\xb9\xca\x18\x93\
K\xe5\xdc\xe8<\x88\x00\x11 \x02\x17\x9b\x00\x09\xd3\x8b\
M\x98\x8eO\x04\x88\xc0\x15A\xa0!H\x0d\x00&\x00\
\xabq\xd2\x1c@\x0c@\x90@\xbd\x22\x96\x01\x9d$\x11\
 \x02\x0b$@\xc2t\x81\x00iw\x22@\x04\x88\x80\
\x94R\x09R\xabXD\xc6\x07\xda\x5c\x0b\x05\xdb\x01L\
\x1bE\x0f\x98\x06P\x03\x101\xc6\x04\xd1\x22\x02D\x80\
\x08\x10\x813\x13 aJ\xab\x83\x08\x10\x01\x220O\
\x02\x0d+\xa95\x0ex&\xd0^\x9f\xc4\xaaJ\x1d\x1b\
]\x0b\xab\xb2i \x93\xc31\x09\xbc\x00\xe0\xc5\x140\
\x05\xc0W\x16T\xb2\x9e\xce\x138\xedF\x04\x88\xc0\x92\
'@\xc2t\xc9O1\x9d \x11 \x02\x17\x9a@\xd3\
m?\x0c\xb8\x16\x90\x07\xb0\xfcO\xcfLn\xfa\xd2\xdf\
\xdf\xd7\xff\xe3\x9f<\xb5\xbd\x7f\xdb\xd6\x95\x1f\xfc\xe0]\
\xb8\xf7\xae\xab\x8f\x0b\x8e=&\xc3\xb3\xb6\x85\xe7\x11\xd5\
\x86\xd3\xe9t\x11@\x08\x80\x93@\xbd\xd03C\xc7#\
\x02D`\xb1\x13 a\xba\xd8g\x90\xc6O\x04\x88\xc0\
%#\xd0\x10\xa4\xec\x00`\xa7\x80\xac\x01t\xbf4\x86\
\xf5?|\xe4\x17;\xee\xfb\xc7\x87\x06\x8e\x1c:\xb1\xa5\
\xb7k\xd5\x0a\xcb@~\xf8\xa5#x\xd7-o.\x7f\
\xf0\x83\xb7\x1d\x7f\xc3\xebW\xefg\x1c\x83\x96\x8d\xa1L\
\x1a\x07\x1d`\x14@\xa5!P%\x09\xd4K6\x85\xf4\
FD\x80\x08\xb48\x01\x12\xa6->A4<\x22@\
\x04Z\x83@#\x8e\xd4\x9c\x04R\x91\x8fN\xd3\xc3\x9a\
\xbf\xff\xca\xd3\xdb\x1ez\xf4\xa7\x03\x7f\xfc\xed\x1f\xb7\xa7\
2]k\xdas=\x9d\xc5\xe9j*\xf4#\xab\xbd\x90\
C\xbd:\x15\xe72\xc2\xbf\xf7\xae\xb7M|\xea\x93w\
\x1c]\xbe\x1c\xcf\xf9\xd5\xca\xa0\xebbo6k\x1fq\
\xe1N4\xe2O\x95{\x9f\xe2O[c\xaai\x14D\
\x80\x08\x5cF\x02$L/#|zk\x22@\x04Z\
\x9f@\xc3Jj\xee>\x01wE\x0e\x05fc\xe5\x8f\
~\xb6g\xf3\xd7\xbe\xf9\xf0\xc0\xcf\x7f}\xb0?\x08\xdd\
\xf5\x8e\x9b\xea\xc9\xe7:2\x8c[N\xb5\xe23\x036\
\xcbfR\x90Q M\xc3\x97\xa3'\xf6G\xcbz\x9d\
\xca\x9f}\xfe\xee\xb1{\xef}\xc7\xa1\xae.s\x8f\x05\
>\x18\xd4\xc3}@\xeaXGJ'H\xa9\xf8Sr\
\xef\xb7\xfe\x92\xa0\x11\x12\x01\x22p\x11\x09\x900\xbd\x88\
p\xe9\xd0D\x80\x08,^\x02\xcd8\xd2\xc3\x80\xddU\
A\x0e\x0ez\x7f\xb7\xbb\xbc\xe1\x1b\x0f<\xdc\xff\x93\x7f\
\xfe\xe5\xc0\x89\xc9`SP\xcf\xad\xe8^\xb9!\xef8\
\x8e;::fDA\xc8r\xf9v\x98\x86\x83R\xb1\
\x88\x9e\xce.L\x8c\x1dC.\xcb\xa4\xe7\xf8br\xfa\
\x85p\xdb\xd6\x15\xa5\xcf\x7f\xeeC#\xb7\xbd\xfb\xfa\x03\
Y\x17\x83\x08\xf1l\x1c\xe1\x80\x0d\x8cd2(5\xdc\
\xfbT^j\xf1.\x1d\x1a9\x11 \x02\x0b @\xc2\
t\x01\xf0hW\x22@\x04\x96&\x81\xd9\xe5\x9f\x98\x87\
\xce#G\xe3\xb5\xff\xf4\xc8\x8f\xb7?\xf2\xe8O\x07\x0e\
\x1d\x1b\xdd\xea\xa6;\xd6\xe4\x0a+\xdbKU\xcb\x9b\x98\
*[`\x92\xb5u\xb4i\x18\xd3\xc5\x22l\xdb\xc1\xb2\
\x9e\xe5x\xe9\xa5\x97\xd0\xd5Q\x00x\x0dA0\x05\xd7\
\x0ad\x1c\x97x[\xc1\xf6\xb7o[3\xfd\xb9\x8f\xde\
{l\xc7\xe6\xd5\xfb\x96-7\x06\xa3\x00{B\xe0`\
\x97\x8b\xf1F\xfci\x04\x80\xe2O\x97\xe6\x12\xa3\xb3\x22\
\x02D\xe0\x0c\x04H\x98\xd2\xd2 \x02D\x80\x084\x08\
4\xdd\xf6\x18Gj\xd2\xa8\xb7\xa5\xf2\xa9\xd5\x8f?\xfe\
\xa7-_\xbb\xef\x91\x81\xdf\xfea\xef\x8e\xb2\xef\xae\xf5\
2\x9d]\x8e\xd7\x96\x85\x91\xb5Juix\xe9,,\
\xc7D\x14\xd7\x11E!`$\x8d\x9e8\xe7\xc8\xe7\xf3\
\xf0\xebu\x98\x0c`\x92\xc3\xafW\xe0Z& c1\
=q(\xde\xb2\xda\xad\xdd\xf5\xbe\x9b&n\xbf\xf3\xd6\
#\xeb\xd7\xe4\xf6J`\xb7a\xe09\x06\xffE\xee\xd5\
&:\xd0Qo\xb8\xf7)\xfe\x94V)\x11 \x02W\
\x04\x01\x12\xa6W\xc44\xd3I\x12\x01\x22p6\x02\xb3\
\xba69\x00\xf2ccX^\xac\xf0M\x9f\xff\x1f\xff\
\xd7\xfeC/\x8e\xf7O\x16\xe3\x8d\xe9\xdc\xf2e\xa9l\
w\xaeZg\x8e\x1f\x08\x83Y)\xe6\xc7\x12\x02\x0cB\
\xc4\x80\xc1\xe1z6L\xc7\xd2\xbf\x07A\x00\xd5\x9dT\
\x08\x01\x1e\xc60\x0c\x03)7\x0d\x08\xa9\xffg\xc9\xb2\
\xf4\xd8\xb0\xacM\x1f\x0e7n\xee\xab|\xfcc\xef\x1f\
}\xefm7\x1f\xec\xee\xc2\x10\x17\x18L;\xd8\xcf\x80\
\xe3\xa9\xa4@\x7f@\xf1\xa7\xb4\x86\x89\x00\x11\xb8\x12\x08\
\x900\xbd\x12f\x99\xce\x91\x08\x10\x81\xd3\x12h\x96\x7f\
\x02`\x97J\xc8T#\xf4\xec?\x1a\xac\xfb\xcew\x9f\
\xd8\xf1\x9d\x87\x9f\x1c\x88\x91\xde\x22\xe0\xad\x94\xd2n\xe3\
\xcc\xf4 -S2\x83A\x09Nf \xe6\x12\x92\xa9\
\xa6O\xaa\xe7\xe8\xa9FMe7\x952\xb1\x9e\x02\xc9\
kf\xbe\xab\xbe\xa5ud\xdc\x0a<'\x90\xe5\xd28\
\x8f\xc2Rx\xed5\xdb\x8a\x1f\xfd\xd0\x9d\xc37\xdft\
\xd5\xf3m\x05\x0c\xfa\xe5p\xa83\xe7\x1cp\x80\x13\xb3\
\xcaKQ\xfc)\xadg\x22@\x04\x96,\x01\x12\xa6K\
vj\xe9\xc4\x88\x00\x118\x0f+\xa9599\x99\x0a\
\xd3\x1d\x1du\x1fk\x1e}\xf4\x99m\xff\xf5\xbf}k\
\xe0\xe0\xc1\xc9\xed\xbdk6\xf7\xd5\x02\xa3SH;%\
\x99aI\x18\x06\xc3\xa9\xe2S\x09S\xa1>EuG\
\xd2\x99\xad)V\x9b\xc2TYUO\xd9\xf4\xaf\x11\xda\
2@\x10L\xc3\xb6\x04\x5c\x8b\xcbzu,\xce\xb8\xc2\
\xbf\xf9\xc6\xeb\xa6\xde{\xebMG\xdfq\xe3\xa6}\xb5\
*\x06=\x17{<\x0b\x87}`\xbc@\xedMia\
\x13\x01\x22\xb0\x84\x09\x900]\xc2\x93K\xa7F\x04\x88\
\xc0\xcb\x094\xe3HO\x9c\x80\x9b\xcb\xa1P\x03V\xfc\
\xfcWG6\xff\xc3\x17\xee\x1b\xf8\x97\xdf\xed\xeb\xcf\x16\
V\xac\xb7\xbc\x8e\x9e\x13\xe3\x95\xac\x9bis$L&\
\x01\xa6\x04\xa8\xa1\x85i\xd3\x0a\xca\x10q\xf5\xb31?\
a*%2\x9e\x81Zi\x1a\xa6\x19\xa3\xbd\xe0\x81\xc9\
*\xaa\xd3\xc3\xc2\xb1\xfc\xa8\xa7\xc3\xab\xbd\xe7\x96\x1b\xc7\
\xdfw\xeb\xdb\x0eo\xdf\xde\xbb\x87G|\xd0s\xcc}\
\x96\x85\xa3U`\xaa\x8b\xda\x9b\xd2\xf2&\x02D`\x09\
\x12 a\xba\x04'\x95N\x89\x08\x10\x813\x0aRe\
\xda\xb4\xcb@\x96U\xd0\xfb\xcc\xb3\xb5\x0d\xff\xf0\xa5o\
\xf5\xff\xf0\xc9\xa7\x06R\xd9\xaeM\xe9\xb6\xde\x15\xc7G\
\xa6\x0b\x01\xb7\x9c\xde\x95k\xcd\xa9r\x99I%G\xf5\
'\xa5P\x19L\xfa\xc0\x86T\x02\xd5@\xc4\xf5o\xf3\
\x14\xa6\x80\x0d\x0b\x8ee \x0a\xab\x88\x83\x12R)\x86\
\xb6\x9c\x05\x11N\xc9\xe2\xd41\x91rx\xb8re\xa1\
\xf2\xb1\x8f\xdc9r\xcf\xdd\xef|!\x9f\xc1P=\xc0\
\xa0\x97\xc2\xf360\x9c\x06\xa8\xbd)-v\x22@\x04\
\x96\x14\x01\x12\xa6Kj:\xe9d\x88\x00\x118\x1d\x81\
f\xf9\xa7i \xcd\x02t\xee\xde}b\xed\xbf<5\
\xb4\xed\xcb\xff\xf8\x83\x9d1\xcfn\xad\x85|\x8d\x1f\x89\
v\xc3N\xa7\xecT\xd6\x8a\x00V\x0dCX\xb6}R\
\x94\xca\x86(\x05\x13\x0d}j\x80\xc7\x0b\x11\xa6\x06X\
d\xc26u\x96>\x04\xf7a\x19!\xd2.`\x9a\xa1\
\xb6\x9ef<)\xab\xd51>=}<x\xf55\xdb\
\xa7\xff\xe2\xcf?s\xfc\x86\x1b\xb6\xee\xb7,\x0cZ\x0c\
C\xb2\x1e\x1e\xb4\xa53\x9a\xcbQ{SZ\xf9D\x80\
\x08,\x0d\x02$L\x97\xc6<\xd2Y\x10\x01\x22p\x1a\
\x02'\xcb?\x01^\x1dh;r\x04\xab\x9f\xfc\xd9\xd3\
[\x1e\x7f\xe4G\x03\xbf\xfd\xed\x0b;\xb8\xecYk9\
\x9d\xdd\xa9t6\x03\xdb\xb6+\xf5\xc8\xa8E\x01\xdcL\
\x1a\xf9\x8e<&\xa6U\xc7P\x81\x93\xa2\xb4\xf1\x1e\xfa\
\x83S2\xf0\x05\xb9\xf2\x0d `*CJ\xa7F\xd9\
\x0e\x83\xe7Z\xb0M\x8e8\xae \xf4\x8b0Y\x88\xb6\
\x82\xab,\xa9b\xe4\xf8!\xee\xfb\xd3\xf5\xf7\xdc\xfa\x8e\
\x89O|\xfc\xa3G\xb7m\xcc=\xd7\xdb\x81A\xc4\xd8\
\xcbypD\xd6\xdd\x89\xb66\xd4\x00P{S\xba\x1a\
\x88\x00\x11X\xb4\x04H\x98.\xda\xa9\xa3\x81\x13\x01\x22\
p&\x02\xb3\xcb?\x8dV\x91\x9f\xaeb\xd9\x1f~\x7f\
p\xe3\xa3\x8f\xfdx\xe0\x17?\xff}\x7f\xa9\xc67v\
\xb6\xf7-\xab\x94R\xf9j\x0d\x8eaZF\xa6-\xcf\
L\xcbB\xd9\xaf\xa2\x1e\x870m\x80Y*\xeb\xbe\x19\
S\xaa\xdeM}d\x1a3\x16S\xae}\xf9\xf3v\xe5\
#\x92\xc8e2`L\xa2Z\xae\x80+Q\xec\xb9\xc8\
\xe5SH\xb9\x16\xa6&GQ\xafN\xc3\xf5\x0c\xac^\
\xdd%\xa5\x88\xe4\xe1#\xcfG+z{*\xb7\xde\xf2\
\x86\xb1\xcf|\xf4\xe6C+{\x9c=\xe9\x14\x06%\xb0\
\x0fu\x1cKQ{S\xba0\x88\x00\x11X\xc4\x04H\
\x98.\xe2\xc9\xa3\xa1\x13\x01\x22\xf0r\x02\x0d\xb7\xbd]\
\x022a\x80\xee?\x0d\x95\xd6=\xb4\xeb\xc7;\xbe\xf7\
\xf8\xcf\x06\xc6\xc6\xab[\x0a\xed=\xab\x5c/\xd3V\xab\
J\xafVv\xccT\xba\x83\x99\xb6\x85 \x0c\x11\xc4\x11\
`\x1bP9\xf8\x02\x1c\xc2\xe0:\xd5I'\xde\x83\x81\
I\xab!B\x93,|\xce\x95\xd3_\xccS\x98J\x18\
\x82C\xf2\x08\xae\x9b\xd2\xc5\xf8\x19LT*U\x84a\
\x00\xcbd\xf0<\x07\x82\x07\x88\xc3:\xea~\x09\x96)\
\x91/d\xa4\x01!\xa6\xa7\x8e\x84\xdb\xd7\xa5Jw\xbe\
\xef\xc6\x91\xdbo\x7f\xcf\x81u+\x9d\xc1\x88\xe3Y)\
p\xc0\xb61\x92\x01\xb57\xa5\xeb\x83\x08\x10\x81\xc5G\
\x80\x84\xe9\xe2\x9b3\x1a1\x11 \x02\xa7!\xd0\xb0\x92\
Z\x93@*\x9cF\xc7d\x19\xab\xff\xe1+\x8fm\xfb\
\xc9O\x9f\x19\xd8\xf3\xdc\xd1\xed\xd9\x5co_:\x9f\xeb\
\x9c.\x15\xd3\x1c\xc2\xea\xec\xe81|\xd5\x99^\xdaZ\
|\xaa:\xa4\x925\xbf+K\xa9\x80eYI\x8c)\
\x07b\xc1\xc0\xb8\x0d!\x18d\x92\x0d\x05\xc3Q\xf9\xfa\
\xf1\x19\x85\xa9*\xae\xaf\xb6\xd3\x97\x8b\xe2\xf0T\x11*\
H\xe5\xcd\x87\x14\xa6.\xc8\xcfU\xe9)i$5P\
U<\xab\xae\x06\x10k\xab\xaa\xa1~78\x0c&a\
\xa2&\xc3\xeaa.\xa3)\xff\xdak\xaf\x9a\xfe\xdcg\
?r\xec\xed7m\xdeg\xdb\x18\x8cj\xc1\x1e/\xed\
\x1e\xcc\x81\xda\x9b\xd2\xc5B\x04\x88\xc0\xe2\x22@\xc2t\
q\xcd\x17\x8d\x96\x08\x10\x819\x04N)\xff\xd4\x8b|\
\xad\x86\x15\x8f}o\xf7\xe6\xaf~\xe3{\x03\x07\x0f\x97\
\xfbK\x15k\xbd`\xa9\xdet.\x9f\x95\x16s\x8a\xb5\
i\xc6E\x8d\xb9\xae\x0b[x0\x94\xfd1\x09\x19M\
D\xa4\x0a\xfbl\x14\xcbg\xa6\xa1E\xa8\xee\xe0\xc4M\
HaApe55!\xc1a8\xf1\xc2\x84\xa9-\
t\x86\xbfTBT(QjB\xe8\x9a\xa8J\x98&\
\x03R\x82TI\xdb\xa6(U\xc5\xab\xf4\xcf\x88\xd0\x91\
3 \xe2\xb2(N\x8f\xc4\xb6\x1d\xd5\xde\xf5\xb67L\
|\xf2\x93w\x1e\xb9z\xa0c\xaf\xe0\xd8\xcd\xeb\x95\xe7\
r\xd9\xec\x8b\x1e\xa0\x82e\xa9\xbd)]=D\x80\x08\
\xb4<\x01\x12\xa6-?E4@\x22@\x04NG\xa0\
\x19Gz\x18\xb0;\x81\xac\x0b\xf4<\xf1\xd4\x81\x0d_\
\xf9\xda\xae\x1d\xbf\xfb\xc3\xe1\x9d\x8c\xf5lz\xf1\x98\xbf\
\x22\xd3\xb6\xa2\xe0\xa6\x0a\xae\xcf\x03\x93\xa3\xce\xac4`\
X\xaa\xaf}\x00[\xd80\x95(L$\xe0\x8c0m\
\xbc\xa1\x12\x87Z\x94j\xe1\xa8\x84\xa9\xa3\xc5\xa9\xfaY\
\xdbA\x9d\x10`\xd1\xbc-\xa6iK\x82I\x99\x1c_\
[K\x950\xd5\xb6X\xf0\xa605\xd4\x1f8L\xa6\
,\xa5\x1c\xaa\xd1\x94\x92\xc5\xaa\xd8\xbf2\xd6\xda\x16\xe0\
\xa6 yX\x94\xd3\xc5\x17\xc3\xcev\xabr\xcf\x1do\
\x1b\xfd\xf0\x87n;\xb8\xb5/3T,U\x07S\x16\
\xdb\x9fN\xb3\xe3\xa5\x13\xa5\xe9\xde\xde^joJ\x97\
\x14\x11 \x02-K\x80\x84i\xcbN\x0d\x0d\x8c\x08\x10\
\x813\x11\x98[\xfe\xe9W\x7fx\xa1\xef\x81\x07\x1e\xdb\
\xf6\xd4\xcf\x9f\xd9Y\xaa\xb8[]w\xf9\x1a\x81\xf6\x8e\
0N\xa5\x0c+o\xf91gU\xbf\x04'\x05\xb4u\
\xa5 \x8c:\xca\xa5I8\xcc>\x99\xc8\xd4\x14\xa6\x8d\
J\xa5\xfa\xadU\xd6\xbdP\x02QYH\xd5\x97\xb0\xc0\
\x85\x05C*\x17\x7f\x0cC\x17\x96\x9a\xa70\x95\x12Z\
\x98\xaa\xac\x7fajw\xbf\x12\xa3J\x98\x0aX\x0dW\
\xbe\xd2\xcb\xea5\xb3\x85\xa9\x80\xa9\xe3]\x0d8vN\
'M1#B[\xc1\x01\x17EY)\x1e\xe7\x9e\x13\
\x84\xbd\xdd\xa9\xe2G?x\xdb\xf0{\xdeu\xe3\xf3\xeb\
Wz\x83\xb5Z8\x94\xb6p \xeb8'\x80c\x15\
`U\xa8\x0d\xc4\x89I\x966\x22@\x04\x88@K\x10\
 a\xda\x12\xd3@\x83 \x02D\xe0|\x08\xcc-\xff\
\xf4\xfca\xac\xfa\xcec?\xde\xfc\xe8cO\xec|\xe9\
\xd8\xc4v)\xb2\xebC\xeeuK\xe43\x9e\xd7aW\
\xeb\x82\xc5\xd2d0%l\xd7\x82\x972\xc1,\x0e?\
(\xa3Z+#\xe3ef\x09\xd3$\xbb>1T&\
\x1f\x8d\x9c\xf3F<i\xc3\x82\xa9\xe2Q\x99\x01\xa6,\
\xa6J0\x1a\xcab:\xcf\x18S-LYC\x98j\
\xfb\xe7i\x84\xa9P\xd5\xfc\xb5U\xb5i15\x99r\
\xeb+\xb1l \x8el\x98\x86\x05!9b^\x83i\
DplUn\xaa$\xfd\xdaX\xdc\x9e7\xfd\xd7\xbd\
v\xc7\xd4g>q\xef\xd17\xbe~\xe5>\x1e`\x90\
\x89`O!\xe3\x1e\xf6\x8b\xc5\xf1BA5\xbeB\xc4\
X#v\xe1|&\x81^C\x04\x88\x00\x11\xb8\x88\x04\
H\x98^D\xb8th\x22@\x04.\x0c\x81\xd9\xe5\x9f\
\xaa@\xfe\xd8\xb1\xb0\xf7\xd7\xbf\xdb\xbb\xf1\x0b_\xfdn\
\xff\xd8\x14\x1f(\x95\xe3\x8d&\xcb.7\x8ct>\x08\
\x99S\xf7\x85\xc1%\x98\xe5:\x10R\xc2q-],\
?\x8a\x22\xd4j5\x18\x86\x81L&\x03\xdf\xf7uL\
\xa9\xf6\x96\xebj\xa2\xa7\xf6\xbc\x17\x22N\x92\x9f\xb4`\
UII\x0c\x82\x190\xd1p\xe5\xe3\xecY\xf9gK\
~2\xa4D\xcaL\x84\xa9\xb2\xca\x9e\x22LY\x12s\
\x9a$?1\xe5\xd8\xd7IR\x898\x95:!J\x89\
g\x83y\xa8\xd5\x03-\xa0m\xc7\x84\xa9\x8f\x17\xc3\xb4\
\x042\x1e\x83c\xf9\xe2\xc4\xf0\x0b\x91\x88\xa7k\xef}\
\xf7\x0d\xe3\x7f\xf9\x17\x9f:\xdc\xbf5\xbbGD\x18L\
\xd9\xd8\x97\x02\x8e\x02\x98\x02\xb57\xbd0\x0b\x95\x8eB\
\x04\x88\xc0\x82\x09\x900]0B:\x00\x11 \x02\x17\
\x93\xc0\x9c\xf2O]\x07\x0f\x94\xd6=x\xff\xae\xed\xdf\
~\xf0\x89\x9d\xe3a\xdb\x16\xd8=\xabL\xc3m\x8f#\
\xe6qi\x9a\xb6m3'\xa5D\x1a\xe0x\x12B\x84\
\xda-\xae\x12\xe4kU\x8e\xa0&\x91r\xdb\x90ok\
\xc7DqR':)\xb7\xf8\x5cQ\x9a\xb4 \x15J\
6&E\xf6\x8d\xc4J\x09C\xb9\xd1\x99\x16\x87Lr\
-,\xf5\xdfgmZ\xc4\xaa\xbd\xce\x92\x95\xaf\x85\xa9\
\x8e1U\xef\xa0\x5c\xf831\xa6J\xfc\xea\xac|i\
\x80\x19R\x0bg\x9d\x89\xaf\xac\xa5P\xc9O\xea\xa3[\
\xa0R\x9aD{w\x0f\xbcT\x06\xa5R\x0d\xd5j\x1d\
\xa6\xed\xc0qT\x88B\x04\x1eU\xe09\xa14YE\
\xd4+\xc3ao\xa7[\xb9\xfb\xae\xb7\x8f\xdcu\xfb;\
^X\xbd\xac0\xd4\x99\xc5\xa0\x03<\x0f`\x18\xd4\xde\
\xf4b.c:6\x11 \x02\xe7I\x80\x84\xe9y\x82\
\xa2\x97\x11\x01\x22pi\x094\xcb?\x8d\x03^\x16\xe8\
8:\x86\xd5\xf7\xfd\xe3#[\xbf\xfe\xb5\x7f\xda96\
V\xdc\xbe\xbco\xa0o:l\xef\xaa\x86N\x9aGP\
\x12O\xa9F-\xd8\x94\xc5\xd0\xb2U\xb9\xa5@\xc7_\
*\x0b\xa9e\xb8`\xf0\xc0#\x0ba\xdd@\xa8\x1a\xdd\
\xdbL\xbb\xee\x93(\xcb\xd9\xe2\xb2!F\x95\x87\x9b\xa9\
\x9a\xa6\xd0\x02Q\xd74eJ\x94\x9az\x1f%L\xb5\
\xedRiH}\x9cf(@\xc2\xea\x5c\xc2\xd4k\xb8\
\xf2\x95(M\x92\x9f\x1a1\xa6\xba!T3+\x9fi\
a\x9a\x94\x8bR\x95N\x95HU\xff\x8b\x91\xcd\xb9\x98\
*N#\xac\x06\x80\xe5\xc1\xf12J\xb6\xea\xf7U\x82\
\xd9\xb5\x81(*\xc3\xb5\x22d\xd3BF\xc1\x14\x17Q\
)x\xd5\xce-\xd3\xb7\xdc|\xdd\xf1\x7f\xf7\xb1\x1b\xf7\
[\xc0 30\xc4\x81\x83\x0e0\x0aP{\xd3K\xbb\
\xd2\xe9\xdd\x88\x00\x11\x98M\x80\x84)\xad\x07\x22@\x04\
Z\x8a@\xd3m?\x0c\xb8y ?2\x8e\x95\xdf\xfb\
\xd1\xd3\x1b\xbf\xf6\x8d\xef\x0e\x0c\x0e\x1d\xeeO\xe7z6\
d2\x9d\xbd\xb5\xc0\xccE<ks\xe6\x1a\x86\xb6m\
\xce\x11\x96\xca\xda)T\x0ch#\x9dI'1\xa9\xd7\
4\x8b\xe4\xcfd\xe1+\xe1\xd7(M:\xc7\xf2\x99\xec\
\x9bT#=\xf3\x96\xc8a\x15\x12\xa0\x5c\xfd3\xaf\xd3\
V\xcf\xb3l\xe6\xdcO\xe0s\xec\x9f\x84\x1c$\x1bS\
\xae}k\xd6\x1f^f\xf5UD\x94\xb0V1\xb0\xea\
+\x82\x94\xb1\xb2\xa4\xaal+\xee\xa0X\x7f\xed\x8e\xae\
\x89O~\xe4}G\xdfs\xcb\xd5\xcf1\x03\x83\x13\x93\
\x95\xbd)\xcf>\xd2SpUy)jo\xdaRW\
\x06\x0d\x86\x08\x5c\x19\x04H\x98^\x19\xf3LgI\x04\
Z\x9e@C\x90\xb2\xc3\x80\xe3\x96\x91\xcd\xe5\xd0\xf3\xc0\
C\x7fX\xf7\xc8c?\xe9\xff\xd9/\xff8`\x98\x85\
\xcd\x1d\xbd}+\xfd\xc8,L\x16}7\x0ca:^\
\x8eAuc:\xc3\xd6\xb4X\x9e\xe9\xff\xaa\x86\xe9\xec\
m\xae8=Y\xdb\xf4\x8c\xefp\xf6\x8f\xd0s\x09S\
e}=\xdbv\xf6\xfd\xa5\xea\xa5zz\xd9\xdc\xc8e\
R5R\xd5\xa6\x8e\xa3\xbf\xc0\xf5w&!MY\x96\
)>\x1c-\xeb`\x957\xbd\xf9\xf5c\xf7\xde{\xeb\
\xa1k_\xdd\xbd\xc700X)\xd5\xf7\xd9v\xfdX\
G\xaac\xba\x11\x7f\xca){\xbf\xe5/!\x1a \x11\
X\x12\x04H\x98.\x89i\xa4\x93 \x02\x8b\x9b@\xb3\
\xfc\xd3\xd4\x14RF\x1a\x9d\xbf\x7fv\xa4\xef\x81\x07\x1f\
\xdf\xf6\xd3\x7f\xfe\xed\xce\xd1\xf1\xda6?rWg\x0b\
\xcb:\x99\x95K\x95k\x91i\x98\x9eQh\xeb\xc2t\
\xa9r\xd6\x13?_az&A\xda<\xf8\x99-\xa6\
\x0b\x11\x96IX\xc0\xc5\x15\xa6\xc9\xd1e#\xe4\xa0)\
t\x95@\xb5\xa4\x8f\x15\xed\x86,\x8e\x1e\x16\x93S'\
\xc2\xbe\xbe\xee\xd2\x07\xdf\xff\xde\x91\x0f~\xe8\xb6\x03k\
Wb\xd0\xaf\xe3\xd9\x5c\x0a\x07\xc2jud*3U\
ZE\xe5\xa5\x16\xf7EF\xa3'\x02\x8b\x84\x00\x09\xd3\
E2Q4L\x22\xb0\x14\x094\xcb?\x8d\x01\x9e\x01\
\x14&F\xb0\xf2\x9b\xf7?\xbc\xe5\xc1\xef\xfcp\xe7\xe4\
T\xb4\xa3X\x91\xeb\xda\xbbVu;N[v\xba\x1c\
\xda\x15\x9f3\xc7\xc92\xc7\xcdh\xcb_\x10\xabZ\xf1\
g\xde\x96\xb60\x05l\xd3\xd0\xc9S/\xdbNZL\
g\xa4\xf5)\xd6W\x15\xf8 9\xd2,D.m\xc2\
\xb1\xa4\x9c.\x9d\xe0\xa5\xd2q\x7f\xe3\xfa\x9e\xe9O|\
\xf8\xaec\x1f\xbc\xf7\xa6}\xb9\x0c\x06Y\x84=&p\
\xd0u\xa9\xbd\xe9R\xbc\x06\xe9\x9c\x88@\xab\x11 a\
\xdaj3B\xe3!\x02W\x00\x81\xd9\xe5\x9fNT\x90\
\x9b\x8a\xd0\xfb\xab\x7f\xf9\xd3\xc6\xff\xfe\xe5\xfb\xfbw\xef\
>8\xe0z]\x9b$\xcb.3\xcd\x5c>\x8c\x1d\xd7\
\x0f\x84\x11\x09\xc6,;\x05\xc7\xf5t\xe1{?\xac\xc3\
q\x9d\xb3F\x80\x9eK\x98\xbe<\x13\xbfaa\x9c\xf3\
\xc9\xd8\x9a\x16\xd3D\x98\xaa\xed\xb4\xe2TYJ\xc1O\
\xb1\xca6]\xfb:\x81\x0b@\xd6\xf6051\x0a\xcb\
\x16\xe8\xed-\xc0\xf7'\xc5\xd8\x89\x83qoG\xbav\
\xcdU\x1b&\xfe\xf2\xcf>~d\xcb\xc6\xde\xbd\xbd=\
\xd8\x1d\xf8x\x8e\x07\xfe\x8b\x85\x82G\xedM\xaf\x80k\
\x94N\x91\x08\x5c.\x02$L/\x17yz_\x22p\
\x85\x12h\xba\xed\x8b@\xe6\xd0\xb1\xa0\xeb\xd0\x91\x89\xb5\
\xdf\xfa\xf6ww\xecz\xe4G\x03B\xa6\xb7v-\xdb\
\xb8\x1a2\xd3\x16\x86\x96W\xf5\xa5\xc5\x0c\x8f\xa9,x\
\xd5\x11I}\xb7,\x0bLe\xb33\x86(\xd2\xcd\x8b\
\xceH\x92\x84i\xa3j@#d@\xb72=\x19>\
`A\xc6&$\x17\x90\x88a\xd91\xd2)\x06\x8b\x05\
\xb2^\x1e\x91\xe5\xe2Ka\xdf\xf2\xb6\xca\x1d\xb7\xbdu\
\xf4Cw\xbd\xe7\xe0\xa6\x8d\x99!\x1ec0\xf2\xa3\xfd\
\xe9t|<\x95J\xa9\xf8Sjoz\x85^\xc7t\
\xdaD\xe0b\x11 az\xb1\xc8\xd2q\x89\x00\x118\
\x85@\xb3\xfc\x13\x00o\xaa\x8e\xf6#\xc7\xeb\xab\xbf\xf6\
\xe0\x8f\xb7~w\xd7\x8f\x07\x8e\x1d=\xb1c\xcd\xfa-\
}\x8e\xd7\xd65<Z\xc9\xd4\xea\xd2r\xbc\x82!\xb8\
\x01f\xa9\xde\xf4*\x07\x9d\xc3\xf3\x5c\xa4R.$\x8f\
P\xa9Tpj&\xfe\xcb\x81\x9fK\x986\xeb\x8d\x9e\
i\xaa\xce\x95\x8d\xdf\xec\x10u\xa6\xfd/n\xf2\xd3\x8c\
\xc5t\xe6\xfd\xe7\x8cX\xa9\xf9F\xa9\xab\xa4\xccU\xf2\
\xa5\xff\x06\x1b\x82\xdb\x88B\x01\xc3\x94Hg,x\x0e\
C\x1cW\x10\xf9E\xc8\xb0$Y8\xcd\xfd\xcah\xb8\
yCo\xf1#\x1fx\xdf\xf0\x1d\xef\xbd\xf9\xf9\x15\xcb\
\x8c\xc10\xc0\x90\x8c\xc3\x03\xed\xed\xaa\xbd\xe9\xc9\xf2R\
\xd4\xde\x94\xaey\x22@\x04\x16L\x80\x84\xe9\x82\x11\xd2\
\x01\x88\x00\x118\x1b\x81\xb9\xe5\x9f\x86\xc7\xb1b\xd7c\
Ol\xfa\xa7\xef\xfc\xb8\xff\x99\xdd/\xf5wuo\xdc\
`\xdb\xe9e\xc5J\x90\x0d\x04s\x1c'gXn\x9e\
\x99\x96\x8b\xc9\xc9i\xc88\x86a\x9bHgR\x80\xe0\
\xf0k\x15]\x02)\x95J!\x88\x92\x22\xf4g\x14\x96\
\x8d\x02\xf7g\x14\x8e\x8dB\xf8W\x9a0\xd5\xe2\x94\xd9\
\x08}\xd5\xf6\xca\xd6\xa2\x9fG\xbej\xc2\x0a\xc3T\xf1\
\xa7\x01$\xaf\xa13\xe7\xc0e\x81,O\x1d\x8f#\x7f\
\xca\x7f\xfdk\xfa\xa7>\xf5\xa9\x0f\x1e\xbd\xe1\xcd\x9b\xf7\
\xb5\xe51h\x0b\xec\xb1,\x1c\x06t\xfc)\xb57\xa5\
\x8f\x02\x22@\x04\x16L\x80\x84\xe9\x82\x11\xd2\x01\x88\x00\
\x118\x1d\x81f\xf9\xa7\x03\x80\xdd[F\xb6\xc2\xd0\xf3\
\xc4S\xcf\xae\xff\xe2W\xee\xdf\xf1\xbb\x7f\xdd3`Z\
\x1d\x9b\xd3\xee\xea\x95Rzm\x02\x96+\xc0\xcc\x18\x06\
\x8bu\x17$SwCJ,\x8e\xbad|\xa3\xc0\xbc\
\xea~\x94\xf4\x8eW6?.\xd4\x7f\xce,L\xcf5\
3\xea=N\xb7\x9d\xdbR\xda\xdc\xeb\xf2~\x84\xbe\xac\
\x0e\xea\x9c\x93if\xe3\x9f\x9e\x83\x01\xc1\x95@5\x13\
\xc3\xaf\x8aW\xd5E\xfc\x15cU\xc8?\x04\xa2:d\
\x5cE\xd6e\xb0\x8dHL\x8f\xbd\x14\x99FP{\xc7\
;o\x1e\xff\xc0=\xb7\x1c\xbe\xe9\xfa\x15{\x98\xe4\x83\
\xb6e\xee\xb3\x80\xa3\xd5\x14\xa6\xba\xa8\xbd\xe9\xb9\x96\x1d\
\xfd\x9f\x08\x10\x81\xb3\x10\xb8\xbc\x9f\xaa45D\x80\x08\
,I\x02\x8d8Rs\x0aH\xa7\x80\x8e\xa7\x7f?\xde\
\xf7\x85\xaf=\xb0\xed\x07?\xfd\xe5@-r\xb7\xe5\xdb\
W\xf41\x96\xef\x88kf\x1a\xd26%\x0cC5\xf7\
\xe4:\xda1\xe9\x82\xa4\xc4a\xd2kIY\xf0\x92\x9e\
\xf1\x96\x8a\x91T-:U\x17P\x06\x12\xa6\xe7\xf8\x04\
?\xa70m\x08|\xd5fU\xf7XUuQ\x19\x83\
\x01%L\x05\xda\xf3i\x94\xa7\xc6\xc1\xfd\x0a2\xae\x09\
\xdb\x962\x0e+\x82\xc7A\xe8\x9a\xb5\xcag?\xfe\xae\
\x91\xf7\xdc\xfc\x86\x17v\xf4w\x0d\xc1\xc4\xa0a\xe2\xf9\
4\xb57]\x92\xd74\x9d\x14\x11\xb8T\x04H\x98^\
*\xd2\xf4>D\xe0\x0a \xd0,\xfft\xe2\x04\xdc|\
/\xda\x0e\x1e\x8aV~\xeb\xc1]\x9b\xef{\xf0\x89\x81\
\x91)\x7fG&\xb7j=\xb7s=5\xdf\xc8r\xce\
\xec\x8c\xe5)\x9d\xc9T\x1d\xd1\xa4_|S\x98J\xdd\
A\xa9\x19\xa3\x99\xb4\xe4T\xc24\x89\x91T\xbf+\xc9\
\xcaU\xc7\xa6\x05pM\x1aw.\xde\x8f\xc1sYL\
\xf9\xd9:O\xe9\x92Q\xa2\xd1\xa9JusU\xa2T\
Y\x9f\x95,e\xdar\xcab\x01\x9b1H\x11\xc2\x94\
1R\x9e\x0d\xc75P\xf7+\xb225\xcc\xb3f1\
X\xbf\xa6c\xfa\x03\xef\xbf\xfd\xf8\xedw\xbci\x7fw\
\x0f\x06c\x8e!\x9b\x87\x07\xcb\xc1\xc4\xe8\xf2\xdcrU\
hVe\xa8I*\xd0\xbf\x80\x85J\xbb\x12\x81+\x88\
\xc0\xe2\xfdD\xbe\x82&\x89N\x95\x08\xb4:\x81f\x1c\
\xe91\xc0i\x03\xb2\xc7\x8ea\xd9\xe3\xdf\xff\xc9\x86\x07\
\xbe\xfbx\xff\xf1\xb1Z\x7f\xa5nnr3\xdd+b\
\x96\xcd\x17\xcb\xb1\xcb\xe1\x1a\xed\x85\x0e\x16\xd6\x8b\x0d;\
i\x220U\xafx%FU\x9e\xb8r\xd1'\xc2\xd4\
h\xf4\x8aoX\xf2T\x02O\xa3\x13'W\xc2j\x9e\
pt\x87R\x15\x0a\xb0\x88?\x05\x17*LM\x96d\
\xedk\xd6*$\xa2!L\xd5\xdf\x984 \xa3\x18\xd9\
L\x0a\xaa\xbfT\xa5\x5c\x04\xf7k`\xae\x85t\xdaC\
\xca\x12\xe0\xd5Q\xe1\x18u^\x0f&\xeb;v\xac\x9f\
\xf8\xfc\x9f\xdds\xf4\xe6\xb7\xecx\xces0h\x18\xd8\
[*\xbex$W\xc8M\xb4\xa1\x8d\xda\x9b\xces\x9d\
\xd2nD\xe0J#\xb0\x88?\x92\xaf\xb4\xa9\xa2\xf3%\
\x02\xadI@\xb9\xed\x87\x00+WD&\xe5\xa1\xeb\xe7\
\xbf>\xde\xf7\xa5/\x7f{\xc7\xd3\xbf\x1b\x1c\xa8\x86\xe6\
V/\xd5\xb6\xda\xb0\x0a\xedAdxqlY\x96\x9d\
a\xb6\xe5i\xcf\xb1\x10I\x22\x93\x12\x9fB2m\x01\
\xd5n|\xdd\x0bT\x09\xd3\x99\x8f(\xa6\xe2\x1f\x9b\x16\
\xd3\x86\x1c\x8d\xe7\xabJ\xb5\x09o\xe9\x0a\xd3&\x96\x97\
U\x058\xe5\x13_\xc0j\xfc\xae-\xd6\x0d\xe6\x89(\
\x05\x0c\xc9`[\x16\x22?\x80\xe01l\xdb\x86e\x19\
\xe02F\x1c\xc7\x80\x8c\xd0\x9dK#\x0aJ\xd2s\xa5\
\xf4\xebc\x91\xefOT\xder\xd3\xab\xc7>\xf3\xe9{\
\x0e\xbd\xe6\x9aU{\xf2.\x06y\x84}q\xac\xda\x9b\
\xea\xf2R:\xc3\x8a\xac\xa7\xady-\xd3\xa8\x88@+\
\x10 a\xda\x0a\xb3@c \x02\x8b\x90@\xb3\xfc\xd3\
8\xe0e\x80\xf6g\x9f\xab\xaf\xfa\xbf\xff\xdb\xd7\xb7\xee\
z\xe4g\x03\xb1\x91\xd9\xd1\xde\xbdvm$\xec\xae \
42\x80e\x99\x86c\x80\x03q\xc8a\x9b\x0eRi\
\x1b~T\x82l\x08S)Lpe\xa5\x13I\xe2\x93\
R\x8e\xb3\x85\x952\xe6)q\xaa\xbe\xd0\xe8l\xa4;\
m\x9e%+\xfflX\xafxa*\x01\xc7\xb2t\xa5\
\x03m\xa1\xd6B=a\xae\x1c\xfa\x0as>\x93E\xa9\
X\x04\xe7\x11r\xb9\x9c.\xd5\x15\xc6\x11\x828\x82c\
Z\xf0kuX\xe0\x08\x822\x5c'\x96\xd94\x13\xa1\
?\x11vw\xb8\xa5\xd7]\xbb}\xe4s\x9f\xfe\xc0\x81\
\x8d\xeb\xb2\x83mi<\x1bE8\x80\xb0:\x92\xc9d\
J\x0d\xf7>\x95\x97Z\x84\xd7=\x0d\x99\x08\x5cl\x02\
$L/6a:>\x11Xb\x04fumr\xab\
U\xe4\x0f\x1f\xaf.{\xf0\xe1\x1fl\xfa\xf6\xae'\x07\
\x86\xc7\xe3~+\xd7\xbb1D\xbe\xb7\x16\x999H\xcb\
\x81\xe5\x19,\x16\x8c\xf1\x18\xed\x99\x0c\x0a\x19\x0fA\xa5\
\x82\xe1\x13\xc7\x91\xea\xc8A%\x86k\xeb\xa8P_6\
\xa4\x16\xa7\x89\xc5T\x09\xa6d\x8b\xb5\x97\x991\x0ei\
*5\xaa\xbe\x0c 6\xb5\xcby>\xdbR\x14\xa6s\
\x0d\xc8'CLO\xf7I/\x01\xd7r\x95\xa9\x14B\
\xa5\x9dI\x95j&\xf4\xef*iJ\xd1\xef\xe9\xecB\
\x18\x86\x08C_[I\x83(\x04\x8f\x22\x9d\xc1o:\
\x9eN>s,\x1b\xb9L\x0a<\xac\xa2Z\x9a@6\
\x05\xe9\xd91/N\xbe\xe8\x0fl]3}\xe7\x1do\
;v\xc7mo\xde\xb7\xac\x1b\x83,\xc4\x1e\xd3\x0c\x0e\
\xban8\x0e\x9c\xa8\x00\x1b#\x8a?\x9d\xcf\xea\xa5}\
\x88\xc0\xd2%@\xc2t\xe9\xce-\x9d\x19\x11\xb8\xa0\x04\
\x9a\xe5\x9f\x00\xd8\xaa\x9be\x08t\x7f\xeb\xc1\xdf\xac\x7f\
\xf8\xb1\x7f\xde\xfe\xcb\xa7w\xef\xf4\x91\xdeb9\x9d+\
+\xd2-\x083\xe7\xa52\x9df\xadRW\xd9J0\
M\x0b\x0e\x93\xe0\xf5*xPC\xda6\x91\xcd\xe7P\
\x8a|\xc4L\xf5{OJDAYK\x95\xd0T\x96\
\xbbY\xc9O:5\xca\x10\x90*w\xdf\xe0\x90\xbad\
\x14\x03\xe2F\xb2\x8e\x12\xb3L$q\x91\xe7\xfd=I\
\x9eZ\xcc\xdb\xdc\x18\xd3\xf9\x08Se\x19U\xeeym\
\x9dV1\xbbB\x85V(\x8b)\xd7]\xa1\x1a]O\
u\xc7\xadt6\x03\xd7\xf3P\x0b|\x14K\x15d\xb3\
m\xa8\x07!\x10s\xa4\x1cG\xa7\x92\xd5\xaaS\xb0\x0d\
\x8e\xde\x8e\xb4\xa8\x94\x86c\xbf2\x5c\xbbz`\xed\xc4\
g>}\xcf\x91w\xbdc`o*\x85\xdd\xa1\x1f?\
\xe7y\xd6\x8b\x1e@\xedM\x17\xf3\x02\xa4\xb1\x13\x81\x8b\
@\x80\x84\xe9E\x80J\x87$\x02K\x8d@\xb3\xfc\xd3\
$\x902}t>\xf1\xe4sk\x1e\xdc\xf5\xe4\xd6\xa7\
\x9e\xde\xb33d\x99m\x929}BZ\x9d\xc2\xf0R\
\x02\xb6\xa5\xe4\x8c\x84\x05\x01K\xa3H\x5c\xc3I\xc5Q\
\xf5]\x09\x18\xa5+C!\xc1Y\x92\xdc\xa4\xfe\xab\xe2\
\x1a\x95\xb1\xd4\x90IR\xd2L\xfb\xcc\x93Q\x93'\xdd\
\xf8\xfa\xc0\x0dk\xf6\xffDC\x00\x00 \x00IDA\
Ti\xb2\x9fl\xec?\xf3]y\xfcO\xf7\xf7\xe6\xfb\
,\xb5y\x9a{>3\xfcN\x7f\xa6/O\x9e\x9a\x91\
\xb6:bB\x9b\x5cO\x95\xbb\xb3\x93\xc5L3)\xed\
\xa5\xe6A}O\xb4\xad\x9a8\x01SF\xe0aYf\
\xd3B\xfa\xb5\xf1\x90\x89b\xe5\xc67\xbfj\xf4\xb3\x9f\
z\xff\xc1\xeb_\xbfr\xc811(\xaa\xd1\xfe\xce\xbc\
}\x1c\x00\xb57]\xea\x8b\x91\xce\x8f\x08\x9c'\x01\x12\
\xa6\xe7\x09\x8a^F\x04\xaeD\x02'\xcb?\x01\xaeY\
Ca\xff\xa1\xd2\xca\xfb\xbf\xfd\x83\xcd?~\xf2\xd7\x03\
\xa5\xba\xd1_\x16\xe9\xf5\x11R\xdd\x12,\x0b\x18\x8e\x84\
\xc5\x183T!\xa2D\x8e\xceq\xb3\xcf8\xddU6\
\xbd\x81X\xbb\x91\xcf\xfc1t.au\xae99W\
K\xd0s\xed\xbf\xd8\xff\x7fv~I!\xfd\xb3\x16\xdc\
j\xb44=-\x07&\xa0*\xd0&U\x14,m\xf1\
\x96\xc2\xd2\x95\x15T\xc5~\x15P\xec:\x0c<,\xc1\
b\x81\xb4\x8c\x0a\x0ft\xfc\xa9W|\xef{\xde:|\
\xef\x1d\xef|\xfe\xea\xad\xde`P\xc7\x90\xeb\xe2@\xd6\
\xc1\x89c@eUR^\x8a\xe2O\x17\xfb\xe2\xa3\xf1\
\x13\x81y\x12 a:Op\xb4\x1b\x11X\xca\x04f\
\xc5\x91\xda\x15 7UA\xef\xae\x87~\xb1\xe1K_\
\xfaN\xff\xa1\xa3\xe3\x03\x99L\xe7\xa6r\x9d\xad03\
\x9dy\xcelW\xea\xa6\xf3\xaa\xf2\xa5\xb6\x896\xba1\
%e\xdaO\xb7\xa9\xf8E\x12\xa6\x17\x7f\x05]za\
\xaa\xb2\xf6\xd5\x9c\xabZ\xb3\x12\xae\x0b\xd4K\x130\xcc\
\x18\xdd\x9d.\x0cY\x95\x95\xe2h\xec8\xdc_\xd9S\
\x98\xfa\xfc'\xee=z\xe3\x0d\xaf\xd9\xb7|%\x06E\
\x84=\x96\x8b\xc3yjoz\xf1\x17\x06\xbd\x03\x11h\
a\x02$L[xrhhD\xe0r\x10h\xb8\xed\
\xad\x22\x90\x09\x03t\xfe\xe4\xe7\xfb\xfb\xbe\xf8\x0f\xf7\xed\
\xf8\xf5\xef\x86\x06\xda;\xd6m\xf5\xbc\xf6\xd5\x93SA\
\x874\x5cO\x9a\xa6\xc5\x99\xc1\xb4\x1bW\x97wJ\xdc\
\xeb\x82%5H\x0d\x96\xb8\xf2\xe7n$L/\xcd\xcc\
^\x1ea\x9a$\xae\xa9M\xb5\x8f5\x0d\x0eC\x060\
QG\xda\x05l\x8b#\xac\x97D\xa98\x1e\xb5\xe5\xac\
Z\xff\xd6\xbe\xf1\x0f\x7f\xe4\xce\xc3\xef|\xc7\xb6=\x96\
\x85A\x8ba\x9fg\xe1h\x15\xe3S]\xe8R\xe5\xa5\
b*/ui\xd6\x0b\xbd\x0b\x11h\x05\x02$L[\
a\x16h\x0cD\xa0\x05\x084\xdd\xf6\x00\xbc\x17\x8e\xa3\
\xfd\xf0\xe1\xd1U_\xbe\xef\xbb[\x7f\xf5\x87?\x0e\x94\
\xcalG\xa6\xb0b\xed\xf8T\xd0\xe5We&\x9d\xe9\
\xb2M\xc75\xa4\x8ct\x22\x92n\x1f\xda(5\xa4Z\
\x8b\xaaM\xfdnX*O*)=\x94lI\xbc\x22\
\x09\xd3K3\xe1\x0b\x15\xa6\xcdP\x88\x99\xf9\x9b5\xee\
S\x5c\xf9\xaa\x0e\xadr\xe57,\xa6\xca\x80\xae]\xfa\
*\x5c\x80\xc3T\x89T\xd2\x87\x8c\xab:\xfaXUf\
\xc8eS\xb28yB\xd4\xfd\xa90\x8e\xa6*7\xdc\
\xf8\xea\x91\xff\xe9/>\xf6\xc2k\xaf\xe9\x19\x8ac\x0c\
:,z>\x8a\xa2\xe1\xaet\xba\xd8(/E\xf5O\
/\xcd\xb2\xa1w!\x02\x97\x95\x00\x09\xd3\xcb\x8a\x9f\xde\
\x9c\x08\x5c~\x02\xb3\xbb6\xb5W\x91?>\x86\xe5\x0f\
<\xfc\x93\x8d_\xff\xd6w\x07\x0e\x1c\x1e\xe9\xefX\xb6\
vc \xdce\xf5\xc0\xcc\x15\x0a+\x1c\xce\x1d\xa3T\
\x0c\x98a\x00\xe9\xb4\xca\x82O2\xba\x85PE\x9c\xe4\
I\x81\xaa\xac\xa8\xa6\x9dXLI\x98^\x9ey\xbe\xe8\
\xc2\xd4P\x96rU\x07U\xc5\x98\xaa\xd6\xa5*\xb2T\
\xddV\x1a\x96r\x15\xa3*9,\x83\xc1\xb5\x0dX*\
&U\x84\x88\xc3\x00qTGW{\x07\x82\xb0$\x19\
\xab\xf3zm,\xc8\xa6\x82\xe9\xdb\xdes\xe3\xf1O~\
\xfc\xf6\xfd\xdb6\xe5\x07=`\x88\x858\x18\x04\xe5\xd1\
\x89\x5c\xae\xb2\x96\xda\x9b^\x9e\x85D\xefJ\x04.!\
\x01\x12\xa6\x97\x106\xbd\x15\x11h%\x02\xcd\xf2O\x07\
\x00\xbbG\xb9\xed\xcb\xe8\xde\xf5\xe8\xd3\xeb\xff\xbf/|\
c\xfb\xf3/\x8c\xef\xec\xed\xdb\xbcYX\xe9U#c\
\x95\xb6X:\x9e\x93\xea0\xe3\xd8b\x96\x99\x86\xebd\
\x11\x8550\xf8\x90\x08\xb50UI/B\x08\x9d\x9d\
\xadZ\x85*\x8b\x99*14[\x99\xaa\x8c|\xb2\x98\
^\xbaUp.a\xaa\xff\xdfhV\xa0\xe7eN\xf9\
\xac\xb9\xc9cs-\xa7\xb6\xce\xcaO\x8a\xf3\x9f*L\
g\xd2\xdc\xb2\x99,\x0c\xc3\x80_\xab \x8e|\xb8\xb6\
\xa9\x1b\xa0Fa\x08p\x01\xcfs`\x98\x1c\x8c\x05\x22\
\xf2\xa7x\x1cN\xd4\xaf\x1a\xe8\x9b\xb8\xed\x96\x1b\x8e\xde\
{\xc7\x9b\x9f\xebh\xc7`\xca\xc6^\x06\x1c\xa9\x03\x13\
m\x00\xb57\xbdtK\x88\xde\x89\x08\x5cr\x02$L\
/9rzC\x22p\xf9\x094\xbb6\x01H\xf9@\
\xc7\xcf\x7f\xf5\xe2\x9a\x7f\xf8\xe27\xb7>\xfd\xebgw\
Z\x99\xeem\xb6\xd7\xd57Q\xf2;\x03\xee\xa4\x0d7\
c\x09\xc31$\x5c08\xe0\xaa{S\xa4\xba\x06\x01\
\xa6\x19\x81\xc9\xf8\xa4(U\xc2T\x89R\xadK\xa5\xd4\
m,I\x98^\xbe\xf9>WU\x03\x9d\x94\xbf a\
\xaa\xbau%jVUWHZ\xca\xaa\xdf\x13aj\
;\x8e.\xcc\xaf\xdeF\xad\x05\xdb`\x10\x9cC\x08\x15\
w\x0a\xa4\x1c\x17\xf5z\x1d\x9cs\x18\xa6P\x02UZ\
F$%\x9f\x8a\xfc\xdap\xe5\x8d\xd7m\x1b\xbb\xfb\x8e\
\xb7\x1ez\xef\xbb\xae\xdd\x93\xcf`0\x88\xa2}\xb0\xe3\
c\x1d\xa0\xf6\xa6\x97oU\xd1;\x13\x81\x8bK\x80\x84\
\xe9\xc5\xe5KG'\x02-E\xe0d\xf9\xa7\x13ps\
9\x14\x9e=\x18\xad\xf8\xca?>\xb0\xe9\xe1G~\xb8\
\xb3\x12\xca\x1d\x9dmk6\x84\xb1\xd3S\x09eV\x98\
)\x07v\x8aqX,\x16**T\x17\xf1Q\x9e\xd9\
\xa4\xdb\x92\xea\x0ed\xea\xe8R\x9d\x85\xad\xb6\xd9\x067\
eE3\x9b\xa5\xa0\x1a\xa6\xb6\xa6\xc5\xb4\x09%\xa9h\
J\x1fC\x97k\x91haz\x9a\xed|{i\xa9\xba\
\x0b\xcdM\xaa\xb9l\xfc\xaa\xc3Ku\x9cq\xa3\x06\xea\
\xc9\x85\x91\xd4mP\x9bZ:i\xd7I\xac\xed\x22\x11\
\xb5\xb1\x10\x102\x82!k\xd2@E\xf0p,l\xcf\
\xc9\xd2[n\xd89\xf2\xc9\x8f\xbe\xef\xc0\x1b\xae]5\
\xc89\x9e\x0d\xfc\xea\x81L\x06#\x19P{\xd3\xcb\xb5\
v\xe8}\x89\xc0\xc5\x22@w\x84\x8bE\x96\x8eK\x04\
Z\x88@3\x8e\xf40`w\x02\xd9\x83{&{\x1f\
x\xe8\x89\x0d_\xfb\xf6\x13;\xfc\xd8\x190\x98\xbb\xd9\
\xf5r+\x22\xe1\x15j\x81p\x98\x951S\xb9\x02+\
\xd7b\xa8>@\xaa5\xa8\xb6\x84\x09\x09\xa6\xe3\x06\x13\
\xa51\xdb\x227W\x94j\xf1q\x16a\xaa*L)\
\xcb\xea\xec\x82\xed-\x84\xec\x8a\x18\xca\xc2\x85i\x223\
\x9bs\x9f\xcce\xf2\x9b\x16\xa7j\xad\xcc\xb2\xc86\xa1\
*k\xa9zVIYf\x12\x0a M\xc4\xd2@\xa4\
\x0b\xf5\xab\xfd#\x18\x08\xb0\xa2'#\xcb\x93G\xb9_\
~\xc9_\xbb:?}\xe7m7\x1c\xbb\xeb\x8e[\xf6\
m\xde\x90\x1ed\xc0\x9eZ\x90\xb47\xcd!W\xd1;\
\xa9\xb7e\xa7M\xd5\xba\x22\xe6\x93N\x92\x08,\x05\x02\
$L\x97\xc2,\xd29\x10\x81\xb3\x10P\xe5\x9f\x86\x00\
+3\x8dt{\x0a\x9d?xr\xcf\xda/}\xe9\xeb\
\xdb\x9e}\xee\xc5\x9d%?\xbf5SX\xb1:\x93\xc9\
w\xc4\x9c\xa5\x82\x10\x96\x90\x06\x0b\x05C=\x120\x1c\
gF\x94*\xc1\xa1\x84\xa9TY\xd6\x89%L%\xbd\
(K\xd9\xecm\xb6\xd0l\x0aW\x15S\xa8\x85\xec,\
\xf5\x9a\xf4\xaa'az9\x17\xef\x99\x84\xe9I\x01y\
\xb6\xc1I\xd5mvv\x9d\xda\x86u\xb41\xc9B\xb5\
\x86\xd5\x05\xfa\xe76JM\x0e\xaal\xe5N\xe3\xf8*\
a\x8a3\x0b\x9c\x99P\x1d\xc3T\xc91C-\x0e\x1e\
 \xebJ8\xb2&\xea\x95\xe31\xe3S\xb5\xfe\xed\xab\
'\xee\xb9\xf3\x96#o\x7f\xc7\xf5{\xd7\xac6ws\
?~\x8e!~\xb1\xe0y\xd4\xde\xf4r.&zo\
\x22p\x81\x08\x900\xbd@ \xe90D\xa0\xd5\x084\
\xdd\xf6cc\xf0\xccn\xb4=\xf3Li\xd5\xff\xf9\x9f\
\xfev\xcb?\xff\xec\xd7;\xbb\xbaVl\xcf\x14V\xae\
\x13vww-02\xe5r\xd5\x8e\xc2\xd8He\x0b\
\xc8\xe6\x0a\x88\xb9\xc4T\xb9\x0cf\xd9\x89\xa4d*\xa9\
I\xb5\x99L\x9c\xefZ4@\xf5XW\xff\x9f\xf9\x18\
\x99k\xfd$a\xdaj\xab\xe2\xd4\xf1\x5cpaz\xf2\
\xc9C\xad\x8fY\x82\xb4a5U\xffV\x0f$\xc9\xcb\
\x04\x18o\xbc\xc6P\xc2T\xd5\xbf\xb5\x01f\x811[\
\x87\x8b\xb4e\xf2(M\x9c\x80)|t\xe4m\xc9\xa3\
IY\x9e~)\xec\xe8t*[6/\x1b\xfd\x8b?\
\xff\xe8\xc1M[\x96\x0d-\xebv\x07E\x80\xfd`\xf5\
\xe3\x9d)\x1d\x7f\x1a\xa8\xe5I\xd6\xd3\xd6^\x7f4:\
\x22p:\x02$Li]\x10\x81%F`V\xd7&\
g\xb4\x8a\xfc\xd84\x96}\xe1\x8b\x0fn\xbc\xef[\x8f\
\xf4\xc3\xc9\x0e\xe4\xb2\xcb6\x16\xa7\xaa\xcb\x22\xe1\xe6\x03\
\xa4\x1d!-\xc34L\xa62\xe8UF},8$\
3a9\xb6n\x19\xaa\xb6$fPja\xaa\xfb;\
I\xa1\x8b\xe8s\x1d{z\x9a\x8f\x91fLi\xe3\x7f\
sc\x16\x9b\x02\x85,\xa6\x97w\xf1\x9dK\x98\x9e\xcb\
r\xaa\x1b~\xcd\xce\xe6\x9f\x1dK\xac,\xa6sZ\x9e\
&\xf5k\x1b\xa9Q\xd2@\x1c'\xc2T\x1aJ\xad2\
\xfd\x9d\x19\x16\x0cX0\x94[?\x14pl\x1b)S\
\xa5\xfd\x07\x08\xc3\x92./\x05\xf8\xdc4ja!/\
\x8aw\xde\xf1\xf6\xe1\xbb\xef~\xef\xf3\x1b\xd7\x99\x83f\
\x8c!)p \x03\x9c\xc8f\xa1\xdc\xfb\xd4\xde\xf4\xf2\
.1zw\x22\xf0\x8a\x09\x900}\xc5\xc8h\x07\x22\
\xd0\xba\x04\x1a]\x9b\xec\x12\x90\x19\x1eG\xf7\xae\xef\xfe\
d\xdd\x83\xdf\xfd\xe1\xf6\x17\x8e\x8c\xef\xcc\x16\x96m\x09\
\x22g\x15\x17^\x9b\xe3\xe4\xbd\xe9R\xddtRY\x16\
\xc6\xb1.\xeb\x94rm\x84a\x88r\xb1\xa8\x8d]F\
:\xa3OT\x0bO\x9d\xbd\xad\xfa\x9f'\xa2B\xb9\xe6\
\x95\xe8\x88\xb8\x12\x1a$L[wE\x9c}d\x17T\
\x98\xce\xb2\x96\xea\x1f\x99\xd0e\xa2\x9a\xd6\xf5\x93#i\
\xc6\x9cJ\x0bA\xa4\x1ew\x0c\xa8\xb0P\xa5q\xf5w\
\xf5\xe0\xc3T3[\x13\x86\x00l\xc3D\x14\xc4\xf0\x83\
\x1al\xd7B&\xaf\xd6\xa5\x80_\x9f\x92\xf9t\x18\x1f\
?<\xe4/[\xde9\xf5\xd9O\x7f\xf8\xe8=w\xbd\
a_O\x07\x94@U]\xa4\x0e\xe7]\x8c#)/\
\x151v\x9a`\xd7\xc5:q4n\x22\xb0\x84\x09\x90\
0]\xc2\x93K\xa7v\xe5\x10h\x96\x7f\x9a\x04R\xa1\
\x8f\x8e\x1f\xfe\xe8\xb7\xab\xef\xbf\xff\xf1\xad?\xff\xf5\x1f\
v\x16:\xfb\xb6\xd5Cgm\xb9\xca:\xddtWZ\
\xc8\x94\xc5\x85gtvv\xa3X\x99\x80_\xaf\x02Q\
\x00\xe6X\xba|\x8fi\x9a\x90\x86\x09UA\xbfRQ\
uJ\x9505\x13a\xaa\x05\x83\x12\xa8\xca\xb2%\x11\
F\xd1\xa9\xc9Ks\xf2N\xd8\x1c\xd1\xda\xb4\x9c2\xdd\
\xc24)-D\xc9O\x97q\x9d6&\xe4\x5c\xe9B\
g\xca\xd2\x97\xb3\x94\xed\xcc\xdc\x8aF\xe6\xbd\xd0k\xe9\
\xe4\xb1\xe7\xe8B\x15KZ\x8fU(\x88\x8aSU\x8f\
7\xea/\x1c\x06\x8b`\xaa\xef\xe00\x0d\x156\xa2,\
\xf6&\x844\xe0\xc7\x0c!\x970\x9c,\xb2i\x0b~\
y\x18]\x05KT\xcb\xa3Qq\xf4hm\xdb\xf6\x15\
\xe3\x9f\xfd\xc4\xdd\x87\xdf\xfd\xce\xeb\xf7\xf4\xb4c0\xe3\
a\x9f\x05\x1c\x050\x05\x80\xda\x9b^\xc6\xa5FoM\
\x04\xce\x97\x00\x09\xd3\xf3%E\xaf#\x02-H`V\
\x1bQ\xa7\x06\x14~\xf9\xcb\xa3+\xbe\xf8\x95om\xfe\
\xe5o\xfe4\x10pg\x870\xbc\x0dal\xf7:\xe9\
\xce\xac\x97\xe9r|\x9f\xb1Z]\xa9\x09/q\x9bJ\
\x1f\xa9\xb4\x03\xcbd\xf0\xfd\x1a\x22?\xd0V.\x98*\
;\x9a!R\xaeV\x9d\xe0\x92\xb8X\x95\x95T\x09S\
Se\xd43 \x8a\x82y\x09\xd3Fl\x80\xee\x14E\
\xdbe$p\x01\x85\xa9:\x0b\x1d\xd81kJm3\
\x11\x9d\x89\x9d\xfd\xd4$(\x958\x17r%LU\x08\
\x89J\x7fR1\xccJ\x90F0\x99\xca\xca\xe7p\x5c\
\x03Q\x14!\x0cTu\x08\xb5.3\x80\xe9A\x08\x13\
\x88Cds6j\xc5Q8\xb6\x94m9K\x04\xd5\
\x13\xa1\xc9\xaa\x95\xb7\xbc\xf9\xea\x91\xbb\xee|\xdb\x0b\xb7\
\xbcm\xe3\x90\x09\x0cZ\xc0\xf360\x0c\x80\xda\x9b^\
\xc6\xe5FoM\x04\xce\x87\x00\x09\xd3\xf3\xa1D\xaf!\
\x02-F\xa0\xd9\xb5\xe90\xe0\xa8\xf2O{\x86*=\
_\xfe\xfaC\xeb\x1f\xff\xe1\xbf\xf4O\x95\xa2\x9d\xae\xd7\
\xb9I0oE$YA\x18\xb6\x0bf\x99`6\x93\
\xcc\x81\xc1\x1c@\x9a\x80\xc1t'\x9e\x93\x82a\xae\xa7\
S\xd5*=\x19_:c3k\x0a\x8f\xa4\x15\xfaL\
\xed\xca\xd3!\x9a\xdb9\xa8\xc50\xd2p\x16H\xe0t\
\xa1\x00/\xb7\xae\x9e^\x98*\xb1\xcau=\xdc\xa6:\
N\xac\xa3M\xeb\xa9^\x97'\xdd\xfe\xc9\x83\x90Z\xb7\
*\xb6\xb9\xb9\x8f\xa9\x5c\xff\xb2!\x88u3\xd4P\x1a\
,\xe0&\xab\x05\x16J\xd3\xef\xbd\xf5M\xc7\xdf\xf7\xae\
7\xee\x7f\xe3\xf5+\x06S\x16\x86\xac0<\xe88\xce\
(p2\xfe\x94\xcaK-p\x0d\xd0\xeeD\xe0B\x13\
 az\xa1\x89\xd2\xf1\x88\xc0E&\xd0\x88#U\xbd\
>\xd3\x07F\xd1y\xff\xa3?\xed{\xf0\xfe\xc7\xb6\x1d\
:4>\xe0\xa4WlK\xb9]k\xc2\xd8\xea\xa8\xf8\
QJ\x80Y\xc2\x00S.WU\xdaG\x7f)\x9b'\
KZ\x85\xc6\xaa\x85\xd3\x19\xca\xf9\x9c\xeb4f\x84\xc2\
\x99_I\xc2\xf4\x5c\x14\x17\xf7\xff\xcf7F\xf5Lg\
\xd9(\x87\xfb\x0a \x9c*{O\xd6\xc9m\x04\x0f\xe8\
\x06\x0e\x8c\xc3\x84/L\xf8\xdc\xb1*\xf5\xe5]\xce\xc4\
\x9d\xb7\xbd\xe9\xe8\x07\xee|\xebsk\x96\x19\x83<\xa8\
\xec\xf5l~\xc4u\xe5\x04\xd0F\xedM_\x01}z\
)\x11\xb8\x14\x04H\x98^\x0a\xca\xf4\x1eD\xe0\x02\x10\
8Y\xfe\x09\xf0\x86\x0f\xd4\xdb\x8e\x1c>\xb1\xea\x8b\xf7\
=\xb0y\xe8\xb9\xc3;\x87GJ\xdb\xb3\x99\xde\xf5\xb6\
\xdb\xd9],\xc5\x99z\x08\xdb\xcb\xe6U\x91'm\xe0\
\x94\xda\x14\xa5\x92L\x12a\x9a\xfc\xcc\x10\xc7*iy\
~\x1b\x09\xd3\xf9q[J{]za:CO%\
\xe0\x19\x8c\xcf\x0a\x15\x98\xdd\x83\x0c0e,#\xbf(\
\xb3\x9e\x88\x84?Z\xd9\xb4\xae}\xec\xcf?{\xe7\xa1\
\xdbo\xbbnO.\x85\xc1\xb8^\xdf\x07\xe0X*)\
/\xa5\x5c\x07T^j)-N:\x97EK\x80\x84\
\xe9\xa2\x9d:\x1a\xf8\x95B`v\xf9\xa7\x13\x15\xe4\xf6\
\xef\xaf.{h\xd7\x13\x1b\xbf\xf3\xc8\xe3\xfdcS\xa5\
\x01\xdb+l\xccd:\x97\x9bV>_\xaf3\xa7R\
\x89\x0di\xba\xccKg\x11\xc9\xc4\x22\xdaL0J\xca\
\xf74]\xa1\x06\x84P}\x9d\xe6\xb7\x910\x9d\x1f\xb7\
\xa5\xb4\xd7\xe5\x17\xa6*\x16\xb5\xd9\xecAE\x96\xcc\x0e\
9\x11\xc8\xb8.\xfc\xea\xa4\xcc\xb8\xb1\x90\xd1T\x18\xd6\
\x87Ko\xba~\xe7\xc8\xe7>\xfb\xfe\x03o~\xed\x96\
\xc1\x02\xc3\xb3\xc2\xc2\x81\xd0V\xedMQ\xa2\xf2RK\
iu\xd2\xb9,V\x02$L\x17\xeb\xcc\xd1\xb8\xaf\x08\
\x02\xcam\x7f\x00\xb0\xbd\x122\x952\xba\x9e\xfc\xf1\xb3\
k\xbfv\xdfC;\x9e\xdd\xfb\xe2@6\xdb\xb1U\x02\
\xab,\xd7k\xe7\xc2\xf6\xeaun\x0a\xb8\xcc\xf3\x0a\x80\
i\xc1\x0f\x03\x9d\xb7\xa4:\xf04\xdd\xf5\x89k}&\
Fo!\xaev\x12\xa6W\xc4\x12<\xebI^na\
\xaa\xfa\x8e%k;y\xf8J\xea\xed\xaa\xdfU\xcf\xd3\
X\xd7\xdc\xb5\x0c\x8e\xb0ZF\xca\x86L{&/O\
\x8e\xf9=]\x1d\xd3\xef\xbc\xe1\xbac\xff\xfe/\xef\xdc\
\xe7\xb8\x18L\x17\xb0\xc7rq\x10\xc0x.\x89?\xa5\
\xf6\xa6\xb4\xbc\x89\xc0e\x22@\xc2\xf42\x81\xa7\xb7%\
\x02g#\xd0,\xff4\x0ex\x91\x8f\x8e'\x7f\xf0\xa7\
\xd5\xff\xe5\xff\xfd\xc6\xd6?\x0e\xbe4\xb0bE\xff\x8e\
T\xbe\xbbo\xf8\xa5\xb1.\x81(m\x9a\xa6\x05\xc33\
\x0c\xd5-\xc7\xf0t\xe1\x1dU_4\xe2!\x9c\x94\x0b\
\xa9\xef\xb1\xaa4\x13o\xf4!W=\xea\x17~\xe9+\
\x11 tX\xc0\x99\xb7\x85\x08_Z!\xadO\xe0\xf2\
\x0b\xd3$\x9b_\xd5Bm.i-U\xd5\xc3\x18\xe3\
\x90Q]\x975\xeb\xe9(\xe8\xe6\xb9\xa5\xc9I\xd8\xa6\
%,\x89xt\xf8`m\xdb\xc6\xb6\x89{>p\xf3\
\x91\xf7\xdd\xf5\xd6\xbd\xdd\xbd\xa9\xc10\xf0\xf7\xa6-\xbc\
\xd8K\xedM[\x7f\xf1\xd1\x08\x97,\x81\x85\xdf\x9d\x96\
,\x1a:1\x22p\xe9\x094\xdd\xf6\xc3\x80;yx\
,?9\x11\xad\xf8\xbb/|s\xd3\xe3O\xfef \
\x9d\xed\xeb/\xb4\xaf\xdb0<Z\xef\xadUX\xae\xa3\
\xb3\xdb\x06\x0b\x8cj\xad\xcc\x82 \x82e\xa7\xe0\xa53\
0L\x1bq\x1c#\xe4!,\x9bA\xb2X\xa9\xd2\x86\
0eZ\x9c2\xa1n\xe7\xaa4\xa9\xfa\xff\xfc\xcf\x93\
\x84\xe9\xfc\xd9-\x85=/\x950U\xf1\xa4s7\x95\
\xe8d\x1a\xa1\xce\xca\x97\xb0\xa1\xcaO\xa9\xac}\xe5\xce\
\xd7\xce}\x16#\x9b\xb6\xb5w\xbe^\x9d\x82\x09\x81\xce\
B\x1e\x22V\xbf\xd7\xa4\xebr9:\xfa\x5c\xb8|u\
\xbar\xe3\xdb^3z\xc7]\xef:x\xcd\xab6\x0e\
e\x81A\x11E\xfb\x0bv|<\x05jo\xba\x14\xd6\
)\x9d\xc3\xe2\x22\xb0\x80[\xd2\xe2:Q\x1a-\x11h\
e\x02\xcd\xf2O\x00\x9c2\x90\x1dzv\xa2\xfb\xe9\xdf\
\xec^\xff7\x7f\xfb\x85~f\x16\x06B\xd9\xb6Y\x88\
\xccJ\x8e\x5c\x01H\xbbqd\x9aa\x183\x98!\xf2\
\xf9,2\x99\x1c\x22\x1e\xa3^\x0b\x10\x09\x9et\xdc1\
\x05\xb8\xb6\x92&V%\x15O\xaaj\x936\x85)W\
\x02\xd5<S\xe9\xf4\xf3\xa1u\x86v\xa4\xb3v%\x8b\
\xe9\xf9p\x5c\xbc\xaf\xb9\xfc\xc24j\x08\xd3\xa4\x04\x9a\
\x80\xfa\x9e<l1p\xc4A\x190bx\x8e\x84i\
\xc4\xda\x82j\x99\x12\x9ek\x03F\x0d\xa6S\x96\x9f\xfb\
w\x1f\xe5\x9b\xae\xda\x18>\xfd\x87\xdf\x14K\xa5\xca\xf0\
-o\xbf\xf9\xf9\xd7m\xe9\x1e\xac\x951\xb4,\x87\x03\
\xb6jo:S^J0\xd5\x9a\x8a6\x22@\x04.\
\x1a\x01\x12\xa6\x17\x0d-\x1d\x98\x08\x9c\x1f\x01\x15G:\
\x04X+\x80\xd4\xb1\xa3A\xe7\xae\xef\xfc\xa8o\xd7\xf7\
~\xba\xed\xb9\x17Fvf\xdbVo\x15,\xb5&\x16\
\xe9N.\xdc\x94\x90\xb6)\x85e\x80+\xcb\x90rY\
6\xcb=5S@\x92V\x90jS\xf9\xf8\xaaV\xbe\
6\x1e5KB5kF\x9e\xec\xcd\xb3\xb0{,_\
\xd8\xee\xe7\x07\x88^\xd5\xb2\x04T\x0b\xfb\x85l\xe7Z\
?g;\xbe\x96\x87\x5c@\x0a\xa1\xc5\xa8\xea2e9\
\xae~(\x8b\xc3H7\x7f0\x18\xe0X\x02\xae\xa5\x1e\
\xd6|\x04\xf5q\xc4q\x09}\xab{\xb0\xf3\xaa\xb5\xf8\
_\xfe\xc3\xe7a\x17\x80\xaa\x03\xf9\x9f\xfe\xee\xfe\xf8\xc8\
x\xcd\xcff:\xa6\xae{\xd5\xf6\xa3o\xbcj\xf3\xbe\
M]\x18\xb4\x05\xf6\xe4\x80\xc39\x17\xe3\x05jo\xba\
\x90\xe9\xa6}\x89\xc0y\x11X\xe0\xc7\xcay\xbd\x07\xbd\
\x88\x08\x10\x81\xd3\x10\x98\xd5\xb5\xc9;6\x81\xc2\xae\x87\
\x7f\xba\xf2\xe1\xef?\xb5\xe5\xc0\xe1\x91\x81H\xe4w\x18\
n~}\xa9fts\xb8Y\x0e\xd7\x86\xb4\x18\x13\x89\
\xe3=i\xd3\xa8\xee\xcb\xcd\x8c\xfb\xe6\xa5\x9c(\xc5f\
\x12H\x92\x85O\xc2\x94\x16\xe0\xc5!p\xb9\x85iw\
[\xa7r\xcb#\x0c\xc3$,EJDq\xa8\xbb\x93\
9\xb6\x89B.\x85rq\x14\x82\x97!\xf94\x1c\xc7\
\xc7\x9b\xde\xb0\x13\x1f\xfc\xd0mx\xfd\x1b\xd6i\xe1Z\
5%^\xe2\x0c\x7f\xf3\xdfw\xe1x=#\x22#\x1b\
\xb5g\xb3\xb5\x15\xf9\xd4\xf8U\xeb;\x0e_\xbb\xa1s\
\xcf\x86\x0e\x0c\xda1\xf6!\x9a:\x9aO\xb5OuQ\
{\xd3\x8b\xb3\xa0\xe8\xa8D@\xdf\xafh#\x02D\xe0\
\x92\x12\x98[\xfe\xe9\xe9\xa7\x8f\xf5>\xfc\xf8\x8f6\xfc\
\xe6\xd7\xbb\x07\xc6\xa6\xfd\x018m\x1b\x0d\xbbmy\xcc\
\xd2\xf9r\x1d.g\xb6\xb2{2\xdd\x0eT\xb5ld\
\xea\xc6\x9bt\xd3\x89\xb8J@J\x8a\xe5\x9fnk\x0a\
\xd3\x99\xff\x9d\xea\xbaWi#\x0b\xd9\xcee\xf1Z\xc8\
\xb1i\xdf\xd6'p\xb1\x84i3\xa6\xf4\xe4\x83\xd5\xc9\
e:\xd3\xd6T\xf9\x08\x5c\xcbDP\xab#\x9d\xce\xa2\
\xb3\xa3\x1b\xf5Z\x0d'\x8e\x0f\xc3\xb6\x0c\xac\x5c\xd1\x83\
\x97\x8e>\x8fLZ\x22\x8e&\xb0q}'>\xfe\xb1\
[q\xcb\xbb^\x8f\x9e.\xe8\xb4=\x8e\x08S\x00\x0e\
s\x1b\x7f\xf3\xf5\x1f\xe0\xb8X\x81\xa2\xc8\xc9\x983a\
\xc9(\x5c\xdbnUVe\xd8\xc85}]/\x5c\xbb\
%7\xb4\xc6\xc3 \x8b\xa2\xe73\x91=\xdc\x95\xa6\xf6\
\xa6\xad\xbfBi\x84\x8b\x91\x00\x09\xd3\xc58k4\xe6\
EK\xa0\xd9\xb5\xe9h\x11\x19\x83\xa1\xeb\xef\xfe\x9f\xef\
\xaf}\xea\x17\xff\xbac\xf0\xd9\xbd\x03\x96W\xd8\x9ak\
_\xbe\xca\xe7V{52=\xd3\xceZ\xb5\xc8`\xcd\
\xda\x8c\x8cqXZ\x94F0\x98\x8a\xad3\x10\xeb\xb8\
:K[PU&\xb2!g\xb2\x93\x13\xd3\xe9\xdc\x18\
R\x12\xa6\x8bv\xf1\xb4\xe0\xc0/\xb70\x15A\x15\xcb\
{{\xf4\xba\x1f\x19\x19\xd1n\xfd\xde\x9e\x0e\x18\x22\xc6\
\xe8\x89C\xe8hsa\xdb5\xdc~\xebM\xf8\xf8'\
\xee\xc0\xfa\xb5\x89\xb7A\x08\x89Ju\x02\xe9\x9c\x83\xaa\
\x91\xc2Q\xd8\xf8\xeb\xaf>\x81\x17\x82^\x14\xcdn\x98\
\xa9\x022)ON\x1f\x7f\x81\xf7X<X\x99\xe6\xd3\
\x1b\xbb\xad\xe3\xaf^\xdf\xb1\xff\xea\xf5=\x83\xab\x1c\x0c\
I\xe0\xa0\x04F\x03\xa0\xb2VeX)G\x05\xc5\x9f\
\xb6\xe0*\xa5!-6\x02$L\x17\xdb\x8c\xd1x\x17\
%\x81\xd9\xe5\x9fJSh\x7f\xf4\xd1\xdf\xaf\xfe\xea7\
\x1e\xdb\xfa\xec\xee\x17\x07\xd2\x99\xee\xed\x99ln-\xb3\
\xec\xae0B&\x88\x0d\x8b\x1b\x8e\x01\xcb\x83\x1f1\xdd\
\xd3>\xd9bXL\x15\x83\x0a\x95\xad\x14\x86r\xd3\xab\
,d\xd5\xc5I\xdf\x15\x85\x16\xab36PC';\
\xa9M4bJO\xd63m\x1c\xb2\xf9\xff\xf9B%\
\x8b\xe9|\xc9-\x8d\xfd.\x8c0U\x0fK3\x96P\
E\xe6\xe5\x16\xd3\xb9\xff\x07TV\xfe\xaa\xdeNL\x8c\
\x9d@\xe8\xd7\x91\xcf\xa5a\x991\xca\xe5\x13\xe0\xe14\
\xd2^\x88w\xdf\xf2F|\xfc\x13w\xe1\xea\x81.T\
J!<\xdbB.\xad\xca\xa5%\xfc\x03\x19\xa2b\xda\
8(\x19\xfe\xc3\x17\x1e\xc5\x81z\x17J\xcer\x98\xd9\
n8\xe9,\xc2\xf24\xec\xa0*Xy\x94\xa7\xa2\xc9\
\xfa\x86N9q\xdd\x8e\xbe\xa3\xaf\xdd\xb4\xe9\xb9\xd5\xbd\
\x18\xf4\x0c\xec\x15\xc0\x91,0Q\x05j;\x80\x98\xb1\
F\x90\xf7\xd2\x98b:\x0b\x22p\xc9\x09\x900\xbd\xe4\
\xc8\xe9\x0d\xaf$\x02\xb3\xcb?Y@\xfe\xe7?\x1f[\
\xfe\x95\xaf<\xb8\xe9\x97\xbf\x1c\x1c\xf0C\xb3\xdfrz\
6\xb8na\x99a\xb0l\x10G\x8ee\xd9\x86\xeb\xa5\
Y\xc0\x81r\xa5\x0eX\xae\x16\x95\x12\x0c\xacY4\x1c\
\x5c\xdf\x94\x0d%T\xcdf\x1d\xd1So\xdc\xc9\xad]\
uvJh\x9f\x22LU\xa3\xd2\xc6$$\xc2t\xfe\
\x99\xf9$L\xaf\xa4\xd5\xfc\xf2s]\xb80m\xae\xbd\
W.L\x0d\x19\xa3#\xeb`z\xf2\x04lS\xa2\xad\
\x90\x86_\x9f@\x18N\xe2\xbak\xb7\xe2\xd6w\xbf\x19\
\x1fx\xff\xebQ\x9a\xae\xa1\x90\xb5\x91vlT\xcb%\
\xbd\xda\x0b\xb9\xbc\xbe\x06TC\xd3q\x00\xfb\xea\xc0\xff\
\xfe\xe5G0l\xaeA\xd9[\x8e\x8aL\xa1\x16\x08\xb4\
\xa52\x08JSH\xf1@v\xa4bi\x86'\x22;\
,V6\xacX5v\xf5\xd6\xd5\x87\xae\xdeV\xd8\xd3\
na0gc_'p\xcc\x01\xa6\xbb\xa9\xbd\xe9\x95\
}Q\xd0\xd9/\x98\x00\x09\xd3\x05#\xa4\x03\x10\x81\x97\
\x13\x98U\xfe\xc9V\xe5\x9f\xfe\xf5\x99\xe1\x9e\xaf~\xf3\
\xd1u?\xfc\xd13\xfd\xc5\x9a9\x90o[\xbd\xd9v\
;WV\xeah\xab\xd5C7\x8a}\xd34\xc0,K\
Y9\xd5\xed\xd2\xd2\xf5H#\xa1,\xa2\x16\x84J\xec\
\x98U\x14?)\xd4\xc4\xe1\xd9\xea\xbbj+:sc\
o\xa4Gi7~,T\x96\xd4\xac\xe2\xe3\xcd.P\
\xaa\xb6\xa9\x12\xafB\x09[\x12\xa6\xb4\x86\xe7G\xe0b\
\x0b\xd3\xc4\x17\x90<Z%\x96\xd4\xe6\xa6\x1e\xb5\x22\xf8\
S/a`\xfbz\x1d\xda\xb2\x7f\xff\x1f\xd1\xdd\x9d\xc1\
\xa7?\xf5\x01\xdc}\xc7\x0d\xe8\xed\x05D\x04\xa4\x1d \
\xd6\xc1\xd8>\xb2\xae\x830\xaa\xa2^\xad\xc0\xf5\xb2\xb0\
\xdc6Lr`\xff\xbf]\x0e\xff\xf1\xab?\xc2\x09\xaf\
\x0fUo\x19\xca\x91\x85Z-\x84\x0c\x22\xf4\x16\xda\x90\
\xf7l\x04\xb5iD\xd1\x944\x8dX\xf0\x98\x85Fm\
\xb4\xf4\xf6kzG6u[\x07\xb6-[9\xb8\xba\
\xddy\xb6M\xe0\x80mc\xa4\x87\xda\x9b\xceoA\xd1\
^D\x80\x92\x9fh\x0d\x10\x81\x0bO\xa0\x11GjN\
\x01\xe9R\x11\x1d\xdf\xf8\xc6\xc3}\xdf\xfe\xee\x13[_\
z\xa9\xb6\xd3\xf2\x96o\x93h\xeb\xab\xf9v\x07\x87\x9b\
\x8e\xc1L\xc7q\x0c\xc75`\x19\x12\x22\x8e\xc0E\x94\
\x88P\xc3\x84\x1f\xf2\xc4\xf2\x09\xbb\x11/:ca2\
f\x0b\xd39\xdeC\xb5O\x92\x1c5\xe3\xd8\x9fi\xd7\
\xa8\xba\xe24JJ\x910\xbd\xf0\x0b\xe0\x0a9\xa2\xb6\
\xe3\x9f\xb6\xa4\xe7i\x1ettaQ\x09\xa6k\x8c\xce\
|\x87\x90\xa74xP\x8fY\xcd-9>\xd3\xde\x01\
\xb5^\x0d\xa9\xfe\xab\xbe\xa4\xfe\xd9D\x1d+;\x19\x0e\
<\xf7\x0c\xb29\x1b\x1f\xf9\xd0\xdd\xf8\xf0\x87\xef\xc0\xda\
\xb5v\xe2\xaa\x97@\xca\x01\x94xv\xad\xa42\x85\x10\
\xaa\x84\x14\xd7\x7fS\x97F\xb5n\xa3\xea\xba8\xcc\x80\
\xff\xedK?\xc1\x0b\xbc\x07U\xa7\x17\xccN\x81\xc1F\
o\xdeCq\xd2G\x1c\xf8H\xa5m0;F\xb5^\
C\x14\x192\xeb\x86<>\xb1\xdb\xdf\xdc\xebM_\xbb\
q\xe3\xb1k6\xac\xde\xd7\xdfe\x0cvY\xd8c\xc5\
8\x18\x84\xe5\xf1\x95\xb9\x1c\xb57\xbdB\xae\x07:\xcd\
\x0bG\x80,\xa6\x17\x8e%\x1d\xe9\x0a'\xd0,\xfft\
\x02pG\x8e\xd5\xdb\x86\x86^\x5c\xf9W\x7f\xfd\x9f7\
\xd7\xb93\x10F\xd9\x1dQ\x9cY\xcfe\xa6\x87\xcbL\
6\x8a\x1d[\x080\xc7\xe5Lu\xa8\xd1w\xd1Y\x96\
\xa1\xe4ge\xf1\xe4\xba\xf6\x93`3\xfd\xedObf\
\x02f\xd3\x02zZ\xf6s\x13\x9d\x1a/\x9a%b\x13\
+,}\x0c\x5c\xa9Kwa\x16\xcf\xb9\xd6\xfa\xe4a\
(I\xb8K\xd6\x9e<\x193b4\xc4\xa5\xb2\xde'\
Iz\x89#\xbd\x0e\xed*0l\xc4*)I\x9a\xfa\
\x81L\xd5$U\xa24\x8aB\xdd\xa9\xc9\x84\x8a\x0f5\
\xe1Z\x12\x8c\xfb@\x1c\xc2F\x09,8\x84[\xdfy\
=\xee\xbe\xfbv\xbc\xea\xea-\xc8e\xd41\x00\xae\x0e\
-cx\xa9$1PW\xe1W\xa2V\xff\xdcx(\
\x83\x81:$&a\xe1\xb0\x00\xfe\xea\xab\xbf\xc0\xb3\xf5\
n\xd4\xdc\x1eX\xc2@6\x9dA\x5c\x8fu-`\xcb\
`\xbaa\x85\x1a\xbbP%\xda\xb8\xb2\xd7\x860\x9cH\
\xf0\xcaX\x9c\xf3\xcb\xb5\xed\xed\xa9\x897mXq\xe4\
u\x1bz\xf6n\xe8\xc4`\xc6\xc5\xdeZ\xb1\xf8b\xae\
P\x98\xe8P'\x0ap\x8a?\xbdR\xaf4:\xefW\
B\x80\xeeH\xaf\x84\x16\xbd\x96\x08\x9c\x86\xc0\xec\xf2O\
#@v\xf7\xee\x13\xbd\xdf\xfe\xe6\xf76>\xf4\xd8O\
\xfb\xd3\xd9\xe5\xfdq\x9c\xda\x14D\xe9\x15\xb1L\xe5\xb9\
\xcc\xb8B8F\xcc\x0d\x06\x11\xc3\xf6b\xd5\xd9\xfe\x8c\
mA\xb9\xbe\xc3\xea[\xeai\xd9_\xaa\xce;4\xf1\
K\x93\xc0B\x85\xa9\xa9M\x93\xcdZ\xba\x8d\x07\xa19\
M\x1c\xf4#\xd6\xe9\xaa\x92\xb1\x18QP\x81m\xdb0\
-\x1b\x9cYZ\x98\xaa*\x14\x86aik,\x93*\
\xe1/\x82\x81\x00F\x5cC\x14\x94`)\x97|\xdaF\
g\x8e\xe3\xff\xfa\xeb?\xc3\xa6\xf5\x9d\xe8\xeb[\x06\xcb\
\x06\xe2Xe\xdc\x0b\xa5m\xf5\xfe\xcd\x06\x133\xb3\xd7\
|Xc\xe0L\xa2\x06\xae\x85\xe9\x11-L\xff\x05\xbb\
\xfd^\xd4\xddn\xb8\x1c\xc8\xab\xf8\xd2 jtQ\x9b\
9\x96\x8a\xdb\x16\x5c\x22\x84@Q\x06\xc8gl\xd9\xcd\
\xb8LU'\xc2\xb6\xeaxeC\xc1\x1a}\xfd\xf6U\
\x07\xaf\xda\xdc;\xd4W\xc0`=\x8a\xf6;q|\xdc\
N\xa5\xa6{\x81\xa0!P\x17V\xa7mi.G:\
+\x22\xa0\x09\x900\xa5\x85@\x04\x16@\xa0Y\xfe\xa9\
XD\xe6\xb9\xe3\xa5\xae\x87\x1fy\xb2\xef\xfe\x87~\xb8\
}x\xa4\xbc3\xdf\xbe|+3r\xabC\xe1\xb6G\
\xc2\xf5\x84p,\x0e\x97\x09i\xe9\xa4$\xd5\x22\xd4Q\
\xad\xbc\x19'a\xba\x809\xa0]\xe7O`A\xc2T\
u[:\xa5\x1cYS\xa0&\xd6I\xed~\xd7\xca0\
\x11\xafZ\xa0\xce\x19\xaa\xeb\xa4t\xe5\x88\xf8\xdf\x84\xa1\
\x8a\x87\x8e#\x99\xb4\xcce\x0c\x96\xa9\x8c\x9e\x15\xc4A\
\x09\xae\x1d\x22\xebJ .\xa2\xa73\x8d\xdbo{\x07\
>x\xcf-X\xa7\xda\xa55\xca\xf8\xfa\x81\xd4\xdd\x9e\
l\xdb\x82\xe3&\xc2vn\xb6\xff\xcc\x08\xe6'L\x95\
\x83A91T\x1c@\x04\x81\x92_\xd5.\xfe\x9c%\
a\x855i\xd7\x8a<#\xab\xe1\xb2\x0c+\xf6f\xd8\
\xf0\xf5\x03\x9b\x9e\xdf\xb9\xae0\xd8\x97\xc6P\x18\xe2\x80\
\x0c+'\xbcl\xb6\xb2*)/E\xedM\xe7\xbft\
i\xcf%L\x80\x84\xe9\x12\x9e\x5c:\xb5\x8bG\xe0d\
\xf9\xa7qx\xc5\x10m?\xfa\xe9\x1fW\x7f\xf5\xeb\xdf\
\xda\xfa\xa7?\xed\x1b\xc8u,\xdf\x9e-,_W\xaa\
\x88.i\xa62\xb1t,)mC[\x83\x94\x9b\xb1\
\xd1\xaf^\x8d\xce\xb4t\xa1'\x12\xa6\x17o\xaa\xe8\xc8\
g!\xb0`a*\x9c\x86}#\x11\x81\xca\xd5\xad\x1e\
\xb4\x12a\x1a\xc3\xb6\x95\xe9rF \x9ej9U\xff\
\xf3\x10\x84\x1cq\x14%~\x7f]\x02M\xc04\x04\x1c\
\xe5\xb6\x17U\xe43@T\x9f\x80)+x\xfb[\xae\
\xc5g?\xfd!\x5c\xfd\xaa<\xfc2\x90\xb6\x01u\x09\
\xa9]U\xd2\xa0\x0a\x0b\xb0\x9d\xe4\xb6\xa6\xbc\x0d\xf3\xb3\
\x98\xf6\xc2\xe5\xe2\xb4\x16\xd3\xd9\xc24\x96\x02\x11\x8f\x10\
\xc6u-\xa6\xb3\x19\x0f\xed\xd9\x14\x0c^\x97\xb5\xd1\xe3\
q}\xf4\xa8\xff\xa6\x81MS\xeb;\xd3G_\xbd~\
\xd9\xbe\x9dk\xcd\xc1e\x06\xf60\xe0\xb0\x83\xe2x\x01\
\x85\x1a\x80\x88\xdc\xfbt\x89\x12\x81S\x09\x900\xa5\x15\
A\x04^\x01\x81S\xca?U\x91\x7f\xf2\xc9\xe7\x97}\
\xe3\x9b\x8fm\xfa\xd5\xaf\xff0P\xe8Z\xd9\x9f\xcbw\
o<r|\xaa\xb7Z\xe3\xb9\xf6\xeeU\x8e\x1f\x09\x03\
\xccf`*\xdb^Y\x83T\xa9&\x9e\xb8)\x99J\
\xc7H\xe2\xf1\x1a\xe5F_6\x12r\xe5\xbf\x82\xc9\xa1\
\x97\xbeb\x02\x0b\x13\xa6&L\xd1H\xca\xd3q\x9b\x1c\
\xc2P\xf1\xd2\xca\x03\x90XLm\xd5\xb4L\xd7\xd7U\
Ck\xc6\x96&\xc3T\x09}ah\x81\x87R\xb7a\
Jy\x16\x1c\x8b!\x8e\xaa\xdaRj\x19>\x5c\xc3\x87\
_\x1b\xc5k^\xb5\x19\xff\xc3g?\x80\x9bo\xda\xa0\
CS\xeb\xf5\x00\xb9\x94\x83\x94\xc3f\xca\xfc\xaa\x83\x9e\
\xac\xcf\xdb\xb4\x9e*\x97\xc4\xec\xed|\x5c\xf9\xe7\x16\xa6\
\xaa@\xbf\x0e\x190\x18\x22\x19!\x14*\x80\x14`\xa6\
\xa5\x13\xab,\xc9\xe1Fu\xd1\xc6\xfc\xc8\xadO\xd5\xfa\
rb\xfcu[V\x1d\xbe~{\xcf\x9e\x15m\x18\xcc\
\x00\xfbl\xd4\x8f\xdaHQ{\xd3W\xbcji\x87\xa5\
N\x80\x84\xe9R\x9fa:\xbf\x0bB`v\xf9\xa7\x97\
\xca\xc8>\xfd\xeb\xc1\xeeG\x1f{j\xdd\xf7\x1f\xfb\xfd\
\x8e\x5ca\xf5N\xd3Io\x99*\xfb+\x83\xd8,8\
^\xc1\x13\xcc5\xcb\xf5\x881\x15+g\x99\xda\xa5\xa9\
\x9c\x7f*fN\xca\x08\xa6!a\x9a\x16b\xae:7\
\x910\xbd \x93D\x07y\xc5\x04\x16&L\x19L\xd1\
\xf0\xa37\x92\xf0D\xc3:\xda\x14\xa6M\x8be\x92I\
\x9f(\xc7f\x22\xbf*\x83\x06\x96A\xcc\x01\xdb\x92\xf0\
\x5c\x09\x1e\x95P-\x9f\x80\x0c\x8b\xf0\x1c\x1f\x1b\xd7\xf6\
\xe0\x03\xf7\xbe\x1bw\xbe\xf7F\xac\xe8\x82\x0a\xcbF\xda\
M\x1c\xf2<V\x91\xd7\x866\xb2\xeaM[Ny\x92\
\x9c$b\xfd\xdd\xf3\xbc\x05\x08\xd3\x1c\x02?\xd2\xf1\xaa\
\x86\x99\x88g-\xa8U\xe5)\xc1\xc0\x85@\xa4\x1d\xfa\
*\x0c\xc1\x80PI\x8a\x86\xa5\xe3cm\x83\xc16\x05\
\xfc\xa9\x11\xd9\xe9\x09\x91\xe1\xa50\x1dNT6t\xba\
#o\xda\xb9\xf1\x85Wm\xe8\x1a\xea\xc9b\xb0\x03x\
\xde\x01\x86#\xa0\xb8<q\xef\xab\x04)\x8a?}\xc5\
+\x99vXJ\x04H\x98.\xa5\xd9\xa4s\xb9(\x04\
\x9a\xe5\x9f&'\x91:0\xe6w>\xf4\x9d'V?\
\xf6\xf8\x8f\xb7\x8d\x8d\x85;\x05\x0a\xdb\xe2\xc8\xeb\x13\x86\
\xd5\xc9l/\xc5\xe1Z\x91`\x86a\xa7a\xbb\x1e\xca\
\xd5\x1aL\x93\xc1T\xf7o\x19\x01\x22H\x5c\x9c\x96\x8a\
\xa1s\x10\x84R\xb7\x14\x9d\xbf\xc5ta\x97\xb0\xb2\xe2\
\xd2v\xe5\x12X\x900\x85\x80)\x95\x85tf\xd3\xd5\
#\xd46'\x01\xaa\xe9\xc2\xd75 \x1a\xd6\xd3\xa4\xd5\
\xae\x83(\x0e\xc0X\x1d&j\x90|\x0a\xae\x13`C\
_\x1b6\xaf\xef\xc6\xdf\xfc\x1f\xff3\xdar@\xb6)\
F#\x01\x19\xab\xaeg\x89\xc7\xc1u\xdd\x97M^S\
\x945\xb2\xa5\x9d\x00\x00 \x00IDAT*a\xaa\
\x12\xabN\xddN\xb5\x98\xfa\x8d\xe4\xa7C\xa7$?\xf5\
\xc2\xe1\x02\xb9tC\x98\x1a\x86\xce\xc8W\xd6Q\xb5q\
\xe5\xf5\xe0\xaa\xff\x9a@U\xc6\x10Q\x08D&\xb2N\
\x1a\xf9\xb4\x03\xd5\xf3\xa2Z\x07\x8a\xf5\x0a\xac,\x10\xf8\
\xd3\xb0\x10\xc8\x0e\x9bs\xaf:\x19\xe4\xa3\xfa\xf4k\xd6\
\xaf=\xfe\x86W\xad\xdb\xdf\xd7\x83\xc1\xac\xc5\x87\xf2\xae\
y\xb0\x03\x18]\x0e\xa8\xf2R\xd4\xde\xf4\xca\xbd$\xe9\
\xcc)\xf9\x89\xd6\x00\x1183\x81\xd9\xe5\x9f\xa6\xc7Q\
\xf8\xe1\xf7~\xb7\xf2\x9fv\xfdd\xf3\x0b\x87N\x0c\x80\
ev\x18,\xb7\x9e\xc7N\x8f\x1f\xc8l\x18I\x07\x96\
\xcd`9L0\x0b\x81\xca\xa6W\xa6\x14CU\xcdW\
\xb1\xa4I\x86\xb1\x14I;Q\xd72aZ\x0e\xfc@\
\x900\xa5Ex\xd9\x08,L\x98\xc60\x99\xaa\x82\xa4\
\x17:\xa0\x92\xfa\xb4/\xdd\xd2?\xebv\xb9\x92iK\
i\xb31\xae\xa9^\xaa]\xfb\xea\x8f\x02\xcc\x14\x88\xe2\
\x9a\x8e%\xb5\x1d\x1f\x9dm\xc0U\x03kq\xd7\xfb\xde\
\x82[\xde\xd1\x0f\x9b)C\xa5Jz\x0a x\x04\xc7\
\xb4\xe09)]]Me\xc633\xc9\xc2W\x0fX\
\xca+17\xa6\xf4\xe5\x0f^\x0b\x13\xa6\xea\x01R\xb9\
\xf1U\x0f\x0c\x15\x81P7\xd4\xf5+\xe1F\x16\x5cf\
\x22e\x9a\xd0Z\xd8\x02\xb8\x05L\xd4\xea\x08D\x00\x19\
\xd7T\xda#:,S\xa4y\xc4e\xb1T\x8f\xa7\x8f\
N|\xf2\xee7\x1c]\xd5a<\xb7\xb6+7\xb8\xca\
\xc5\xdev\xe0\x88\x03L\xb4\x01*\xfe\x94\xda\x9b^\xb6\
+\x83\xde\xf8r\x12X\x98\xb9\xe5r\x8e\x9c\xde\x9b\x08\
\x5c$\x02\xb3\xca?\xd9\x15 \xb7\xeb\xf1\xdd\xbd\xdf\xb8\
\xff\xf1\xf5\xbb\xffxx\xa0X\xb5\x06\x84\xccmbf\
a\xb9m\xe7\x0a,f\xae2\x90\xaa\xdb,\xd7\xeez\
\xe5\x8bK:-\xa9\x9bXr\xa3L\xba4%\xdd\x9a\
\x92V\xa2\x86\x8a7U\x7f\x15\xeaf~fW~\xf3\
\xc6z\xa6rQ\x17\x09\x01\x1dv\x91\x10PV\xc3\x85\
l\xaa>\xe7\xcb3\xd7\xcf\xf3\x88,\xd4\xd9\xf2\x8e\xa3\
Z\xdf\x1a\xa8VB(\xe3!3R0\x98\xab\xfff\
1S9\xdba\xeaB\xf9\x1ca\xad\x8c(\xaa#\x95\
rQ\xc8\xbbp\xd3\x01\xc6F\x0f\x83\xf32\xae\xbbv\
\x1b>\xf1\xb1;p\xeb\xbb\xb7@\xe5/\x95\xca\x15t\
\xe6<\xa8F\x12\xc9uc\x80\xe9\x86\x10J\xf4&c\
d\xda\x14;\xb7\x1d\xef\xe9\xc6?\xb7\x1e@\x92\x95\x7f\
.\x8b\xa9_\x0f\x1b\xe5\xa2\x12\x8biS\x98*w\xbe\
\xee]a8z(\xcdYP\x85\xff\x93:\xa9\xc9\xb5\
\x9e\x5c\xbf\xc9`\xd5\xef\xc9\xa6*\xadB\xa6D)\x0a\
^\xfc}\xe5\xaa5\xf9\xb17\xf4o9\xf4\x9a\xad\xab\
\xf7\xaci\xc3`\x16\xd8\x97\xaa\xd7\x8f9\xa9\x14\xb57\
=\xcf\xa5H/[Z\x04\x16\xf6\xa9\xb6\xb4X\xd0\xd9\
\x10\x01u#Qw0kz\x1a\xe9\xe3\x95\xa0\xeb\xdf\
\xff\xd5\xdf\xf6\x1d<<\xb6\xfd\xa5\xd1\xdaN\xc9\xf2[\
-\xa7gu=\xb4;\xeaU\xe9!\x82\xe5e\xb2\xfa\
\x1aR7,\xf5\xc5\xb5\x05E\xfd\x9c\xdc\xa0\x98\x99\xc4\
\xd4\xe9\x1b\xab\xee\x5c\xa3j:6d\xa64\xf4\xcd\x8d\
\x84)-\xbc\xf9\x12X\x980\x95\xb0\xe6\xdf\x8d\x16\xca\
\x99\x0d\xa3\x06\xd7f\x90\xd2D\xe0\x0b\xc4\xdc\x86e\xa6\
\xc1\xe0\xa8\xfa\xf6Z\x94\x86\xb5\x9an\x9b\xdb\x91O#\
\x9fwu8K\xbdV\x06\x8f\xa7Q*\x1f\xc0\xab\xaf\
\xd9\x84\xbb\xee\xba\x0d\xb7\xbc\xf3\xb5\xe8\xee\x04\xca\xd3\x01\
 \xab\xe8hK\xc1\xb3\x94\x1cM\xda\xe7\xea\xa3]p\
a\x1aa\x12\x0e\xce\xe4\xca\x9f-L\xd5\xb5\xace\xa5\
J|\xe2J\x8c\x03\x06\xb3O\x86\xe1\x08]\xf6\xad\xf1\
\xf0)\xd5\xf5.\xa1BS\x9b\xb1\xb5*9J=\xb4\
\xc6\x86\xfa\x02<Q\x95k\xbdHD'^\x08\xad`\
\xba\xb4eM\xe7\xc8\xeb\xaf\xda|``s\x9b\xea\x1e\
\xf5\xac\x17\xe1\x80=U\x1dY\xd7\x93)5\xdc\xfbT\
^j\xbe\x17\x0a\xed\xb7\xa8\x08\x900]T\xd3E\x83\
\xbdX\x04\x9an\xfb1\xc0+\x1dG\xfb\xb7v\xfdd\
\xd57\xee{h\xcb\xc8d\xb0\xb3\xee[\xdb\x0d\xab\xb0\
.\x93\xef\xee\xb2\x9c\xb6L\x102\xdbW\x1e\xf9\xc4|\
\xa2-\x22\x89\x85\xb4Yl\x5c\xe8\xb6\x8bZr6\x12\
&\xd4\xafM\x97\xa6\xeaz\xd3Lo\xe0\xaa\x9eiC\
\xd4\x9e\xee\xdc\xc8bz\xb1f|i\x1cw\x81\x06S\
-L\xe7\x9dj\xc3b\xc4\xa2\x9ctn\x82\x05\xc1M\
\x18\xcc\x83i:`\xdc\x04\x8fc\x88 @{{\x06\
\xb6\x11\xa1V\x1e\x07x\x05\xb9\x9c\xadcS\xab\xb5\xe3\
\xf8\xe8G\xdf\x8e\xb7\xdcx\x0d\xae\xbbn\x1b<\x1b\xf0\
\xebI\xa9\xa8\xb4k%5O\xa5\x0a\xb7\x9c\xbd5\x92\
\xad\x1a1\xac*\xd6\xb4a\x85<\xc3\x84\x9eYy+\
\xa1\xe8\xe3\xfc\x84\xa9\x0a\x19h^\xcb*\xe9IY\x83\
u=ScV\x0c\xab*\xe8\xaf\x1f:U\xd3\x0c\xfd\
\xb8\xa9\xbf\x92M7X\xd5\xd7\xba\x8a\xc3U\xdf\x1d\x11\
!\x17\xd4\x90\xb7\xb8L\x1b\x9c\xf3h\xda\xe7bjz\
Y\x97w\xecu;7\xec{\xdd\xd6\x8e\xc1\x8d\xc0\x1e\
\x11\xe0\xa0C\xedM\x97\xc6\x05Kgq^\x04H\x98\
\x9e\x17&z\xd1R%\xd0t\xdb\x1f\x03\x1c\xa7\x8a\xfc\
\xf7\x9f\x1cZ\xfe\x85/~s\xe3\xe0\xde\x17\xfb3\xf9\
e\x03n\xbawc\xc5\x97\xbda\x88<\x87\xe5\xc4\x91\
a\xf0X2\xc3v\x91\xd2\x9daT#\x97SE\xa9\
v\xdd1%NU\xcb\xd0\xa4\xc0x\xd2\x82Q\x89\x00\
e\x01\x9aI\x0eQ\xb5\x10\x93\xfdOO\x98\x84\xe9R\
]y\x17\xe6\xbc\x16*LU\x0c\xe7\xbc7&\x10\xc7\
~\xd2\xcf^\xb9\xec\x0d\x0b\xa6\xe1\xc2T\x02\x8cs\xf0\
\xd8\x87\x85\x18\xd5\x89a\xd8\xae\xc4\xb2\x9e4j\x951\
\xc4\xc14ny\xfbM\xf8\xd4'\xee\xc0\xf5\xd7\xf7\x22\
\xa8\x07:N4\xed9\xb0M\x13B\xfb\xc9\x93\x1a\xbf\
'3\xf8\xe7\x8c\xb3\x11\xd5\xaa-\xb2\x17D\x98\xfe[\
\x18\xeb_}\xa5\xd9\xf9i&\xf9\xa9i1m\x0aS\
\xfd\xb8\xa9\x9bc\xa8\x18WcF\xad&\x17\xb7\x16\xa6\
\xdaS\xa2\xc4\xa9T\x16\xe9\xe4!T=\x94\xea\xee\xbf\
\x8dk]\x8d_YS\xdb\x98\x05SD0D\x08.\
|Q\x8b'c\xcb\xa8\xd7zs\x98X\x93\xb7\x8f\xbc\
\xe7\x9a\x1d{7u\x98\x83\xcb\xd3\xd8\xeb\xf8x\xd1\xf6\
@\xedM\xe7\xbd`i\xc7\xc5B`!\x1fK\x8b\xe5\
\x1ci\x9cD\xe0e\x04\x9a\xe5\x9f\x0e\x00v\x0f\x90\xf9\
\xc3\xef\xc7\xbb\xff\xeb\xdf\xdf\xb7\xfe\xc9\x9f\xfd~\xbba\
\x16vf\xf2\xab7WC\xac\x8ab\xab-\x96\x86'\
\x99i2f\xb2\xa4O6WeIa\xdb.\xb8\xbe\
\xdb\xa8\xe8\xd1$\xa9#\xb915\x8b\x8d\xab\xe2\xdf\xcd\
\xce73\x96\x9b\xe4f\x9b\xfc\xae\x8eG\xc2\x94\x16\xe8\
|\x09\x5cVa\xaa\x8b\xd8'#W\x89G\xcarj\
2U\xdf3\x04\x84*\x8d\xe6C\xc4%\xb4g-\xd4\
\xca\xa3\xa8\x97G\xf0\xfa\xeb\xfa\xf1\xb9\xcf|\x18o\xb9\
\xa1_[H]G\x80\x87e]\xf6I\x95vb0\
\x11F1D,a\x1a6\xacf\xac\xc1IQ7\xd3\
E*\xb9\x8a\x1a.\x89y\x00<\xc5b\xaa\x85\xe9/\
\xb0\xdb_\x8e\xba;#L\xeb~\xdcH\xaaJ\xbc\x1f\
\xa7\x0aSu\xde\xd6,\xc1y2\x864\x11\xa3*\xad\
\x91\x190\x85\xaa^\xd0\x0c\x8aM\x1eX\x93\x8b\xde@\
\xce\xcd\xa0X,\xc1\xf7\xebHg\x1c\xa4s\xae\x84\xa8\
\xc8\xda\xd4K\xa1(\x8eTv\xae\xea\x18}s\xff\xfa\
\x83\xd7\xf7w\x0f-Ka\xd0\x03\xf6\x17\x80\xe31@\
\xedM\xe71\xe7\xb4\xcb\xe2 @\xc2tq\xcc\x13\x8d\
\xf2\x02\x12hvm\x02\x90\xfa\xe3a\xbf\xe3\xbe\x07\xbe\
\xbf\xe6\xe1]?\xda:1\x11\xee4R\xbd\xdbj\x81\
\xdb\xe7\x87f\xa7ag\xd3`\xca\xa7\xc8\x8c\xe4\xc6\xab\
\x8ay'\xc9K*\xe9B\xddDkA\xe2\x9aK6\
%L\x1b?6L=\xcab:c\x0d\x9d\x9b\xa4a\
@*_>YL/\xe0\xec^Y\x87\xba\xbc\xc2T\
\xb9\xeb\x13a\x98\x94DSf\xc1\x00\x9cWa\x18>\
<[Y\x0d+\x88j\xe3\xd8\xb8\xb6\x1b\xf7\xdc\xfe\x0e\
\xdcz\xcb\x8dX\xbd\xc2\xd3\xd7\x89!9j\x95Qt\
t\x14\xb4\xc0\x9b\x9a\x9aF\x14r\xb4\xb5u\xe82P\
\xdaU>{\xd3w\xabD\xd8\xe9D\x22\x15\x12\xa3L\
\x99\xf3\xdc\x16$Lu\x8c\xe9L\xa8N\x12W>c\
\x15\xd5a;\x12p\x0c\xd5\xb6UYGg*\x114\
[\xb4\xaa:\xae\xc5j\x00\xcb\xf1\xe0\xa5S\xb0- \
\xf4\xeb\x08\xcaSp\x0d!\x0b\x9e\xe0)^\x0d\xed`\
\xb2\xb8\xbe\xc3\x19\xbe~`\xdd\xf3\xaf\xdd\xd45\xd8\x95\
\xc6P\x018\x90\x01Ndg\xcaKQ\xfc\xe9<\xd7\
\x01\xed\xd6z\x04H\x98\xb6\xde\x9c\xd0\x88.\x12\x81\x93\
\xe5\x9fN\xc0=~|_\xe1\xd9}\xc3+\xfe\xe6o\
\xffq\xd3D\xcd\x1a\xa8\xd4d?\xb3\xdb6\xd8\xa9\xae\
\x1e\x98\x99l\x10\xdbN\x10\x83\xb9\xa94Su\x11y\
\x1cB\xf2\x10\x86\x08t\x0fou\x13a\x86\x83j\xa8\
\x12\x1a\xcc\x93.\xc7\xd9\xf1\xa3\xea4\x94+\xafiM\
MZ\x8f&BT\x19Z\xd5\xcdK\x95\x9d!az\
\x91&\xfc\x0a8\xec\xe5\x16\xa6a\xa0\xda\x8a28\xb6\
r\xbd\x0b\xf0\xb8\x848.!\xed\x85(\xe4\x0cLN\
\x1c\xc2\xfb\xde}\x13>|\xcf{p\xcd\xc0J\xb4\xa5\
\x12_\x81\x92\x93\xaa\xb5\x84\xdaJ\xc5\xa2\xce^/\x14\
\x0a\xfa\xaf\xb5jU\x97`\xcaf\xb3I\x08\xf7\xc9m\
\xc6Z\xaan\x5c:\x1b^\x0b\xd3\xf3\xb9\x8d\xcd\xad\xd7\
+t\xa7\xa6$+\xdf\xc1\xa1\xf3\xb6\x98&\x824I\
~R\xc2\xb4\x19W\x9e<\x9c&\xef2\x13C\xeeX\
\x16\x98j\xb1\xaa\x85jr2\x8dhS\x9d\x04\xe5[\
\x06\xcaa\x1dPuS\xdd\x14\xf2\xa6\x0b3\xe60\xa2\
H\x87\x03HQ\x97\x88J\xb1(\x0f\xfb\x9dFm\xea\
\xfa\x8d\xcb\x8e\xbe\xf5\x9a\x8d\xfb\xd6,K\x0fZ~u\
\xcf\x9aB\xe6p\x1e\x18GR^\x8a\xda\x9b^\x01\xd7\
\xfc\x95p\x8a\xe7sE_\x09\x1c\xe8\x1c\x970\x81\xd9\
\xe5\x9f\x86\xcb\xc8\xee\xfe\xfd\x9e\xde\xfb\xbf\xb9k\xfdc\
?\xfce?\xcb\xaf\x1f\x88\x8d\xb6M\xa6\x95Z)\x8d\
t\xa1\x1e\xc2\xa9\xfb0a\xd8\xccp\xd3\xfa\xe6\xa3\xdc\
\x89\x96\xb2\x96\xaa\x92O\x8c\xc3d\xea\xbb\xbau\x1a(\
\xd7\x22p\xa6n>\xc9\xa54W\x98*K\xab\xdet\
\xcc\xe9L\xa2F3\xdeL\xc5\xd2\x9dm\xa3\x18\xd3%\
\xbc0\x17|j\xb2Q.)q\x0b\x9f9\xcd\xe7\xcc\
\xe5\x94\x94\xa5R\x99\xfaN\x0a=m\xf9S5w\x9b\
\x83\x9b\xd9\xf7\xe4\xf1O\x16\xcf7\xe1W#0S\xb9\
\xe1\xd5u\x12\x22\x8a&t\x91\xfc\x5cV\xa2\xab\xdd\xc1\
\x7f\xf9\xcf\xff\x11k\xd7\xb4cy'\xa04\x5c\x1c\x86\
p,\xc0\xb3\x928T\x15s\xad\x92\xa5T\xb3\xfb0\
\x0cu\xbc\xaa\xed8Zk\xaa\xf8\xed\xb9\x05\xf2gJ\
.5\xe2\xb4u\xb9\xab\xf3\xb9\x8d]Ha\xda\xec\xfe\
4#Lg\xa6\xf2\xd4Yp,\xd5\x00`V5\x0e\
\xed\xe2O\xc6\x12\x19\xca\xdc\xc9Q\x8b\xd5\x03\xafD\xd6\
q\x91\x83\x03\x93K8\x86\x09\xc7a\x18\x99\x98\xd0\x1d\
\xb1\xda\x5c!R\xbc\x1c\xb1\x89c\xb5\x9c]\x1b\xbf\xee\
\xaaM\x87\xdf\xfa\x9a\x8d{\xb6e1\x98\x02\xf6\x018\
\xca\x01jo\xba\xe0k\x8a\x0e\xd0\x0a\x04\xce\xe7\x8an\
\x85q\xd2\x18\x88\xc0\xbc\x08\x9c,\xff\x04\xa4\x9f\xf9C\
\xb1\xf3k_\xfb\xa7\xbe\xef=\xfe\xd4\xf6Z\x8d\x0d\xac\
\x5c\xbfy\xdb\xd8\x94X\x1d1\xb7\x030RR;#\
\x13g}\xa3\xac\xb7\xb6\xe4\x9c\x14\x91\x0dk\xc7\xec\xba\
\x89\xf2e\xae\xc4\xa4\xa0\xf8\xcb6\x15{w\x9a?'\
\xc2\x93.\xc3yM\xeeR\xd8\xa9\xf9\xdcr\x8e\x06\x5c\
\xa7\x17\x9d\x023\xdd+\x95\x95n\xa6x|\xd3vg\
\xeb\x12G\xa7Z\x1a\x9b\xd8\x94+9T\x96?X`\
\xaa\x04\x92\xea\xf5\xae\xbe7\xea\x86\xaa\xf6\x9e\xa6\xc1\xb4\
\xb7\xc0\xb1MdRY\x98\xa6\x8d\xa0\x16 \x8e\x93\xf8\
I\xd5\xb5\xc9\xb68</\x84\xe0\x93\xf0\xeb/a\xdd\
\x9a\x02>\xfe\xa1\xdb\xf0\xd1\x0f\xbf\x1di\xa7i\x1dm\
\xae\xf2f\xdd\xd1\xe4*KbD\x17P\xb3j\x01k\
\x80C\xa0\x8e\xf8<-\xa6IM\xe2f!\x8e\xa4-\
\xa9\xd0\x0f\xac\xa7\xab\xa3\xda(,\x05Ku\xd7h\x5c\
\xf9\xaa-k\xf2\xf0\x9a|\x12\xa8\xba\xc7Q\xc3{\xa2\
~WVU\x8b'4\x92\x07\x03\x09\xc7\xb5t\x0bc\
\xc1C\xc8\xb8.eX\x15\x22\xae\x87\x82\x07\x95l<\
9\xf2\x81\x1b\xb6\xbc\xf0\xba\xcd\xcb\x87\xd6\xb7;\x83\x88\
\xf0|:\xaa\x0d\xf7\xa5\xd3\xc5Fy)jo\xba\x80\
\xf5A\xbb^>\x02tG\xbc|\xec\xe9\x9d/\x22\x81\
\xd9\xe5\x9f\x86vO\xb6=\xb8\xeb\xc9U\x8f?\xf6\xd4\
\x96\xb1\xc9h\xa0\xa7{\xfd\x0e\xcb\xce\xaf\x9b\x9c\xaeu\
\xd7\xb9\x99\x11L\xd5|i\x96\xc2o\x0e\xaa\x91\x9c\xd4\
\xb8\x99\xbc\xbc\xc0}\x92\xd4\x94\xd4\x91\x9c\x7f[O\xea\
\x08z\x11\x17\xc1b8\xf4\x85\x10\xa6*\xe6R\xf7\xac\
7N}(b\x02\xba\x80~\xa3\x8c\xd9l\x1cJ\xf8\
\xe8\x0ee\xb1\xad\x1a\x8b\xea\x7f\xc9\x86`j\x0a)\x1d\
\x84\x229\xfe\x7f\xf6\xde4\xcc\xae\xab<\x17|\xf7\xbc\
\xf7\x99j\x1eU\x9a%K\xb2T\x92\xc1\xf1\x84m0\
\x98\x98\x19[\x06c\x1b\xdb\x90\xdc$\xf0\x5c\x08\x99\x93\
\xdb\xfd#\xcf\xed\xe7\xf6\xd3\xb7\xbb\x7f\xf4M'\xa43\
5!\xd7\x81\x04l\x0ca\xba\x0e8\x0c!\xc86\xe0\
\x98\xa9,\x09\xc9\xb6\xac\xc9\x1ak:\xe3\x9e\xd7\xea\xfe\
\xd6\xda\xbb\xeaTI\xa5#\xabT\x83J{\xfb)\x1f\
\xd5\xa9=~k\xed\xb5\xde\xf5\x0d\xef\xeb\x90\x07\x93\xc7\
p\xeb\x0dQ\xd0\x93\xcb\xe5`k\x06b\xe6#\x9f3\
\xe0y\xe3\xa8\x96\x8f\xa3\xa3\x1d\xb8\xfb\xdd\xb7\xe0W>\
t7\xb6_\xd3\x86\xa0\x11\xa1\x98\xd3\x13\x9a\xb4\xe9w\
$\xa5U\x13 mY\x00S\x03\xafp\xa5E\xf1\xd3\
\xf9\x81\xa9\x91\xc8\x94J\x1bOo)\xf8\x94\xac\x1cS\
Hs\x0a\x94\xd2W\x94\x9bN\x0c\xad\x14yI=\xc1\
\x223`j\x01L\x05\x96\xa4{\x15#b\x0c\x11\x0f\
\x11\xc71\xc28\xe61\xa7\xfc\xd3\x09\x7f@=5\xb9\
\xad\xdb>q\xf3\xf0\xd6\x837o\xed\x18\xe9\x07\xf6\xb2\
\x00\x87\xf2~\xf5\xcc@\xb1\x98\xc9\x9b^\x09c@v\
\x8f\xe7X \x03\xa6Y\xa7XQ\x16\x98M\xff\xf4\xd7\
\x9f\xfen\xff\xbf|\xe7\x99M?\xf9\xe9\xa1\x1d\x8e\xdd\
9l\xe7\xbb7\x95\xab^\xbf\xe7\x86%\xcbi3C\
US\x99\xa2\xcf\x9aV\xc83\x92\xe4\x8c%\xc81\x03\
\xa6+\xaa\x9b,\x9b\x87\xb9\xd8\x1c\xd1\xb9|\x8a\xd3<\
\x99\x12\xceL-\xab\x84#\x9e\xd4\x8a\x04\x04J\xc0\xa9\
\x80\x9f\x09N\x22\xe5#\x1d>\xc5\x93\xe98\xba\x11\x0a\
\xe1\x8b\xbcM\xe9\xf5'\xd0\xc8#\x0e\xdb2\xa0#F\
\x18\xd4\x85\x9c\xaeaQ!\x8f\x07?\xa8\xc2\xadWP\
(\xa8\xb8\xe3\xf6_\x12\xaaM\xb7\xdc\xd8!.\xc7\x83\
\x00\xed\x05\x934\x9a@\x9e\xc24\xd5E\xdcA\xc2Z\
!\xf0\xda<\x8a\x97\xe6\xdb\x88\xd3\x1e\xd3y\x02\xd3s\
F\x8fi\xaf\xe8\xb9\xc04\xbdkvQ\xc0\x94\x8a\xca\
\xa8\x1dc\x8a\xdc\x10_2#\x7f\xb6\xfc\xb7\xce]\xe6\
\xc4\x13\xb1\xe1\x8f\xb9m\x08\xc6\x86\x87\xba\x8e\xbey\xd7\
\xc6_\xdc\xb0\xa18\xd2\x0d\xec\x0f\xfc\xf2\x91\xa2\xc5\xc7\
\xda\xd1\x9e\xc9\x9b\xce\xb7\xb3d\xc7/\xaa\x052`\xba\
\xa8\xe6\xce.\xb6\x90\x16H\xc2\xf6F\x05\xc8\xff\xf3\x93\
\xafv\x7f\xe6\x1f\xfei\xfd\xbf~\xef\xb9\xed\xf9b\xcf\
\xb0euo\x0d\x992\xe4\x05q;\xe3\x9a\xcd\xb9\xa2\
\x85LQ\xb8A\xca-I\x81R\xd3\xcd]<0\x9d\
\xdf\x13e\x1e\xd3\xf9\xd9\xefJ?z\xfe\xc0\xf4\xfcC\
x\xda\xa3)\xd4\xcf\x04\x8d\x19y\xe8d\xf8<\xe5\x00\
\xa5\x10~@\xb1dA\xd2)\x05\xedS\xf9P\x95\xeb\
\xd0\xc8\x9b\xc9\x14x\xb5\xaa \xbao/\xe90\x0c\x17\
\xbe?&~45\xc0\xae\x9d\xd7\xe2\xfe\x0f\xdc\x8dw\
\xbfs\x18\xa5\xbc,\xe6+\x98B4\x14\xe5\x89qt\
\xb5u\xc8&\xa2\x18x\xd3\xad\xa6\xf9\xd6\xf3S\xae\x9a\
_\xeb/G`\x9aV\xf3\xa7\x0b\x0e\xcaQ\xa7v\x93\
&\x94`\x96\xdaTzY#\xb8\x8dq\xde\xe6(\xdc\
\x0a\xca!&N\xd6\xfa\xcd\xe0\xec\x1b\xb6\xaez\xe5\xf6\
]\x9b\xf7m\xea\xcf\x8f\x14E\xfe\xa9{\xdcDm\xb2\
\x07=\x9ePL\x9e\xce\xff\x98\x9f\x01\xb3\xa33\x0b,\
\x90\x052`\xba@\x86\xcdN\xbbx\x16H\xe9\x9f\xc6\
\x89\xfe\xe9\x19\xaf\xe3sO|}\xcd\xb7\xbf\xf5\xe3\xad\
c\x93\xfe\xce\x5c\xaes\x1bts]\x18\xb1\xae\xba\x1f\
\xe58\x14\xdd\xb4s\xaa\xa6Y\x88\xe2\x18\x01\x0d\xf63\
n5\xf1\x94\xa6\xbc\x89szL\xe5A\x17\x0b,\xe6\
\xb2F\x06L\x17\xaf\x9f,\xc7+\xb5\xea?\xad\xb2/\
%\xc1|\xf30>K\x09I\x14\xe9\xc9=\x04\xcd\x12\
1AH\xe7\xa8\x007\x11\xc9\xb6\x0bI#.=\xa5\
\x0a\x91\xa0i\xd09\x15\xf4\x01a\xc3\x83cj\xc8\xd9\
\xe4\xad\x9b@\xb5|\x18\x86\xd9\xc0\xeb\xaf\xdf\x827\xdc\
\xb2\x0b\xbf\xf1\xab\xf7@\xd3\x00\xc7\x84\xa8\xcc\xa7\xea\xf2\
\xd8\xaf\xc1\xd2T8\x96\x9d\xc8\x9a%\x04\xa0M\xb7*\
k\x05\xe55\x97j[\x0c`\x9a\x16?\xa6\xf9\xa5\xcd\
\xcf*$\x8c\x9b\xda\x83\xfe\x96\xe6\xa7\x0b\xa72y\xb0\
\x9b\xed\xa3\x12\xab\x87&\x0a\xde\xa8\xedh\xe7I\xb7\x8e\
\xd0\xab\xa2\xc3\xe0\xbc\xaf\xa03\xbdr&\x88'\x8eW\
\xb6\xf4\x97N\xdd\xb0c\xe3K7n\x1f\x1a\xe9\xb0\xf0\
B\xbb&\xe8\xa5N\x05@e\x08\xa4%\x8b\x8c^j\
\xa9:^v\xdd\x96\x16X\xbaQ\xa1\xe5\xade;d\
\x16\xb8\xb0\x05\xd2<\xd2\x93\x80y\xe2\x08\xda\xbe\xf2\xc4\
S\x83O|\xe9;\x9b_~ql\xd8\xb6{w\x94\
J\xfd\x1bs\x85\x8e\xbeCG\x8f\x15\xa204\x07\xd7\
\xacV\xac\x9c\xa3\x9c<}\x02^\xa3\x01\xabX\x92\xc5\
\x0c\x190\xcd\xba\xda\x12Y\xa0\x15.k\x0dL\x9b\xf7\
h\xceu&\x16\x08\xca\x1b\x9d;\xffY\x14\xf5\x89\x10\
~JcD!|\x95J\xa1\x04(%\xeeMC\xa8\
\x97\x05@XF\xcc\xc61\xd0g\xe1\xb6\xdb\x87\xf1\xde\
\xf7\xbe\x057\xde\xb8\x0e:yY\x85\xa7\x95\xf2\x5cC\
\xc1\x5cA\xc7\xc5a\x04\x1e2\xe4\xf2m\x00\x9f\x09L\
\xa7y}3`zA`*V\xbeI\xfb%\xb9\xac\
<\xe90\xa2mi\xb9\xa1\x1b\x98,\x8fC\x0d=\xf4\
\xb7\xe7\xd1\x95\xd78oL\xc4\xde\xc4I\x8f\xbbc\x93\
\xd7_\xb3\xe6\xf8\xb5\xeb\x07\x0e\xdc\xb8\xb9kdm\x1e\
\xfb\x0a\xc0\xa1\x220Z\x94\xfc\xa7\xe4/\xe7\x99\x07u\
\x89^\xfe\xec\xb2sZ \x03\xa6Y\xe7\xb8\xe2,\x90\
\xaa6\x1d\x06\xcc\xa0\x8a\xc27\xbf\xb1\xb7\xf7\xf1\xc7\xbf\
\xba\xe1g?>\xb8#\xf4\xec\xe1\x5c\xae\xfb\x1a\xdb\xe9\
\x1dT\x95B\xdb\xf1\xe3g\xac\xce\xde~M3\x0d\xa5\
\x5c\x9d\x00\xd7\x22\x94:\x1cr\xed`|r\x02\x9a\x91\
\xa3l\xad9m@\x13\xc7\x85\xb6\xf9z|.\x04\x1c\
\xae\xb8\x86\xc9n\xf85[`.`\xda\x0a\x90\xa6\x17\
\x22\x92(\xe9e\x93\x1dU2HHP*\xbe\xe5i\
Y\xcd\xcc\xa1~*TlH\xf0*C\xc8T\xd9\x1f\
\x8b\x02\x1d\x95E\xd0\xe0\xa3\xbd\xa8\xa3Z~\x15\x86R\
\xc7\xeb^\xbf\x11\xf7\xdes'\xee|\xf3\x0d\xe8\xeaV\
\x11\x04\x11xTG\xce1`\x0b\xcd\xf8\x18\xe0\x91\xf0\
\xba\x12\xbc\x95\x80\x94~\x9a\xaeM\x80J\xfc\x1a\x8b\xcf\
\xf9(7\xbdfc\xcf:`a<\xa6\x09\xc8O\xf1\
\xe4\x14]\xdc\xcc\x81$\xf5\x5c\xcf\x05L\xcf\xf7l)\
C\x08}\xa6^\xef\xb0\x11\xa0\xbf\xa7\x1d\xa6\x05\x8cN\
\xb8hxU89\x13\xba\x16\xb3\xa81\x19y\xe5S\
\x8d\xb5]\xe6\xd8\x0d\x1b\x06\x8e\xdc\xb4yp\xff\xf6\x1e\
u\xa4W\xc3\xfeR\xe4\x1d3l;\x937\x9do'\
\xca\x8e_\x10\x0bd\xc0tA\xcc\x9a\x9dt\xa1,\x90\
\xd2?\x1d\x9a\x80\x13\x07\xe8z\xe4#\xffe\xed\xc1\x97\
'\xae\x9d\x98,\x0f\xb7\x15\xfb\xb6\xb5\x95z\xd7D\x81\
\xd1\x19\x84\xaa\xa3k\x8e^o\x04\x8a\xeb\x87\xd0\x0c\x1d\
\xf9\x92C%\x1c\xa8\xd6\xc7a\x98*\xda::16\
N\x8e\x83\xb9a@\x06L\x17\xaa%\xb3\xf3\x92\x05\xe6\
\x03L\x85WS\xf4\xddi\xb9\xcb\xd4\xfb/\xc1_\x12\
\xaa\xa7}R*\xa9$\xdfT\x16Dq\x98&\xf9G\
\xc9\xdb)\xd5\x1e\x08\x90\x82\xfb\xd0\xb8\x0b\x0d.\xaa\xe5\
cx\xdd\xae\x0d\xb8\xff}w\xe1=\xefy3V\xf5\
\x11\xbf(\x10\x86\x0d\xe4\x1c\x1d\xa6\xc6\xe1yU\x01n\
s\x96\x0dMU\xe1{\xe49\xd5aY9\x805\xbd\
[\x09(\xe5\x0a\x91\xf7\xa6^\xda\xe5@\x17u9\x8b\
\x9f./0\xa5\x85\xaf\x00\xa2\xc9\x0f\x15>\x09\x80\x0a\
\x0e\x8d\xa9(9y\xd4\xab\x0d\x84\x1cpJ9\x10%\
l\xb5\x11\xc0\xf5\x1b0\xd4\x98\x17\x1dpo\xe2x`\
\xd6N\xd56\xf5\x16\xce\xdcu\xdd\xc6C\xb7\xef\xec\xdf\
;da\xc4\x00\x0e\x0e\x00'\x1c`\x12\x80\x9f\xe5\x9f\
fc\xd2r\xb1@\x06L\x97KKd\xf7qA\x0b\
L\xd1?\x9d\x85}\xa8\xec\xb6\x7f\xe5sO\xae\xfa\x87\
'\x9e\xdc\xd2P;\x87CV\xd8\x0en\xad\x073z\
9\xd3\xf3\x14\xdf\xe2LQ\xa00Q\xf4K\xc5\x03\xc4\
\xc9(\xaaZ\xb9\x22X\x1a\xc1u\xd0\x5c\xdc\xc4$>\
\xe3\xfa\xe7V\xe1g\x0d\x94Y\xe0\xb5[\xa0\x95G]\
\x00\xd3\xa6\xaa\xee\xd9\x1c\xb8\xb3=\xea\xd3\xc4\xf7\xf2^\
$Of\xb25\xe5K\x0b`\xca5\xc4be\xa5\x82\
3E\xe4+\xda\x8e\x09\xdb4\xc0x\x04\xcf\xf3\xc0\x82\
\x00\x82\x8aS\x89\xa0\xb2\x00\xba\xeaA\xd3\x5c \x9c@\
\x14\x8e\xe3?\xff\xf1o\xe3\xa6\x1b\xae\xc5\xf0\xb6N\x01\
\x81\xa3 D\xce6\x04\xc9\x93\x174`\x9a\x12\x1aO\
\xddB\xe2\x1dM\xe9\xab\x9a\x81w\x9aW\xca\x15I\x92\
$\xa1\xb3\xa4\xb9Z\x8a\xedrxLI,\xe0|<\
\xa6\xe9\xf3\x9c\xc3i<\xab\x01\xe7\x1ag\xa6\x8fKh\
\xeb\xce3SS\x9e)\xb5\xaf\xc87M\x862jc\
\xba\x84H\xad@\x84\xce\xa2\x8d\xc8\x9d\xe0~\xedL\xcc\
\x1ag\x03=*\x97\x07\xba\x9c\x937\xben\xeb\x8b\xb7\
n\x1f\x1c\xb9\xb6\x80\xbd\xed\x01^2L\x9c\x8e\x80Z\
\x96\x7f\xba\x14=1\xbb\xe6l\x0bd\xc04\xeb\x13\xcb\
\xda\x02\xcd\xf4O\xfei\x14\x9f\xfa\xe6\x8f\xfb\xff\xfao\
\xffq\xd3+\x87N\xec\xe8\x1e\xdc\xb2c\xcc\xd36\x87\
\xdc\x1aPb\xbd\x04\xa8T\x0f,\xf8\xa9\x85\xd2\x12\x0f\
\xa1j\x8a(\xfa\x10^\x06\x02\xa5\x02\x90Rx\xd1H\
\xf2\xef\xa2\xf3\x82\xd3\x0c\x98.\xebnq\xc5\xdc\xdc\x85\
\x81i\x92cy9\x80i\xc2U\x9a\x8aA\x08\xb0\xc2\
5\x84!\x87i\xd8BA\x89\xc5!\xdcF\x0d\x08=\
X\x05\x07\xed\xa5\x22\xcag'\x10x5tw\x15\xd0\
\xdd\xe3\xe0\xe4\xab\xfbQ\x9e8\x8a\xf7\xed~\x0b\xfe\xe8\
\x0f>\x02\xc7\x8e\xd0\xdf\x93\x17\x95\xf6\xa4\xd4\xc4b\x1f\
\x8ei\xd0\x0b\x066\xc5{*!\xa6\x04G\x09\xfdT\
\x1a\xcaN\x0a\xf2\xe9o\x02\x98\x0ao)AB\xe9Y\
\xd4af\xc0\xf4<\xbd\xf9b\x81\xa9\x1fK\x05:\x91\
>!\x00)\xa5Q(\xd0\xc5\xb7\xc4PKt\x0c\xa4\
\xa0\x15\xc3\xd2c\x1e\x04\x93Q\xe4Mz\x96\x85\x89\xfe\
<\x8e>x\xdb\xae\x03\x9b\xf2\xda\xc8@'\xf6\xb5\x03\
\x87\x190\xba&\x937\xbdb\xc6\x97\x95z\xa3\x190\
]\xa9-\xbb\x02\x9e\xab\x99\xfe\xe9\xdb\xdf~\xb5\xfb\xcf\
\xff\xfc\xef\xd6\xfd\xf0\xb9\x83\xdb\xbb\xbb\xd7\x0c;N\xd7\
\x96\x93gk\xab\x03\xab\xad=VtGE\xa4A\x89\
\x14\xd2m\x9a\xa1t#x\x12\xc9c\xa4\x0a@:\x0d\
L51=\x92\xa7\xe8B\x1e\x8f\x15`\xc6\xec\x11\x96\
\xd0\x02\xad\x80\xa9&\x5c\x8asK\x86\xa6\x1e\xd3\xd9\x9e\
\xd2\xf4\x91\xa6<\xa6s\x01S/\x84i90M\x13\
J\xa2 \x14\xc5\x0d\x91\x0b\xaa\xc4\x11\x0aF\x01\x05G\
\xc3\x99\xd3\x87\xd0\x18?\x84[\xee|\x1d\xfe\xa7\xff\xf4\
\x11\xbc\xf1\xd6A\xb8u\xa0#?\xed\xcf$PJ\xf9\
\xa7\xba&)\x8b\x84_\x8e\x80(\x9f;G[$\x1a\
$\xb3\x0c\x13\xc7\xa4\xdeRIZ\xa5\xafp\x8f\xe9\xc2\
u=\x99%\x1cD4\x8a\xa9\xd0\x14\x0eb\x00\xa0v\
!\xeeT\xca\xdd%\xa0\x9a\xcb\xabp\xeb\x81\xd0P\xb5\
-\x0d\x14/\xaa\xd5\xc7Y\x1c\xb8\xa1\xad\xd4\x1b\xbd\x96\
;\xfa\xfa\x0d}\x87o\xb9v\xfd\xbe\xcd\xbd\x18\xe9\xd2\
p\xc0\x01\x8e\x962y\xd3\x85k\xba\xec\xcc--\x90\
\x01\xd3\x96&\xcavXl\x0b\xa4\xf4O\xa3\x80\xfd\xd3\
\xe7':>\xfd\xe9\xcf\xad\xf9\xe6?\xff`\x8bau\
\xee\xcc\x17\x06\xae=;\xee\xae\x8bb\xb3\xab\xb7\x7fM\
\xfed\xb9\xac3\x95\xc8\xfdB\x11\xba\xd2h\x82\xa6\xb0\
d\xd2\xb3\xc9\x7f@\xc5M\x9c\xe9\x88\xb9\x06\xc6\xe9\xdf\
Z\xe2K\x88A\xc7e\xc0t\xb1[\xf8\xea\xb9\xde\xe2\
\x03S\x09\xf8\x04\xcf%\xa7P/\x13\xb9\x9f\x8c\xc5\xf0\
\x5c\xca\x05u\xe1X*T5@\xec{h\xd3m\x94\
\xc7Oa\xf35\xfd\xf8\xd5_\xdd\x8dw\xbe\xeb:\xb4\
\x97\xa8 *\x16\x805\x8eB\xa8q\x0c]Uah\
D\xc4\xcf\x10\xc7\x81\xc8K%yR\xce\xad\xa9P\xf2\
\xf9Z5\x0d\xe5KP\x9a.\x1a\xd30>\xbd\x9dW\
v\x8ei\xabP\xfeB\xf7\xf4 $\x0dS\x12RV\
\xa0\xa8\xe49%\x85*MR\x7fA\x83m\xa9\xa8T\
\x02\x84\x9e\x0f'g\xc1\xb6M\xc4,B\x1c\x87\xdc\xd4\
<6q\xf6`PP\xdc\xda\xdaR\xfe\xd4\x0d\x1b\x87\
^\xbe\xfd\xda\x81\xbd;z0\xd2\x06\xbch6p\xb2\
;\x87L\xdet\xa1\x1b1;\xff9\x16\xc8\x80i\xd6\
)\x96\x8d\x05\xd2\xb0\xfdI\xc0:\xf0\xdc\xd9\xd2\xf7\x9e\
\x1e\x19\xfc\xdb\xcf<\xbeYU;\x86]_\xdbQs\
\xb1QQ\xf2}\xb6\xd3V\x8c\x22\xcd(7\xaa\xaa\x96\
\xd3\x15I \xae\x0a~?\x9a\xff\xc8k \xfd\x09L\
R4\x92\xd7\x86\x91\xb7T\x05c&8#\x19F\x9a\
T\x13`*\xbc\xa6\xd9\x96Y\xe0\xf2[`\xbe\xc0T\
&B\xcf\xbd\xa5\x1eSA\xc2>\x15-\x98.v2\
5\x13\x8dz\x15,j \x97\xd3\x91\xa3z\xa4\xb8\x8a\
zm\x0c\x91[\xc6@{\x1b>\xf4\xe0\xfb\xf0\xc0\xfd\
wahH\xcanZ\x14\xb6\xe7\x0c\xb5\xf2$J\x85\
\xa2\x00\xa5\xe4\x85\x132\xa6<\x10 WQ\xe3D\xb5\
\x89B\xf1T\x81?\xf3\x1eS/)\xbd\x93\xd3\x0b\xbf\
\x94\xda\x7fz\xdf+\xbd*\x7f\xa1\x80i3\x91\x01Y\
k\xdac>\xd3\xd01\x0b%0\x15\xea\x08\x12\x8c\x8a\
<S\x90\x14\xac\x8aF\xdd\x13y\xa8\x94\xcaQ,Z\
\xa0\x94\xe4\x86\x1f\xa0^\xaf!\x88\xeb\xc8\x95\x0c\x1e6\
&\xe3\x9cW\xf3\x07me\xf2\xda\xae\xe2\x89\xeb\xd7\xf5\
\x1c\xbc~C\xc7\xc8\xba.\xec\xcd\x01\x87\xf2\xc0\x991\
\xa0\xb6N\xf2\x9ff\xf4R\x97\x7f\x98\xc8\xce8\xcb\x02\
\x190\xcd\xba\xc4\x92[ \xa5\x7f\x02`\xfe\xe2U\xe4\
\xbf\xf1\x9d\x1f\xf4~\xf5\xcb\xdf\xdb\xf0\xa3\x1f\xef\xdb\x11\
\xb2\xc2\xb0]\xe8\xbe\xc6q:\x07\x19\x8c\xf6J=\xb0\
\xfc\x80i\x96e+v\xdeA\xb91.\x06f\x85\xcb\
\x818\x1d\xc0)\xb4E\x13\xa2\x96\x14'\x10m\x8e\x00\
\xa6\x5c\x13\xdeSR\xbd\x11a\xd2,\x94\xbf\xe4\xed\xbf\
\x92o`a\x81\xa9\x0a]\xa4\xaaHu\xa7i`J\
\x16\x954R\xa6n\xa0V\x9d\x80\xa13\xb4\xb5\x19`\
a\x19\xf5\xc6i\x0c\xf4\x970|\xcdZ\xfc\xd6G\x1e\
\xc1\xea\xbe6\xf4\xf6\xea0\xe8]a\x10\xef\x8c\xa1J\
\xf9K\x16\xc5\xd0\x92\x02+Z\xc8\xd1BO\xa1\x22+\
\x1e!\x8a\x22\x18F>\xc9\x11\x9dY\xc0Dy\xddt\
\xb2sE\x86d\x0ej*Q\xda\x8a\xc7u!\xfb\xc6\
b\x14?]\xea\xfd_\x0c0\x159\xa4)-XB\
\xbfE\xd7\x93\xfa^\xe9\xe2\x84\xf2\xe9)\xc4/w\x8c\
X\x8c \xf0\x10\xb1\x10\x91\x0e0\x1d\xc8Y\x1a\xda\x14\
\xc6,\xb7\x1c\x1b\x13g\xdcN5\x18\xdb\xb5\xba\xe3\xe8\
\xf0\xfa\x81_\x5c?\xdc9R\xe4\xd8o\xda8\xa2\x03\
c\xebd\xfei\xa4P'\xc8\xb6\xcc\x02\x0bd\x81\x0c\
\x98.\x90a\xb3\xd3^\x9c\x05\x9a\xe9\x9f~\xf2\xcc\x8b\
]O|\xf9\x9bk\xbe\xf3\xaf?\xdeV\x0b\xcc\x9d]\
\xfd\x1b\xb7\x8dW\xc35^\xa0tA1\x1c3\x97\xd7\
4CW\xdd\xc0G\xec\xbb\x22O\x0e\x96%.Da\
K\x02\xa6)=M\xca\xedh\x1a\xdaT\xf1\x93\xd0\x98\
NhW\xa8H\x84\xc0\xaa\xe0Y\x9cQ\x15\x9c\x8d\xb7\
\x17\xd7r\xd9^\x17c\x81\xc5\x01\xa6\xc4<1s\x91\
5U<\xc3c\xe4-\x03\x96\xc5\x11\xb8\xa3\x88\x821\
l\xdc\xd4\x83\xfb\xee{\x07v\xbf\xe7f\xaci\x97\x15\
\xdc\x14<\xa0\xdcQ\x824T0E\x0aN\x9a\xa6\x89\
\xca}A\xa2O\xf9\x8b*\x87N\xb5\x85\x9a\x02\xc6\x22\
\x04A\x00\x8b\xd4\x9d\xc4\x96(\xa6\xa5F\x11\xb8\x85\x8a\
\xbbR\x0f\x9f\xacI\x94\xf9\xa8\xa26Qrq.M\
A\xbe\xb8\xcb\xe5\x08Lg\x03\xd2\xd9\xae\xe8\xe6\x5cc\
\x8d\x03\x05\x8d\xe8\xbe\x80\x90G`\x82\x0c\x8f~h\xe1\
 \xf5\xbe\xf2\xf9\xa2\x00\xa6a\xc8\xd0h4\x10\x86\xa1\
\xf0\x9e:y\x07\x86c`\xcc\x0d\xe05j\xb0\xc2\x08\
\xbd\x8e\xc9\xbbu\x85\x1b\x8d\x89\x10\xd5\xd1\x9a\xea\x8f\x9d\
\xbd\xf3\xd6\xd7\xbd\xb2\xae\xdb\xda\xb7~\xa8md0\x8f\
\x03%\x03\xc7M`\xb2\x07\xc8\xe4M/f\x00\xc8\xf6\
\xb9$\x0bd\xc0\xf4\x92\xcc\x96\x1d4_\x0bL\xd1?\
\x01\xf6\xc8\xcf\xdc\xb6/\x7f\xe1\xeb\xab\xbe\xfe\xe4w\xb6\
\x9c:\xdb\x18n\xeb\x5c\xbd]7;6\x94\xeb\xac\xc7\
\x8f\xb5\x82\x93o3H?\xafZ\xab(\x88\x22(y\
CL\x904\xc86W\x03\x13%\x8e*\xa4\x9c\xa6\xbb\
\xb5-cmb\x12\x92\x94Q\xb1\xac\xd0\x17\x95\xfa\xe9\
D\x99\xc4\xfb\xc5\x9e\x190\x9do\xdbf\xc7O[\xa0\
\x15]\x14\x95\xa3\x9cKY\xd6\xd4\x07g\x87\xf2\x9bx\
H\xc9\xeb\xaf*$\x16!\x88\x9cD\xbe\xb4\x8a\x08J\
\x92oM*L\xa1K:\xf7>XPF_o\x1e\
\xf7\xdc}'>\xf4\xc8nlZ\x0f4\x1a\x80\x8d2\
r:\x83\xaa\x9a\x88#:\x93\x01]\xa3B)\x02\xa8\
\x11\xe8\xfd!\xd0K\xe0U\x06\xe2\xc9\xa5*\x81\xa8H\
\x85\x99\xb5\x096\x80\x04\x94\x8a\x05cR$%w#\
@*\x81\xe9T\xe8\xbf\xf9\xd5[\xe4\x8eCw\xef\x22\
\xc08L\x1c\xfa\xff\xb1\xf8\x1f\x7f\xfai\xecs\xbb\xe0\
\x9b\xfd\xc2\xa3\x9b\xcf\x15\xe1z\x91\x00\xe5\x94^Ki\
\x0e4dDd\x88\x18\xc2\xa3L^\xe6T\xc2\xe0r\
\xdc\xfek\x05\xa6m\xa6C\xf9\x15\x08\x11!\xe6\x11\x02\
\x1e\x22\xe0\x11b&\xb9N\xdd\xba\x87B\xbe\x04\xc7\xc9\
\x8b\xfb%/w\xda'C\xceD)Z\x1c\xc7p4\
\x0dm\x96\x0d\xb1\xcc\xf0\x1b\xdcd!+\xeaap\xea\
\xf0\xbe\xca\xb65\x1d\xa7n\xdc\xb1\xf6\xa5\xeb7\xb5\x8f\
lh\xc7\x0b\x9d\xc0K\xc8\xe4M/Gsg\xe7\x98\
\xc3\x02\x190\xcd\xba\xc6\xa2Z \xcd#\xa5\xb0\xfd\xe9\
\xd3(\xfe\x9f\x7f\xf3d\xdf7\xbe\xf3\xb3\x8d\xfb\x0f\xbc\
\xbc#_\xec\xd8\x99/to*W\xbc\x01\xc6\xccR\
{w\x9fU\xady\xea\x94\xa8s\xe2.`S\xe1w\
\xc9\xe37E\x1e\x9eh\x867s\x07\xce\x00\x06\x0a\x0d\
\xd63\xb7L\xab~Q\x9b\x7f\xc5],\x0d\xa5\xa6\x0f\
6g\xff:\xdfH\xcbU\x18\xba\xf4\xf8Sh\x9c\x16\
L\x0a\x8b\xc1\x12\xc0G\xbf\x8b\x0ak\xc2\x9d\x14Vg\
\x11,\xcb@!o\x8b\xfd\x1b\x0d\x86(nC\xe0G\
@\x5c\x87\xee((:\x1cq0\x01\x1eN\xc06\x03\
x\xf5QtuXx\xeb\x9bn\xc2\xc3\x0f\xbf\x0f7\
\xbc\xae\x0f\xd4\xe7\x89$?o\x13\xc6\xe4\xd0\x08\x9e\xa4\
4O\x09\x80L\x9fG*\x14\xc9\xdc\xedTmH\x86\
\xe9\xc5M\x9dG\xeb^~?\xf7\xb6\x84.\xd2Y7\
E\xc0\xb4\xc1C\x8c*\x06~V\x05\xfe\xe4\x89\x1f\xe2\
d\xd0\x85\xc0\xeeG#P\xe1s\x05aR\xednR\
j\x84\xaa\x22\x16\xfa\xf6\xd2\xc3L\xed\xe1\x18R\xa0`\
)6\xa9\xd6\x95\x5cY\x91jP\xa2/\x09w\xb4:\
\xd5^\xe9\xa2\xe0\x9c{Tb\x18\x0a)}\xd13\xa9\
\xe2'\x12y\xf8\x12tk<\xe2:\xf3\xe2\xb8r\xca\
+\xb0\xf2\xe4\xae\xa1\xf6\xe3w\x5c\xb7\xee\xc0\x0d\x1b\x8b\
#\xdd6\xf6i\x0d\xff\xd0 \xac\xd1b1\x937]\
\x8a\xf6_\xc9\xd7\xcc\x80\xe9Jn\xdde\xf6l\x14\xb6\
\xdf\x0b\xe8\xc52\xf2{\xbe\xf5\xd3\xeeG\xff\xe1\xc9u\
#G\x1a\xdb\xcb\xae>\xcc\x98\xba%\x97+\xae\xe6\x8a\
\xd9Qoxv\x14+\xban\xda\xe4N\x9a\xae\xab\x98\
\xaa\xec\x15\xc3\xafx\xba\x90f\x8a\x04\x90\x9e\xefq[\
y\xac2I\xd0e\xd6I\xae\xb0\xdb\x99\x170\x05`\
h\x8eT\xf5\x11\x9e\xfcX(0\x09_W\xb2b\xca\
;9)\x19\x0a\xf2v\x05\x08\x83\x06\xa2(\x84i(\
\xb0\xec6T\x1b\x86P<\xb7\xf2\x0al3B\xec\x8f\
\xc1Tk\xd0\xf8\x04*\xe3G\xf1\x8e\xbbn\xa5^,\
\xa8\x00\x00 \x00IDAT\xc1C\x0f\xdc\x8d\xbb\xee\
\xbc\x0eq\x0c\x94\xc7\xce\xa2XpP*\x15D\xb8^\
\x9f\xfd\x00\xaf\xd1\xfe\xad\xde\xaf\xd7x\xbaE\xdd]\x02\
\xd3\x18g\x15\x0d?\xad\x00\x7f\xfa\xc5\x1fb\xd4\xed@\
\x94\x1b@9T\xd1\x10\xfeg\x92\xd7RaS\xaa\x90\
\x00\xa6\x04\xe0\xe4\x22\x81\x130\xd5\xcd%\x03\xa6\xf35\
\x96\xc6c\x98\x89\x0aW\x0c\x1d\xbe\xa2#\xe0:\x84\xdf\
\x9d\x14\xbb\x14\x86\xbc\xa1\x22\xa7\x06\xcc\x09&\x22\xa5\xfc\
j\xa3\x18\x9d\x1d\xdb\xd6_:\xf2\xa6\xeb\xb7\xed\xbfy\
K\xfbH\x89a\x7f.\xc21\xc3F&o:\xdf\x06\
\xc9\x8e\x9f\xb2@\x06L\xb3\xce\xb0\xe0\x16h\xa6\x7fz\
v\xcf\xc9\x8e\xbf\xfc\xd4c\xab\xff\xfd\xe9\x9fm\x89\x95\
\xdc\xce\x09O\xbf\xb6\xd86\xb0\xce\xb4\xacn\xd7\xf5\xf3\
a\xac\xe8\xa6\x95SU\xcd\x80\x17\x10\xf8\xbc\x100U\
\x11\x0ae\x9b\xb9\xbbq\xab\x893\x03\xa6\x0b\xde\xfc+\
\xfa\x02s\xe1\xba)i\xd0\xd9.\xf9\xe6\xae*\x8a\x93\
d\x11^\x1a\x16\x97\xffN+Z\x129J\xcf\x13\xc9\
\x98\xc5\xf6\x82\xe0\xa2\xa4\xe2\x958\xf2\x05]S\xad\xee\
\x09%'\xce<\x98Z\x00M\xad#\xa8\x9f\xc2\xb5\xd7\
\x0c\xe1\x9e\xf7\xde\x81\xbb\xdfu'\xba;4\x10\x0e\xa5\
\xa89\x81S\xf2\xcaR\xf8\x96\xc2\xba\x85<\xa5\x02\x5c\
\xfa\xd6\xea\xfd\xba\xf43/\xfc\x91\xcd\xc0\xf4'e\x02\
\xa6?\xc0\xb8\xdf\x85\xd0\xe9\x17\xc0\xb4N\x05\x93\xd4\x14\
+\x14\x98JR1\xe9r\x15:Q\x0a\xf9\xce\xe9\x87\
\xc4\x13d\xfaS89&\xaa\xf9{\xf2\x0a\xb7Y\x95\
\xab\xd5S\x81\x15Wk=9\xf5L_\xc18\xf4\x96\
\xebv\xed\xbd\xa6/?\xd2[\xc2A\x138a\xe0\xf4\
d\x1f\xfa2y\xd3\x85\xef\xbe+\xfa\x0a\x190]\xd1\
\xcd\xbb\xb4\x0f7\x9b\xfe\xe9\xb1/}{\xe0[\xdf\x7f\
~\xf3\xe8\xb8;\x1c\xc5\xf6\x8e P7\x96:{\xfb\
5\xdd.x\x9eg\x96\xabuU7l\xa5\xa3\xb3[\
L\xce\x13\xe5\xaa\xe4J\x9c\xd1Kg\x86\xcd2`\xba\
\xb4m|\xb5_}^\xc0\x94\xb8!DL\x80\x89>\
N9\xd22D\x9e$3\x0a\xe3\xaa\xa22\x9e<\xa6\
T\x9c\x04%\x00\x8b\x03\xf0X\xcc\xfd\x82kTU\x02\
h\x081:z\x1c9\x8b\xe1\xc3\x8f\xec\xc6G\x7f\xed\
~\xacY\x05\xd8:\xe06\x80\xd0\xaf\x8b\x14\x00\xc7$\
`K\xde>&\x8a`D\x9a\xc0<\xb6+\x1d\x98\xba\
`8\x0d\x15?\x99\x04\xfe\xecK\x12\x98\xc6\xf9AL\
\x06\x0aj\x0c+\x1a\x98R\xb3\xa7r\xa6\x5c\x11\xd9\xc3\
\x02\xa0\xcaO\xc9jB\xb4`\xb1W\x83\x1a\xd6\xe1\xa8\
!\xdam\xce\x1d5\x88\xb9[\x09X}\xb2\xbcu\xa0\
\xff\xe4\xd6\xb5}/\xee\xda\xb0jd}\x17\xf6v\x99\
x)\x0f\x9c\xee\x87\x08\xef\x13\xbd\xd4T&\xd6<\xba\
Yv\xe8Uf\x81\x0c\x98^e\x0d\xbe\x18\x8f\xdbD\
\xffd\xfc\xe2U\x14\xbe\xfa\x95o\xf5~\xe1k\xdfY\
\xff\xf2\xb1\x89\x1d1/\xec\x08\x22{\x0bS\xecU\x8e\
Sl\x0f\xc3\xd0\xe2\x9ck\x8c1EQ5X\x96\x05\
M7\xe1y\x01\x1a\xb5\x06L\x22^\x9cCK\x9b&\
\xf30\xbep~W\xab\x893\xf3\x98.F\x8fX\xb9\
\xd7h\x15\x09\x8f/\x94\xc4\xac\x10\xddO\x0ceJ\xda\
3!\xc6W\x8cD.IE\x1c\x12\xcdS\x11\xa6\xae\
\xa2Z\x99\x80W\x9b\x80\xe5\xa8\x22\x1co\x1b\x01\xb8\x7f\
\x1a\x95\xf2I\xf8A\x0do\xbb\xf3M\xf8\xbd\xdf\xfe(\
\xae\x1b.\x89\x1cR\x83H*\xe2\x089K\x85\xa5\x93\
\xfaY\x9c\x14\x0cR\x0a\x81\x0eU\x9f\x7f\xe5Q\xab\xf7\
k9\xb7<yL=p\x9c\x82\x82\x1fO\x100}\
\x16\x93a\x8f\x00\xa6\x13>P\x8d9\x181\xd6\xafP\
\x8f)\x81R\x0a\xdd3E\x91\xf5lJJ\xef\x95\x8c\
\xa9I\x11\x1b)~\xb1\xc0\x83\x1a{0\xd4\x10\x8e\xa9\
 gj\xdc\xd4y4~\xe6\x84g\xf3`b\xeb\xaa\
\xae\xa3w\x5c\xb7\xf5\xc0\xebV[#\x1d\xc0\xbeN\xe0\
p\x97\x85\xd1\xb6L\xdet9\xbf\x02\xcb\xf6\xde2`\
\xbal\x9b\xe6\xca\xbc\xb1\x84\xfeI;t\x08\xb9\xa7\xf7\
\x1e\xe8\xfc\x9bO\x7fv\xed\xe9\xb1`\xebD\x8d\xed\x8c\
\x91\xdf\xa6h\xf95A\xa8u\x05\x01\x1c\xce\x15]#\
\xb9\x12\x9a\xa05M\xfc\xf8A\x00\xdf\xf3\xa0\x18&\xf2\
\xf9\xbc,\xecH<G\xb3-B\xc04\x8eXs\x11\
\xfe9Fk5qf\xc0\xf4\xca\xecg\xcb\xe5\xae\xe7\
\x03L\x85\x8f*)\xe4\x13\x1a\xf3\x0a\x91\xa3K\xfa2\
\xa2J'5\x1f\xa2d\xcaY\x16\x0c\x8d`D\x08\xdb\
\xa0Jp\x06\xb7QF\xa5|\x04mv\x0d\xaf\xbfn\
#>\xfc\xa1\x87\xf1\x96;v\x90\xf2$\x22?@!\
o\x0a\xd0\xebX\x1a\xa2\xd0\x13\x95\xdbB\x96TQ\x84\
\xb74\x0a\x13\xadz\xd3\x98\x97)[\xbd_\xf3:\xf9\
\x02\x1fL\xc0\x94\xfc\xce'\x01<?N\xc0\xf4\x19T\
\xe2>\x01L\xc7=\x8eJ\xc4\xc0\xc9K\xbdB\x81)\
St4(WA\xd5\xa4V\x98BR\x09\xe4\x9d\x8f\
\xa6h\xbc\xcae*\xa2\xb3\x90s,\xe4l\x13\x1a\xf1\
\xdb\x86\x1e\xc2\xc0G\x18\xfa\xa8\xd4'X\xc9\xd1B3\
\xf6\x1avT\x1b\xdd\xb5\xba\xfb\xf0[o\xb8v\xdf\x8e\
U\x18)D8\xd0\xab\xe3\xa8\x91\xc9\x9b.pO^\
y\xa7\xcf\x80\xe9\xcak\xd3%y\xa2\x94\xfe\xe9\xf4i\
X\x87N\xb9\xed\x9f\xfd\xe2\xb7\x06\x1f\xfb\xeaS[\xc6\
&\xfca\xcd\xee\xdcnX\xa5\x0d\x8a\xa2\xf7r\xa6\xe5\
5M75\xd5\x10UK\x9ab\xca*W.s\xde\
\x5c\xe2\xb0\x89\x22\xe8\x85<\xda\xdb\xdbQ\xa9T\xe4\xf3\
\x88\xaaa\xda\xd2O\x99{J\xb9rM\xecP\x190\
]\x92\xd6\xbfz/\xda\x0a\x98\x9e\x8fR\xa9\xd9Z\x22\
\xa7\x94\xb0\x01Q)\x91b\x8f\x00\xa7\x04K\xe9\xdf\x1c\
\x05\xdb\x82\xdb\xa8\x80Gu8&\x87\xa1\x12 \xa8\x02\
\xcc\x87m4\xf0\x07\x9fx\x10\xbf|\xe7\x8dX=\xd4\
\x85\xf1\x89\x0a\xc0Btw\xb6\xc1\xb1\xf4\xa4`\xca\x87\
\xae\x13)\x95\x02\x163\x84$aIi\x93\xba)\x16\
\x82\xf3\xddV\x020=\xc1%0\xfd\xe4?I`\xca\
\x0a\xab\x040-\x87\xf1\x8a\x07\xa65b\x17PH\xa8\
\x81r\x90\x19\x0cUH\x8f$\x09%\x0c\xf9\xbc\x03\xb7\
\x1e\xc0u]\xd1/\xf3\xb6\x03\x93(\xc4bI\xd4\xdf\
\xd5S\xc0\xd1\xa3'y\xbd>\xc6:\xdb\xac\xa0`\xc6\
\xb5\x02j\xa7\xae[\xdd\xf9\xf2\xed\xdb\xd7\xed\xdd\xde\xae\
\x8e\xb4q\xbc\xd8\x83\xc6\xc9\xee\x5c.\x937\x9d\xef\x0b\
w\x95\x1c\x9f\x01\xd3\xab\xa4\xa1\x17\xea1\x9b\xe8\x9f\x8c\
\x97N\xa1\xf8\xf8\xe3O\xf5\xfd\xd5g\xbe\xba\xf1\xd8\xab\
\xb5\x1d=k\xb6\x0e\xbb\xa1\xb99\x88\xb4\xc1\x98k%\
M\xd3,\x0d\x5cU@ku.\xf2G+U\x17\x14\
H\x12\x93\xb1\x061Y\xd2\x84\x1c&aG\xca\x83\xcb\
\x80\xe9B\xb5^v\xde\xf9Z`\xbe\xc0\x94\xd1\xaa*\
Q\xe5QT\x05\x9a\x00\xa5\x1c\xba*\xb3\xfdX\xd8\x80\
\xca\x02\xe4l\x0eC\xf3Q\x1e?\x86BN\xc1\xee{\
\xde\x81_}\xe4^\xec\xdc\xe6 \xf2c\x91\x7fj\xe8\
\xb4X\xe3\x88(\xec*\xc2\xb2\x8a\xa8\xbaW\x04\x8b\xbd\
*\xc0\x84(\x81R\x88 \x9f\xd6\x7fD?%\xe9\xaa\
.u\xbb\xd2\x81)%A\xbe:\x070\x9d\x0c\x22R\
\x1dX\xc1\x1eS\x155b\x1aS\x14\x18\xe2G\x82R\
]!\x9a2EPQi\xaa.y\x5c5*\xc4\x13\
>\x03p\xf2$\x0b.h\xd23Q`\xe6Th&\
\x10\xf8.\xafWO\xc5\xdc\x9d\xf0sae\xb2\x14V\
N\xfc\xfe\x87\xde{pP\xc7\xc8*\x1b{\x07\x8bR\
\xde\xb48\x9d\x7f\x9a\xc9\x9b^\xea\x8b\xb7\xc2\x8f\xcb\x80\
\xe9\x0ao\xe0\x85|\xbcT\xb5\xe9h\x19\xf9\x7fy\xea\
\xd9\xaeO\xfd\xed\x97\xd6\xfd\xe8\xa7/_k\xe4\xfbw\
\xe6\xdb\xd7l\xf1#sM=P:\x00\xd3\x96\xe2\xcd\
2B$W\xe5Rk;\x8a4\x91\xe3\x94\xa0\xcf)\
\x1a(\x99\x8a\x0fDi\xfe\xdd\x1c\x1e\xd3t\x80\x5c\xc8\
\xe7\xcc\xce\xbdr-\xd0\x0aX\xb5J\xf50(\xd4;\
c\x9b\x95\xf3\x9c\x10\xe4\x93j\x92\xf4\x88N\xff@1\
\xe0G\x8a\xe0\xe25u\x0d\x96Aa\xf6\x10\x0a\x05\x98\
\xe3\x10\x91_\x81\xae\x04\xe8\xed\xca!\xf6'\xd1\xa8\x9e\
\xc2M\xd7o\xc3o|\xe4A\xbc\xf1\xb6\x0d \x11&\
\x22T\x9b\xbe\x83\xb4|%%\xb7\xa4\x12\x96f\xe5%\
\x8a<\x90\x12\x1a\xdd\xb0<Jh\xac_\xa5[\x9ac\
z\x1a\x0a\x9e\x9f\x00\xfe\xe4\x0b{0\x11t\x83\x17\x87\
DU\xfe\xd5\x90c\x0a\xd3$\xa22\xc1\xd4\xa0\xc4L\
P`\xf1\x98\xa8\xcb(\xe5TA\x1c\xc9~\x0b\xd5\x14\
\x00U\x0a\x7f\xa9\x02\xb8F\x9a\x82\xd1\xc8\x07\xd3hA\
\x15\x8b\x05\x94\x81\x10\x96\x1a1S\xf5c'\xf6\xdc\xca\
\xa9W\xc6v\xae\xeb;\xfa\xe6\xe1M\xbf\xb8isq\
d\xb5\x85\xfdE\xe0H\x11\x18k\xcf\xe4M\xaf\xd27\
\xaf\xf5c_\xbd\xa3Rk\xdbd{\xcca\x81f\xfa\
\xa7\xc7?\xffB\xfbSO}g\xf5\xf7\x9fyn\x0b\
\xf4\xfc\xceB\xdb\xaak=_[7^\x0d\xbb\x19w\
\x0a\x8a\x91\xd3cJ\xd2\x22H\xca\x19T\xb1\x1a'\xf2\
f\xe9\xd1\x89\x85Da\xbaMO\xa8r\xdad-\x81\
)\x0d\xaa\xd9\x96Y\xe0R-\xb0T\xc0T\xdc\xafB\
\x8b2\x1b\xa6i#\xf0\xeb\xe0\xa1\x0bKg\x08\xbd2\
4\xf8\xe8\xeb) r'p\xe2\xf8\x01l\xd90\x80\
\x8f\x7f\xec\x11\xdc{\xcf\x1b\x041\xbe\xef\x05\xc89\x1a\
l\x8a0$u\xd4\xe7\xbeGTu\xdd\xfc~\x90G\
ufJL\x06L9\xaeZ`*\xd2Ke:\x07\
\x11\xea\x13\x1aMA)\xe3\xe4!U\x10\x0a\x99+\x92\
\xbd\x92Q-]U\x921\x5c\x05S\x19j,\x14\x00\
U\xc8\xda2\x22\x9bRD\x1e\xaaN#;\x0fyO\
A\x0f+\xa7\x8e\xd4\xf2\xc1\xe4\xd9\xeb7\xf7\xbf\xf2\x9e\
\x1b\xae\xdd\xb7k\x00#%\xe0@\xe4\xba\xc7\xfdZm\
r{OO&oz\xa9\x03\xd8\x0a=.\x03\xa6+\
\xb4a\x17\xe2\xb1\xd2\xb0\xfdq\xc0<\xf0\xc33\xa5/\
}\xe3[\x03_\xff\xe6O7\x8fN\xc6\xc3q\xc4w\
\x94\x8am\x1b9\xd3\xfb\xcbU\xb7h\x98\x8e\xd9\xd9\xdd\
\xaf\x8eMV\x94\x98\xbc4b\xa8\x22\x8eFygB\
\xd7^R\x04^\x00\x98&\x03f\x93\x96\x0c\xd1\x9a\x88\
-\xe1\x90\xca\x80\xe9B\xb4\xf4\xd5s\xce\xcb\x05L\xa7\
+\xebg\xda\x8e\x88\xf3\x05\x06M\xa2\x02\xf4&\xa4\xff\
\xa6\xdc>\xcf'N\xa2\x18\x85\x92#\xbc\xa3\xb5\xf2\x19\
\xe4M\x06[\x0f1z\xfa06\xac\xe9\xc6\xc3\x1f|\
/\xdew\xcf\xdb\xd0\xd7M\x05Q1Jy\x9a\xfeC\
\x04\xb1\x07GK%I\x9b\xaf;\xed\xb5M\x81\xa9|\
\xed\xa6Ai\xaa\xdd\x94\x01\xd3\xab\x17\x98\x8a\x1e\xa1\x92\
\xb4\xac\xec/\x92CWRE\x110%>S?\xa4\
\x1eD\x08Vz\xfa\xa9@JrG\x90\x93!\x86!\
\x18\xa1\x80P\xd1\x10\x88c4(\xaa\x0e\x8d\x03z\x1c\
\xc2\x8e<^\xe0\x01+\xa9\x8d\xa0\x80F\xa5\xa4\xb9\xa7\
\x06{\x9d\x97\xae\x1f\xbef\xe4\xf5\x1b\xec\x17\x06H\xde\
\xb4^?e\xe4'*C\x18\xca\xe8\xa5\xae\x9e\xa1\xf7\
\x82O\x9a\x01\xd3\xac#\xb4\xb4@3\xfd\xd3\xf1\x0a\xf2\
\x9f\xf9\xfc\xbf\xf6~\xf6\xef\xffq\xfd+\xc7\xab\xdb]\
uh\xb8\xa3o\xfd\x96\xa2c\xaf\xaa\x94'\xda\x1b\xd5\
\x86m\xea\x86f\xe7\x1c\x85\x062/\x88D\x9d'\x81\
\xd3\x98\xd1'\xc0\xe3\x94\xab1\x16\x0a6\xd3\xc2\xd9\xd3\
\xb7\x92\x86\xf2\xc5J\xfe|\xc04\x01\xa7\x190m\xd9\
|\xd9\x0e\x17\xb0\xc0b\x00\xd3\xe6k\xa8\x09\x08\x98\xfa\
N#J(\x0fA\xe5,\xac\x9c\x86\x9e\x0e\x13n\xf9\
4\xda\x0b\x1a\xdep\xf30~\xfd\xc3\x0f`\xfd\x9av\
\xf4\xf4Hr|\x10e\x8f\xc5\x10\xc7>\x1a\xb5\x1a\xba\
\xda\xfae\xde\xe8\x1c[\x9a\x8a0\xcd\x05<3\xf5 \
\x03\xa6W90mr\xa8\xd3X*\xf8t\x05C.\
\x89\x0b\xa8B\xe4D\xa4Z\x11\x22\x15\x10U\xa6\x8b\x08\
^]\x16\xa2\xcd\x90\xbf\xfb0\xe02R\x8d\xb2\xc0\x15\
\x1dj\xac\xc0\x88C\xb4\x1b\x0a\xf2\xf0\xe10\x97\xc7\xfe\
x\xec\xd5\xcez\x9a\x1eM\x0e\xad\xee;\xbemu\xd7\
\x81;6\xf7\x8el\xe8\xc0\xbe\xa2\x86C\x1c\x18\xd5\x81\
\xda&\xa1e\x86,\xff\xf4*\x1e\xb93`z\x157\
\xfe\xc5<z\x1a\xb6\x1f\x1f\x87\xf3\xd4\x8f\x0ew\xfe\xb7\
O~j\xcds\xff~`[[G\xefN\xa78\xb8\
\xad\x12\x15\xd6\x86\xdc\xe8b\x81\xef\xf00\xd0uUQ\
\x85\x12M\xcc\xe0\x87\x1e\xac\x5c^\xa8\x88\xd0\x0a<L\
\xf4\x98\xcf\x05\xa6\xd2\xab$V\xf0S\xb9\xa4\xf2\xf7)\
`:%\x86\xd3D\x0fEz\xd0Y$\xffb\x9a1\
\xdbg\x0e\x0b\x5c\x0e`z^o\xa9\xe0\x80\xa4\xfe\x9c\
^xZfT|C\xc5I\xe4M\xe5\x1e\x14x\xe8\
l\xb3E\xd8\xbe<v\x14\xb7\xdc\xb0\x03\x1f\xfb\xc8#\
x\xcbm\x9b@\xc2L\x84\x09D\xf7'\xde\xde\xa8\x81\
0\xf2\xa0i\x1c\x86a\xc1\x80%*\xee\xcf\xcf\xf5K\
\xef\xc7\x85_\x90V\xcf\xbf\x92;\xce\xd5\x9ec*\xc6\
W\xe1$ a1I\xa8/\x160T\x1c\xa7H\xbf\
\xa8Oy\xa7\x04C\x09\xb0\xca\xc4S\xc1\xa0\x22<\xa6\
<D\xde$\x0cI|\xb0\x06\x82\xc8D\xc4\xa9\x9c@\
\x83\x1e\x03\x1a\x0b\xd0W2\xe1U\xc6\xc0\xbc2l[\
\x81nj\xcc\x8f\xc3\xa8\xee\xfbD/5v\xcb@\xe9\
\xc8\xed\xdb\xd6\xee\xdf\xb5\xd5\x19)\x19\xd8oy8\x96\
\xb31\xb6\x09p\x09\x1f+J\xf2\x22\xad\xe4\x8e\x98=\
\xdb9\x16\xc8\x80i\xd6)\xcek\x81f\xfa\xa7\x9f\xbf\
4\xda\xf6\xd7\x9f\xfe\xfc\xe0\x97\xff\xc7w\xaf1\xac\xde\
\xe1\xbe\xa1\xf5;<\x8fo\x18\xaf\x85\xbd!\xb7\x0aP\
MS\x15\xb5\xbfLQ\x19Q\xd1(05]\xd4\xdf\
GD\xe7$\xd4\xbfi(\xa3\xe2\x0e1]'\xd7d\
\xd0\xc4J|:\xf4x!`J\x83&\x9b5NI\
\xb5\x9c\xac\x1bg\xdd\xf8\xd2,\xd0\x0a\x98]\x18\xd8q\
\x98D%\xd1\xd4\x7f\xa7\xeeb\x160m\x96\x1c\xa5}\
(\xc4\xaf\xc2\x87\xef\x9e@!\xc7\x11\xd4'\xb0~M\
\x0f\xfe\xe3\xaf=\x80\xf7\xdf}+:K\x00\xd1\x8f\x16\
\x1d\xaav\x8e\x11F.4\x83\xaa\x9fe\xae_\x04*\
\x8ff\xb0\x95\x14\x986\xbfW\xd3\xff\xce\x80\xe9\xdc\xfd\
\xe2j\x07\xa6\x82\x197\x22\x1cJ\xeaa\x94b\x92\xfc\
\xa4\xab)EC\xcc\xc9G\xda\xa4\x06\xc5(\xb4O\xc5\
Q\x04RC(j\x00\xa6\x0213\x112\x0d`:\
tE\x87\xc6\x00#\x0e\x9078\x94\xc8\x85\xa11\xe8\
\x96\x0e\x9fs\x94]\x97\xfb\x11\xe7y\x95\x07=\xded\
\xad\x83\xfbg\xaeY\xd3v\xe8\xd6\x9d\x1b\xf6\xee\xdc\xa0\
\x8e\xf4h8\x98\x13\xf2\xa6\x98\xec\x93T\xb3\x04P3\
\x17\xc4\xa5\x0dqW\xe4Q\xd9\x8c~E6\xdb\xc2\xdd\
t\x9aGz\x180\x82\x93(\xfc\xd5\xa7\x1e\xed\xfb\xda\
\x93Oo<\xfej}\xc7\x9a\x0d;\x87\x19/m>\
\xfa\xea\xd8`\xe0\xa3M\xcf\x17,E\x89UM\xd3\x14\
\x11qg\x0a,3\x07\xc7\xc9\x8b\xa4\xf9J\xbd!\x09\
\xbd\x13\x0f\x91\x08\x01\x09\xb5\x9bD\xeeN\xa1!Nv\
A9\x16R\x81\xd44O\xa9X\xd1\xa7\xa1|Z\xb1\
+DQ\x92\xe4C\xd1'\xed\x9b\x01\xd3\x85\xeb\x0cW\
\xc1\x99\x17\x1e\x986\xe7\xefMO\xea\xf4\x0a\xa8\xa8#\
oM\xa0X\x88\xf0\xb6\xb7\xbc\x01\x1f\xbc\xff\xbd\xd8\xbe\
\xa9\x04\x93jMH\xd1\x8crHm\x1d\x82\x92JU\
\xe0G1\xbc0@\xc8\x19\x0c\xcb\x86\xa5\x93\xbf\x94`\
C\xba\xa5\xffJRe\x92\xbcA\xf1\xfaM\xc5\xf2g\
\xcd\xefbaxunW;0\x15\x04\xfb\x04L\xa1\
\x891YO$rE\x85}\xa2UK\xa0\x95\x9c\x0a\
\x82\xfd\x84z\x1a\xe3`L\x8a\x9e\xc4\x0aG\x15\x11b\
*\xc0\xa3\x14-\xc6D\xf1\x13\x11\xfcY<\x86\xce9\
\xfa;\x0b\xa8\x8cO\x22\xf0}\x989\x07F>\x077\
\xe2\xa8\xba\x1e\x10D\x5c\xafL\xc6\xedZ\x1c\xe4\xd5j\
y \x1f\x9d\xbcyK\xcf\x8b\xb7\x0f\xaf\x19\x19(\xf2\
\xbd\xbc>\xfa\xd2\x86\x8e\xbe\xd3\x85L\xde\xf4\xaa{A\
\xaf\xdeQ\xe9\xaak\xea\xd6\x0f\x9c\xd2?\x1d\x9eD\xee\
\x0b\x8f\xffs\xd7\xe7\x9e\xf8\xc6\xba\x17\xf6\x1e\xbf\xb6\xbd\
{\xcdNM-m\x1d\xaf\xb1\xd5!\xb3:L\xb3\xe4\
h\xba\xa5sUQB\xbf&x\x13\x15\xcd@\xce)\
\x81s\x15\x8d\x86'@\xa3fY\x88I\x8aF\x14~\
\x88\xda|\x01L\x89\xa3\x91V\xe8\x84F\xa5\xd6}3\
 =?0\x9d\xaa\xd7\xa7\xe3(\x9c\x94>N\x06L\
[7l\xb6\xc7\x1c\x16H\x0a\x91\xd2E\x8e\xd8k\xe6\
\x90H\x95\xc93=\xfa\xb4\x16Jk\xdb\x19\xcc)`\
\x97fE\xabi]^r6\x9a\xc4\x19\x14N\x1e\xce\
\x10\xe0\x01\x14\xf1I\x94iU\x11\xae\x7f\xe0\xfd\xbf\x8c\
7\xdfq-\x1cS`Q\xe4,\xc0T\x18\xc2\xa0\x01\
\xa2\xa3\x22P@\xaf\x09\x15\x95\x90\x22\x1a\x01\xaa \x8e\
\x11\x85>\xdam\xf2\x98\xd2\xdb\xd0|\xdf\x190\xbd\x98\
.?\x1b\x98\xfe\xe9\xe3{0\x16J\xba\xa8\x89HE\
=\x92\x92\xa44n\x19\xc4v\xa7\xaa \xa1$Z,\
\x8b\x053\x8b`\x99\xba\x00eW\xe2F\xe1z7P\
Dd\x8b\xfc\xfe\x94\xeeOD\xfbb|N\x04\x1f$\
@M\xfa \xad\xb1D\x81\x94\xfc\x89T\xa0\x1c\xc5`\
D\xbaBi\xa8,\x86\x86X,\xac\xc4\xb9\x18\x83\xa1\
P\xc1\x1e\x87\xa1[Pu\x035\xcfG\x85DTL\
\x13\xed\xf9<\xfc\xf1\x06\xf2:\xe3mV\x14\x99\xd1\xb8\
\x87\xfa\xb1\x89\x1e\xdb;\xfa\xa6]\xeb\x0f\xbc\xe5\xc6k\
F\xfaT\xecs\x80\xc3&2y\xd3+\xb1\x8f]\xea\
=g\xc0\xf4R-\xb7\x82\x8eK\xc3\xf6g\x01\xfb\xdb\
O\xbd\xdc\xf1W\x9fz|\xe8\x99\x1f\xec\xdf\xc2\xd5\xd2\
\xb0]\xe8\xdd\xcea\xafg\xd0\xbb9\xf4<\x8d_i\
,\x9e\x86\xaf(\xe1i\x14\xe6\x98\xf2\xca\xc8\x9c$\xda\
tQE\x9fj/'\x9e\xd2\xa6\xd0'\xe5\x9e\xce\xc8\
\x8f\x9b\xae\xd2\x90\xa7Lr\xe4f\xaa;\xcd\xa4\xc0Y\
AM\x91=\xcak\xb4\xc0\xbc<\x9eJ,\xb8CE\
n\x1d\xd1\xe30\xa2\xc8\xd1\xa6\xd2Md\xdf\xa3I7\
\xf5\xf0\xcb\xaadZP\xd1dK\x85L\x86\xaa \xf4\
|\x04L\x81n8\xe0\x9a\x01?I\x99\xd6u\x22\xbd\
\xe7\x08\x83\xb2\xf0\x8e\x9a\xaa\x0b\xafv\x06:w\xf1\xc6\
[\x7f\x09\x1f\xb8\xe7N|\xf0\xde]\xb2\xd29\xc1\x96\
\xc9\xe9\x13\xb09\xed\x0dM\xab\xea\xd3\xd7c\xba\xaa\xfe\
|\xa8h6\xb7\xeak4\xeaU\xb2;5S\x03\x1c\
g\x13\x1eS\x02\xa6\x13a7\xe2\xe2\x10\xce2\x15\x8d\
0F\xce$\xe0O\x0b\x0b\xca\xb9\x9c\x1e\xe2\xe4wW\
\xb6\xa1D_\xe2\xba\x18\xb6\xd3<i9lS\xfe\xe8\
\xb9\xcfF@\xb6\xf9{\x91wJr)\xe4XP\xd2\
cd\x9fU\xb8\x5c\xbc\xd1;\x94\xdaI^\x8f\xf2W\
\xa5\x1d\xc9\xa6\x02\xf0\x8b\xfc\xae\x00\x9c\xb9L\xe1\xf5\xd0\
`\xb5\x86\x13\x97G\xedh\xf2\xf0#\xefz\xe3\xbeM\
\xbd\xf9\x915E\x1c(\xba\xee\xd1\x92S\x9f\xe8F7\
\xd1KEYx\xff\xca\xee\x7f\x17\xba\xfb\x0c\x98\xae\xdc\
\xb6m\xf9d3\xe8\x9f^8S\xfa\xef\x7f\xf7O\xfd\
_\xfe\xda\x9eM\x8d\xd0\x1en\xefX\xb7C7;7\
Ujq?\xe3F\x89\x03&\x09xS\xad&\xe9{\
\xd3`B\x03U\x14\xd3\xc0t\xbe<;9\xb2\xe9I\
Hh\xda\xeb\xd4L@NU\xfa\x17\xce\x11m\x95#\
\xd7\xf2!\xb3\x1dV\xb4\x05\xe6\x03LU\xf2\xee\x18\xe4\
\x8a\xe4\x02\x8c2\x02\xa5\x02\xa0N{\x89\xc8x\x82\x14\
\x9f\x80\x88\x10i\xe2\xa2P\x84>\x89\x12'\xa8\xbb\xc8\
\xe7\x8b\x80\xaa\xa3\xee\x05\x82b\xc7\xca\x17\x84\xcd=\xb7\
\x0c\xa8$\x1d\x1a\xc2D\x05~\xe3\x14Vu;\xb8\xff\
}w\xe1\xbe\xdd\xef\xc0\xea\x01\x1b\xed\x16\xd5\xd4_:\
\xc2i\xf5\xfc+\xba\xf1\xe7\xf9p\xb3\x81\xe9\x9f=\xb6\
\x07\xe3\x11\x01\xd3A\x9c\xe1:\xeaa\x8c\xa2a\x88|\
\xc9\x14L\x89\xf4!*\x5c\x13\xa9\x18Ix{\x9e\xf7\
q%\x1f\xde\xaa\xff\xb5\x1a\xbfE\xaa@\x12\x95`\x82\
\xea?\xe2*|f\xc6\x8d \x17Uk\x9d\xa6wj\
\xc7@\xf1\xe57\xee\x5c\xb7\xf7\x86U\xe6H'\xf0b\
\xd8h\x9c4s\xe5\xf2\x00\x06\x88^*\xcb?\xbd\x92\
;\xd0\x1c\xf7\x9e\x01\xd3\x15\xd8\xa8\xad\x1e\xa9\x99\xfei\
\xdfq\xe4\xff\xe6\x1f\xbf\xda\xf3\xf8?|a\xfd\xd9\x09\
o{G\xf7\xbaa\xd5\xe8\xdaR\xa9\xb3!\xd7\xe5\xed\
\xb6\xdda3\x08\x16fE\xae\x8ai\x22\xa7\xe9WV\
k\x92\xa7\xa89\xcbm\xfa\xdas\x01\xd3t\x0f\xe9\xf3\
\xc9\x80i\xab\xd6\xca\xfe~\xc1\x95u\x8b\x11\xecB\x13\
#\xc1O\x9bb\x97\x89g\x87\xfa\xa2\x00\xa6\x14\xaa$\
\x9fe\xe2\xad'\xa7?y\x94\x08\x90\x0a\x1e\xd2T\xc5\
\x89X&|R/\x93\xd5\xcc\x86\xa5\x8b0\x7f\xcc\x03\
h:G.\xa7\xc0\xad\x9f\x86_9\x09\xdb\x0aq\xef\
{\xde\x8c\x8f}\xe4!l\xdd\xe4PD\x1fE[\x12\
=i\xf3\xa0\x96h\x05\x0c\xb2\xde3\xb7\x052`:\
\xff\xde\xd1\xaa\xff]\xe8\xfd\xa3w\x86R\xa9\xe5\xe2O\
\xbcq\x92\xbc\x9fG\xd0Y\xccM%\x88\x15\xb7\xec\xeb\
\xfe\xc4d\x9f\x15\x9fx\xdd\x86\xbe\x83w\xec\xda4\xb2\
m\x10{s\xc0!\xafZ=c\x16\x8b\xb5u\xe4n\
\xcd\xe8\xa5\xe6\xdf\x98\xcb\xe8\x0c\x190]F\x8d\xb1\x18\
\xb7\x92\xd2?\xbd\xf4\x12\x9c\xaf\xef\xf9A\xe7\xdf\x7f\xee\
\xebk^\x1d\xadn\xf5|\xbe\xb3P\xe8\xda\x16s{\
\xedx\xd9\xeb\x02\xec\x5c\xa9\xad[\xaf\xd6\x03u\xaa \
i\x0a\x98\x92\xc7@N\xc6\x190]\x8cV\xcb\xae1\
\x97\x05\xa6\xd4l\xe7\xd8\xa150M\x0a7Dq\x07\
\x81J\xb9\xe4J\xc1\xaa\x9c4I7|\x1a\x98\xca\x0a\
f\xfaNG\xbd\x1a\xa1Tj\x87e\x91\xbch\x1d\x9e\
_\x06\x83\x0b\xce\xeb\xe0Q\x19\xba\xda\x10|\xa4\xff\xf1\
7\x1e\xc0\x1d\xb7\xadF\xe4\xd2\xba\xceG>g h\
T\xd1Q,\xcd+$\xdc\x0a\x18d='\x03\xa6\x0b\
\xd9\x07Z\xf5\xbfV\xc0\x94X[\xe8\x05\xa0\x9cV\xca\
\xaa\xa1O*\xa0RIe\x0a1\xbcZ\x85iq=\
\xd6\xbc\x097\x8f\xc6\xd8\xc6.\xeb\xe8\xf5[W\xfdb\
\xe7\xa6\xd5#k\xdb\xb1\xbf\xc7\xc6\x91\x18\x18\xab\x03\x8d\
\xed2\xbc?K\x13x!\x9f>;\xf7BY \x03\
\xa6\x0be\xd9ev\xde)\xfa'\xc0\xfa\xe1\xbf\x1ck\
\xfb\xfb\xcf<1\xf8\xecs\xfb6\x8fz\xf6\xb0^\xe8\
\xdd\xa1\x1b\xf6\x86 \x88\xfb\xa2\x10\x05\xdd\xb0M\xc3\xb0\
\x14\xae\x18J\x10H\x9e:\xb9Q^\x9d\xe4`\xa4\x8d\
\xfeO9\xa6\x97\xe61\x95g\xcc<\xa6\xcb\xac\xa3\x5c\
a\xb73_`\xea$\x92\x9el\x160M+\x91S\
`*\x95n\xc8c*%\x19%1\xbd\x8a\xae\x8e~\
\x9c9s\x06ATGG\xbb\x09\xd3\x0c\xe16\xce@\
U\xea\xe8hS\xf1\xe1\x87w\xe3=\xefx\x13\xd6\xaf\
\xd2\xe0\xb91r\x96\x0aKe\xf0\xfd\x06\x0cU\x83\xa9\
[sp\x90^\x5cC\xb4\x02\x06\x17w\x96\xabs\xaf\
\xccc:\xffvo\xd5\xffZ\xd1\xad1*\x0a\x14\xc9\
`\x0a4\xa2\x99\xa2\xf7K\xd5\xa1\x8a\xdcn\x05\xa3\xa3\
\xa3\xb0\x0d\xf0\xce\xbc\xc9\x8bF\x18zc\xc7j\xf0\xc6\
\xce\xee\xd88\xf4\xca\xed\xbb6\xef\xbbn\xa3>\xe2h\
8P\x02\x8e\xb7\x01\x93=D\xa9\x9a\x85\xf7\xe7\xdf\xb0\
K|\x86\x0c\x98.q\x03,\xf4\xe5\x9b\xe9\x9f\xc6\x0e\
V\x0b\x9f\xfc\xab\xcf\xf7}\xf5\x8b\xdf\xdd\xc0\xc2\xdc\x8e\
b\xf7\x9a\xe1\xd0\xee\xdd<\xd1\x88\x06\x83 h\xd34\
\xcdRUU\xa3chp0M\x13A %\xe7\xd2\
mv\xf2{\x147\x11\xde\xcf\xd8\xb3U(?\x05\xa6\
\x17.\xd4h\x95\xa3\xb4\xd0\xf6\xcb\xce\xbf\xbc-0\x1f\
`\xaaq\x06'\x09\xe5\xa72\x8c\xb4P\xa2D\x15N\
'\xa6\x10;e\xae\x90\x14\xa3H\x5c!J\x9dD+\
<\xf1\xaa\x12u\x0e\x91\xf7\x9a&C\x14\x96Q)\x1f\
G\x7f\x97\x89\xfb\xde\xff6<\xf4\xe0\xbb\xb0i\x9d\x83\
z\xc5C{\xd1\x84\xa5\xa9\x98\x9c8-\xbc\xaf]\x1d\
\xedP\x15]\xb0X\x9c\x9f\x1c\xff\xe2\xec\xde\x0a\x18\x5c\
\xdcY\xae\xce\xbd2`:\xffvo\xd5\xff.\x1c\xb1\
\xa0\xb0}\x90\x88J\x91\xe4\xa9\x06(\x86`\xc4\x96<\
\x01\xa4v&\xd9't%B\xc1RxN\x0b\x19\xf3\
\xaaA\xec\xd7*&\xab\x9c\xda\xb9\xa9\xe7\xa5\xedk\xbb\
F\xae\xdb\xd4\xf9\xc2\x1a\x13/\xb5\x03\xa7\x02\xa02$\
\xc3\xfb,+\x90\x9a\x7f\x1b/\xc5\x192`\xba\x14V\
_\xa4k\xa6\xf4O?=<\x99\xfb\xe2\xd7\x9e\xed\xfa\
\xc2\x13O\xad}\xf5Hc\x9bm\xf5\xec\x84\x9a\xdb\x1a\
\xc4\xb955ft*\xb6\xedp\xceu\x16\xba\x8ae\
\x9b(\x14\xf3\x88\x02\x1f\xe5\x89Q\xd86iqO\xc1\
RY\x81)6IR\x13\x12\x1d\xd4y\x00i\xfa\xd5\
\xb9\xc5O3\xf7\x8eg)=\xcd6M\x06L\x17\xa9\
\xb3,\xd9e.\xbd\xf0\x87nYk\x81L/\xd4\x7f\
\x08\x82::\x9d\x85%\xda\xe0\xaa(\x80\xa2>)k\
\x8aE\xd9\xb1\xcc}#\x8eG\x90\xc7T\xf2\xf0\x8a=\
\x14\x1f\x0c5X\x0e\x83\xefNB\x83\x8b\xdbo\xdd\x85\
_}d7n\xbdi\x08\x16\xe9+NV\xd0^r\
\xc0\x02\x171\x8bPL\x0a\xa3j\x95\x9a\xa0\x1c*\xb5\
u\xcd\xcb\xf2\xad\x80\xc1\xbcN\xbe\xc2\x0f\xce\x80\xe9\xfc\
\x1b\xb8U\xff\xbb\xd0\xfb\xa7\xf1\x189\xca\xdb\xe6L,\
\x06c\x852\xb8\x89M5\xe1\xb6&\x89Tzg\x1c\
\x13,\x8eP\xafN\x08N\xdfR\xa1\xc8\x83 \x88'\
'^\xf5b>6\xb9i \x7f\xfc\x86\x0dk\x0f\xfc\
\xd2\xfa\xde\x91-%\xec\xeb\xd3p\xa8\xdb\xc2hQ\xf2\
\x9ff\xf2\xa6\xf3o\xe6E?C\x06L\x17\xdd\xe4\x0b\
\x7f\xc1f\xfa\xa7\xa7\xfe\xf9\xe7\xed\x8f}\xe9{C\xdf\
\x7f\xf6\x85-\xbeo\x0d\x9bz\xd7v\xdfS\xd7\x03z\
\x8fn\xb7\xe7]\xa6\x1b\xb1\xa2*\x9a\x0e\x85\xf8\xeb\xc2\
\xd0\x07\x0b=\x18\xb6\x86\xb6b\x1e\xb5\x1a\xbd\xdb\x14\xc5\
\x97\x9e\x1d\x11\xe2\x14\xabY\x09PC\xd6\x1c\xea\x17;\
\xcex\xc0\x0c\x98.|{_\xd9WXZ`j\xeb\
\x04?\xa9\x1eX\x11\x80\x94q#\x01\xa6\xfa4\xcb\x99\
BEJ\x81$ '\xc5&!\x12\x11CQ\x1a\xe0\
\xec\x0c\xea\x8d\x93\xd8\xb9\xfd\x1a|\xf4\xd7\x1f\xc2\xbb\xdf\
>,xHC\x97#g\x12]Z(\xf7\x17\x0aQ\
@\x1cQ\xe8R\x81\xa6\x9b *\xccV\x13{\xab\xb6\
\x9d\xef\xf1\xad\xce\xbf\x92\xff\x9e\x01\xd3\xf9\xb7n\xab\xfe\
\xd7\x0a\x98\x16uE0\xbcDD=\x08MF+\xc4\
\x0f\x83\xc6\x04!!\x0c\x8d\xd8]4\xe1=\xf5\xfd\x10\
1\xe3\xd0\xac\x1clGc~8\x1e5&\x8e7,\
orl\xdb`\xe7\x91\xb7\xed\xda\xb4\xff\xa6\xad\xa5\x91\
\xd5\x06\xf6\xe7\x80c\x060\xd6\x99\xc9\x9b\xce\xbf\xa1\x17\
\xf9\x0c\x190]d\x83/\xe4\xe5\x9a\xe9\x9f\xbe\xff\xed\
WJ_\xf8\xc7\xef\xf6\xff\xcb\xbf>\xb7)b\xb9\x1d\
\x5c\xcd\xed\x80nm\x86\xaa\xf7\xab\xaaZRU\xa2\x7f\
2U/\xd4\x85\xe6\x87Bj\x1f\x89*\x93\xa2\x92\xf2\
\x07\x0d\x0f\x09&%~G\xd2O\x8e)'\x94\xe8=\
\x88p\x99>94\xd2 \xbd\x00\xa1\xdf9\x99\xe8\xe7\
H\x8af\x9c\x8b\x0b\xd9'\x96\xfa\xdc\xad&\xae\xd9\x0b\
\x99\xd7z\xbf\xd3\x0b\x9f\xd7z\xa4\xac\xb47\xb5\x18\xae\
Kl\x96\x1a\x95\xfb\x01\x8a\x89\x86\x1b\xcara\xdd\x04\
\xa2\x00\x86\xa5\x8aPb\xe8W\xa0\xc1G[\xde@\x1c\
y\x98\x18?\x84k6\x97\xf0\xfe{\xdf\x8a\xf7\xef~\
/\xd6\xac2\xa0Fr\xc9F\xdeR\xe9\xfb\x91S\xad\
\x5c\xdc\xd1{$\xc5$R>\xd2Ta\xe7\xb5\xdf}\
v\xc4|-\x90\x01\xd3\xf9Zp~\xc7\x13\x1b\x85N\
\xf4\x14\x22\xe6.c\x12q\x12\x01!\xf7\x87x?\x05\
\x13\xc6tT\x8e\xb2Q)^\x11+\x22\xd4\x01\x1e\xd4\
\xb9\xc2\x5c\xaep/\xd0y\xa3\xe6\xa0vf\xa8\xc38\
\xf4\x86m\xeb\xf6\xde\xbc\xadkd\xc0\xc4\xc1\xeeL\xde\
t~\x0d\xb5\x04Gg\xc0t\x09\x8c\xbe\x10\x97\xa4\xb0\
\xfdK\x80qv_%\xff\xc4\x17\xbe\xdd\xfd\xe4\x93?\
\x5c_\xf7\xcd\xedc5u8\x82\xb5\x85\xab\xfa\x104\
\xb5\x83\xab\xdcVT\x8a\x80\x12\xfd\x9b\x06D)_>\
\xf14RxRV\x1f\xa7\xba\xc9R\x11\x94<I\xa9\
G\x89\x08\xc8\x89\xe6Iz\x80\xc8st\xc9\xc0T\x00\
\xdc\x85\xb0Fv\xce\xe5b\x81\xe5\x0eLy\x1c\x22\x9f\
\xcfC\xd5M\xb8n\x00\x8f\xd8\xf1IaIQ\xc1\xa3\
\x08\xc5\xa2\x89\xca\xe4Y \xaa\xa2\xa7'\x07\x957p\
\xf6\xd4\x11l\xdc8\x88{\xef\xb9\x13\xf7\xdf\xfbF\x0c\
\xf6ZB\xd3^p\xa1\x06\x0c\x96&yOc\xbf\x01\
\xdb\xa1\xe2\xa6t\x93\x80T$\x02$#\xaf&\x04(\
\xb2m),\x90\x01\xd3\xa5\xb0\xfa\xcckJ\xd9\x02\xa1\
\x8d&\xdf\x89$\xb5K\x0aMP\xc1!\xcd>R\x02\
U\x860\x92\xa8]B\xd0O\x1c\xb3a\xe4#D\xc0\
\xa1\xf81\x8b\xab\x81\x16\xd7\xca\x83\x05\xf5\xe4\xfav\xe3\
\xc5\xfb\xde\xb4sd\xd0\xc2\xdeA\x1d/u\x988\x1d\
\x01\xb5,\xfft\xe9\xdb\xbd\xd5\x1dd\xc0\xb4\x95\x85\x96\
\xf9\xdf\xa7\xe8\x9f\xc6\xe1|\xf3\x1b\xcft\xfc\xc5_<\
\xb6\xfa\xd8\xf1\xea\xd6|i\xd5\xce\xd1\xb2\x7f\xad\x9do\
_\x17\xaaz\x17\x83\x96\xe3\x0at&\xea8TRG\
\x16\x93'\xe5\xcb\x91J\x87\x00\x10D\x07\x95\x0c\x14\x04\
Ni#\xc7\x91\xe0v\x14\x9c\xa32\x07\x0f\x94\x877\
\xa5q\xff\x1a=\xa6\xb3\xec\x99\x01\xd3e\xde\xc1\xe6y\
{\x0b\x0fL/\xb8.jq\xf7T\xf9\x9b\xe8\x80S\
4 \x96R\x8bS\x93 \xf7\xa1p\x0f\xc5\x82\x8a\xbc\
\x13b|\xf4(T\xd4p\xf7\xbb\xef\xc4}\xf7\xbd\x07\
\xab\xfbK\xd8\xb61/\xe6\xcb\xd0\x0f\xc4\xcbBJA\
RM\x0a\x08=\x0f\x86iN\x9dO\x82Rr\x9cN\
\xc7\x114%\xfd\xfb<\x0d\x9d\x1d\xfe\x9a-\x90\x01\xd3\
\xd7l\xb2\xcbz\x00yICU\xe6sS\x9e\xa9\x14\
-\x90\x8aPb\x13\x8e\x0b)A-7\x91\x89*\x81\
*\xa5\xd2p\x05\x86\xee\xa0\xe6\x05\x82\x9a\xdf\xa0\x1c\x1a\
0\xee\xd6\xc6\x224\xc6\xbc\x02\xabO\xbcn\xa8\xe3\xe8\
\xeb\xd7\xf6\x1c\xb8yS\xf7\xc8\xa6\x0e\xec\xcb\xe98\xac\
\x03\xa3\x01\xd0\xd8\x04\x84\x19\xbd\xd4em\xd2\xcbv\xb2\
\x0c\x98^6S.\xee\x89\xd2<\xd2\x93\x80\xf9\xec\xf7\
\x8f\xb4\xfd\xc9'\xffv\xf0GO\xef\xdf\xbcjp\xdb\
\xb0\xaa\x17w\x9c<[\xdf`:\x85\xfeXU\x0b1\
\x14#V\xa0\x92o\x93<\x9f\x044\x15F\x1a\xcf1\
r\xa4|C\xda\xddM\x9b\x90\x8b#o*\x0d\x05!\
\xf1\x95\x12\x84\xa5-\x01\xa6i\x01\x94\x00\xac\x17\xa6\x8d\
kE*\x97\x01\xd3\xc5\xed7\x8b}\xb5\x85\x06\xa6\x09\
\x06\xbc\xc4\xc7R\x114\x02\x18v\x0e\x9a\xa6!\x0a<\
D\xa1\x07M\xe3\xb0,\x05\xa6\x16\xa1Q?\x0bC\xf3\
\xc0\xe3I\xec\xdc\xb1N\xd0?\xddr\xcbu\xe8(i\
\xe8,R.\xa9/\xc2\x8d\xc4`A\xf2\xbb\xd4\x9fC\
?\x16E\x1b\xf4\xec\xf4}\x0at\x05 U\x12\x96T\
\x9a\x85\xb9\xa4\xc8\x99OU\xfe%>xv\x18-\xba\
gI\x92f\xcaO\x8b\xdb-\x08\x98\xfa\xaa\x89X\x05\
tFB\x13\x94W*J\x0e\xa7\xd2]\xc28I\xf6\
\x11_\xc6\xd0\xe0AQBh\xc9\x9c\xe5\xd8\xed\xa84\
<D\x5c\x83S\xcc\xc1p\x00\xdf\xe3\x88\xeb\x93\xcc\x8c\
j\xa1\xe9\x8d7z\x8c`ts\xa7y\xf8\xfa\x8d\x83\
\xfb^\xbf\xb1gd]'\x0e\xe8\xc0\xd1\x10\x98\xd8\x22\
\xe9\xa52y\xd3\xc5m\xfa\x96W\xcb\x80iK\x13-\
\xaf\x1dR\xd5\xa6\xc3\x87a\x1e\x1e\xab\x16\xfe\xe2\xd1'\
z\xff\xed\xe9\xe77\x04\x0deGW\xc7\xd0\xf0\x89\x13\
\x95k\x1a>\x06\xbb\xba\xfb\xdaB\x0e\x8b\xeb\xd0\x22p\
%R\xa8\xf2X$\xf3\x88\xfcP\x85F\x03\x1e\x89B\
\x0d\xca\x83\x93\xd3\xa5*\xf5\xc2\x05U\x8e,v\xa2\x84\
\xf3f\x9d\xfaf\xa0!j\x95[ \xcf\x0c\x98.\xaf\
\xfe\xb3\xd8w\xb3\xdc\x81\xa9i8\xa0<\xcf\xd0o \
\xf0\xeb\xc8\xe5TA\xed\x14\xf8\x13\x18;{\x14}\x9d\
\x16l+\xc2{\xdfu\x07>\xf4\xf0\xbdX\xbb\x96\x00\
\xa8\x84\x92\xb5j\x0d\xdd\xc5\x82\x08.\xcaME\x18\xc6\
\x82b\x8d\xf8IM3y?\xc4(K\xfbH`*\
7\xe9\x99U\x954\x95f\xb1[&\xbb^\x06L\x97\
\xb6\x0f\xa4\xc0\x94\xe6\x97)`*\x15\x82\xa7\xd2]\xce\
\x05\xa6\x01\x14\x84\xa2L\x8a\xf6r\xec\x12\xean\x80(\
\xe60,\x1b\xd0u\x04\x81\x8f\x88r\xc3\x95\x80\xe7\xd4\
\x90\xa9\xded\x90\x8b*\xb5AG9\xb5\xb5\xb7\xf4\xf2\
\x8e5\xbd{\xb7\xae\xee\x18Y\xdd\x83\x17s\xc0I\x13\
(\x0fHz\xa9L\xdeti\xbb\xc4\xd4\xd53`\xba\
L\x1a\xe2bn\x83\xf2H\xf7\x02\xbaw\x08\xce\xd7\xbf\
\xf2\xed\xae\xbf{\xec\xc9\xb5G\x0e\x9e\xdc\xd6\xb7n\xeb\
N\xcfe\xdb\xdcz\xb4\xa6\xb7w\xa83\x8c\xe1\x9c\x1d\
\x9b\xd0\xacBNUt\x8d\xd4HV=h\x00\x00 \
\x00IDAT\xed\x11#\x964\x1c\x8c\xbc\xa5R\x0f\
\x9c\xc2\x22\x8eIA\x10Z\x96\xca\xe9\x953\x22\xc4I\
\xb4\xc2)\xd8\xcf$y\x87\xccI\x9fV\xbf\x11\x9e\x1f\
EC(\xd2\x7f\xe6\xce\x93\xcb\x80\xe9\xc5\xb4\xec\xca\xdd\
gy\x03S\xa0\xa3\xa3\x1b\x95\xc91Q\xcc\x94\xcf+\
\xe0Q\x0d\xd5\xc9\x93\xb0\x0c\x17\xfd\xdd9\xdcz\xcb0\
\x1e\xbe\xffn\xdc|\xe3\xa0\xc0\x92\x14G\xe0\x8c#\x0a\
\x5c\x98\xba\x06\xc4\xbe\x98\x08\xc9Sj\x986,\xcb\x01\
Q\x5c\xa4[\x1a\x11H\x85)\xa8\xa0\x83\xb64\x06\xa1\
\xa8\x99\xc7t\xa9z\x7f\x06L\x97\xca\xf2\xe9\xd2LE\
\xa4\x98\xc2\xf1\xa1Q\x18\x9f\xc2\xf94\xc7\xc8`B\x12\
\xa1k*B\xa0\xfa\x07z\x7f\xc4\xa7\x0c\xf1K\xb6B\
\xe2@\x95?1U\xf8G\x91X\xf6i\xaa\x02\x95\x85\
(X\x1a/\xe9q\xac\xb9\x13>/\x9f\x99\xec2p\
b\xd7\xa6\xf5\x07o\xd820r\xdd&\xec\xb5\x81C\
y\xe0\x8c\x0fd\xf2\xa6K\xdb%2`\xbaL\xec\x7f\
Q\xb71E\xfft\x16\xf6g\xff\xf9\xd9\xb6O\xfd\xbf\
\x8f\x0d\xbd\xf8\xca\xd9-]=\x1b\x87-\xbb\x7f\xfb\xe9\
S\x13\xebu\xdd\xe8\xcd\xe7\xf2y\xd7\xf7\x0c\xcd\xb0\x94\
\x5c!\xafT]\x0f~\x18!\x16\x15\x8fR\xfb[\x15\
y;$\xa7(\x93\xca5\x9d\xf2u\x98\xf0\x94RU\
$U\xdc\x0b\xc6F12$|rt\x1c\xe5\xf4\xa8\
\x92&'\xfd7yL\x83\x88\xc2\xf9\xd3\x13\xf1\xec\x07\
\xca\x80\xe9E5\xf1\x8a\xddiY\x03S\x85!\xf0}\
\x18:GG\x9b\x0dK\x0f1v\xf6e\xb0\xa8\x8c;\
n\xdb\x85{\xde}\x07\xee\x7f\xdf\x8d\xa8\x95\x99Pl\
*Q\x98\xd0\x8fD.\xa9\xe3\x98\x92\xd8F\xa1hC\
 &HU3\x12\x1a~\x15\x15\xd7C\xbd^G_\
WO\x02Di\xe2\x95o\x14\xbd{\x82\xc8\x82\xbc\xa7\
\xaa\x9a\xbef+\xb6\x0f,\xd7\x07\xcb\x80\xe9\xd2\xb6\x0c\
\xcdEi>i\x12\xcc\x137D)/\xe44\xa1\xf7\
\x83j\xf0\xa7I_$U\xa1\x98\x9f\x92\xa2A\xd7\xad\
\xc3\xb25\x98\x86\x0a\x85\xc5`q(\xde3\xa2\x97\xa2\
4\x19\xbaF\xe4\xf9P\x08\xa0::\xb3\xd4(FP\
s\x95\xb0>VdcG\xef\xbbu\xf3/\xd6\x14\xf9\
\xc8`\x7f\xf7\xfe\x9e\x82~\xa4\x08\x8c\xb5\x03\x8d$\xbc\
\xdfj\xfaZZ\x03\xae\xe0\xabg\x1e\xd3e\xdc\xb8\xcd\
\xf4O\xcf=\xf3r\xf1\xbf\xff\xf5c\xfdO?w`\
\xa3fw\xef0\xf4\xf6\xe1\x89\xb1xs\xc8\xec\x81\x5c\
\xae\xbd\xa4\xe9\xaa\xa9\xa8\x5c\xd54E\xa1P\xa2\x1f\xc5\
\xd0L\x03\xae\x1f\xca\x979\xa1\xa9\x99\xa2\xc7\x17\x13c\
\x04]\x8d\xc19\x85\xeb)\x8c\x9fPA%\x1eS9\
c\x12(\x95\x84\xe2)0\x15\x14Q\xb4&U\x15\xf8\
\x01U\x18g\x1e\xd3e\xdc\x8d\x96\xf4\xd6.\x04Le\
\xa1\xdd\xcc\xb1\x7fZ\xc0!\xbd\xed\xf3\x0dQ\xa2\xf3\x8a\
\x09H#`\x97H\xe5\xb2$\x873\xad\xde\x9d\xf1\xe0\
MB\x0ei\xe8\x9dB\x82*\x1a\xc8Y\x0c\xd5\xeaY\
x\xd53\xd8\xbe}\x0d\x1ey\xe8\x1e\xbc\xfb\xed\xb7b\
\xa0O\x81_\x0dP*\x980\x14\xf2\x92z\xa0*z\
]7\x93\xc9\x92\xbc7!d:6-\xd2B\xc4\xf4\
Zh\x064\xd5\x10\x8bA\x99/'\xdf$\x01L\x9b\
\xc0\xa9\xb8?:6\x1b\x85\x97\xa4\x8f6\x03\xd3\xe7&\
\x81O>\xb6\x07\x93A7\xa2\xd2\x10\xce2\x15\xb5(\
F\xc1\x90\xac\x0ai:\x93\x14\xa3e\xc2\xbb'}u\
\xe7\xdf.\xc0\xa0\xb7$\xcf\xba\x1c/*\xde_\x11\xb9\
\xa3\x18\xba\xf4\x92\x92\x9d\x050%g\x08\x22\xe8\x1a\xbd\
\xe7\x92\xbap\x0a\x94\x12\xd7\xb0\x22\xab\xf8\xc3\xc0\x87\xed\
\xe80t\x05Q\xd0\x00\xf3\x031&\x18\xf4\x0e\x8a\xff\
H\xbd0\x14\xde\xd4<-&\xd5\x987\xea\x93\xdc\x0f\
ja\x8e\x95k\xb9\xf2\xc1\xb3\xd7m\xecy\xe5\xc6\x9d\
\xbb\xf6\xed\xd8\xd0>\xd2c\xe3\x80\x91\xc9\x9b.yw\
\xc9\x86\xc4%o\x82\xf3\xdf@\xaa\xda\xf4\xcd}\x95\xc2\
\x17?\xfb\xe5\xee\xaf<\xf5\xbdu\xe52\xae\xcd\x17{\
\x87\x83\xc0\xdc\x1a\x87\xfaj\xcbjk\xf7c\xd5\xe1\x10\
\xec\xdd\x14\xa3\x9f:\xd9T\x1d\xa3H,\x95t\x1c\xcd\
!wYtOt\x1cI\xde\xdb\xd4\xc4\x9dP\xd9\xa4\
|6S\x1aOr\x7f9\x05\xcbO1\x884)u\
\x9c\xefI2\xe5\xa6e\xda\xc1.\xd3m\xcd%\xbct\
1$H\x82\xa7P'\xd6\x07.\xfb\x12W\x04-\x99\
\xf8\xa4\x89H\xf4\xd1\x99gJ\xfb-}O\x93\x7f)\
\xdf\x8eF\xa3&\xf2CU\x83\xc10)\xa4\xc7\xc0U\
M\xe4\x8e\x12\x09\x05\xe5}R\xfa\x0a\x15\xf4\xc5q(\
\xbc*\xba\xae\x22o\xc5\xb0\xe3\xd3\xa8N\x1cE\x7f_\
\x1bv\xef~\x1b\xee\xbd\xf7\xed\xd8\xba\xa5\x04\x9dR\xb0\
\x19`\xa8\x84\x1d\xa5\xf2S\x0a6\xa6\xaa\x86gU\xd8\
\x0b\x0c\x9a\x84 \xa7a\xf5\xf4\x10;c\xb0M#\x94\
\xd9\x08|\x99z\xe2k?M\x0aLOC\xc1\xbfO\
\x02\x7f\x9e\x00S^\x18\xc2Y\xae\xa2\x1cK\xb6\x12\xea\
\x9b\x120MW\x8c\xa7agG3\xa6@j\xf3\x1d\
\xa4\xcd\x9a.\xcc2\xa0z\xfe\xf6\x99-q=s/\
\xa9\xbf6\xbdx\xa5\x97\x92\xdaC~+\x97\xa7\xe9\xdf\
\x93\x9c\xeddn\x9a\xae\xec\x9f~\xc1\xa6\x8f\x12s\x1e\
W\xe13\xb7~*\x88kg+%-:u\xdd\xfa\
U/\xbd\xf5\xfa\xad#\xc3k\xd5\x17\xda5\xbc\x14\x9c\
\xa9\x9f\xba\xa97_A&o\xfa\xda_\xaey\x1e\x91\
\x0d\x8b\xf34\xe0\xe5><\xa5\x7fz\xfa\x00\xec\xaf}\
\xe3k\x1d\x9f\xf9\xdc\xd7\xd7\x8cOF[<\xdf\xdci\
;\x1d\xd7\xdaN\xe7Z\x16k\xddq\xa4\xe6\x15U\xd7\
#\xc6UA\xf24GKR\xf1\xd240\x9d}\xb7\
R\xfb{\xb6\xd7\xeab\x9fI\xf2\xce\x917v\xee#\
2`z\xb1\xd6\xbc2\xf7\xbbT`*'j\x06\x83\
\x92\xcb\xd2T\x92\x84\xbaI\xf8\xe7\x13p:\xdb'%\
s5e\x12\x1au;]\xd1E\x81\x1e\x81QMW\
DE\xbd\xe4\xe1\x959g\x8d\xba\x07\xcb4E\xc4\x9c\
\xb3\x94j&D\xa3VEX}\x15}E\x1fw\xbd\
\xe5z\xdc\xf7\x81\xf7\xe2\xe6\x9b\xb6\xa0P\x00\xfc\x80\x81\
s\x1f\xb6A\x9e\x179\x9d\x09\xa7\xa8\x90'\x9d\xe6Z\
\x9c\x06\xa2s\xb7]\xebT\x86+\xb3\xddW\xc2]\xcf\
\x06\xa6\x7f\xf6\xf8\x1eT\xbdn\x100=\x03\x15\x93\xc2\
\xfd\xad \x14\x1cF\xd3\x14F\xe2\xd9\x89Z\x8f3\xe4\
(d\x9cxO\xe9\xebf\xa0%~O^\x90\x0c\x98\
.\xbf\x1e\xc3\x15\x8eF\xdc\xe0\xb6\xc1b'r=\xab\
1>\xd9\xc1+\xc7\xb7\x0du\x1c\xb8\xed\xbaM#7\
\xadw\xf6\xf5\xf98T\xcc\xe4M\x17\xbd\xf12`\xba\
\xe8&?\xff\x05\xd3\xb0\xfdI\xc0\xda\xf3\xe4\xe1\xd2_\
\xfd\xfd?\x0e\xfe\xe8'\x0767|e\xb8\xd0\xd6\xbf\
\xc3\xc9un\xf4\x03\xb5/\x0cP\x80\xa2\x9b\xa4\xd6\xe6\
{\xa1b\xda\x8e\x94\x09\xcd\x80\xe92i\xc9\xab\xeb6\
\xe6\x0bL\x85\xf2\xd1l5\xb0&\x13\xa6\x0b\x9b\x99\x8b\
\x1fI\xb4M^L\xf2\x80R>\x99\xaa\x9a\x22O\x9a\
 $1\xf4\x8a\x1ci\x16\x8b\x10\x1f\x8b(e\xcc\x13\
\xda\xf6QT\x81\xa6\x86\xe8\xe9.a\xa8\xbf\x88\xdfx\
\xf8=\xb8\xee\xda\xf5\xd8\xb0\xb1 \x0a\xfc<\x9f\xc14\
H\xb9\x89\xbc\xb6\x01\xb4\xc4g\xa3%,\x15\x12`L\
\xbfl4\xb9]h\xcb\x80\xe9\xf2}\x1f\x08\x98z\xe0\
 \x8fi\x1a\xca/\xfb\xdd`\xc5!\x9c&\x8f)\xe3\
\xe0\xaa\x22\xe8\x8c\x84\xe7>\xf5\x86\xa7\xf9\xc1\x9c\xa1\xa0\
H`:\x1b\x90f\x1e\xd3\xe5\xdb\xee\xe9\x9d\xd1p1\
>9\x8a|[\x1e=9\x93\xe5\xa3z\xa4\xd7G\x1b\
\x16\xab\x8c\xf5\x96\x94#\xab\xf2\xda\xfe\x07n\xfd\xa5\x91\
\xb5\xdd\xd8\xaf\x02\xc7B`lS&o\xba(\x0d\x9b\
\x01\xd3E1\xf3\x05=\x8a\xd4\x06\xf4c~\xfbG\xd5\
\xfc\x9f\xfc\xf9_\xf6~\xe3;Oo\xc8\xe5z\xb6\x97\
:\x87\x86\xdd@\xdf\xa2\xa8\xd6\xa0\xeb\xb1\xf6\x86\x1bZ\
\xaa\xaai\x85BI\xa1\x09\xdd\xf3}\x91\x08.h\x9e\
2`\xba\xc4-yu^~~\xc0tj\x8a\x98\x12\
x\x90@N\xaa\x90\xc9\xd0i\x1a\x1e\x97\xe1\xfe\xe9M\
d\xa6\xc9<i\x91?m!\x22\xd7VLtN\xa4\
s\xcf\x81\xc8Gg\x9b\x8dj\xed$xT\x81iy\
PA\x0aNy\xdc\xfd\x9e\xb7\xe3\xfe\xfb\xde\x85\xf5\xab\
\x14\xd8\xc9\xee\xb5\xaa'\xf2\xa8\xdb\x0b9A\xe6\x1d\xc4\
\x01L\x0a\xd5\x8a\xb4\x01\xe91#R\xef\xe6-\x03\xa6\
Wn\xbf\x9f\x1b\x98\x0e\xe2\x14tTb\x0e\xa6\xc9P\
\xbe\xf0\x98\x8a\x08Q\xd3B\x8a3\xe4\x15\x0d:y\x09\
f\xadO2`\xba\xfc\xfb\x05\xa5\x04\xc4\x86\x01?p\
\xa1\xbau8\xf0y\xa7\xce\xb9\xa3\xb9\x01\x8b\xcb5\xa3\
>vfgw\xfb\xa1\xdbwn\xde\xbbzM\xd7\xc8\
\xaa\x0e\x1cl\x9b\x967%\xfeS\xa6\xd0@\x95m\x97\
\xdd\x02\x190\xbd\xec&\xbd\xf8\x13\xa6y\xa4\xcf\x1f\x82\
\xf3\xd9\xcf|\xb1\xeb\xf3O|}\x8d\xdbP\xb6\x15:\
\x86v6<u\xab\x17jk\xb9fw\xfa>\xcf\x91\
,\xbdn\x9a\xaam\xdbb\xe2\x0e\xc2\x06\xc2 \x86a\
\xe53`z\xf1&\xcf\xf6\xbc\xcc\x16\x98/0MR\
\xa0\x85\xf4 \x8d\xf1B\x89L\xa5\xd0<\x8d\xfa\x14\x0b\
`2\xdf4\xc9\xf3\x9b\xd6\x99'\x80\x10AQ\x03\xd2\
\x8d\x81\xc6m(\xb1\x03\x95Y2!0\x22\xbd{\x0f\
,\x9e@g\x91\xe6\x8eIXF\x0dw\xbc\xf1:<\
\xf2\xa1{\xf1\xba\xe1~\xb1\x8b[\xab\x8b\xe2\x89\x5c\xce\
\x12K<\x8ePp \xa6)09\xcb\x11\xef\x97\x04\
\xa6\x92\xcd\x22\x03\xa6\x97\xb9\x13-\xd1\xe9\x08\x98\xfa\x88\
q\x1a\x1a~$\x8a\x9f\xfeM\x14?\xc5\xc5!\x9c\xe1\
:&\xa9\xca\x9b\xd2\xf7\xa7*F\x13\xcf\xa9X\xa1\xd0\
0,\x81\xa9I\xf2x\xb3\xb6\x0c\x98.Q\xa3\xbe\x86\
\xcb\x120\xf5\x14C\xd0K\xc1\xf7\xa1\x06\x0d\x18\xdc\x87\
c2n\xe7X\x5c2\xe2\xc0=t\xb0\xbcu\xb0\xf3\
\xe4\xaa\x1e\xeb\xc5\xe1\x8d\x83#\xaf\xdf\xd0\xf7BO\x0e\
\x07\xbb\x81\x13\x1d@MQH\x93;\xdb.\xb7\x052\
`z\xb9-z\x11\xe7K\xc3\xf6?\xff\xf9i\xfbk\
\xcf\xecm\xff\xf2\xff\xf8\xfe\xaa\x97_<r\x8d\x95\xef\
\x1c\xe6,\xb7\xc3\x0b\x8d\xf5\x5c\xc9\xf5\xba>\x0aN\xbe\
\xdd\x88c\xaeh\x86\xa1\xd8\x0eU\x18\xfa(W\xc6\xc0\
#\x0f\xa6E\xec\xf8\x04T/\xddc\xaaQ.^S\
\x8e\xd4E\xdc\xfe\xd4.\x02,\xc8\xec\xbb9\xb7,\xc7\
\xf4\xb5X\xf4\xca\xdbw\xbe\xc04\x16EI\x8a`~\
\x10y\xa2S\xc0Tr\xe6\xf2\x98\xf8re\x16\xb4\xfc\
LX \x84;5\x86\xaa\x06T\xc7\x00]\xb1a\xaa\
y\xb0@\x82Mz?,\xcdG{\x09\xa8\x8c\x1f\xc6\
\x0d\xaf_\x8f\xdf\xfd\x9d_\xc1[\xdf\xbc\x1e\x9e\x0f\xf8\
\xf5\x0a\xba:K\x02\x8a6\xbc\xba\xa8\xb4\xb6mKp\
\xfa\xba\xae+\x1a\x22g\xe5\xa0\xa9\xa4\xdcD\xc0T\x0e\
\x95\x190\xbd\xf2\xfa\xe8\x5cw<\x1b\x98\xfe\xe9\xe3\xff\
\x86\xf2\x140\x95\xc5OTW*=\xa6\xe9Y\x12\x94\
J\xe9'\x14\xca\x87\x06\xe3<\xa4B\x190]\xfe\xfd\
\x84\x80\xe9\x84\x1bB7L\x14L\x03&5m\xcc\xe1\
\x075\xd4\xe3\x0a\xb4\xa0\xca7\x14\xac(\x9a<\xedE\
\xb5\x13\x13[\xfa\x8bGoX\xd3\xb5\xf7\xe6\xcd\x83\xcf\
\xdc\xb6\xb1\xff\x07E\xe0\x18e\x83d^\xd3\xcb\xdf\xd6\
\x190\xbd\xfc6myF\xce\xb9vh\x02\x85\xff\xfd\
\xbf\xfc\xdf\x83\x8f}\xfd\xe9k\xec\xfc\xeaa?\xc4\xb0\
\xeb\xb2\xcd\xa6\xdd9\xc0\xb9U\x0ab\xd3rrmj\
\xa3\x1e(D\x92OU\xc44-s\xe6\x81\xf3\x10\xb6\
c \x9f/`l\xbc>o`z\xa9\xc5O\xf4\xa0\
\x190m\xd9\xdc+z\x87\xd7\x0eL\x13\x9a\x9d\xa4\xe2\
\x9e\x80)\xe5\xf1\x89\xcaw\x22\xda&\xb0\xa9%\xa4Q\
\x0aC\x1c\x92n\x99\xac\xc0\x15\x94f\x92\xacGP\x94\
\xd1\x82\xcaPc\xb0\xc8\x83\xae\x1a\xb0\x0c\x13A\xa3\x0e\
\xb76\x81\xbc\xcd\x05A\xbe\xca\xca\xf8\xadO<\x82\xf7\
\xdfs\xa3\x08\xb7F~\x0d\xfd=\x05\x813\x8e\xbfz\
\x18\x03\x83\x83\x08\xe2P\x00b\xa2\x98\xa1\x1e\x1d\xc6D\
\xa1F\xbf\x13WiJ\x80\x9f\xdcD\xda\x9a\xb2\x0a\xaa\
e\xdbf9\xa6-M\xb4d;\xc8P~\xe21-\
\x03\x04L\xc9cJ9\xa6D\x17U\x8d)\x9dD\xd2\
\x12\x89\x1e9\x15\xcaO8h9CI\x84\xf2\xe7~\
\x84\xa4\x5cn\xc9\x9e1\xbb\xf0\xdc\x16\xa0\xf1\xa4\xd8a\
\xa2Z\x07\xea\x95P,\x82uJ07(\x91\xd4\x07\
\x0f\xaaX\x9fw\x10\x8e\x9f`\x16+\x87C\xb9\xb8^\
\xac\xbcz\xf4\x96\x0d\x9d\xdf\xfb\xe0/\xbf\xe1\x9f\xdaB\
\xf7\xa7\x1d\x1d\x1dU\x85V\xd4\xd9vY-\x90\x01\xd3\
\xcbj\xce\xd6'K\xbc\xa5\xf6\x8f~\xf6\xea\xea\xb7\xbd\
\xf7WnVK\xd7\xbc\xc1\x8br;L\xb3\xb8\xda\xb4\
\x0b\x1d\x0d7\xb6\x1b.\xd3\x15\xc5V\x0c\xc3\x86\xaa\xdb\
B\xc7;\x8e}\x91\x0b\xa3)LJ\x1d\xf2\x10\xae\xeb\
\xc10\x8b\xf3\x00\xa6\x04\x04$\xbc\xbc\xb4M\x12\xf7_\
h\xcb<\xa6\x97f\xd9+\xe5\xa8\xf9\x00S\x02\x97\x04\
L)n/\x88\xb4I3\x9b\xf4\xb0U\x11\x03\x10\xee\
\xc90\x0c\x85)\x08\x90\x0a\xd2\xa6\x84\x8f\x978\x0d\x89\
\x84\xdb@\x888\xa8\xc32T8\xb6\x82 (\x0b\x82\
\xfc\xb5\xab\xda\xb1\xed\x9a!\xfc\xd7\xff\xf5\x13pL\x08\
r|\xdb\x80\x98|\x88\xef\x90dEu\xcb\x10\xdc\xa3\
\x86I\xdc\x14\xa4\x1a\x13\x8a\xa2)\xca\xdf\xa6\xf4\x00\xc6\
\x08,\x93\xc7\xf4\xd2@)\xddw\x06L\x97oON\
\x81\xe9I\x0a\xe5\x97\x81?K\x80)\x17\xc0TGU\
\xb0=\xc8\xf1-\xe5\xd7%\xc2v\xfaM\xa6\x99 \xa9\
\xca\xcf\x80\xe9\xf2m\xe5\xb9\xefL\xf0\xa0\x92J\x94`\
V\xb0D\x1b\x87\x1c\x885 \xb4\x01Sa\x180T\
\xb0\x89Qt\x18>/\x06\xa3\xd1\x99\xe7\xbf=z\xf3\
\xba\xd2\xbf\xfd\xe7\x8f\xde\xff\xd9\x0d\x1d\xc5g\x01Ld\
\xc0\xf4\xf2\xb7~\x06L/\xbfM[\x015u\x02(\
\x1e\x7f\xa9v\xdd\xee\xfb?\xbe\xfb\xac\xdb\xf9\xa6H\xe9\
X\x03U/(\xaa\xa6\x83\x9b\xaaP_b\x14U \
O\xa9TU\x9a\x924\x14\x1a\xc1\x92\xe0\x9eV\xf3\x81\
\xe02\x99;\x94?U\xd5<\x07\x80\x94\xc0\xf4\xd27\
\x8ave\xdb\x95k\x81\xf9\x02\xa7s\x17\x1e)\x9f\xa0\
\xb4\x09-\xaa\xe46s\xf1#\x8b\x9a\xa6\x176)\x0d\
\x14U8\x93'T\x92\x98\xcb\xe3\xe9\x1d \xc0\xe8\x87\
\xb18\xc6\xd0MD\xb1\x82\xd0\xab\xc3\x82\x87\xf6\x92\x81\
 \x98\xc4\xd8\xe8!\xb4\xb5\x03\xef|\xfb\xadx\xe8\xc1\
w\xe1\xe6\x1b\x87\x84\xbf\x93\xee@\xfe\x90\x8aL\xb2\x94\
J+\xab\x05\xf0H;\xb1\xac\xf6\x97\x1b}O\xb4U\
TX\xd5\xd4\xbeS\x9e\xd2\xc4\xf3+\xd9\xf5\xb3m\x81\
,\xd0ja\xdb\xaa\xff^\xe8x\x22u\xaf\x83\xe1\x0c\
\x01\xd3*\xf0\xa7_x\x1a\x95\xa0\x07j\xdbjL*\
\x16\xea\xe4\xcd\xa7Dd9\x02O\x09$\xd0oD\x02\
/\xfaw\xda\x9ff=\x7fV\x12\xb3@\x1d\xe2\xb2\x9e\
\x96\xc3\xb4 \x043\xe2HC\xad\x11\xa2\x110\x84\xb4\
j\xa5\xf5(\x8fQ\x0cbt*\x11\xda\xf5\x10\xee\xb1\
\x17\xd8\xc1\xa7>?\xfe{\x0f\xbd\xf3\xfb\xff\xcb\xc7\xee\
\xfe{T\xab{\x8a\xc5\xe2x\x06L/k\xa3L\x8d\
\xbe\x97\xff\xac\xd9\x19\xe7\xb4\x00\x15<U\xab\xe88t\
\xaaq\xcb\xee\xfb\x7f\xeb\xe1Q\xb7\xfb\x8d\xa1\xd2\xd6\xa3\
h\xaa\xa6\xaa\xba\xd4X\xa2\x90#\xa50q.^\x1a\
1,\xce\xd2\xd8\x16\x83#icDi\xde\xdd\xf9/\
\x99\x01\xd3\xac3^\xc8\x02\xad&\xf6V\xd6\x9b\x1f0\
m\xf2D%\x17\x92\xc0T\xe6r\x12l\xcd;9T\
\xabU\xc41G\xb1X\x14 \xd5m\xf8p}\x0f\x06\
b\x0cv9x\xf5\xc8~hZ\x1dw\xdeu\x03\x1e\
~\xe8\x1d\xb8\xe9\xe6u(\x16\x01\x16\x86p\x0c\xe1\xfb\
\x9c\x92\x97\xa0\x22\xa6\x99\xc5\xfd\x92\x05\xe0\xdc-Y\xf0\
\x11(=\x87\x0c?\xa9w\x10\xd2\x89\x14\xfe\xcf\xb6\x85\
\xb2\xc0B\x02\xd3HQ@\xd9\xc4\xc7\x18\xf0\xec\x04\xf0\
\xff|\xe9\xfb\xa8\x92\xf2Sn\x00g#\x15\x01'\x11\
\x06;Y$IA\x07\x8d\x01Le\xa2K\x884\xe7\
9\xa2M\x190]\xa8\x1eq\xf9\xce\xabR\xc4\xc5\x88\
\xc1\x18\xd1\xce\x19`\x8a\x09\xc50\x10i@\x8d\xe6`\
\xb7\x8e\xceP\xc1\x00EV\xce\x9e\xc0\xd9\xfd?`\x13\
?\xff\xee\xf8\x1f\x7ft\xf7\x9e?\xfc\x0fo{\x14\x8d\
\x0c\x98^\xbe\xd6\x98y\xa6y\xfa\xcb\x16\xea\xb6V\xee\
y\x13`\xda\xf9\xf2\xc9\xe0\xb6\xdd\xf7\xff\xe6\x87F\xbd\
\xde\xdbC\xa5\xadS\xa5M\x93`\x93\x06\xe3\x88\x13\xc9\
7\x9f\xf28\xa9\xb3hj\x84\xc7\x09*\xe28\xcd\xb9\
\xbb4`:W(\xf6b[@\xaa\xf3d\xdb\x95j\
\x81\x85j\x7f)7\xda\xcac\x9aH=r\x0a\x9d\xcb\
\x8d&~QkB\xc0\x943\xb4\x95\x0a\xf0\x1b\xee\x94\
Z\x13\x05\xf4\x83\xc0C\x1c\x86\xd0\x95\x00\x95\xd3\x87p\
\xcb\x8d\xdb\xb0\xfb}\xbf\x8c\xb7\xde\xf5K\xd8\xb0^\xd4\
\xab b\x01T%\x82I\xb9\xa8\xc2\xdf%=\x9bS\
\x8a0B\xf6\x90\xbei\x02\x96\xe7\xa4\x8a\xc9Eb\x06\
L\x97\xaew/40\x0d\x00\x1c\x8e\x81g&\x81\xbf\
\xfe\xea\x0fQ\x0d\xbb\xe1\x1a=\x18\x0d9\x22EG\xce\
\xb4@\x1a\x10\xd4\x17\xa5\x84\xa6\xb4\x05e\xa0\xc4B\x9a\
9\xdb\xaeT\x0b\x08`\xaa\xfa\x22](\x8a\x0d\x18f\
\x1e\x9ae\x81\xfaD9\xac\x81U\x1bXc\x14\xd1\xcd\
U\x1cy\xe1\xc783\xf2,\xc3\xe8\x81\xf1\xff\xfa\xfb\
\x1f\xdc\xf3\x9b\x1f~\xd3\xa3E\xad\xba\x07\xc8<\xa6\x0b\
\xd1\xfe\x190]\x08\xab^\xe0\x9c\x02\x98\x02\x9d\x07\x0f\
\x06\xb7\xbd\xff\xc1\xdf\xfa\xf0h\xa3\xfb\xb6Pi\xefT\
U\xa2&\x95!\xf9f`*\x08\xc8iK\x80\xa9\xcc\
q\xa2M~\x92gu>\xa1\xfc\x85\x02&\x8bl\xd6\
\xecr\x97h\x81\x85j\xff\x8b\x01\xa6i\xb7\xa6I\x9e\
\xfa\xb5\x04\xa33\x81\xa9\xcaCX\xa6\x06U\x89\x11\xfb\
uP\xd9\xbda\xc8\x90<\x0b+\xf8\x95\x07\xdf\x85;\
n\xbf\x1e7\xdc\xd4\x03\xdb\x01|\x8f\x0a\x18B\xd8B\
\xe2<\x12t\xfb\xd3\xefK\xa2]/_\xa8\x84\xfe\xe9\
R\x80\xa9(\xc5\x12g!\x99\xd3l[8\x0b,4\
0%\xe9\x85\xe3\x00\x9e\xab\x00\x7f\xfe\xc5\xe70\xe1w\
!\xce\xf5c\x92\xeb\x08\x15\x0d\x06E\xad\x98\x0c\xd9\xa7\
\x8b&z\xda\x98\xd4\xcaR\x0a\xb3\x85{\xfc\xec\xcc\x0b\
h\x01\x02\xa6\x8c5\x84\xc7T\xe1&\x14\xd5B\x0c\x0e\
?\x0a\x11\xf0\x00N\xcc\xb1^+\x22|\xf5\x0c^\xfe\
\xd9O\x10\x1c\xdb\xcfP;4\xfe\xbf\xfd\xe1\xc3{>\
\xf1\xebw<Z\xd4\xb0\x07@\x16\xca_\x806\xca\x80\
\xe9\x02\x18\xf5B\xa7\x9c\x02\xa6/\xc7\xb7\xbd\xef\x03\x1f\
\xff\xf0\x98\x00\xa6\x89\xc7t\x0a\x98\x12\xe0\x94\x1eS\xe1\
\xfe\x11\xf3hB\xf0\x9d\x9e<\xf9](\xdcL\xe3\xd6\
s.\xdd*\x94\xbfP\xc0d\x91\xcd\x9a]\xee\x12-\
\xb0P\xed\xdf\x12\x98&\xc0.\xcdHM=\x99\x14\x19\
 \xaf(\x01O\x15\x11\x06z;p\xec\xc8Ah\xf0\
1\xd0[\x84[\x1bC\xa3:\x8a7\xdf\xf1\x06\xfc\xda\
\xaf<\x80[o\xec\x86I\x04\xf9\x22'\x9b$N\x19\
,[\x942\x09\xcf\xaai\x12\x9d\xda\xf46\xd3\xc1\xaf\
@\x9d\x11\x8a'\xb0\xd9\xec\x05\x93\xd2\xa8\xb3eQ\x13\
\x8e\x80\x0c\x98^b\x9f{-\x87-40\x9d\xf0\x19\
\xc6-\x15?(\x03\xff\xd7\xe7\x9e\xc1X\xa3\x03j\xfb\
jTU\x03\x1e\x03\x1c\xcaq\x9e\x05L\xa9\x0f\x91\xb7\
\x94\x09\x97{6\x85\xbe\x96\xf6\x5c^\xfbrx~E\
\xa4\xcb\xe9\x9a\xe4+&N\xd38\x0e\xa0\xe91:\xa0\
\xa2m,\xc4\x91\x1f\xfd\x04\x13\xaf\x1cANm0\xf7\
\xec\xc8\xf8\xff\xfc\xdb\x1f\xd8\xf3\x87\xbf\xf7\xb6G5`\
O1\x03\xa6\x0b\xd2\xa4\xd9[\xb5 f\x9d\xfb\xa4\xcd\
\xc0t\xf7\x07>\xf1\xe11\xb7\xf3\xb6\x18\x12\x98*T\
\x8e\xcc5\xb1j\xa3\x89\x96M\x85\xef%(MK3\
f\x94h$3\xed\x5c\xcaO\x190]\xe4\x06\xbe\xc2\
.\xb7<\x80)\x85\xd8\xd3\x22?Y\x8cD\xa0TE\
\x88\xd0+c\xa8\xaf\x0d\xa1?\x86\xf13\x870\xbcm\
\x0d>\xfa\xeb\x0f\xe1\xae\xbbv\xa1\x94'\xceR\x0f\xa6\
\xce\x91\xcb\x11{\x85\x82(\x0cQ\xafWEe\x7f.\
\xe7L\x17_\x91\x87K\xb4M\x0a\x99e\x80?\x0d\xf1\
\xcb\xb7K\x16\x15No\x89\xb4\xa9\x88N\xcc\x1e*\xe5\
~\xf3\xcd\xd1\xbd\xc2\xba\xcb\xa2\xdf\xeeB\x02\xd3XQ\
P\x8b\x81S\xaa\x0c\xe5\xff\xb7\xcf=\x83\xf1\xa0\x13(\
\xadBY1\xe1\xc5@\xd10\x12\xc9Q\xe91%\x8f\
>U\xe4\xc7\xc4\xb1+\x94\xc9\xb2)t\xd1;\xc5e\
\xba 5]\xdd\xad\xc3\xb6\xf2\xd05[8\x82\x88O\
\xd9PC\x80x\x90\x89G\xea\xa5Sx\xe5\xd9\x9f\x00\
\x935tw\x98l\xf2\xe4\x8f\xc7\x7f\xf77\xef\xde\xf3\
\x9f\xfe\xe0\xdd\x8f\x9aZ\x06L/SS\x9cs\x9a\xec\
\xadZ(\xcb\xceq^\x02\xa6'\x81\xce\x13/\xc7\xb7\
\xed&\x8f\xa9\xdbu[\xac\x94:\x15UO\x92Lu\
Q\x8dOT5\x12\x98R\x09\x88\xdc\xd2d{\xb9N\
\x97\xdf\x0af\xc7)\xd9\xc6s/\x9a\x01\xd3En\xe0\
+\xecr\x97\x07\x98J\x0a\x9d\xe6mn\x8fi\x12\x02\
\x9fm\xa7)`*9\x22U\x1e\x09m\xfb\xae\x92\x89\
#\x07\x9fG\x7f\x7f\x0e\xbf\xfd\xf1\x87\xf1\xe0}oD\
[\x11\xf0\x1a.r\x0eG\xd1\xd6\x10\xc5>\x02?\x12\
\x15\xf4\xa6n\xc14\xecD\xcb\x94$K)7@\x82\
\xcei\xbe\x00\xc1\x9a*\x89\xf3\xa5\x84O\x13(m\xbe\
\xbf\xe4)Dt\x22\x01\xa73\x9cd$\x0a\x90\x0d\xa1\
\x0b\xd9\xe5\x17\x1a\x98\x12\xc7\xc9\xbe*\xf0\xfd1\x8e\xbf\
\xfd\xc6s\xa8+\x03\xf0\xcdn\x8cF\x0abM\x13\x1e\
S\x11\xc6O\xaa\xef\xd3\x22\xd4f`\x9a\x15:-d\
\x0fX\xb8s\xd3\x18P\xf5CXN^\x8e\x02\x11`\
k\x1c\x8e\xce\xe0\x95O\xc3;v\x02\xdeO_Ft\
|\x02h\xf8hw\x18kT\x0e\x8c\xff\xce\xef\xdc\xbb\
\xe7\xe3\xbfs\xd7\xa3\xed\x190]\xb0\xc6\xc9F\xd5\x05\
3\xed\xf9O<\x9dc\x1a\xdf\xb6\xfbA\xf2\x98v\xdc\
\x16+\x85\x04\x98\x1a`\xdc\x14\xe1CA<N\x9fS\
\xd5E\xa9Fs\x0a\x00\x12\xba\x92\x16-\x98\x01\xd3E\
n\xe0+\xear\xe7\x07V\xb3\x0b\xed\xd2G\x92\xa1\xcb\
\xe9M\xf8\xf1\x13M\xd1T\x9di\xda\xb3(\xa1\x1f\xd1\
=\xa5\xcab\xd3K,\xb9\xa4\x12\x87'\x9f\xf2o\x82\
I\x10*\x02\x11\xbaW\xe1\xc2\xad\x9c\xc2\x83\x0f\xbc\x13\
\x1fz\xf0=\xd8\xb2)\x07\xcb\x80\xf0\x90\x9aZ\x04\x16\
\xb9P\x10\x09b}\x22\x83\x8a\x04\x0e\xd5\xa0i&X\
\x1c\xc3\xf5\xea\xc8\xe7\x9c&p*}\xb1t\x8f\x5c\x10\
I\x09\x91\xd1Y\xc0T\xde\x15\x05\xf9\xc5bP\xfc\xaf\
\x09\x98\xcej\xdf\x0c\x97\xce\xbf\xc3\xa7X\xff|\x81\xf1\
t\xfc\x9a\xbd\xf8N\x1d\x95\xe7'\xb0\x9f^$\xa5\xc7\
\xa7\xd4div0}\xfaDB\x09\xe0\x87\xc7\x81\x1f\
\x9c\xf2\xf1\x95g\xf7\x01\xb9!\xd4x\x0ec^\x00\xcd\
\xce#g\xe8\x12\x946Q\x98QN4W\xa4\xc7T\
\x15\xb2P\xd9\xb6T\x16\x98rX\xd3;*\x0a\x1a\xd3\
Er\x22H#\x84\x11\x88\xe2&)\x82\x14\x1eoy\
\xb7\xf4Yv\x03!TC\xbb\x84u\x0f9\x95\xa3\xa8\
\xc7\xa8\x9d=\x81\x89\x17_B\xf4\xdc\x01\xe4\xcd\x12\xa2\
J\x1d\xdc\x9fd:N\x8e\xff\xd1\x1f=\xb0\xe7?\xfc\
\xda\x9b\x1em\xcfe\x1e\xd3\x85j\xf7\xec\xadZ(\xcb\
\xceq\xdei`\x8a\xdbv\xdf\xff\xf1\x0f\x97\xc3\x8e\xdb\
\x02\x14:\x01U%\xd2p\x06\x22\xfb6d\xadS\xfa\
\xd6%\xa32\x01\x83\x99\xaf\x9d\x94P\xbb\xd0\xd8\xd8\xca\
\xe3\xb0\xc8\x8f\x9f]n\x91-\xd0\x0a8\xa5\xa5t\x12\
\x85\xc9\xe1@\x0e\xee3\xfe\x22=\x8eMU\xeb\xd4\x17\
i\xc2\xce\x9bR\xd2\x96\xe0$\x95\x1a\x11A5y\xfb\
E9;\xe7(\xe5\x1cAhO\xb2\xa1\x96n\x88\xc5\
\x96\xe7\x06`L\x81\xaa\x9bPt\x03n\xe0\x0a\xa0Y\
\xc8\x11u\xe0$\x22\xef\x0c:\x0a\x1c\x83\xfdy\xfc\xe5\
'\xff\x0ft\xb6\xe9\xe8j\x87\x90\x0c\x0cB\x86(t\
a\x19\x06L\x83\xc0e\x93T\xf5y\xee[\x99\xd3\x9d\
u\xee\xf3\xcd\xdd4\xb3\xf7]\xe4F\x5c\xc1\x97\x8by\
$\xc6/*~;_\x8aR\x1a\x19J\x81iJ\xd3\
$\xc6<\xaeB'\xc1\x05\x96\xd2\xebI\xd50]U\
\x84\x00\x09-N\x84G[\xd1\x10q\x1d\x01\xf5Q\x85\
\x96>@-\x00NG\xc0\x9f>\xf9\x12\xf6\x8e\x868\
Q\xf5\xa0\x97\xbaPh\xefG\x00\x03\xd5\x86\x87\xba\xeb\
\xa3T\xc8MU\xe4\xcbw#\x91\xc6\xcdf\xce%\xef\
\x954\x5c\xf9\x01\x11\xe4\xcb6\xa6\xf4\x1d\x03:t\xa1\
\x22\xa7\x83k\x1c\x8d\x98\xc6\x07\xf2x\xab \x12\x05b\
X\x909\xc2@\xa42\xe8\x96\x8e\xa2\xa3a\xec\xf8$\
X\xad\x8em\xab\x06\x81j\x05\xfb~\xf4\x0c\xdcW\x8e\
\x01\x95\x00F\xa0\xc0\x8e\x15\xe4t\x97\xb9\xe5\x17\xc7\xff\
\xe0\xf7\xef\xdb\xf3\xb1O\xdc\x99\x85\xf2\x17\xb0\x07d\xaf\
\xd7\x02\x1a\xf7|\xa7N\x81\xe9\xcb\x07q\xdb=\x1f\xf8\
\xad\x0fOD\xa5\x19\xc0\x14\x5c\x07W4A$\x9e\xac\
\xeb\xe6\xb8\xc3\xb4*\xff\xc2|M\x190]\xe4\x06^\
f\x97k\x0dLS\xef\x12\xe57'U\xeb4\x88O\
\xb1?\xa4\x1e\x86\xf3\x03S\x9b\xe4CI-E%`\
J\xfeK\xf2F\x12h\xe0bB\xb75R\x17S\xc5\
r\x8bG1X\xac\x22\x8c\x15\xc41C\x1810\x8d\
\xa3\xad=\x07\xdb\x8cP\x9d8\x06\xaf~\x1c\xdb7\xf7\
\xe0\x91\x0f\xbe\x0b\xef\xbf\xe7N\xe8\xaa\x8b\xbc\xa5\xc0\xb1\
u\x18\x9a\x92p\x0e&AyE\x87!\xa4z\xe7\xde\
\xb2P\xfb2\xeb\x90\xb3n\x87\x0a\xd6\x84\xf7*\xf9^\
\xe6m\xca_\x84o;\x09\xa1OyLy\xc2\x5c\x22\
\x16I*\xdcZ\x00\xcb\xb2ANsJ\xd6`,\x10\
' \x85<\xf2\x87S\xa6r\x0c\x0d\xb5\x80\xa3\x16\xeb\
\x80\xa3\xa0\x1c\x00?\xfc\xf9I|\xf3\xc7/\xe3\x90\xbe\
\x0a\xc7|\x13a\x04X\xf9\x22,\xa7(\x0aO)5\
\x84\xaa\xb55\x9d\x16^M\x99\xc9\x14\xc9\x12\xb3f\xe2\
\xf1\xcf\xd4(\x97\xac\x83Q;\x04!\x97\xb1\x16M\x11\
\x8b\x14\x13*t\x1a\xc7HJVU\xe0&\x0b\x1f\xca\
\x0f&P\xaa\xc7\xb2\xffD*\x8dY\x11\xda\xda,x\
\xb5:P\x0d\xd0\xa9\xd9\xc8E!\xc6\x0f\xbd\x8c\xe3\xbf\
\xd8\x87xt\x1c\xf09\x8cP\x81\xcd\x14\xe44\x9f\xb9\
\xe5\x03\xe3\x7f\xf8\xbb\xf7\xef\xf9\xcd\xdf\xbc\xf3Q\xcd\xcc\
<\xa6\x0b\xd5\xf8\x190](\xcb\xceq\xde\x0c\x98.\
\xb2\xc1\xaf\xf2\xcb\xbd&`\x9ax\x84\xa6\xc2\xf1M\xe0\
\x94b]\xe9\x12(\x0d\xe9\xd3\xd4\xac\x8b}8\xb8(\
\x06aP\xd4Xh\xdeK\xdeG\x86\xa0\xe1\xa2\xa3\xd4\
\x01\xdbt\xd0\xa8\xbb\xa8\xba\x04\x1c4\xc0 \xefi\x08\
\x8d\xd7\xc0\xc2*\xc0j\x18\x1a(\xe1\xed\xbf|3\xde\
w\xf7[\xb0k{Q\x84\xed\xc9!*\xe1\x05\x83`\
NS\xa5v}\x18\xc6\x88\xe3\x18y\x9b\xf4\xec\xe7^\
\x9ce\xc0ty\xbf\x00,qx\x13X /\x16\x9b\
\x82\xa82\xc9Cd\xd9\x130d3i\xf2\xd2\xa7\xf2\
<b^\xd0\xa1\x19\x94\x0f\x1c#b\x04(#Q@\
*\xcb\xe74D\xaa#\x80\xc8\x99\x00\xf8\xf7\x03\xe3x\
\xfag\x07p|\xac\x06\xd7\xe9\xc1\xf10\x8f\x86Q\x82\
f\xd8\xd0,\x1b1S\xe1\x07\xa1(>%1\x07\xf2\
\xd8J\xa0\x9c,\x86\xb8r\xc1\x08\xd5\xf2\xb6\xf6\xca\xba\
;))\x9a,jT\x09F\x0d\x92\x14\xa6\x04\x1d\x02\
\xa6\xf4\xf7d\xe1#\x179\xd3\x8b\x1e\xea\x0f4\xa6u\
\x96,\x8c\xbdz\x0a=v\x1b\xfa\x0b\x0eN\x1ex\x05\
\x87~\xf2<0>\x0ax\x01\x94@\x85\x1e\x110\xe5\
\x190]\xc4\xee\x93\x01\xd3E4\xb6t$I\x1e\xd3\
\xccc\xba\xc8\x86\xbfJ/wi\xc0\xb4\xd9X\x09\x1d\
Y\xf2\xd5\xcc<S\x05\x0aK\x88\xeb\x15\x0a\xa3\xc6\xd0\
\xe8G!\x1f\x15\x17\x9e\x0b\x22(g\x11\x87\xef\x85B\
\xadI\x80R\x9b4\x9b8\xa2\xa0\x8c\x82ZE\xc9\x89\
p\xcbM\xaf\xc7C\x0f\xdc\x8d[n\xee\x82\xa1\x02\xa1\
\x07\xd8&C\xce&O.)\xb3\x84\x823T\xa8\xf6\
\x12Ci\x0cDA\x84\x9c-|\xb1s\xb6n\x06L\
\x97w\xc7'`\x9a\xf2\x81\xa6y\xca\xe4\x03K'&\
\x91\xa7\x9c\x00\x0a\xa1\xda5\xbb\xa9\xa9\x82\x1a\x0c1y\
9Y\x84\x90s0U\x03S\x0d\x84\x8a\x81j\x08\x84\
\xa6\x82\x83'B|\xf7\xf9\xfdx\xe1\xf8(\x1aj\x11\
\xbe\x9e\xc3\x84\xaf r\xba\x10\x199@\xa5\xfc~\x05\
n\x18\x8b\xf0\xb0\xf0\xf8\xab*\x1c\xd3J\x0aMe\x91\
iF\x0f\xb5\xbc\xfa\x13-$\xd2~C\xef\xfa\xf4\xf2\
%\x19\xb7\xce\xa3\x00\x93\xee\xaf!\x129\xa5Q\xa5\x8a\
\x81b/\xac0\xc6\xdeg\x7f\x80\xea\xc1\xfd\xb2\x12*\
\x08\xa1\x06*\x8cH\x81\xc9\xa7\x81\xe9\x1f\xfc\xfe\xfd{\
>\xf1\xb1\xccc\xba\x90=!\x03\xa6\x0bi\xdd\xf3\x9c\
;\x03\xa6\x8bl\xf0\xab\xfcr\xad\x81ij\xa0\xa4\x1a\
}\xd6\xc4?\x9dR\x22\xf7\x9b\x0e\xb9R\x88S\x05g\
\x9a$\xc5W\xc3)`J\xd0Q\xfcPH\x8dq\x04\
\xae'\xa8Xr\xc5\x1cLGE=\xa8c\xac|\x16\
\xa8\x9f\xc6\x9bn\xd9\x82_{h7\xde\xf9\x8e]0\
4\xc0\xf7\x81\x8e\x92\x9c\xfe+\xe5It\xb4\x95\xc0(\
\x1c\x970T\xa4\xbc\xbe\x22\xd7\x90BsI)\xd3\x5c\
\xcd\x9c\x01\xd3\xe5\xfb\x02\x88B$\xa2\xc5\x13\xc5D\xb3\
\x19dS\xf5\xafi\xc1\x85fP*\xe9e)q\x84\
J\x98b\x91\xdb\x1cp\x0d\x81j\x22P\x0d\xa1\xdeS\
\x07p\xaa\x06|\xef\xc7\x87\xf1\xc3\xfd\x871\x09\x07\xbe\
\xd5\x8e\xb1\x00\xa83\x03\x9a]\x80i\x15\x11\xc6L\x84\
\x84\xfd\x98\x81Q\x9fV5\xd1o\xc9\xf3\xea\xd8\xb6\xf0\
\xfcO/~fN\x99YE\xfe\x12\xf7/\x91\xfa&\
Ei\xa6\x166\xb4\xa8H<\xa44\x06\x89M!\xde\
Y\xd9\xd7\xd2\x9a\x0c3f0\xdc\x06z\x9c<\x0a\x8a\
\x8d\x13/\x1d\xc2+\xcf=\x0fT\xc6Et\x865\xea\
\xd0\xb8)<\xa6\x04Lm]\x86\xf2\xff\xe8\xf72`\
\xba\xd0\xad\x9e\x01\xd3\x85\xb6\xf0\xac\xf3g\xc0t\x91\x0d\
~\x95_\xee\xe2\x81\xa9\x84\x9d\xb3'\xdai\x9a\xc6\xb4\
\x8a>5\xa8\xa42S\xa0\xc9I@\x89\x05\xa9=\x85\
\xf2\x09\x94j$\xa7\xcb\xfe?\xf6\xde\x04\xc6\xb2\xeb<\
\x13\xfb\xee~\xdfV[/\xdcE\x8a\xa2VZ\x9b-\
\x8bZ(Q+%J\xa26\x92\xa2(\xc9\xa4\x97\xb1\
\x0di\xe4\x19\xc8\x83\xc03A\x02\x0f<\xf1\xc8\x99\xb1\
&\x13k\x90\xc1\x00\x09\x10\x01\x09\xe0\x04\x08\xe0L\x9c\
\x05\x19{2\xb6\xa9\x8d\x14wv\x93\xec\x85\xbdV\xef\
\xf5\xaa\xdez\xf7s\x83\xef?\xf7\xd6{U]KW\
wUu5y\xafP\xaaf\xbd\xf7\xee\xbd\xef\x9cs\
\xcf\xf9\xce\xff\x7f\xff\xf7\x01\xfd\xce\x02\xea\xbe\x8bz\xcd\
\x86B\x80~p\x01\xb6\x9f\xe3\xadw\xde\x8a_\xbe\xf3\
6\xfc\x83\xdfz\x08\x0d+\xc2d\xd3G\xa3\xa9\x0bh\
\x87\xc3\xa18=5\xea>\x94\xd2\x05,9\x7f(\x8e\
f\xe8j\xfa\xb2PF;EU\x11\xd3kq\x98\x0b\
0\xa5\x83\xd7b\xdd]\x11\xef*\xdc\xbf\xa4o\xc7\x9c\
\xc0\xca\xefH\xcaH\x09LaD\xc2-M\xe0Q\x9f\
\x01!\x80\xf3\x19p\xf8L\x8a#\x17\xfa\xf8\x8fO\xed\
C\xecM\xa2\x9dX8\xd3K0\xb4k0\x9a\xbb\x90\
Z.\xfa\xc3\x18\x13\x9e'ERQ\xac\x10\xa6)\x5c\
\x87\x9b'm\xca\x90F\xb1p\x9850\xe5q\xb1n\
@\x05L\xaf\xee\xc8\x13\xe75n&\xf2\x1c\x99A\xfa\
F\xaeA*\xe7\x9f\x1c\xf09?-j\xcfjn)\
\x0f\xceM^\x96\xc1\x1b\xf4q\xf3\xc4\x0c\x86s=\xbc\
\xfc\xc43\x18\x1e{U\x17K\x91\x0e2\xe8\xc3\xb1\xeb\
03R\x04(#\x15\xa9a\xe7\x95\xf6\x1fT\xc0t\
\xcb;\xbd\x02\xa6[\xde\xc4K/P\x01\xd3mn\xf0\
\xd7\xf9\xe5\xd6\x05\xa6\xe3\x02\xe1\xb2\xca.\x95#\x1b5\
\xdf\xa8R_/\xd3Z\x1f\xc2\xb5)\x07\xa5\xa1b\xb9\
 \x08P\xcdt\xd5~\xcd1a\x18\x11\xf2\xb8\x8d4\
\x9b\xc7\xe4T\x8e\x0f~\xf0N<\xf8\xb5\xfb\xf0\xa9\xbb\
\xef\x00\x9dC\x85\x0c\x90\xe5\xc8T\x02\x95\xb0b?\x85\
\xe3\xd8p]V\xb4\x14\xacC\x860\x0c\xaaV\x90$\
0\x02\xa6\x92\xe6\xad\x80\xe95:\xca\x19\xa1\xa4\x92h\
\xe1\xa5\xc5\x82\xcfB\xcf\x96]\xba\xc8\x0b\x1c\xffvF\
*\x5cf\xca5eP \x9b4\x85\x8d\x08>:\x0a\
8\xd9\x05^\x9e\xed\xe3\xe9C\xa7\xf1\xd2\xa9\x05,\xa4\
.\xda\x09\xa0\xbc&\xea\xbb\xae\x97h\xea\x5cw\x80P\
\xe5h\xd6\x1bPQ\x00\xcf\xb4E\x9e/HR\x98\xa6\
\x0d\xd7\xaf\xcb\xb5\xc59\xcc!\xb0\xd1#\xde\x90\xb4p\
Q\xfc\xb4\xe8\xc4\xb7T\xbf\xf7\x1a\xed\x88k\xf6\xb6\x1d\
\x93\x5c\xf5\x1c\xb92\x90\x1a9B\x9a\x1f0\x0c\x9f\xe7\
p\x14\xd0\x90\xcdS\x0b7\xab\x00\x00 \x00IDA\
T\xb3\x1e_\x89\xa5+\xf1y\xb8\x19PO34\x86\
\x11\xbc \xc1\xe9\xc3'q\xe6\xe0!\xee\x8a\xc9JF\
\x1e\x05\x92\xce\xb7\x0d\x0f\x86\xe2\xf6{\x94\xca\xaf\x80\xe9\
\xd6\x0f\x97\x0a\x98n}\x1b/\xb9B\x05L\xb7\xb9\xc1\
_\xe7\x97[\x1b\x98\x1aK\xaa\xef\x05\xee\xad\x0aN\xc7\
\x8aO\xc6d\xcc<V(\xe5\x99,\x0c\xa2\x00A\xce\
 \xf9Yy\x06+O`\x1b1\xa2\xc19\xd4\xbc\x10\
\x1f\xba\xeb-\xf8\xe67>\x87{?\xf5\x0e\xd4=\xa0\
\xdd\x9eG\xc3\xb3Qslx.\xb9\xa2\xe5t\xa4\xa5\
\xa6r\xca\xfdX\x96\x9cWj\xac\x0d\x165\xb8\xc2O\
\xcd\xf8\x96\x8c\xc0x\x05\xde\xe1X\x9fW\xa9\xfc\x9d\xfc\
\x00\xd0G6\x951\x97\x17\x80\x8fQq\x96=\x8d\xab\
B,~\x03\xa6c%\xba\xca\xdfZ\xa2\xacM\x92\xaa\
\xe9I\xda\xfe\xf0\x05\xe0\xc9\xfd\xb3x\xf6\xd5\xf382\
\x17\xe3B\xe2\xa0\xb6\xfbFdn\x03\xf0\x1bH\x0d\x03\
\x83(F\x10\xc5B\x0d\x91hh\x1c\x09@%wy\
\x10F\x129%\xb7\x94c.\x8d\xb5\x5c\x94.\x80*\
\xa3\xf2#\xf6\xab\x86\xa9\x150\xbd\x9a#\xcc\xb5\xa8\xfb\
\x9d\x83\xc3`90\xb5\xb3\x1cM\xf2\xd2\x0b\xed\xd2\xc4\
R\x121e6\xc7K\x81V\x92\xa25L0w\xe4\
\x18\x8e\xbd\xf4*\xf2\xdePtk\xd3a\x0fI\xd8E\
\xb3VG\x94\xe4\x8b\xc0\x94\x11S\xa6\xf2\xff\xf1\xf7\xaa\
T\xfeV\xf7y\x05L\xb7\xba\x85\x97\x9d\x7f\xa3\xc0\x94\
\xd1\xa3\x95\x0f\x0d\x14\xb8@WG\xd5\x02\xab\xb5\xc0\xfa\
\xc0T\xa7\xc6\xf5Q8 \x8d\x81S\xea\x80r\xa1v\
l[\xb4\x01\xe38F\x1c\xa7\x22\x9c_\xabyH\xb2\
\x18Q\xc4\x88(\x8b\x9f,x\x04\x99\x16\x04\x90Zf\
\x84\xb9\xf3\x87q\xcf\x87\xdf\x8dG\xbe~/>\xf1\xd1\
\xb7c\xd7\x04\x10\x0c\xfb\xb0\x8c\x14\x13\xad\x9a\x144\xf1\
(\xd3\xb6\xfc\xf7\xf8boH)\xfe\xe8XT\x06(\
\x0cEG\xe5\x0e\xd5\x18\xb8\x1a-p%rt2\xcc\
\x12]\xbc\x04\x8bR\x0e\xa6\x84IE\xf6\xa9\x88\x83\xb3\
\xca\xde4]\xf9\xefD)\x91\x00\xa2\x8d,?\xd5\xcd\
\x813\x0a\xd8\x7f\xb2\x8b\xe7\xf7\x1f\xc3\xcbG\xcf\xe3L\
\xdfDdOC\xd5v!\xf1&1P\x16R\xea\x98\
\x9a\x1a\xf0jW1\xddR\x1cg\xba\x94Nk\xa2j\
\x8eb\xf9<\x14\xaa\x00\xa5\xb0\xfe\xe2\xfb\xca\xaa\xfc\xf5\
\xe4\xfc\xaeFo\xbc\xfe\xae\xe9;\xbelP\x93,E\
\xc4\x1fS\xe7OL\xc3\x80G\xeaO\x7f\x88\x1b\xae\x9f\
\x02E\x1df\xcf\xcd#\xc9\x12\xec\x99\x9c\xc4\x94\xe1\xc2\
\xe9\x0e\xe1\xccwp\xec\x85}8wx\x16\x0e,4\
,\x03\xd1\xa0\x87(\xea\xca\x1cgZ\x9el\xba\x09\x94\
jN\xa8\x92\xee\xc1\xf6\x1f\x10\x98~\xf7\x13?\xb2*\
\xe7\xa7-\x1bp\x150\xdd\xb2\xa6]\xf9\xc4\x150\xdd\
\xe6\x06\x7f\x9d_\xee\x92\x80i\xe1\x9a\xb2\x128\x9d\x9e\
\x9eD0\x1c\x22\x08\x02 S#\xef\xf9<\x93\x94\x99\
2L\x98\xae\x03\x8f\xea\xd6i\x82d\xd8\x85\x91\x0eQ\
\xf3b\xb4j)~\xf7w\xbe\x86\xf7\xbc\xebV\xbc\xfb\
\x9d\xb7bfR\xa7g\x1d\x82\x03\xa4H\x92\x04\x96\xeb\
\x09(\x18\x87\x9f%oO\x22U\x02L\xc7\xa3R\x8c\
\xae\x8d\xd7F\x13\xd8V\x02\xf8Wk\x98_10\xe5\
\x92O}[\xd28\x18\x0b\xb7\xb4^\xae\xd05\x08\x14\
M\x07\x86a#\x85\x8b\x80\xe9ur?\x8b\xdf\x0b\x00\
\xfe\xfco\x0e\xe1T?\xc7\xb9\xb9>:\x03\xcaN6\
\xa0\xbc)\xa4v\x0b\x89\xe9\xa1\x1fg\x02Ju9\x8c\
.\x82\xd1\xba\xa4\xda\xcd\x89\xde\xe8\xfa\xd0\xf6\xb3R\xec\
\xb7\xe8\x22T\x90V\xc6\x8a\x9f\x18\xd9\xe5\xc1q?z\
^\xaeV\xebW\xd7%0\xa5l\x5c\x9c\xa5HT\x86\
X\xb8\xe8\x9cc\xb4v\xf2\xa4\xe7\x22Os\x0cU\x84\
<\xa7\xf9\x02\xe0\xc4\x0a\x13\xa9\x89=\xa6\x8dW~\xfc\
\x13\xcc\x1f?\x85\xe8|\x0f\xb6\xe5\x080Uq\x88$\
\x0f`\xbb\x8e\xc8Qe\x94\xa0\xca\x81\x9a\x1b\xaa\xb8s\
\xb8\xfd\x07\xff\xe8\xa1\xc7\x7f\xffw?\xf1#T:\xa6\
[6\x00+`\xbaeM[\x01\xd3mn\xda\xear\
+\xb4\xc0\x95\x02\xd3,\x8du\xe9t\xae\x84oW\xab\
\xd5\x84\xff\xa9\xb2Ddu\x06\x09_\xcbP\xf7,8\
y\x84\xe1\xfc,&\xeb\x0a_\xfd\xc2\xdd\x12%}\xfb\
[\xf7\xa0VW\xa8\xdb\xe4y\xa5\xb2\x88\x88\xc4\x94p\
\x09\x0d\x98\x8e^H\xc6'\xa2\xf1\x88\x16\xa3\xb5#/\
{\x09m\x8d\x01U\x11\x13\xaa\x80\xe9U\x1c\xf9W\x02\
L\xa5\xd7\x09>Y\x99\xcfqAo&\x8b\x11zI\
\xd8\x8b\x1d3\xdd\x9a\xfaI\x8e\x01\x5cD\xb6\x87\x88z\
\xa4\x11pp\xb6\x8fW\xce\xf4\xf0\x9f\xf6\x9fB_\xd5\
\xa12F\xb7|X\xf6\x04`y\x883\x031m&\
\x0d\x03\x991\x06L\xc7\xc6\x1a\x81)\xa5\xcdJ\xa0Y\
(\x95.\xb6&7F:\x92_R\x5ct\x95\x96\x96\
\xb7\xaa\x80\xe9U\x1cv\x8b\x97f*?\xcd\x15R\x82\
\xd3\x9c|\xe3B\xcf\x14\xa6\x80\xd3V\xcdFo\x18a\
\x18\x0e\xe0\xda6\xa6|\x1f~\x94\xc2i\x0fQ\x1bF\
x\xf2\xaf\xfe\x03\xd0\x1f\x82Us\xe4\x1a\xd3\xdc\x18\xe4\
=[\xdc4;\x18\xc4,\xa4\xd2\xf3\x8eDL;\x87\
\xdb\xff\xb8\x02\xa6[\xde\xf5\x150\xdd\xf2&^z\x81\
*b\xba\xcd\x0d\xfe:\xbf\xdc%\x01\xd3\xc56\x1a+\
|*\xd2\xf9\xe4\x8b\xba\x96\x09\xcb\xccA\x90J=Q\
z\xe90\xd2\xc4E\xc0\xae\xd7\xe0\xfb\x1e\x06\xed3P\
\x83\x0b\xf8\xe4\x87\xdf\x85\xef\xfe\xee#\xb8\xfb\xae\xddP\
i\x86\xa9\x09\x85A\xd0\x96\x88\x98\xcf\xa2\x12\xa3\x86(\
d\xb4\xca\x87\xe7Y\xda\x86\xbe\xacN\x18\x9b\x8dJp\
\xca@\xec\xd2\x82\xac\x0a\x98\xee\xa4!}%\xc0\x94\xd1\
\xc7\x90\xd1K\xb3\x94\xfd\xd2\x91t\xbdU\xc9\x90\xb0 \
)7\xd1\x83\x8b\x05e\xe0\x5c\x02\x1c\xeb\x00\xfbN\xb6\
\xf1\xcc\xa1\xa3\x02L\xfd]w \xca\xeb\x22]f\xc1\
&\x1c\xd1\x850J\x89\xb8\xba\x08\xf7\x17@r1j\
\xca\x82\x18\xe6v\x0d\x02\xd3d\xd1g\x94`\xb3|\x8f\
\x0c\x7fI\xfb\x17J\x15ed\xb5\x02\xa6;i\xf8\x81\
\xc5O\x04\xa6QN\xc90\x16`\x8e\x1c\xa0\xe88\x17\
DC8\x9e\x8da\x12\x22\x0b\x02\xdcXo\xe1z\xcb\
\xc7\xe0\xd0I\x9c|q?:'O\xc0\xc8\x0dx\xa9\
\x0d3U\xb0\xd2\x14\x86x\x97\xa6\xe2&\x15)\x0bt\
Xf\x98\xbdn\xc7*\xe9\x1c\xac\x80\xe96\x8c\x80\x0a\
\x98nC#\x8f_\xa2\x02\xa6\xdb\xdc\xe0\xaf\xf3\xcb\xad\
\x07L\x97\xa7\xc15 ,\x19~\x14\xb8g\xc5r\x0c\
E\xc5{\x95\xc02i\xd3\x08I\x89\xa9\xa2Bz\xe1\
\xdcq\xdcq\xfb-\xf8\xceo?\x82\x07\xef{'&\
\xeb\xe4\x0e\xc6h5s$Y_4NYQo\x1a\
.L\x83/\xb2`\x0a\xa0\x8d\xf5b\xe0i\x95~\xd2\
\x14\xd3R\xaeGG\xd2\x96\x1eU\xc4\xf4j\x0e\xf1+\
\x01\xa6\x99a\x88\xbcS\x19\xf7f*?\x8bi\xa4\xa0\
U\x1f\xa8K:\x1fS\x04\xdf\xc0\xb9\x0cx\xea\x18\xf0\
W\xcf\xbd\x8cg\x8f\x9dF\xdf\xf2\xe1O\xdd\x00\xd3\x9a\
\x06E\x81\xec\xbc\xd0\xd3-\x82\x9bR\xc0d\x1b\x18\x06\
\x818J\xf1Z\xa2wI\x0e\xa9\x08\xf5\xb3Z{9\
0\xe5\xeb:\x12\xbaX\xe2TDK\x17q)?%\
\xe7)\xdfW\x15?]\xcd\xf1g\x91o\x9c+]\x8d\
\xcfT}nI\xa4\xd4c&\xc521?\xec\xc0\xf2\
l\x8e,x\xa9\xc2\x8dv\x0d\x8dn\x88\xb3O\xee\xc3\
\xec\xd3\xcf\xc2l\xb8\xc2*\xb6# \x0f\x13\x18Y\x0a\
[\x12:\x0a\x09\xc5\xf7YlYX\xd2\xd6\x9cX\xa5\
\x0b\x04\xa6\x0f?\xfe\xfb\xbf\xfb\xb1*\x95\xbf\x85\x1d_\
\x01\xd3-l\xdc\x95N]\x01\xd3mn\xf0\xd7\xf9\xe5\
\xd6\x93\x8bZ\xeed#\xc0\xd4(]n\x14\xf2,B\
\x96\x0c`\x9b\x0a\x93\x13u4\xea6\xd28\xc0`\xd8\
E\x1cw\xd1\x9c\xc8\xf1\xf5\xaf}\x01_\xff\xf2\xe7q\
\xeb\x0d\x16\xad\xc81\xd5`\xf1\x01\xbd\x02\x87\xc8\xb2\x18\
\x96CoQ\x8b*\xa70\xe0\x8b\xf6)\x17z\xd6\xbd\
\x10\xe4.\xe5\x90j\xb1\xf5\xf20\x05\xb9\x8e\x03S\xbe\
2\x9e\xfc\x1f\xc9X\xbd\xce\xbb\xfa\xaa|\xfd+\x01\xa6\
\xec\xe7\x90\xb6\xb4\xa2Mk\x22R)R\xa2>\x9b`\
\x03\x18f@'\x05~q`\x88\x1f\xbf|\x0c\x87\xe7\
\x03\xcc\x9but,\x0f\x0b\x99\x85(a\xba\xd6\x87\x93\
\x93\xe3l\xc3a\xc4T\x94\x1b\x0c-\x90N\xc3\x864\
)\x80)GM)s\xc6\x88\xa9\xb6\x1b-#\xa6#\
\xa5\xd2q`\xca\x08\xee\xd2\x8d\x90l\xd9J\x80[\xe8\
\xfeV\x95\xf9We\xe8\xc9E\xa9\xde\x10C\x03S2\
\x93\x1de\xc13\xf4\x0f\xf9\xe9\xa1\x9b\xa3=X\x80i\
\x1a\xb8yr\x123\xbd\x0cg\x7f\xf1\x22\xce\xfdb\x1f\
\xb2\x85y\x98\xbe%\xc5S\x16\x9d\x92\xe3\x8c\xf1v\xd8\
\xb6\x0189R\x8b\xa6\x0d\xe47k\xa9\xb0F\x05L\
\xb7\xad\xa3+`\xbamM\xad/T\x01\xd3mn\xf0\
\xd7\xf9\xe5\xd6\x07\xa6K\x1b\xa8d\xce\xe9Tf\x0a\xd7\
\xa6\xa2O\x00\xd7R\xf0=\x06B{\x88\xa3!Z\x0d\
\x1f7\xdeP\xc3\xf7\xff\xe8;\xb8\xe9\xfa\x06n\xb9\xbe\
\x89\x1a?\xcc\x02\xa8x\x08\xc76D\x874\x15}R\
\xa9\x93\x85e\x11\xa0\x92\x92\x9a\x8a\xf8\xb5DC\x8bH\
\xd6\xf8]\x080-t\x225\xc7t\x14'-JO\
\xc6x\xa5U\xe1\xd3\xd5\x1c\xe2W\x02L\x0d\xeaEf\
!\x0c\x02Q\xd8\x08\x94\x89\xc0\xb4\xd1\xcf\x81S\x1d`\
v>\xc3\xb3\x87O\xe1\xd0\x99>^\xbd0D\xcf\xf4\
\x91\xd6\xa6\x11Z\x1e\x86\xca\x80\xcaL\xd4\xe8\xfe\xc5\xcc\
+\x13\xf9\x86-:\xa4\xa5Gzjd\xc8,c\x04\
L\x8bq\xc5h\xa9lg\xf89\x93\xb0\x83\xa0Fs\
J\xb4\x89\xc3H\x19b$\x13U\xcc\xdfEq\x8dT\
\xef\x93\x0a\xc0\x08m%\x19u\xd5\x86 \xf9\xc9\x94\x8f\
\x1b\x14\xfa\xa4\x9e\xb2DT\xbff2\xadc \xf0\x80\
9\x16d\x1a\xc0^\xc7\x85}l\x0e\xb3?~\x0a8\
t\x0a-\xd7A?\x0b\x90\xe7)\xac\xd4\x14PK`\
j\xb0@\x8edS\xcfF/.\xa4\xear\xa0\xeeD\
*\xed\x1el\xff\x93\xefU\x11\xd3\xad\xee\xf0\x0a\x98n\
u\x0b/;\xffE\xc04\x99\xba;6\xea3\x5c\xa6\
s\xa6\x1f\xc4b\xcd*\xa2F&\x14\x9f\xbcE\x9f\x9b\
\xf1\xb4Q%\x17\xb5\xcd]wM^nM`*\xd5\
\xf1\xacs\x96\xd8C\x01\x06G@\x8f\x0bn\xddgt\
s\x08\xcfL\xa0\xd2\x0e\xe2\xa0\x8d\xdbn\xd9\x8bG\x1e\
y\x00\x8f>\xf2>I\x83YF\xa8\xdd\x9eL\x05\xdf\
6a\x0b1\xd4DJ\x00jy\xb2\xe8\x13\x9a2\xe9\
\xbe\x08,\xc5$]\xd4I5\x10\xa0.\xe9\xd8lT\
\xfe\x9b\x12U\x17\x03\xd3\xf1\xae\xa8\x80\xe9V\x0e\xcc\x95\
\xd4\xe8J\xd7-\xdd/\x17\xbf\xa3\xf4\x94/+\xeb\xcb\
\xfb\xe3(\x90B\x22\x1e\xb4\xf8b\x81S\x96\x88\xb7}\
\x04\x07=X\x22\x01u\xa2\x03<s\xb8\x8d\xe7^=\
\x8d\xa7\x0f\x9c\x02Z{P\xdbu\x13\xcc\xc6\x0c\x16\xc2\
\x14\x17:\x03d\x86\x85F\xad\x8e\x96c\x03q*\x95\
\xd7\x14\x92ba\x1e\xf74R\xf8\xa4\x14BF\xfc%\
\x95?\xba\x8b%\x8eR\xf2\x0c\x941\xfb1\xf1|\xb9\
\xbfRT\x7f\xd4\xc2\xda\x81L\x17?i\xd7\xb1\x8b\xdd\
\xd2\xb6\xb2?\xaas/m\x01\xae\x8f\xc215iI\
Jpi\xc07]\xf8\xdc\xa0\xd8\xc0\x85\xb0\x0f\xd7w\
`g)\xd2\xd3\x17\x10\xbc|\x04\xd9\xc1\xe30\xe6\x07\
\x98\xb0m\x0c\xd3P\x22\xad\x96\xe1\xc0%\xddH)\xe1\
\xd2\x9bv\x0e\xbb\xe6\xa1\x13%\xa2yK\x1ej\xc3\x89\
D.\xaa\x02\xa6[?\x0a+`\xba\xf5m\xbc\xe4\x0a\
+\x03\xd3\xe6\x0cr\xd3\xe4\xa4'zz&}&\xf4\
\xe2\xae\x81i\xe1\xd9\xb7\x82\xff]\xa5c\xba\xcd\x1d\xb8\
\xc9\x97\xa3|\xe3ZG\xb9\x8e\x97\xfe\xce\x1b\xbd\xfcZ\
\xc0\xd44b\xf8N\x22\x86\x8e\xc8\x1d\xa4\xcaF*\xf6\
~Z\xd4\xdeP\x19&\x9a&:s'\x80\xeeI\xdc\
\xfa\xc6]x\xf4\x91\xcf\xe2\xb1G\xbe\x88[n\x80\x14\
11\xa2I\xbe\xa9]\xc8?r\xd4\x8a'\x8f\xa29\
 \xe5YF:\xa9Z\x0d\xb0\x00\x92EDt\x04R\
V\xfbf\x15\xf0\xdch\x9fo\xe4\xfd%\xac\xbc8\xea\
\xa77\x13)7\x0c\xc5\x09\xcb1\xb8\x84H\xc1\x0d\x06\
\xf9}2\x8eM\x89 jq|\xcd\xc5\xecE\x91\xe8\
\xddJ0\x9d\xb4\x8e4\x86K70S!\xc8\x81\xf3\
\xfd\x0c\xcak\x01\xae\x893=\xe0\x89\xfd\xa7\xf1\xe3\x17\
\x8e`v\xa8\x907\xf6\xe0Bd \xb6\xeaH(\xa4\
n\xb8\xc8-\x1d\x15-\x8d\x132\xaaBHJw\xf4\
 \x95\xdb\xf7\xf2O\x97\xfb\xec\xac\xd6\x8e\x17\x99\xa5m\
\xa4\xc1\xab\xf7nj\x0b\xa84\x81\xeb\xfb\x88U\x8a^\
\x10 M\x94h.7\x1c\x0f\xae\xe7a\xae?\x8f\xe9\
Z\x037\x93\xfe\xf1\xd2!\x1cy\xfc'\xc0|\x17u\
\xdf\x87\x0a\x02\xd8\x8c\xa8+ \xa4A\x88\xcaa\xe6\xb9\
\x96\x942s\x18\x96\x89!\x15#8\x17\xe6&\x1aN\
\xa8\xb2\x05\xcaE=\xfc\xf8?\xfc\xce\xc7*\x1d\xd3M\
\xed\xc9\xa5'\xab\x80\xe9\x166\xeeJ\xa7\xbe\x18\x98N\
\xdf\x1d\x1b\x8d\x02\x98rUg\xa52w\xe5\x85'\xf8\
h\xab\xafO\xb7\x0c\x9cV\xc0t\x9b;p\x93/W\
\xc2\xb6\xf1\xc5n\xfc\x12[\x0eLm\x96\x9f\xd0\x1a\xd2\
FFp\x9a\xdbP9#\xf7\x02K`f]\xbc\xe9\
\x0d3\xb8\xff3w\xe1\xa1/\xbe\x1fo\xb9\x15\x88\x07\
\x11,\xd5\xc1\xcc\xf4\x04\x92\xc4\x12\x91|\x19\xb3t`\
Q\x0a\x14\xe5w,\xf2\xfc\xa8\x13\xc9)\xa6d\xf0\x95\
%\xf8etv\x99N\xd4&\xb7mu\xba\xf5[@\
\x83\xce1\x0e\xef\x22R\xd5\x1bc.\xda\xba\xd8G\xff\
^~\x189\xe5\x96\xb4\x9e-\x0fK1\x92Xj}\
R\x87\x14\xe8\x0d\x86\xa2Q\xdaj\xb4$jNQ\x9f\
0\x8f\x90\x19\x0d\xf4\x01\x1ci\x03\x87f\xdb8r\xae\
\x8b\xc3\xe7\xfa8\xd6\x0e\xd03\x1a0\x9b\xbb\xd1a\xf1\
\x93\xe1!3\x98I\xa2\xbdm1\x0d\x16\xb2\x0dj\xf9\
\xfc\xb8\xec\x06Ku\x87\xd5Zb\xb3A\xeb\xfa-^\
\xbdc3[ \x8e#\xb8\x9e.h\xa3\x12\x83\xa2\x01\
\x03e\x9f\x0cK\x9c\xbd\xfa\xfd\x1ev9\x1e\xac\x93\xe7\
p\xfa\x99\x17\xd1?~\x02\x88#\xd9t\x93v4\xe1\
\xb8b\xd6\x10(\xbd\x19\xe7Hg\xb0\xc0#05M\
D\x19mo\x0d\xa1\x1e\xb1*?\xed\xe8\x88i%\xb0\
\xbf\x99\xbd\xb8\xc2\xbc\xb2\xb5\xa7\xaf\xce\xbe\xbc\x05*`\
Z\x8d\x89\xf1\x16\xb8\xaa\xc0\x14)<\x9b~}L\xc8\
Z\xc8r\xbaD\x17\xa9\xf3<\x83\x89\x04Y\xef\x0c\xbe\
\xf0\xa5\x8f\xe1\x9b\x0f}\x1a\xef\xf9%\x0b\xbb\x1a@\xd3\
\x93\xbaz\xa4Y\x00\xc7\xf4$\x85Z\x1e\xa5s\xa3\xc9\
\xf4\xbc\x80\x88\x92\x8a\xc2\x7f\x97\xb1\xb6\xaaxi\xe7<\
\x05\xcb\xfb\xa7\xc8\xce\xc8&\x98\x19\x1b}\xa7K7N\
:}\xcd\xbf\xc5\xb2Q\xd6\x16\xa2Lw\x96\x07#O\
\xe4\x90\x0e\xbb=4&\x1a\xc8-\x07\xdd$\xc1\x82\xca\
\xa1\x5c_@\xee\x10\xc0\xcb\xa7\x80\xe7\x8f\x5c\xc0\xfe#\
'q\xa6\x17\xa3\x0f\xda\x8b\xd6\x10\x995\xe4N\x0b0\
k\x92\xb6\xcf\x09\x1c\x08\x90\xf3L@n\x99|\x97b\
\xa7\x95\xf8\x06\xc5\x8dT\xc0t\xe7\x8c\xb4\xcd\xbe\x13\x19\
\x7fi,\xa6\x1f\x16y\xc3\xcc\xde\xd8\xb6l\x8e\xf9C\
p\xeae9\xdc0\xc4\xb1'\x9fA\xf0\xdc\x0b2V\
k\xa6\x81\xa0\xd7\x85\xa92\xb4\xfcz\x05L7\xbbc\
6\xe1|U\xc4t\x13\x1aq#\xa7\xa8\x80\xe9FZ\
\xeb\xb5\xff\xde\xab\x0bL\xe9\x90\xa2\x0b\x8d\x94p\xe7L\
\x01\x00\x8a\xfc:\x16v \x82\xef\xc4\xc8\xe29\xbc\xe3\
\xad{\x05\x9c~\xfe\xd3\xef\xc4\x9ei@R\xa8Y\x84\
\x86\xe7\x0a\xd7\x8e\x8b\x82e\x8d@\x02\x01*\x9d\xa1l\
\xe6\xc5\x16\x8bC\x16\x93\xacE\xc7\x8e\xaa\xa4_\xfb=\
\xbd\x13\xbfa\x09JW@v\xba\x02H\xd3\x80W,\
>\xd3\xc04)\xe8\x19\x8c\x94\x96\xe9\xfb\x5c\x90\x22\x0b\
\xdc\x14\xf28\x86\xedz\xe8+\x03\xedX!\xaa{\xc2\
j>p\x0exr\xdf\x09\xec?\xd3\xc7\xe9~\x8a\xf9\
0A\xea\xd6\x91z\x13\xc27\x1d2R\xaa,L6\
\xa65\xf0d\xe4V~r(\x83.Q\x14>\xcf$\
*V\x01\xd3\x9d8\xb6\xb6\xfe\x9e\xb4\x85,34\x06\
\xe8\x93`\x15\xe2\xfat\x94#\xef\xb4aX\xd8\xa5,\
\xf4\x8e\x1e\xc7\xb1\xa7\x9f\x07N\xce\xc2\xaa\xd7P\xa7\x1a\
D0\x00T\x8a\xbaUEL\xb7\xbe\xa76~\x85\x0a\
\x98n\xbc\xcd\xae\xe8\x13\x150\xbd\xa2\xe6{\xcd}x\
]`Z\x84 \xcbd\xebF\x1b`M\x8e)\xad\xf6\
\x16\x9d\x934\xa7P\xb8{R\xf8\x91\xc20\x12\xc4\x83\
\x0b\x98\x9eva\xaay\x18Y\x07\xef\xff\x95\xb7\xe0\xd1\
G\xbe\x88\xbb?\xf464|\xc0g\xd6?U\xe2\xe8\
D\x80JQk\x93\xf9ZE\x9e\xa9\x82W\x13/\x95\
5\x8e\x8aC\xba\xd1>\xdd\xbc\xf7\xb3\x9fG\xd1\xc7\x91\
\xa6\xed\x88\x0b\xccL\xfd\xc54\x93Q\x11&\x05\xcd\xf9\
\xb92Z\x9a\xd2\x88\xc1$ld\xb5;\xb9\x9f9\x82\
\x18\x08\x1c\x1f\x81\x09\x9c\x88\x81\xe7\x0e'xf\xdfq\
\xbcr\xae\x8b\x13\x91\x85\xbe]CNk\xdaZK\xb8\
\xa4a\xaa\x90\xa7\x96\x88\xe0\xcf\xd4|]u\xaf\x8b\xe7\
\x05\x98\x92\x13M\x06sfd\xc5\xc6g\xfd\x16Y-\
rZ\xa5\xf2\xd7o\xbb\x9d\xfc\x0e\xd1.\xb5i\xac`\
,\xd6c\xa4)e\xc7RL(\x03\x8d\xd9\x05\xcc>\
\xfd<\x06\xa7\xce\xc03\x013e1S\x0c%j#\
\x09\x1apD\xa7\xb4J\xe5\xef\xac^\xae\x80\xe96\xf7\
G\x05L\xb7\xb9\xc1w\xf8\xe5\xae&0\x15K\xd0B\
l\x1c\xcc\xbd\x17\xc0\x94\x1cQ\x03\x99h<NN\xd6\
p\xe1\xecQ\x1aCb\xaaa#\x1c\x5c\x80c\xa5\xf8\
\xf2\x97>\x8bo\xff\xf67q\xc7m\xd4\x92\xd4\x8d,\
\xe9]\xa5\xdd{l\xd3\xa0\xbe\xb5\xce\xe7/f\xee\x97\
\x15>U\xb3\xcfU\x1e\x9d\x04\x98d\xd8\x95u\xf6c\
\x1c`\x0d+\x85c\xba\xfc\x18\x07s\xa6H\x81\x8dT\
\x152\x16BQCT \xaf\x89 \xcb\x90X6\xe6\
\x12\xe0\xf9c\x01\xfe\xf6\xc5cx\xe1x\x1b!j\xb0\
fn\xc2\xd1~\x86\xc0\xf6\x91Y\x16\x12)\xfa\xe4x\
\xd1\xa6\x09\x8ea\xa1n\x98p\x15\xe0\xa4\x85\xa2\x03\xd3\
\xb4\x94K'\xf85\x94p\x9b/\xe5\xa8\x80\xe9\xa5\xb4\
\xd2\xb5\xf7\x9e \x0aQ\xaf\xd7as\xec\xb0p\x89\x5c\
g#G\x14\x0c\xe1u\x03\xf4\x9f\xd8\x8f\x85\xe7_\x82\
\x99\xc4\xd8=1\x89^\xd0A\x10\x070\x9a\xae\x14g\
6sG\x22\xf1\x150\xddY}\x7fiO\xf5\xce\xba\
\xe7k\xfan*`zMw\xdf\xa6\xdf|Q\xe26\
\x16\x95Z\x1aA,u\x22G\xf8`c\x8f\xecz:\
\xa6\xa5N\xa3\xa4\xc3(L^\xa4\xc3\xb4\x87\xb8\xc2p\
\xfe,\x1c\xdf\xc1\x0c\xc5\xf5\x1b\x0eL\x15!\x18\xf6\x10\
\x87}\xe4\xaa\x83\xff\xea\x0f\xbf\x8b[o\x99\xc2\x9b\xef\
x\x03\xae\xdb\xeb\xc2\xe1\xed\x8b{J&\xb1\xd8%\xa0\
G\xa2k,T\x18k\xc6*`\xba\xe9c\xea\xd2O\
x10\x15\xc9:\xaa\x81\x14')p\xe7\xa82\xbf\
\xe0\x9b\x96{\x0d\xcaG\x92\x04B\x90(\x00U\x92\xec\
6R\xc3@\x04\xe0\xc4\x0082\x17\xe1\xa9\xc3g\xf0\
\xf4\x91\xb38\xd9\xcd\x109\x93HjM\x04\x86\x8fa\
\xee#\x06\x9dyX\xe4\x94\x8bt\x94\xd0BXD\x95\
\xe5\xf0\x0dCGL\xe9kO\xb2\x89\xc1kie3\
\xfeN\x19A\x1d{$\xd6J\xeb\x0b\xd4^\xc6Z\xa8\
\x22\xa6\x97>Zv\xe2;\x87a\x80F\xa3!,\xf7\
,I\xe0\xbb\x1e<\xc3@\x7fn\x0e\xd1\x893X\xf8\
\xd9\xf3p.t\xe1%)|\xcfA\xa2\x12\xf4U\x88\
\xcc7`\xba\x0e\xea\x09#\xad\x150\xddi}\xbb\xb1\
Un\xa7\xdd\xfd5x?\x150\xbd\x06;m\xcbn\
\x99K\xb8\xaeZ\x1f-\xae\xdb\x0bL\xc9\xb3\x92\x08)\
\x9dR\x0c.\xfc\xacje1\x8b\x82a\xe6\x22\xab2\
\xe8w\x91E!\x1c\xd3\x10\x0b\xd1,\xd1\x05\x07\x8dZ\
\x82\xb0\x7f\x14\x1f\xbb\xe7\xdd\xf8\xea\x97\xef\xc3\x07?\xf0\
K\xd8=M&\x00\xcf\x17\xc1\xb3r\xb8&\xa1\xae\x8e\
\xbe\xe9/\xb9\x0c\x98\xf2O\xd5,\xb4e#l\xed\x13\
\x8f\xa7\xf2\xb5D\xddr\xaf\xa3\xb2\x98\xad\xac\xca\xd7u\
\xcb\xa3\xed\x06\xe5\xa1H\xf0K\x85\xef\xa7#\xae\xcc\xba\
\x93G:\x00\xf0\xef\x9f:\x87\xa7\x8f\x9e\xc3\xabs\x11\
P\xdf\x8d\xcc\x9d\xc4\x99^\x80\xb9(\x01\x9c\x1a\xf2\xdc\
\x13y<Z\xd6\xcaa\xb1\xf2\xde\x10j\x88JR\xe1\
\x90\x92;H@\xaa\x1d\x9d\xf4\xf8,#\xfcY\xc2\x0d\
\xd4\xe8\xa8\x80\xe9U\x1aJW\xe1\xb2\xe2\x1c\x96&\xf0\
}\x0f*\x8c\x91\x0e\x06\x98\xf0jh\x1a\x16\x16N\xcc\
\xe2\xdc\xcb\x87\x91\x1f>\x8e]\x1cg\xbd>\x12FQ\
\x9b>\x86F\x86a\x1e\xa11\xd9\x82\xd1\x8f+`z\
\x15\xfan\xbdKVK\xc2z-\xb4\xc9\xafW\xc0t\
\x93\x1b\xf4*\x9f\xae\xd4S\xbc\xbc\xdb\xc8E\x86d)\
0-\xcf\xb4\x14\xa0\xae\xe6\xc8]\x02\x87\xd5\xae\xbf\xae\
\xc0\xbe\x5cFi\xedI:\x9e\x14\x11\xa52f\xc6\xff\
\xd6\x7f\xd3\x82\xe2\xfa(\xa4\x81\x10\xc0s\x16\xb0\xd0>\
\x0a\xdfW\xf8\xc4=w\xe1\xd1o}\x11\x1f\xfd\xc8\x1d\
p-\xa0}~\x0e7\xec\x99F\x9e\xc4\xb4{\x82C\
\x0dJ\xc6\xd721\xf9\x139\x16\x11*/\x1c\xa1\xc8\
\x0d\x13lbY\x02L\xa2(\x924\xddZ\xc7\x95\xb5\
\xff\xe5\xf5\xdaN\xfa\xd4\x958/\xe9\xd2\x11\x0d3\xe9\
d\xa47Gc\x06\x0b\x8cR2\x92.2\xfa9\x12\
\x95!\xca(\xe2`@\x99L\xb5\x9bhr\xbf\x91\xe7\
h\xa7)\xfa\xe4\x80z.\xe6\xc5Ft\x0e?\xdew\
\x04\xfb.\xf4\xd1\xb3&\x91\x98\x0d\xa4\x86\x06\xa24~\
L\xd9\xf7\xb0\xe1\xdb\x8e\xc8K\x8d;,\xf1>JQ\
\xfc\xce\xa0/\xff\x1692\x01\xa5:\xa2\xca\x1f\x87c\
2U\xc53\xb4\xb4W\xcaq\xfcz\x1f\x1f;i\xac\
n\xf6\xbd0\xda\xdd\x1ev\xd0\x9c\x98@\xde\x0dP\x8f\
R\xbcqz\x06f/\xc0\xabO?\x87s\xaf\x1e\x01\
:]\x86\xd5\xe1D)\x5cN\x96\xdc\xff8\x16r\x8f\
\xc5\x9a\x16\x10&\x15\xc7t\xb3;f\x13\xceW\x01\xd3\
Mh\xc4\x8d\x9c\xa2\x02\xa6\x1bi\xad\x9d\xff\xde+[\
\xf8\x08L5\xe4\xbc\xb8\xc0d\xbb\x80\xa9\xae\x9a\x17\xd0\
9\x0eL\x0b\x10*\x13\x84\x08\xa6\xeb\xfb\xa1\xd0t\xe9\
9\xce\xa8h\xab\xc1\xcf\xf6\x11\xc7]$\xe1\x1cf\xa6\
\x1c|\xf8\x83\xef\xc4C_\xfd\x0c>\xf6\xd1;@5\
*rP\xb9\x1et;m\x86[1\xd1reQ \
\xf0\xb4\x9d\x16,\xdb\x17p\xc3jZ\xfe\xe6k\x04\x1e\
\xfcwiI\xba:\xf0~}OaW\x02L\x05\x00\
\xe6e*|\x94\xbe\x97\xb8g\xae\xb9\xc2\xc3^\x0f\xf5\
\x86\x0f\xcb\xd2\xa4\x93~\x92\x0885l\x1f>\x8bN\
\x94\x12_\xfb\xc82\xb1\x00\xe0\x99\xe3\x01\xfe\xe6\xb9\x03\
x\xe9L\x17=\xbb\x89\x0e\x9a\x18\x9a\xac\xc4\xf7\x91)\
\x17J\x15\xda\xa8\x92\x8b\xcf\xd0p}X\xe4\x06R\xff\
\xb6\xe8d\x0e=\x82\xd1\xd84\xd1\x8d\x03\xc4,\xb0\x13\
\xfd1K|l\x0d\xd3\x96\x22;'7\xe0\xa6\xd9\xe2\
34>F*`\xba\xf3\xe7\xce+\xbd\xc3\xd4\x04\x86\
F\x0a#K\xd1\x8a\x80=\xb6\x83\xc9@\xe1\xc2\x81W\
qv\xff\x01\x84\xdd\xae\xd8#\xb3\x10\x93\x1b\x187\xd3\
6\xc8\xb4\xc0\xa5\xd7\xb2\xcc-q\x5c\x01\xd3+\xed\x88\
-\xf8\xfc\xeb{V\xdf\x82\x06]\xef\x94\x150]\xaf\
\x85\xae\xad\xd7\xd7\xe3p\xae\xf7mV\x07\xa6\xe5'5\
 \xdc\x92\x88)\x13\xeb\x85\x17\xfd\xa2U\xa4\xa0\xcf\x02\
\xa8.\xb9\xf9q`*o\x92\xa4n\x14t0\xd9\xf2\
\xe1\xfb&\x86\x83\xf3\xe8\xf5\xcebz\xc2\xc2\xbb\x7f\xe9\
\xcd\xb8\xf3\xed\xb7\xe1\xb7\x7f\xfd\x01\xb8\xa6\xc2T\xcb\xc4\
\xf4$\x13\xf9\x09\xa2h\x0eT\xb1\xf4\xbd&\x92\xd8\x87\
m5d\x91\x90\xf4\xad\x08\xf4\x1b\x02N/\x05\xf4_\
\xca{\xd6\xeb\x83k\xf9\xf5+\x05\xa6)\xa3\x9f\xcbV\
\x01\xf6\xb4\x95\xc7,}\x12\xdfp\xa4\x11\xe2$Ff\
\x98\xb0\xfc:r\x90\x17j\xa0\x9f\xa4\xb0\x1c-\xfft\
\xa4\xad\xf0\xe3\x17\x8e\xe2\x89#gq*\xb4\xd1N]\
\xb4#\x03S{nF\x02[\xde\x1f\xe7&BZ\x85\
\xd2\x88!3%r\xde\xf0m\xd8\x8a\xc0\x94\xe2\xfc\xbc\
\xae\x16\xf2\xe7Ol\x19\xe8\xd1JRh\xafL\xf7\x0b\
\xaa\x90M\x12c\xef.7=y\xbc\x220\x1d==\
\xd5\x12w-\x8f\xef\xb5\xee]Q\x01\xc250\x5cX\
\xc0\x0dv\x0d7{-t\x0f\x1e\xc5\xab?\xff\x05\xa2\
\xd3\x17\xe09\x16\x86\x19\x99\xce\x19\xac\x04\xb2\xf9\xb19\
~,\x13\xb9\xa3\xe7\x173M\xc1\xca\xfe\xaa\xf8ig\
\x8d\x92\xea\xa9\xdd\xe6\xfe\xa8\x80\xe967\xf8\x16_\xee\
\x9a\x07\xa6\xe4\x96J\x1b\x8dW\x85\x8c\xfc\xcc\x19I%\
H\xd06\x93\xa3C\xf3\x09i\xddg#W\x19!*\
\x1c;\x87K\x8b\xd3<@\xd8_@\x1c\xb4\xf1\xab\xbf\
\xf2v<\xfc\xc0gq\xff}\xef\xc1\xae)J\x07&\
\xa8\xbb\x04=\x01\x86A\x1f\x9e\xb5\x1b\x96\xc9\x88\x9c\xe6\
\x18\x12h\x8d\xffP\x0af\xad\xa3\x02\xa6k\xa8\xcb\xaf\
3\xf6\xb5\x04\xfe\xc5\x8eN\xe3\xc0\x14*\x16kF\xa6\
\xf2\x071\x1d\x9bLdN\x0d\x99\xe9Iq\xd3\x5c\x0a\
\xfc\xec\x85c\xf8\xc5\xf3Gq\xaag\xa0\xedL\xa2\xad\
j\xe8\x1bu\x18~\x0bfQaO\xf7\x9c\x84`\xd3\
\xa4>)\xf7>\x85\x0a\x84\x99I\xd4\xd5\x11+S\x0d\
Nyd\xa6\x09F\xc4\xc2<GJy\x07\x01\xa5\x8c\
\xb2j@AOtn\xea|C\xca\xa6V\xfd\xa6%\
\xc3y\x8b\xa7\x81\xea\xf4W\xa1\x05D/\xd7\xcc\x90\xf4\
\xfb\xb8\xc9m\xa2\x11D8\xf6\xf3gp\xfe\xa5C\xa8\
'\xa4\xa1\x00=\xaaN\x18\x0an\xcc\xcd\x8f\xe6/\xb3\
\xc0.\xa3\xe6\xb2a\xc0\xcd\xb3\x0a\x98^\x85\xbe[\xef\
\x92\x150]\xaf\x856\xf9\xf5\x0a\x98nr\x83^\xe5\
\xd3m=0\xd5_\xb0\x04\x82\xcb\xbf\xee\x95pL\x05\
\x80\x94E'\x17\x81S\xd2\x0bF\x0e?\x17{\xa9\xeb\
\x14\x7f\xddk!Ksd*D\x9a\x85\xc8\x11\xc34\
(|\x9e\xc3\xb1\x15\xfa\x9d\xb3\xd85\xe1\xe1C\xef\x7f\
;\x1e\xf8\xf2=\xb8\xe7\xee;0\xdd\x04\x92\xac\x07\x15\
\x07\x98\xac\xed\x12-\xd5\x91\x9d\xa9.na\xe4\x94\x11\
\xd4\x0a\x98\xae=\xc0\xaf4b\x9a+\x1d1\x1d\xb7\x1c\
-K\x98X\x00\x97\xa4!r\x9b\x1e`&\x22\xc3\x11\
\xf1\xfb.\x80S\x0b\x19N\xcc\x0d\xf0\xe3\xe7\x0f\xe1\xd8\
\xd9>\xe6H0m\xeeE\xd8\xd8\x8d\xb9\xd4B\x87*\
T\xb6\x0b+3\xa4\x9a^6\x10\x04\xb8\x16}\xee-\
\xd8\xb4^&pH\x03\x19g\x8c\x94\xb2\xc2_s\xae\
y?\xa6DhY\xa9\xcf\xdfr\x88\xcb\x13]~\x00\
;\xd7\xc0\xd4\xb5H\x01X\x1d\x98\x96\x1b\x97\xf5\x8a\xa2\
\xae\xf24R]\xfe2Z\x80\xdb%F\xf6\xeby\x8e\
\x898G\xfb\xc0\xab8\xf6\xc43\xc00\xc0.\xd7G\
\xaf\xdb\x85\xe1\xe8\x8d-\xd3\xf8\x1c\xe8\x1cW\x89ah\
\xc72C\xa1i\x1a\x150\xbd\x8c\xb6\xdf\xea\x8fT\xc0\
t\xab[x\xd9\xf9+`\xba\xcd\x0d\xbe\xc5\x97\xbb\xf6\
\x81\xe9\xa8\xa8\xa9L\xe9.\xb7\x9f\x1c5\xe1\x98\xa7\xba\
\xa0\x07\x1bq7\x81\xd7h\xa0\xd6\xf2\x90\xe7\x0a\xc3\xb0\
\x87$\x0d\xa4\xd0\xa9\xe6\xd9\x88\xc3\x1e\xd2\x88U\xfdm\
\xdcr}\x1d\x9f\xff\xec]x\xe8\xc1O\xe1\x9dw^\
'\xe2\xfc\xbe!u\xfa\x02D\xc91\x95(\x86;\x12\
\xe5_\x0fxU\x11\xd3\xcb\x8f\x98J\x17\xca\xce\x86 \
p)8-\xb7C)\x14\x22\xaa\xd8f@?7\xd1\
\xc9\x81cm\xe0\x17/\xbd\x8a_\xbc|\x1c/\x9d\xea\
a\xe6\xc6;P\x9f\xdc\x83N\x98a>6\x91\xb9u\
d\xa6\x8b \x8aE\xdd\x811y\xf2\x8c\xb9\xc9(\xf9\
\xc36\xe1\xaa\x05,\x84\xa1\xf0I\x19-\x15\xacP\x0c\
6q!\xa3\x1c\x14\xdd\xa3\xa8\x16P\xbc .c,\
\x9c\x93\x08k\x06\xdf\xd1\x00u\xb5\xa3\x02\xa6[<\x01\
^\xc5\xd3[y\x86\x9a\xa10\x99\x03\xc9\xa9\xf38\xfc\
\xc43\x88\x0e\x1d\x86\xef\xd5Psl\xcc\x9f\x9f\xc3D\
\xa3Y\xdc!\xa3\xed6\xd2\x9cc\x8a\xdbgV\xeae\
hy\xb4b\xaeR\xf9W\xb1\x1bW\xbct\x05L\xb7\
\xb9G*`\xba\xcd\x0d\xbe\xc5\x97\xdb\x14`J\xa1\xf0\
\xb1j\xe8\x95nyk\x22\xa6\x0aN\xa1?)\xda\x95\
\xc5l\xa0\xefeT\x0c\xc3\xfb)\x99\xae\x12y*?\
\xc3\xb4n\x5c\xb8EY\xb9V\xfc\xb1\x082Sd\xac\
\xbcO3\xb8\xae\x03\x0b\x09<;\x03\x92\x1e\xa2\xe1Y\
\xdcrC\x13\x8f<\xfc\x05<\xf6\xc8\xbd\xf0\xf2\x1ef\
&\x1c\xf8\xbe/\xc0\x94QR\x02\xd3\xb2\xe8\xa9\x02\xa6\
k\x0f\xe0\xf5\xdag\xadOK\x14\xbc\x10*\xa5:\x02\
#\x93%@e\x80\x89?g\xbb}\xf8\x13M\xf4\x01\
\xbcx:\xc5O_\x99\xc5K\xb3\xf38\xd1\x891\xc7\
\xaa\xa4\xd6M\xe8\xd3\xa5\xc9q\xa5\x0f\xd30\xc3`\x10\
\xa0\xee7\xb0{\xaf\x8f\xd3gC\x91v\xb2\x19\xddb\
\xc1\x12i!,`\xa2\x1e\xa9i \x8a\x97\x8e}\x89\
\xde\x0a\xc7T\xc9x\xa4\x12\x80\xb6\x9e\xd4\x07)\x05\xa5\
X\x95A`a\xd9\x92\xfe_m!\xab\x80\xe9\x16O\
\x80W\xf1\xf4\x04\xa6>9\xc6\x0b]\xb4\xf7\x1d\xc2\xc2\
\xfeC\xf0z!j\x86\x89H\xc5H\xb3\x04-\xc7\x17\
>|l\x911M\xbb' \xcb\x98\x8d\xc9\x85\xe3\xdc\
\xaa;\xe2#VqL\xafbG\xaep\xe9\x0a\x98n\
s\x7fT\xc0t\x9b\x1b|\x8b/\xa7\x17\xbeRn\x5c\
G\xaf6\xa6\x19_\x08\x93\x97\x81/\x01}c\x96\x8f\
\x12O$H,\xaf\xb3\xf4\x0b]Y*_\xc12u\
\xa1\x13\x81\x89^\xf8K\x08\xba\xf4[,g\x98\x96\xa9\
\xd14e!\x0b5\x842\xc06`y6L\xdb\xd2\
\xa9\xf84\x15\xf7\x1e\x95%\x92r\xad\xbb&\x8c\xac\x8f\
,\xee\xc1ss\xec\x9a\xc8\xf0\xdf\xff\x9b\xff\x12\xb7\xde\
4\x81]\xbb\x1c\xb9~\x9a\xe8\xcaY\xd2\x0a3~\xce\
\x1e\x97/\x1ao\xdd\x82\xa3\xb8\xe2\x0c\xb6z\x04\xed\xe2\
\xe1\xb0\xb1\xde\xda\xb2\xe1\xb4\xe8\x8e\xb5\xb1+\x08\x1f\x97\
\x05\xeb\x8b\x81\xd3\xf1\x06Y\xca\x1b^\xfa>}\x1d\x82\
;\xe9wC\xcb7%\xa6\xf6\x82bASH\x0e)\
\x80\x0b!\xf0\xe2l\x8c\x9f\xbft\x1c\xfbNu1\x9f\
8\x08\x8d:\x06\xb9\x0f\xe5N\x22w<\x84\x94\x04\x0b\
\x86\xa8\xf9>\xae\x9bi\x09\x00\xedu\x15\x22\x95\x0a0\
-e\xc7\x1c\xaa\x99\x0b\xe8,\xd4\x00\x94\xeew\x8e?\
qr\x92\x0d\x92\xd6\xf5\x15`\x9a\xa6\x8b@U\xde\x87\
\xac\xd8@\xe5\xb2?jY\xae\x14N\xadvT\xc0t\
c\xe3i\xbb\xdf]J\xd0\x8d\x0a\xf0\xb45r\xd9\xff\
\xe5\xebt\xfa\xe2A\x05\x07\x8e%\xf6\xb9\x97\xa5p\x83\
>\xfa\xc7N\xe2\xcc3/\x02s}\xec\xf5\x1b\x88\xfa\
}t\xc2\x1e&''\x81\x98\x96a\x16\x12\xdb\xa2\xc9\
\xb2\x00S\x95*\xa8D!W\x09&\xea^\x05L\xb7\
\xbb\xd3/\xe1z\x150\xbd\x84F\xda\xcc\xb7T\xc0t\
3[s\xeb\xce\xa5\xa7\xc7\x22\x1a\xb8\xdae\x96\xe4\xbc\
\xb5\xec\x92|F/\xf5\xf2\xffk\xc9\x1d\xf1\xe3e\xd1\
\x8f^\xb8\x13\x96\x88\x88\x178\x17`\xa6\x9e2\xe53\
\xd6T\x00G.\xea\x85\xa0xQ\x8c\xb4^\xc4l\xf4\
\xfaJ\x8f:\xa3XK\xff\xbe\xdcaj\xe5\xf3k\xf8\
:\xfemu\x13\x95\x1aS\xfa\x15)fa\x91\x810\
d\xc9W\xd5\xe56R\xed\x0d\xa6x\x07\x08:\x07\xf1\
\xc8C\xf7\xe1\xd1_\xff\x1a~\xe9\x1d-P\xc9\x85X\
\xc6fQ\x8c\x91\xc02s\xa84\x86k;\xe0\xff\xd2\
,G\x1c)8\x96\x0b\xd75E\xeaE\xb7\xf9\xc8y\
H\xdfY\xd1\x7f\x85\xea\xc0\xc5]X~\xef\x91\x14\xd6\
\xd6\x8d\xa65\xce\xbc^&~\xf9\xcec1\xc2\xad\xbf\
a\x19M4K\xbf\xfa\xf1t8\x81\x1d\xcd\x10\x1c\x1d\
\xa1Li|\xaf\xd2B\x8a\xcb@F\x0dPC\xcb\xe6\
\x90\xf7I\xd9\xa7a\x9a\xa1\xcb\xd4\xbdm\xa1g\x01O\
\x9eP\xf8\xebg\x0e\xe2\xe7\xaf\x9c\xc2\xc0\xa8\xc3\xf4\xf7\
 V\xbe\x14\xac\xd5\x9bS\xc8\xf2\x128\x16\xe9x\xe9\
\xe7\xd2aI\x17\x9b\x94\x87\xfc}l\xd3\xc5\xe8,S\
\xab\xe5vN\xbbG\xe9\x915\xae\x14\xb0\xbc\x89\xc6\xd3\
\xfa\x8c\xc4\xaef7zU\xfa\xb3\xba\xe8%\xb7\x00\xfb\
\x8d\x94\x1f\xce1|\x8eYBI\x0b\xdc$WR$\
'\xff\xdd\xef\xa35=\x8d\x81\x99@\xa5!\x1a\xb6\x03\
\x0c\x02X\x83\x18o\xf0\x1a\xf0\xce\x5c\xc0\x89\x17\xf6\xe1\
\xdc\x91c\xb0r\x13M\xd7G\x9c\x84\x08\xc2P\xab{\
Pv\xae\xdc\xf8\x94ss1w\x92\x02R\xb3+\x8e\
\xe9%w\xd86\xbe\xb1\x02\xa6\xdb\xd8\xd8\xb2t\xe7\xb9\
\xd9\x03f\x0e\x1f\xc0\xdd_\xfe\xda?xl>\x99\xbe\
;6\x1a3\xc8M\xeaLK\xd5\xa9\x88IK\xa4\x8c\
\x81\xa8e]\xb4\x8c\xc5_.\xcc\xdb\xfc5^\xf3\x97\
[\x0f\x98\x96\xddPjz\xea\x06\x19i1\x9a\x05\xa0\
X\xea\x95!H\x00\x00 \x00IDAT\x09\x98\x8e\
s9\xcb\xd7\xf5\xa2M\x17\xa6\x08\xc8cm\xbbH@\
\x9a\xd6\xa0rGG\xb4\x0c\xee\xfe\xb5U(Ak1\
\x9e\xd6\xec\x8b\xb5\x81\xe9:\xc0{\x91\x83\xb8\xc6%\xc6\
\xc5'\xc7\xc0i\x09@\xe8a=\x92\x9fZ\xcaQ\xe5\
w\xbdy\xaf\x83\x03\xfb\x7f\x86\xdd{\xa6\xf0\xf7\xbf\xfd\
k\xf8\xda\x83\xf7\xa0\xd1\x00T\x1ccr\xc2\x06\xb8\x18\
\xb9\xc2BE\x9e)x\x16Ss\xa6\x80\xaa4Qp\
<\xdd\x0e\xaf_`Zn%l\x18\x22T\xaf\xfbJ\
\xef\x99r\xa4*\xd1\x22\xb2\xb2\xe8'Z+V\x19\xf0\
]j\xc9\xfa\x98\x1f\xf4\xd1lL\xc8\xe2\xdd\x0d3d\
\xae\x85\xa1\x09<}2\xc6\x7f\xda\xf7*\x9e:\xb1\x80\
c\xfd\x0c=4\xd1\xdc\xf3\x06x\xf5i\x0c\xfb9\xa2\
>c\xaa\x80O\x92\xf0\x0abf%X\x5c^\x15?\
\x1e\x9f\xe6\x9d\xf3,\x17k\xf8^\xfa\xf4\xc2\xc2\xaa\xea\
\xb8v[\xc0eF\x85c\x93O0e\xc4\x94)\xfc\
\xcf\xc80$\x82\xeer\xb2\xb4\x81\xd0\xcd\x91\xab\x18V\
\x9cb\x97ec2\x06j\xed>\xdaO\xbd\x80\xce\xb1\
\x93\xe8\xb5\xdb\x80\xe3\xc0\xf3<\xa1\x03\xa5Y\xb6XD\
\xb9b\xebH\x96\x81\xc5O\x15\xc7t'\x8e\x9e\x0a\x98\
ns\xafT\xc0t\x9b\x1b\xfc2/\xb71`:\xba\
\xc8r\xe9\xa5U\x03vE\xfa\xb4D\x11b\x05*\xd3\
s\x04\x18\xb1V\xc6\x81\x85,\xf1%\xb6X\xc6(\x95\
\xa9\x81\xa9I`\x9a3\xaa\xb0v\xda\xfa\xea\x01S\x0d\
\xd4K`Z\x02\xf7\xf1\xe8\x16\x81\xa9\x91up\xfd\xde\
&z\xdd9\x9c?~\x00\xb7\xbf\xf5f|\xfb\xdb\x8f\
\xe1\xfe\xfb>\x80\xc9\xa6\xb0\x03\x08\xcf\xe1;\x9a\x9f\xc8\
Ds\x9ee\xc8R\xea\xa1\xc6h\xb6\xa6E\x1d@\xb7\
\xfb\x88\x06\xb1\x08TW\xed\x00\xdd\xc3l\xf5\x1dq\xac\
\x92\xca_+\x22\xae\xbf\xe3x\xff\x97t\x8c2\x92\xca\
%?\x87\x92$\xa6E\x9f$\xa8\x5c!M\x99\xb4w\
a:\x16\xe6\xb3\x0c}\xfa\xcd\xdb\xb6D)\x8f\xb6\x81\
\x9f\xbd4\x8b\x17\x8f\xcf\xe1ll\xe2D'B\xdf\xa8\
Ay\x13p\x1b\x93\xc8-\x0fQ\x98I:TGZ\
W^B*`\xba#F\xd5\x8e\xbe\x09\xa1\x96\x10\x80\
\xca\x06\xd8\xd0\x85x\xca\x12\x80\x1a\x15\x03hW\xddE\
w\x18 vI\x87N`\x0eC\xdcXo\xa11L\
qa\xdf\xcb8\xf3\xf3g\x81\xfe\x90\xa9\x01V\xd7\xc1\
\xb2u\x04\x96\x0a\x0e\x1c\x9f\xa5\x9b\xdcJ\x0d\xc1\x88i\
\x9d.sU\xf1\xd3\x8e\x1b'\x150\xdd\xe6.\xa9\x80\
\xe967\xf8e^\xee\xf2\x81\xe9\xd2\x08\xcej\xb8\xa8\
\x8c\x12\xe5j$\x5co\x98\xe4|\x12\x98R\x9c\x87\x90\
\xc2F\x92\xb2B\xbd\x88\x0b\x19\xb9\x8e\x9aJ\x9a\xfcZ\
\x00\xa6\x94\xa3\x1a\xeb\x80\xc54ti\x81\x9a`\xcf\xae\
:\xce\x9c>\x06\xe4\x09f\xa6\x1a\x18\xf4\xce!\x0a\x17\
\xf0\x89{\xde\x8fo}\xe3+\xf8\xfc\xbd\xb7#\x1cB\
*\xf8\xeb>3\xd11\x90\x85\xf0]\x07&\x8bu\x0a\
\x9d\xcc\xe5r@\x8b\xce?\x85\x05\xbbv\xaf\x1a\x15n\
\x95\x5c\xda\x9d>\x01\xaeM\xd5`\x04z\xcc+^V\
z\x0dJ5 eZT\xea\x8fa2e\x0fG\x93\
\x1c((\xcaO:\x06\xceftm\x02\xce\x0e\x81\xe7\
\x0e\x9e\xc7\xd3\x07\xcf\xe0X;\xc4|l\xa3\x97\xb9h\
\xec\xbeA\x0b\xe4+\x03A\x92\x22J\x12\xa1\x13\xd3=\
\xc7\xb2\x1cX&9\xa2\x17\xb7b\x05L/s\xe2y\
\x1d}LT\x17\x8a\xc7\x92Q|\xca\x80\x89\xb3\x5cn\
\xc8\xdf\x19\xd1\x9c\xf6]\xf4\x07\x01\x86\x06e\xe8r\xb4\
`b\x8aT\x93\xe3\xa70\xfb\xd4\x0b\xc8O\x9e\x81\xc9\
\xfc\xffXvG6K\x04\xbc\x85&\xf2jMZ\x01\
\xd3\x9d;\xd8v\xfa\xbc\xbcs[\xee2\xef\xac\x02\xa6\
\x97\xd9p\xdb\xfc\xb1K\x06\xa6\xeb<A\x17\xa7\xf2\x97\
F8\xc56^bY\x14\x0ege;\xa3\xa5\xa9@\
\xd1\xdc\xb4\x90\xb2\xf2\xb9\x90\xce\xd1MPh6\xe6\x04\
\x04\x8c\xb1\x12\x98\xac\x9e\xce\xdc\xf2\x88\xe9E\xfd\xb2\xf4\
^4\x87uyT\x97<D\xae<)\xd2~\x07\xb5\
\x89:\x1c\xc7B\x1c\x0d\x85W\xda\xf0\xe8\x0a\xd4\xc7\xb0\
\x7f\x0e_\xbc\xef\x13x\xe4\xe1\xfb\xf0\x81\xf7]/i\
j\xcf\xcc\xe1\xb9)\xf24\x90h\x8bmy\xd2\x0e\x1a\
\x88\x96\xd1\xcf\xf2\xbf\xb5&\xbb\x06\xa4KoT\xc3\xb6\
\xab\x1f1]/\x11\xad\xab\xd0W>\xc4\xad\xcb /\
\xb9\xe0f\x0a\xf8.b\xf6\x85\xfcS?\x18\xc0r\x1c\
\xc0\xb4\x91f\xe4\xd3\x11\xb8\xda\x02\xea\x03\x1bx5\x04\
^:7\xc43\xaf\x9c\xc0\x0b\xc7\xdb8\x1f\xba\x88\xed\
\x09\xf43F\xaa\xa8#\xebI\xb5\xbdVJ(F`\
\xae\x10%1\x82(A\xab9\xbd&0]\xab\xf8\x88\
\xc0\x84\xbc\xd6*\x95\xbf\xcd\x93\xdb\x0e\xb9\x1c#\xf4\x11\
\x13\xf9\xcc\x8a(\x13\xcc\x1a\xd9\xd4\x0e\xa3\x22\x84\xa5\x81\
j-\xd3\xb6\xcd\xddx\x08\xd71pC\xbd\x85\xf0\xdc\
\x1c\x8e>\xfd<\xc2\xc3G`&9XP\xc7\xc8(\
S\xf82\x0b\x14\x03\x95E\x99F\xf1\xef\x95\x9e\xa2\x0a\
\x98\xee\x90\x81\xb0\xc2mT\xc0t\x9b\xfb\xa6\x02\xa6\xdb\
\xdc\xe0\x97y\xb9\xcd\x02\xa6b\xa5(\x05\x1a\xe3\xa5\xd3\
\x1aH\x10L\xe9T\x13\x0b\x84\x1c\x0dLY%o\x91\
k\xaaE\xc9S\x96I\x0b0-\xdd\x98R\xed]\x9f\
k@\x96I\x0d\xf5\xce\x05\xa6\xa3D\xf9rp\xaa\x8b\
\x5cX\xfc\x90\xa4\xf4\x10RR\x81\xcf\xe2'r\xc9\xf2\
l\x083\x0f\xe1\x9a!\x1c+\xc0\x83_\xfa8~\xfb\
7\x1f\xc6\xad7[\xc8b-\xe0O6\x9aG\xc0\x94\
\x17@\xb7\x90\xb9\x12\xc0)\xf9\xc1\x02\x98\x96\xb3\xdc\xe2\
lWDXv\x080-K~V\x1a\xaak\x01S\
\x0d\xf85\xb5C\x7f\xb5\x12\x90\x8f\xc0)\xab\xda3\xc3\
F\xc2\xe2&qO\x22\x18\x00\x16z\xc0\xc9~\x8c\xbf\
=t\x1aO\x1f=\x87\xa3s\x03\xa4\xf5]\x08\xbd\x19\
\xb4\x03\x02F\x1f\xcd\xd6\x14\xc2\xfe\x00\x8ei\xc11r\
\xa1U\xd8,\xa4rt\xda\x9f\x85hY\xc2{X=\
b\xba\x95\xc0Tx\xd9\x95r\xfee\xcepW\xffc\
\x9c\x12CE\xa5\x5c\xe6\x84,\xd8B\xac\xd1\xce^\x8a\
\x12c\xb9\x12\xe1\xfc\x9amc\x10\x0d\x85\xca3m\xd9\
\x98\xdd\xff\x0aN>\xa5S\xf8\xcc\x03\xe4i\x22\x0a \
`\x0a\xdf4G\xc0\xb4\xb07\xe67\xad\x80\xe9\xd5\xef\
\xef\x8d\xdcA\x05L7\xd2Z\x9b\xf0\xde\x0a\x98nB\
#n\xc3).\x15\x98\x96\xd1@\x1d\xf5)K~F\
\x8f\x95i\xea\xc2\x1dm\xe9Y\x02\x88\x82\xddH\xbbE\
\x0a\x81\xf2\x95\xdc\xd3|=V\xa3[9L:\xda\x18\
\x86\xe8\x84\xca\xb1DF\x8a\xe9.\x0dL\xf3\x9c\x96{\
\x17O\xbb%\x0c\xdc\xfa\x88\xe9z1\xbf\xd5:K\xb7\
Q\xc3\xafa\xd0\xe9\x00\x14\xcb\x9e\x9c\x84\xe7\xd8\x08\xc2\
\x1eT\x1a\xa1\xe6\x91\xb20D\xcdK\xd0\xbbp\x1c\xd7\
\xed\xad\xe1\xdb\x7f\xef\x11<\xfc\xd0\xc7\xd1j\x02\xfdN\
\x84=\xd3\x9e\xae\xf4/R\xf5\x12\x89-\x81)\x7f\x8f\
SH\x17\xdb\xb0\xbcg\xde\xc3\xd5\xad\xca_\xdez\xcb\
'\xe4\xe5\xfd7\xfe~J.i\x8e\xb1V\xb9\x15&\
\xf2\x92\x13\xd2\xd5\xc9D\x98\x1b\x08\xc4\xb9\x09\xe8d\xc0\
\xc9\xb9\x14\x07\x8f\x9e\xc2+\xe7z\xf8\xeb\x17O\xc2\x98\
~\x032\xbf\x89\xf3\xa1B?w`5\xa6`:u\
\xe1\xa2N\xfb\xa6\x04\xe9\xf3(C\x12\x85R\xa8\xc24\
\xbe[\xf3\xe18\x06\x06\xfdp\xa5\xe1\xb7x\x1f\xabq\
P9d\xb5\x80\xfeZ\xdb\xaa\xf5\x1f\xf4\x0a\x98\xae\xdf\
F[\xf9\x8e\xd5\xa2\xdd\x97\xba_\x88\x93\x82\x8abj\
N(\x7fX\xfc\xcbT\xbc\x9b\xe7\xd8\x93\xd9\xf0\xf8\x1e\
\xba\xd0\x85\x11\x16fgq\xec\xc5\xfdHfO\x8b\x92\
\x84A9\xb1$\x95\xb4}i\xde .r\x85^n\
\x19E]\xa9\x0d\xa4*\xbf\xe2\x98n\xe5\xf0\xb8\xecs\
W\xc0\xf4\xb2\x9b\xee\xf2>X\x01\xd3\xcbk\xb7\xed\xfe\
\xd4\xe5\x01SB\x84\x92\xd4\xa8\x11\x91L\xb6c\x92F\
\xfa\xdf\xba\x96\x9f+~F\xcbGj8\xe6\x1er\x83\
)\xd7\x5cR\xa6\x04\xa7\x8c\x9aJDj\x11P\x8d*\
\xb0\xf3\xbc&\x91Sz\xd4_[\xc0t\xe9\x94c/\
\x22G\xb6A&\x0b\x0c\xffd2rL\x05\x82l\x88\
4\xee\xa0\xeedp\xad\x18V>\xc4\xdb\xdev\x1b\xbe\
\xf5\xc8W\xf1\xa5\xcf\xdf\x89\x96\xa7\x8b\xce\xb5\xf0\x7f)\
S4\xaa\xd2\xd7\x99\xbcE\x98\xbel\x18\xed,`\xba\
\xe2d\xcc\xc2$ya\xf4j\x89=\xb5\x95(I\x09\
\x1a\x98j\x09.=\xbe\x84CJ.^\x9c\x22\xb1=\
\x84&p>\x02^\x9a\x8d\xf0\xd4\x81cx\xf9\xd8)\
\x9c\xea\xe5p\xf6\xbe\x0d\xa7\x07\x0aC\x058\x93\x93H\
,\x0f\x9da\x08\x95)8n\x0d*\x88Qw=L\
\xf8\x0e,\x0b\x08\x22\x85\xfep\x800MdlO\xd5\
\xeb\x8b\x8a\x08\xe3\x8d\xbb8\xe6W)\x8e\xaa\x80\xe9v\
\xcfh[s\xbd+\x01\xa6\x1c#Y\xc8\xec\x90\x01e\
\x19\xc8iYk\x9bP&)M&|\x05\x5c\x1f\x9b\
0:}\xb4<\x0f\xf9`\x80\x17\x9fx\x12\x0b\x07\x0e\
\x8a6i\xddu\x91\x04\xa1d\x9d8\x16Y\x91\xcf#\
\x8ec\x01\xa6\xa4\x9fD\x11\xf3\x03+\x1f\x150\xdd\x9a\
1\xb1\x19g\xad\x80\xe9f\xb4\xe2\x06\xceQ\x01\xd3\x0d\
4\xd6%\xbc\xf5J-)W+.)\x81i\xa93\
\xba\xfcVF\x11\x01\xfa\x89G\xc8I\xde\x93E\xd8\xa6\
\xf5\x11\xe0\xb8ph\xad\x99\xa5\xc8\x95\x16\xb1g  \
Kb)\xe0\x11\xcb\xce\xba\x8dN\xff<n\xb8\xe1F\
\xcc\xcev\xe0\xd5'\x91d9\xbc\x9a\x8f\xdcTh5\
jXh\xcf\x0b\x1b\xc06\x19A\xd5\x16\x92\x0c d\
YMd\x7f\x0cs\xe5\x88iy\xbf\xd9\xa2\x0e\xe6\xd6\
<\xea\xeb9_\x8d8\xb6+\xa7{\x8b\xa4\xb3\x00\xa9\
\xbchT\x81\x91\x06\xdbL\x1b\x00$q\x1f\x8e\xa9P\
\xf7\x808\xe8 \x1a\xf4\xb0{\xd7$\xee\xb8m7\xfe\
\xe5\x1f\xfd\x1en\xbb\xa5\x8e\xe9)\x80kP\x9a\x84\xa8\
\xf9\x16\xa8\x22\x95d\x01l\xd1Q%%\x82RI\xe4\
LR\xff\xb4.\x91\xd2$Ja\xbbZ\xe0}\xb5c\
\xbd\xf1\xb5\x9e\x8e\xec%\x0c\xe1\xc5\xb7\xac\x14eJ\xc2\
D\x22H\x12\x0d\xb2Y\x05\xaf3\x96\x02=\x19\x01]\
\xe8\xa2\xd5j\xc0\xb4,\xd1o$\xe7\xd8v<\x81\xaa\
\xdd,\xc1@Y\x88,\x1b\x87\xcf+\xfc\xdds\xaf\xe2\
\x89\x83\xb38\x1b\x98\xc8\xfcid\xce\x14Bs\x02\xb1\
\xe1\x88-(\x17\xf3\x8c\xba\xb1\xd2\x17\xa4\x050MJ\
Asn\xaetOI\xf1\x147LEqJ\xcd\xe2\
f`ue\x88\xf54FEX\x7f#\x8d\xb4\xec\xbd\
\xa5\xfa\xc2\x15\x9c\xa2\xfa\xe8\x15\xb4\x00#\xe8k\x1d\xcb\
\xe5\xc2\xc6\xdfK\xc7\xae\x09\xc3\x93\xc8;\x19K\xdd8\
AO\x85R\xf8\xc4T\xbe\x1fg\xb891q\x83\xe9\
\xc3\x08\x868u\xe0\x10\x8e\xed\x7f\x19\xc1\xf9s2_\
P\xdbx\xbd\xe7\xaf|}\x5c\x17\xb7\xbc\x07\x02S\xdf\
d\x01eeIz\x05C`K>\xba5\xab\xd5\x96\
\xdc\xeak\xe3\xa4\x150\xdd\xdc~\x5c\x0f8\xacw\xb5\
+\x05\xa6I\x12\xc1`\x94\xd3\xb0e\x97/\xe9u\xa5\
\x85\xf3m\x87j\xf1\x8c[\xd1i$\x16.\x94k\x92\
G\x99#\x0c\x06\xe8\xf7\xe6\xf1\x867\xdd\x08\xa7V\xc7\
\xe1\xc3\x17\xd0\x9c\xd8\x8b\x94\xd5\xf6\xa6\x810\x1a\xc2\xb2\
X\x14\x95\x83\xe6G\x96I\x22?\x13\xb79\x92\xd4.\
\xf4M\x09L\x99\xe6\x1a\xab\xcc^\xf6\x85w40\xa5\
 \x96P\x145\xb0\xd1\xa0G\x03$}(x\xb6#\
\xc0\xdf5\x01\xdfs\x90\x86\x01\xfa\xdd\x0e\x5c\xdb\xc2\xee\
)\x0bS\xee<\xbe\xf0\xd9\x0f\xe1+_\xb9\x0fo}\
K\x83R\x86P\x8a\x82\xdd\x03\xa8t \x9cU\xcb\xc8\
E\x90\xdf6\x18Qq\x05\xd0\xe7\x89%\x02\xde6O\
\xbcV\x81\xd1:\xc8{\xbd\x85q\xbd\xf1W\xbe\xbez\
\xea\xd3\xd0\xdf'\xd3}_V\x1c\xf3sl&\xc7\xcc\
\x11\x0c\x87b'\xea6\x9b\xe2\xd6\xb4\x10\x84HhH\
\xe0X\xd8\x7f6\xc4\xf3G\xce\xe2\xa9\x83\xa7p\xbc\x9b\
#\xf6w!\xf2wI\xc5}?\xe2\xf8\xa9k)2\
\x83B\xf9\xe3\x06\x0e:\x9a\xac2\x8e\xdeQ\x01\x9e\xee\
#\xfd>\x82B\x9f\xb2<\x97\x09Lu?W\xc0\xf4\
R\xc7\xc8N|\xdf\x95\x00S\x87\xce]\xca\x85c\x99\
\x88m @\x8e\xa1\x95\x221\x14\xe2<\x83\x1b\xc4\xb8\
56q\x03<tO\x9c\xc4KO>\x85\xee\xa9S\
h\xd5k\xd2\x14\xd4.u\x1a\xad5\x9b\xa5\x02\xa6;\
q\xd4\xac\x7fO\x150]\xbf\x8d6\xf5\x1d\x150\xdd\
\xd4\xe6\xd4A\xca+8V\xb3\xf4\xbc\xd4\x88i\x12\x05\
0m\xed\x9eC\x1b\xcer\xa2\x96\x14\xbe\x91IE)\
\xf2\x14\x8eI\xa7\xe6\x0c*\x0e\xa5\xb8g\xd7\xf4$\xf6\
\xec\x99\xc1\xfd_\xf9,^x\xe5\x10\xfe\xf7\x7f\xff8\
2\xa3\x85T|\xc79\xf1*\x01\x16\xb9\xca`\xb3J\
\xdf\xca`\x18\xe3\xc0\xb4\x01\x95\x1b:\xdd\xbd\x020]\
\x94\xa3*\xbe\xe0H\xfa\xff\x0a\x1ak\x85\x8f\xae\xd7\xfe\
\xf6\x1aB\xae\x04cV\xaeU\x06\xc6\x01\xa9vj\xd1\
\x17s\x1cGG\xed\xc89\xb3=\xe4i\x860\x08\x90\
\xc41\x1c\x15\xa0n\xcf\xc3H\xdbx\xfb\xdbn\xc6\xd7\
\xbf~?>\xf7\xf9\xbbp\xc3^9#\x80\xbe\x98\x16\
\x902a\xc3\x81\x0d\x0fQ\x94!\x18\xe4p\xed:\x1a\
\xcd\x91\x0c\xd7j\xad\xb2\xde\xc6\xe7J\x81\xe9\xaa\x80\xb4\
\xec\xc0\x027\xa7\xa9\xf6\x8c7L\x8bYL9\xa8\x00\
\x99\x87=X\xae\x8ba\x96\xa3\x1de\xc8\xeaM\x89f\
\x1e\xea\x00\xcf\x1c<\x8b\xe7\x0e\xcd\xe2$}\xed#\x1b\
Fk/\x22\x7f\x0a\xf3q\x8eAJ\xcdG_\xaa\xa1\
9F\xc9\xd3\xd5\x0e]\xd9\xa2\xc2\x01ut\x13%.\
\xf7\xa0\xcf\x87\xf6\xb1/\xc0\xab\x91\x8a\x9c\x8foX\x95\
\xf3\xd2\xe6>R\xd7\xd4\xd9\xb4R\xee\xc5\xc7b\xbda\
1A\xac4\xce\x09L\x9b\xb9\x08\x94\x22\xa3\x03\x93g\
\x22v\x80@%R\xec\xe4\x0e#\xbc\xcb\x9fF~\xf2\
<\x8e?\xff\x02N\xed{\x19H\x22\xec\x9e\x99\x16\xad\
\xd3v{\x0en\xad\xa1\x8bA\x97\x1d\xcb\xe7\xbf\x95\x1a\
U6VU\xc4tG\x8e\xb7+\x5c\xd6w\xe4w\xda\
\xd17U\x01\xd3\xcd\xed\x9e\xf5\x80\xd1zW\xbbR`\
\x9aF\xb1\xa4\xda\xa5\x04\x85U\xa0f\x0e[R\xaet\
*\x09E\x1c>\x0e\x16\xe0\xd1+\xde\xa3\xa9S\x88\xa9\
\xc9\x1a\xee\xff\xdcg\xf0\xc0\x03\xf7\xe2\xc67\x02\xff\xd3\
\x9f\xef\xc7\x0f\xfe\xf5\xff\x8c~\xe8!\x8f\x1c\xa0\xd6\x80\
\xe3y\x12!\x8c\x83\x00\x96\x95\xc22\x13\xa9\xd8\xe7B\
\x90\xa66\x92\xac\x8e\x5cY\xd7,0\xd5\x0b\x95\xd2\xc0\
]<\xd2\xf5\xb1\xe8\x8a%\x9e\xe9\xbaZ\x97\xcc\x08%\
\x16g&,\x83\xba\xaedH(\xe1\x9f\xda\xe9<\xf6\
\xcc8\xc8\xd2.\xe2\xf8\x02\xde\xff\xabo\xc6o<\xf6\
e\xdc\xfd\x91\xb7\xa3\xe6\xe5p\x8c\x04\x8a\xfd`\xd8\xf0\
\x0cV\xf0\xdbH\x92\x1cy\xcab\x0ba\x5c\xac\xc8\xd1\
-\xc7\xcdU\x05\xa6\x04\x83\xaa\xe0\x80H\x81\x1c\x91\xfc\
(\xa5.\xc5t*\xc20K\x11\xdb-\xc4\x06p:\
\x05\x9e>\x12\xe1\x17\x07fq\xe8l\x0f\xaf\x9e\xed\xc0\
\x99\xbc\x1e\x8d\xdd7Ay\x0d\x9c\xe9\x858\xcf\x92|\
\xdbC}b\x02\x06\xe9\x0d\x8a1\xd1T|\xc8-\x8e\
a\xc1\xf5\x04\xa3&\xd2\xdc\x91\xb4jF\x1e\xa0\xa0a\
\xf6\x97\x06\xfb|\xbf\xc3\x02\x94+\xc9\xc5\xaf\xf7\x80V\
\xaf\xef\xd8\x16\x90\xcd\xe4*\x13\xe8\xa5\x00SfK\xfc\
\xdc\x06e\x9d\xc8/5<\x0b\x99\x0d\x0c\xe2!\x86q\
\x80z\x90\xe0\xbd\xcd\xebp\xf8\xf1\x9f\xe1\xc4\xb3/\xc0\
\xa0\x1b\x9c\xeb\x09/?\xa6\xb5\xaem#\xe3\x8e\xe9\x0a\
\x80i\xdd0\xc5\x00:PVA\x0b\xa0M\xb3\x96\xa5\
\xa3\xd4T\x94\x15\xf6\x149P\xb7c\x95v\x0e\xb6\xff\
\xc9\xf7\x1e~\xfc\xf7\xbe\xfb\x89\x1fY\x16\x1eo\x01m\
\xc3\x18\xf3\x09\xde\xb1\xbdum\xddX\x05L\xb7\xb9\xbf\
*`\xba\xb9\x0d~\xb5\x81\xa9J4y_x\xa0\xb6\
)QN\x01\x90y\x88,\x1b \x8d\xbah\xb8\x04\xa7\
m\xb8f\x82O\xdd\xf3A\xfc\xd6\xaf\x7f\x13\xef{\xcf\
\x14\xc2D;\x8b\xfe\xf0\xdf\xfd\x0d\xfe\x9b?\xfb_\xe0\
\xf87!\xccj0\xad\x86\xf0\x9e\xb28\x81\xe7R\xc8\
\x9c\x11\xd3\x08\x9c\xff$\xb6\xb5\x0c\x982\xca\xb5\x9cC\
\xb5]\x11\xd3R:t9\xd7\xaf\xe4\x16ZK\xca\xe2\
G}\xbfTFj\xa9{\xd1\x08\x9c\x02i\x9c\xc1\xa0\
\x9f6\x03\xcf\x92G\xd6\xee.\xa6\xc9hr\x82\xc9\x86\
\x89\xb9\xb3\xc7\xe1:\x0a{\xf64\xd0\xef\xce\x22\x8d/\
\xe0\xfe/\xdc\x83\xef~\xe7Q\xbc\xfd-M\x91\x99\x11\
i\xaeX\xc11\xd8G\x1a\xdfQ\xf6\xd0\x91\x1bYC\
+t\xcbS\xf9\xe5w_\xaa&P\x16;\xc5i*\
\xdf\x97m\xc2\x0a\xe64W0\xc9O0\x0d\xf1\x14\x8f\
L\xca?YX\xc8\x81#\x17\x80\x9f\xbd|Z|\xed\
O\xf5\x0d\xa4\xee4\x0c\x7f\x12\xb9\xdd@\xa8\x80^\x14\
\xcagL\xdf\x95b\x13\x16\x8d\xd4L\x07\x0e\x0b\xce$\
z\xad\xdbi\xc4'5\x05\x9c\x92\x07\xba8\xbe\x0c*\
 \x8c\x84\xfd)\xef\xb3\x92\x5c\xd4\xe6>\xe5\xd5\xd9v\
b\x0b\x94\xc0T*\xe0\x97=B\x97\x02Le\x83)\
\xcf\xb4\x96\x22#\xef\xde\xb4\x0c\x90\x1e\x15S\x95#J\
\xd0<\xdf\xc7\xc9'\x9f\xc1\xf0\xe8\x09x\xae\x83\x09\xcf\
C\xd0\xef! \xbd\xc7\xf7\xb5\xc1\xc6\x0a\xc0\xb4l\xaf\
2\xa3\xb1R\x91\x16\xe7\xac\x0a\x98\xee\xc4\x91U\xcd(\
\xdb\xde+\x150\xdd\xdc&\xbf\xda\xc0\x94\x8b8#\xa5\
\xb6c\xc0\xf7]\x11<\x8f\xe2\x1e\xd2\xb4\x0f\xd3\x0c\xa5\
j|\xee\xc2Q\xfc\xca\xbb\xde\x84\xef}\xf7\xef\xe13\
\x9f|\x13\x8d\x8b\x10G1\xa6\xa6\x5c,\x84\xc0\xbf\xf8\
W\xff\x1b\xfe\xcd\xbf\xfd\x0b4&n\xc70m\xc2t\
\x9aRu\x1a\x0f\x03x\x9e\x0d\xdb\x8ca[\x8c\x98\xa6\
\xc8r\x03I\xc6\x88iSGL\xcd\x04f!\x8f2\
\xde\xb2;\x15\x98.M\xba\x15\xdc\xd2b\x15\xd3\x8b\xdb\
R\xc8\x9aF)L\xc7\x86e\xd9\x12\x9d\xc9\xb2\xbc\x88\
lhmW\xa6\x93\x1bu\x0f*\x0d1\x5c8\x0b\xe4\
!f\xa6}\xb4\x1a\xd4\x22\xea\xe2\xf7\xbe\xf3\x18~\xf9\
]o\xc2\xbb\xdf9\x85\xba\x0bD4\x8eR\xb1\x14H\
9\xa2\x9b8\xf2\x97_idnu\xc4t\xa4\x18\xb0\
\xb4e\xe8{/rJ\x99\x82\xc1J\xe5\x1c\x08(\x8d\
C-Q\x9b\x8a\x8f\xc0\x10\xc0i\x00'\x07\xc0S/\
\x9f\xc1\xdf=w\x08\xaf\xb6\x13d\xfen\xc4\xce\x0c\xfa\
\xb1\x01\xc3n\xc0v\xebHU\x86 \x08\xe0x6\xea\
\xad\x1a\xe2<A\xb7\xdb\xc5D\xbd!\xa0\x82\x05N\xbc\
\xe6\x08`\x10\x8c*\x01\xc0\x8b\x98\xc3\xc8a\xf2O\xdc\
\x1e\x15}E}\x89\x95\x0aK6\xf7)\xaf\xce\xb6\x13\
[\xe0J\x81)\xc7M?'E\xc9\x80\x9f\xe5\xf0a\
\x89f)\xc9#a\x1c\x00\x9d\x1eN\xfe\xcd\x13\xb0\xbb\
}\xa4\xdd>\xcc0\x90\xd4\xbbk\x1b\x08\xb3\x08a\x10\
\xc1\xafM\x16\x9a\x14+\xb7P\x05Lw\xe2\xc8Y\xff\
\x9e\xaa\x88\xe9\xfam\xb4\xa9\xef\xa8\x80\xe9\xa66\xe7U\
\xe7\x98:\xa6\x8d8\x8c@gF\xd75\x11'\x03D\
\xc36\x1c_a\xd7\x8c\x8bhp\x1e\xff\xd9?\xfam\
|\xeb\xe1\xf7\xc13\x81x\x18cO\xcb%{\x0f\xc7\
\xcf\x9e\xc1\xae\xebn\xc1\x1f\xff\xcb\xff\x15\x7f\xf6\xdf\xfd\
\x05j\x8d7a\xa1\xef\xc2\xaaM\xc3\xaf5\x10\x05!\
l\x83\x95\xe9\xeb\x03\xd3\xb2U\x97\x83\x842I\xbeU\
\x1c\xd3K\x8d\x98.*\xbc\x8eEVda\x1bs\xb5\
\xd2\xd1\xba\xa5\x00\x8d\xc2\xd9L\xa9\x11\x8c18\xc7M\
@B\xa5\x03JK\x99\x16\x9a\xadI\xf4z} \x0c\
a\xba.\x9a\xae\x0b\x15\x07\x18\xf6\xdaP\x839\xb4Z\
&>\xfc\xa1w\xe0\xcb\xf7\xdf\x8d\xbb?\xf4v\xdcx\
\x93\x0d\xc7QP\xaa\x0f\x95%\x98p&`0l\xbd\
\xca\xb1\xd5\xc0t\xd18a\x0c\x90\xf3V\x04\x98\x16\xf2\
\xf9\xdc|\xd1F!-<\xc0\xf9\xf7A\x12\xe3\xe4 \
\xc7S\xf3.\xfe\xc3\x0bG\xf0\xfc\xe1c\x08\xad\x1aT\
m\x06\xdd\xc4Db\xd4\xe0\xd7'\xd1Y\xe8\xa3Uo\
\xa0Y\xab\x83\xd2\x5c\xe4,\xa7\x8a\xf4\x86T\xa2\xaf\xda\
\xab|Q\x05U\x00\xa7\xde\xd4(P'\x95j\x10\xa2\
!)QU\xa3\xe0\xa4\x9a\xb0\xe8iNe\x03#\x13\
N\xeb\xe5\x1e\xebU\xed\xafw\xde\x0a\x14\xaf\xd7B[\
\xf7\xfa80-\xaf\xb2\xbc?\xe9\xe6\xa4\xc7\xf3\xc5\xf7\
\x91X@\x87\xfcx\xcb\x84\x1b$\xa8'\xc0.\xc7\x17\
\xf0\xd9n_@\xe7\xc4I\x0c\x7f\xf6\xb4\xec\xdd\xec\x94\
\xde\xb9\x81\xd0NX\xf8\x98Q\xad#\xa5\xa4\x9c\xd6s\
^M\x17\xa2\x02\xa6[\xd7\xff[y\xe6\x0a\x98ne\
\xeb\xaep\xee\x0a\x98nf\x83\x97U\xca\xc5\xb4\xb4F\
JG'\x07\x0a\xb1\xcb\xc5\x18\x10\xfd\x94\xf5#\xb0\xa4\
\xb2\x98\xaeKLyR\xb4\x9c\xe2\x8d\xcb\x8f1\xdfu\
:\x8fP\x10\x9eL%\xaf\xc6HhW\xf8\x8e7\xdd\
8\x81\xb7\xbc\xf9&\xfc\xe9\x9f\xfcC\x91.j\xd6\x81\
\xa6\x0f\xd8\x8cn\xaa>\x1c\x16\x8fXu\x5c\x18X\xf8\
\xd3\x7f\xfd\xe7\xf8\x1f\xfe\xc7\xff\x0f\x133o\xc3\xb9\x05\
F\xc8\x9ap\x5c\x0f\xc3n\x17\xbe\xe7\x89d\x92mE\
\x22!\xc5\xc8Y\xac,d\xa9\x8f<\xd7\x1cSFL\
\x05J\xac\xf04o\x1b0\x95\xa6e\xbe\x9d\x15\xde#\
C\x01\x1a\x0c\x88ufq\x8cc\x18]\xe1\xad\x17\x95\
E\xe7\xd0\xc5\xfe\xd0\x1fP*\xd3V\x83\x5c\xbc\x5c\xa6\
\xfa\x18E\xd4Q\x16FR\x87aF\xd1W\xe1\x90\xe6\
\x19\xa0\xa2\x94vZp-\x08\xa7\xd71\x86h_8\
\x8c\x89F\x8c\xcf\xdc\xfb>|\xe3\x9b\x9f\xc1\x07>\xf0\
&\xf8\x16\x10%}L:\xb5E\xe5\xd9\xf1h\xad^\
H\x8d\xa5\x1b\x9f\x15\x16\xd7\xb2\xf4\xa3T\xa6-\xfb@\
\x16h\x19G\xfa{\x94\xbfK\xd0\xa7A\xf9\xe8\xa0\xfe\
B\xf1\x8d\x17\x17Z\x9eS\x0a\xc1\xa0\xdd\x9a\xf8C\x80\
\xda\x8b\x81\xa3'\xcf\xe3\xc5\xd3\x03\xfc\xb7\xff\xd73\xc0\
\xf5w\xa0>\xbd\x1b\xb1i\xa3\x13\xa5\x08Rr\x17\xa8\
\x12\xe1\xe1\xc6=-\xf4;\x19\xd2(B\xc3\xf3\xe1\x90\
\x02\x90h\x09*\xdfw\xb0\xd0\xed\xeb\xa2&-\xcf\xbf\
xC\x12-5Xx'\xbd\xb4\x98\xea' 5\x14\
\xfb\xd4\xd2\x11]\x0aTU\xc0t3'\xb5k\xe6\x5c\
\xba\xffG\x11\xf5E\x0a\x8eld\xf4\xd3\xe4\xe4\xa3\x8c\
\xc4x:\x9d\xfcR\xba-/\x14jmv\x8f\x9c\xd2\
\x14{]\x0fT\xc6=}\xe2\x04\xce\xef\xdf\x0f\xcc\xf7\
\x81\x0b\x0b\x92\xee\x9f\x9ch\xc1T\x19z\xdd\x05X\x8e\
\x8d]3{\xd0nwW\x05\xa5l\xc8\xb5\x80i)\
\x17\xb5\x94c\xaaU<*\x8e\xe9\xd5\x1d\x86\x150\xdd\
\xe6\xf6\xaf\x80\xe9\xf2\x06\x1f_\x90/\xee\x8c\xf5R\xf5\
\xd6\x92\x8a\xf41\x17\x9fb\x16,\x9d?\x08\x80\xf4\x12\
_\xfc\x16\x9cj\x02\x22`\xafA+A\x8fc\x9a\x02\
\x04\xa9\xfc\xc4\xa5\x9a\xaf\x18\x8a`R\xcb\x98\x93\xefH\
\xdfq\x99\xf4\x90`\xd8\xbb\x80\xdd\xd3u\x98\xe6\x10\xdd\
\x85Y\xd4\xfd\x18\x1f\xfd\xf0{\xf1\xc8\xc3\x9f\xc7G\xef\
~3D\xe7\x91\x1c\xac2]]|\x92\x9fMa\x09\
\xe9\xfe\x07?\xfc?\xf0'?\xf8K\xb8\x8d7\x22w\
\x1a\x12\x09\xa4\xbc\x94\x0dK[\xf41\x8ae\xc6\xc8\xa5\
*_kL\x82\xd5\xac\x8c\xaa)mI)\xf7\xb3\xe2\
\xd3\xac\xdbw\xf5\x88\xc2f>\x00\xe3\xc0_\xb7\xa9a\
h\xc9\xab\xd5\x8e\xe5\xf7\xb5\x1c\xe3,Q\x22\x1a\xd79\
\xd5pO\x7fii\x0f\xfe7\x7f\x17})\x1b\x0b\x92\
x\x07\x98l\xb2\x0d;\x18\xf6\xcebz\xc6\xc2'?\
\xfe~|\xf5+\x9f\xc3\x07\x7f\xf5\x06X*\x81c\x84\
Rddd\x86\xe8\x9cz\x8e\x0bC\x19\xc2o\x95\x8d\
I^\x9a\x1e\x14\x0d\x9cg\xc8\x92D\x00\xb3\xe3{\x9a\
\x83\xc9z\xf6\xc2\x9f\xbe\xb83\x19iLKjl\xa7\
%\xbd\xb8Q\xa0\xd6hjhw\x1a\xcf\xf0@\x1e)\
\xf9n\xae\xed\x22U1\xfa\xfd>L\xcbA\xbd1\x89\
v\x10 \xb5jH\x1d\xa0\x97\x01G\xce\x01\xcf\xbc<\
\x8b\xa7\xf6\x1f\xc4+g\x06\xb0o{\x0f\xfaV\xa3\xe0\
\x81\xea\xe8\xe7H\x1b\x94J\x11\xba\xedu4\xfa\xe2\xd0\
\xd5\xa8\xfd5u`\xe9\xb1X\x92\xb6(\xef/\x11\xed\
\x02l\x94\xef\xaf\xa2\x96\x9b\xf9\x0c\xed\x8cs]JU\
;\xf9\xc7A\x92\xcax\x133\x10\xea\x8f\x92\xbc\xcd\xc2\
!\x05x\xb9\x81\x09\xcb\x81\x99*$*E\x92k\x9f\
2\xc7\xb2$mOy\xbd\xf3\xd1\x10{\xf6L\x229\
?\x80j\xcf\xe3\x0d\xadI$sm\x1c|\xfaYD\
\xd4+\x1d\x8602\x9e\x8f\xe3\x8e\xbf\x19LX\x0c\xeb\
\xeb\xc6Z\xa3\xfand\x89{\xf1\x0c\xc8\xa7\x96\xceO\
\x17\x03S\x03\x9e\xc8\xf3\x8d\x17?)\xd4\x9dX\xa5\x0b\
\x87\xab\xe2\xa7m\x18\xa2\x150\xdd\x86F\x1e\xbfD\x05\
L7\x11\x982\xcd\xbd\x04\xf4l\x14\x98\x02&'<\
\xb1\xae$\x88\xd2\xbbe\x99[\x99\xc6D\x0e\xcf\xb6\xd1\
YX\x80J3LLM\xc2%\xf9>\x08\x10g\x19\
<\x07h5\x0d\x5c8\xfb*\xf2\xbc\x8b_}\xdf\x9b\
\xf1\xcd\xaf}\x0e\xf7~\xf2}\xd8;\xc3\xccS\x86:\
\x8b\x97\xb4\xc3\x9e\x06&\xe5o\xb0\xda\xd3\x14\xc7\x9d\x1f\
\xfc\xf0\xff\xc6\x9f\xfc\xe0\xff\x84C`\xea\xfa\xf2\xe6<\
\x0da\x0b\xe7\xcf\xd7\xa0\xd3L$}E0\xad\x8b\x0d\
\x0ap\x9c\x8d\xe4\x96V\x1e\xca\xdb\x09L/\xbe\x83\xf5\
R\xe1\xeb\x19R\xae\xa6\x9a0\x1e\xdd\xd4W-!m\
\xf1\x9b\xc0\xd4H\xd0\xa8\xdb\xe8w\xce\xc1\xa0\xb4T\x1d\
\xb0\x8d\x10\x8e\x93\xe1\xado\xba\x15\xef}\xcfm\xf8\xde\
w\x1f\xc4d\x03\x12A\xe5A\xd1}VE\xb1`\x8a\
\x9b\x13\x8ax3\x8d\xcd\xd4\xb7\x5c\x85\xa5\xfc\xd4k*\
:T\xcb\xe5hP\xaa#\x8f\xc5ZY\xc4=uA\
\x11#H:\x92L\x9e,A)S\xf8\xd4QM\x99\
\xc2\xac5%\x02L^\x9d\xe5:\xb2\x19I`\xe2l\
\xa7\x0b\xb36\x81\xc4\x05\xce\x0d\x81g\x0e\x0d\xf0\xb7\xcf\
\x1e\xc4\xc1\x93\xf3@s7\x9a\xd7\xdf\x8e\x93\xfd\x0c\x91\
\xa5\x1doV:\xd2\x02\x98n\xf34W]\xee\x1ao\
\x81\xf5\x80\xa9\xd0L\x0c\x13\xc3T\xc9o\x02S\x99J\
\xed\xc2h$W\xb03`\x97\xe5\xc2(\x80i\x0a\xbe\
\x97Y\x0c\x13\x0d\x91\xba\xb3\x11;&\xd28\x81\x1bF\
h\xa9\x1cNo\x80\xf3\x07\x0e\xe1\xfc\xe1W\xa1\x06\x03\
\x98\xcc\x8e\x88\x22\x07\x0b \x09J\x89O\xf9\xa0\x15V\
\xcf\x85%\xefj\xe0\xf4\xd2\x81\xa9-\xe7\x16\xa5\x10\xa3\
\x02\xa6W{\xf8V\xc0t\x9b{\xa0\x02\xa6\x1bk\xf0\
\xf5#\xa6\xe3\xd1\xb8\x8bs\x8a)\xb5\x86\xe4\xb88\x95\
\xcf\x1d\xb3oS&DW\xb5s\xc2+c~\x8c\x0c\
\x11P\xd4\x1c\x1b*\x8e\xa4$\x9c4G\x16D\xd3\xdf\
>McR\xf4\xd1\xeb\xcc\xe2mo\xb9\x09\xf7\xdd\xf7\
\x11|\xe5K\x9f\xc4\x9do\xf3\xe8\xfd\x844R\xa2]\
\xcaJSK\x8al\x96ju2\xfeJ`\x1ad\x1a\
\x98~\xff_-\x05\xa6\x94Da\x89\x8b\xad*`z\
i#\xa6\x04\xa4\xfa\xb7&\x08(\xe4y\x04\x9f\xf4T\
+\x81\xca\x06@J\xf9\xadD\x0c;\x0d5\xc4\x1d\xb7\
\xef\xc1\xd7\x1f\xfa\x02\xbe|\xffG\xb0{\x86\x9e\xf0@\
C(\x00\x80J\x03\x18*\xd6\xe3\x83\x92U\xac\x006\
\x1d\x98\xb6/\xd1\x1e\x8eM\x19^KfQ\xcd\xc9\x5c\
*:_l\x98r\xea'\x14\xb4\x0b^\x9fQR\xc3\
\xc1`0@\x8a\x1c~\xb3%\xaa\xab\x0ba\x80\xd8\xa4\
s\x98\x85S\x11\xf0\xd4K'\xf1\xb3}\xc7p\xb2\x93\
!\xab]\x87\xc4\x9d\xc2B\x04\xb4\x03\x05\xbb1\x81\xcc\
X\x9d#[\x01\xd3K\x1b=\xd5\xbb\x96\xb6\xc0\xa5\x02\
\xd3\x015H\xcbl\x14\x9f\x03\xee\xc4\xe4\xc8\xe1e\xc0\
$#\xa6\x89\x12\x95\x11n\xc82\xd9\xf8\x1b\xa8g\xcc\
L\x99\xb0\xeb.\xce\xcd\x9e\xc5.\xdf\xc3\x0d~\x1d\xb3\
\xfb\xf6\xe3\xc43\xcf\x01\x0b])\xd9\x17u4\xd9\x5c\
U\xc0\xf4\xf54F+`\xba\xcd\xbd]\x01\xd3\x8d5\
\xf8\xfa\xc0t\xed!<r>\xba\xf8\xba\x14_o0\
TF\xe0\xc1j\xf7\xdc\x90\xaaw\x82\x0d\xa6\x8c\x08L\
\xb30\xc0t\xab\x06\xdf\xa1[SW\x22o5\xcfD\
\x9a\x85\xe8\xf7/\xe0\x81\x07>\x83\xcf~\xe6n|\xec\
\xa3\xb7\xc0\xf7\x80p\x98\xc3\xb5Ry\x8f\x91\xa5Rp\
bP\x84|,\xa1\xcd\xa2\x12\xc6\xcb(\xfb^\x01\xd3\
\xd5\xd3\xfc\xb2\xbc\xad\xfdr!\xeb\xa9)\x1az\x0bR\
r\x86u\x8a/\x0b\xfbhM6`\x89CR\x07\x9e\
\xad0\xd9\xaa#\x89B\xcc\xb5\xcfb\xa2UG\x14,\
\xe0\xfd\xbf\xfcv|\xe7w\xbe\x89O\x7fb/\xe8\xf2\
\x1a\xf4z\xc2\x0b\xf6\x1d] $\xa2\xa7p\x90\xc3\xd1\
E?\xe4\xfa\xc6,x\xd3\xb1Z\x89\x8c\xf2\x0eDx\
^GD\xe5\x9e\x84\x86\xa1%mH\xc1`\x1a\x92\x99\
G\x83\xd5\xc8\xb9\x12_o\xdb\xaf!\xca\x0d\xb1d\xa4\
\xaf\xbdrt\x84\xf4\xc8\xf9\x01\xfe\xee\xe9\x97pb!\
\xc4\x99\x81\x12\xf9'\xabu\x1db\xab\x8e\xf9 G?\
L\xe1\xfb\xb4W]\xfd\xa8\x80\xe9\xc6\xe6\x9b\xea\xdd\x05\
\xac,Y+\xab<\x80e\xc4t\x090%_\xa9\x90\
\xf4\xe4/W)L\x98\xaeh\xe3\x0au\x854\x16\xc9\
D\xb1\x0a\x9f\x9bn\xc0v-\xf4\xe6\xe6\xb1\xa7^\x83\
\x1f%x\xe5gO\xa2\x7f\xe8\xb08\xe6!\xce\xe0R\
\x15B\xc2\xa4\xb6\xcc\xcdU\xc4\xf4\xf51B+`\xba\
\xcd\xfd\x5c\x01\xd3\x8d5\xf8(\x15\xbc2B!\xe4[\
r,\xe7!\xae\xa1}\xcc\xa8V\xd3\xe7d\x97!S\
\x04\x1b\x06RE0!\xca\xd1\x02\x1e\xdep\xc3n\x9c\
?u\x14V\x1e`f\xd2\xc6\xa0w\x16\xd1p\x0e\xf7\
\xdcs\x17\xbe\xf5\x8d\x07\xf0\xb1O\xdc\xa6\xfd\xcbu\xa0\
\x0c\x8e\x9d\xc2\xb3\x09_t\xe9\x0a'U\x82R\x83\x7f\
YL\xe33\x96w\xe5\xc0\x94_\xb5L1\xaf\xcc/\
\xd5\xb1C\x1e\xdb\xc31\xbd\xb8o/?\x95\xaf\x1bk\
mg%m\xd7*\x80P\x80\xdf\xe8\xfb\xea;Qh\
\xd6\x1b\xe8\xcc\xcf!Oc4[uI9\x0ez\x1d\
\x01\x85\x13\x13\x13\x18\x86\x81\x80\xd3,j\xc35\x06\xb8\
\xf7\xe3\xef\xc5\xb7\x7f\xe7!\xbc\xf7\xce\x06\xe2\x90\x1b\x0b\
*\x22\x14\xd5\xeb<\xbf\xe9\xd1\xc8T\x80i\xc84|\
\xdd\x11P\xaa\x81)c\xe0\x9a\xf3+\xd9\xc6\xc2wJ\
\x95VMRd\xa7mXM\xf2\x96\x0d\x85^\x12\x22\
\xaf\xd5\x11\xc3\xc5\x80\xd5\xf6\x00\xce\x0e\x80\x9f\xbe8\x87\
\x1f?\x7f\x00\xe7\x87\x0a\x89\xd7\x02jSH\xec\x06:\
q\x8e^D\x01\xd6:\xea\xcd&\x10\xc6\xcb\x9f\x80%\
\x9dP\x01\xd3\x8d\xcd7\xd5\xbb7\x08L%=\xbfl\
\x0e\xce3\x19\xe3n\xa6\xd0d\x86\x81O\xa8\xa59\xd5\
b\x9a\x91\x03n\xa2\xe0\x90\x0ee\x18h\x9a\x16\xec8\
\xc5\xa9\x03\x07p\xf2\xd9\x17\x80 @\xdd\xb4\x10v\xbb\
\x92q\xe2\x1c\xc0gn\x090e^Jx\xe4:3\
R\xa5\xf2_[#\xb7\x02\xa6\xdb\xdc\x9f\x150\xddX\
\x83\xaf\x0fL\xcb4f\x01\xbd\x96\x01SrGW;\
X\x95\xe9Im\x0b\xb9\x7fb\xc6(\x82\xcf,N\x91\
\x09/OQ\xb3\x15n\xda\xdbB\xd0\x99\xc5\xa9\xe3\xfb\
\xf1\x8e\xb7\xdd\x8c\xef\xfc\xee\xa3\xf8\xdc\xe7\xde\x8fVS\
s\x0a\x05\x94\xe6)L\x836\xa2\x0a4\x13J\x93\x10\
Q\x10\xa3\xd9\x9c\x90\x02 c\x89\xdf\xb8f&&,\
~\xca\x8c\xcbJ\xe5[J\x7f\xef\xd730eQ\x95\
-\xa9\xc3\xa5\x22\xf5\xa3\x1e7a\x9b\x96\x08\xc93\x0c\
N0\xca\x22\xb6\x5c\xd1\x22\xd6\x82\xed\xb9H3F\xc2\
{p\xed\x0457\x81\xad\x16p\xe3\xde\x1a\x1e~\xf0\
\xd3\xf8\xd6\xd7?\x8b=\xbb \xe0\x97Ko\x94D\x88\
\xd2D\x0a\xa2l\xd7\x91(\x8e\x04\x89\x8a\x88)\xedU\
%\x85O\x0e\xa9P7\x0c\xa4\x85\xea\x80\xa6\x88H\xe9\
\x9a,\xdaV\x96#5mt-\x1a\xa7\xda\xa2Iz\
>\x06\x9e<\xd0\x15\x1e\xe9\xe1\x0b\x01\x12o\x06\x8d\xdd\
7\xe3l7@7Ha\xfbu\xf8\xb5\x96\xb80E\
Q\x22B\xe4-\xaf\xb6fqY\x05L76\xdfT\
\xef\xde\x180\x1dJz^g\x02\x8a\x9d\xa4\x14\xfbQ\
\xd6\x89\x11Q\xdf\x92\xf2M\xc8te\xe9\xcd#9\xa7\
N\x92\xc1K2L\x99&\xa6\x1d\x1fs'N\xe2\xa5\
'\x9e@z\xea,<\xcf\x85\x97\xe7\x18,t\xe1\xba\
\xae\x9c[\xc1\xd6\x0a\x00%\xc7\xb4\xd8\x8ei\xcaL\x05\
L_k\xe3\xb6\x02\xa6\xdb\xdc\xa3\x150\xddX\x83_\
\x1cq[\x0a4-at^\x1c\x13d\xba\x5c\xe2g\
\x85W\xfbJ\x8a6R\xa9\xcc\x5c\xabb\xeaUG1\
\x19\xc5b5\xb7\x81\x18\x16\x22\xdc\xb0\xa7\x81\xc3\xfb\x9e\
\xc0u{j\xf8\xbd\xbf\xffkx\xf8\xa1\xcf`\xa2I\
\xe0\x19\xa0\xd1t\xe1[\x16\xfaa\x1f*M\xd0j\xf8\
B\xecW*\x96\x1c\xb4cyb\xa5I`\xaa\x0d\xce\
\xf5\xc4\xac\x8dEs\xa9\xca\x1f\x16\xc0T\x8a\x9f\x9ao\
D\xc6\xe2'\xd3\x80J4\xc7\xd4\xca\xfd\xa2*\x7fi\
\xf1\xd3k\x17\x98.\x9d\x92\xd6\x8a\x98\x96\xc0t)\x9f\
s\x5c6\xcbD<\x1cbrf\x8f\x80\xc9\xa0\xac\xcf\
\xe4\x00\x00 \x00IDAT\xee|W\x16\xb9\x99\xa9\
\x19I\xcfw\xba\x0b\xa85\x5c\xe4*\x86\x22o8\x1e\
 \x8b{\xb0\x8c\x10\xbb']\xccL;\xf8\xc3\xff\xe2\
\xf7q\xfbm\xbbq\xdb\x1bX\x10\x01\xd0\x095W\x01\
\x1c1<\xe2\xffi\x8bTnr\xa46\x7flx\xb2\
ZY\x8a\xa2\xa4\xbf\xb5\xec\x92\x96^\x228\xb5\x10\x1a\
.^\xe9\x0c\x10\xb7\x1a8\xd6\xce\xf0\xd7O\xbd\x8c\xc7\
\xf7\x9f\xc4\x99\xd8\x851y#\xf2\xda\x8c\xe8\x91\xe6\xa6\
\x0d\xd7\xf2e\x13\x95\x05\x0a\xf1`\x00\xcf2\xd1h\xd6\
\xa4\xa2?_c\xf3\xf5Z\x07\xa6\xcb3\x05\x95=\xea\
\xc6\xe6\xd7\xd5\xde}\xa9\x1c\xd3@\xd2\xf3zv\x15\x9a\
\x8a\xcau\x06!\xcb\xe4\xb7\xb89\x89\x88HA\x87!\
\xc7\x94\xfa\xa3q\x86Z\x98b7\xe7\xdf\x85\x0e\x8e\xbd\
\xfc\x0a.\x1czU,r\x1b\xa6%\x14\xaa,I\xe1\
8\xa4\xceP\xc9\xa2\x02\xa6\x9b\xd3\xb3\xd7\xc6Y*`\
\xba\xcd\xfdT\x01\xd3\x8d5\xf8\xda\xc0\x94q\xc8\x95\x87\
\xf080\x1did\x8e\xae]\xae\xe5YTFZ)\
\x0f\x92\x88s\x93eR\xd8\x9e\xc0p\x88\xf9\xf3G\xf1\
\xc8C\x9f\xc3o>\xfaU\xbc\xe7]{\x85G*:\
\xe7&\xf7\xef)\x16\xe6\xda\x98\x99\x99\x11\xcf\xf0$\x09\
\x90\xa51j5F\xb1l$1\xadDm\xe1\x98j\
\x103\x92t\x12\xc9\xa0\xdc^Z\x95\xbf\x0a0\x95\x0f\
\xd2\xf3]<\xe5\x0b\x15\x81\xa2*\xff\xb5\x171\xdd\x18\
0u\xa8\xdeUjJ\x8d\xd16\xca\x18\xaae9\x12\
]\xb4L\x07\xf5zS\xe4\x93\xba\x9d>\x90\xe5\xb0}\
\x0b\xaeg \x8e\x87\x12Me\x05>\xa5\xc2\xf2\x8c\xf6\
P\x01K\xd3`b\x80\xcf\xdd\xfbA|\xed\xc1\xcf\xe0\
W\xde\xbd\x17\xad\x86&\xbe\xe6\xd9\x10\x8a\x11uoR\
o\x80\xc4;^g\x14\x0b\xc1*-\xdddrQ%\
4e\x8f3\x1a\xcf\xb8)\x17[FJ\x81}C\xe0\
\xaf\x9e=\x81\x9f>\x7f\x10s\x91\x89\xb8\xb1\x17C\xb3\
\x89^\xe6!6Ym\xef\xc14\x1d\xb8\xb6\x8d\x1a\xf7\
7\x11\x90\x04\xa1\x88\x90\xd7\xeb.\x22\x16gU\xc0t\
\xf1\xc1\xae\x80\xe9\xc6\xe6\xd7+\x05\xa61\xb3C\x85\xfb\
\x17A)\x9f\x0d\x9d\x11`\xd6\xa9\xd0\x81\x16\xbfQC\
\x82\x04\x921H\x15\xec(C-\x8803\x88p\xee\
\xc0A\x9cx\xe5\x000\x0c0\xed\xd7\x91\x05\x11\x82\x9e\
N\xe3S\xafT\x8a\xa6V\x04\xa6\xe5F\xb0\x8a\x98n\
N\xaf\xef\x9c\xb3T\xc0t\x9b\xfb\xa2\x02\xa6K\x1b\xfc\
\xe2\xe2\xa6K\x07&\x12\xa9Z\x05\x98\x96W\xb1\x1d\x02\
\xc6\x04\xf4l\xaf\xb9\x9e\xc8B\x85a\x88<Sp,\
\x17\xbe]C\x9aD0\xad\x0c\xae\x93 S\x0bH\xa3\
6\xea^\x8c\x99\x09\x0b\xff\xf6\x87\xdf\xc7m7\xb6\xb0\
w\x8f\x06\x1d\xf4+7e\xe6e\xd5v\x0c\xcfve\
\x02.e\xa6\x17\x17F\x0990\xc5Up%\xcb\xa8\
B\x01\x9e\x0829\xd9\xd2\xc3\xfc\x07\x7f\xf6\xff\xe0\x8f\
\x7f\xf0\x97\x121MlV\xd3P\x9f4\x96\xe8\xab\x95\
\x15R@+\x00S\xe2\x11\x0dwV\xd30-\xa4U\
\xae\x22\xc7\xf4J\x1f\xaf\xb56&\xba\xd6\x9dU\xbe\x85\
V'\x05\xed\x05\xa4\x8d\xc2\x96T\x9a)9j\xa2\xba\
\xa0\xca>\xe1\xa7Sx5\x82}\xa6\xfa\x0d\x89nK\
s\x92\x17\xacR\x18F\x84\xbd3M\x1c;\xf8\x14&\
'L\xfc\xc6c_\xc1\xa3\xdf\xba\x1fo\xbc\xd5\x81\xa2\
Dj\x1e\xa1\xee{H\xa2!\x1a\xbe\x1e\x07a\x18H\
\xddF\xcd\xa3\x0dh\x8e\x98:\xa9~\x0d\x01\x22\xcc\x85\
!\x02\xab\x86\xdcvq\xfc\x5c\x8e\xa7O\xb4\xf1\xe7O\
\xbc\x84\x9e\xd3Bf\xba\xc8\xe0!3kP\x86\xcf\x9a\
f\x0a\xd7\x08\xa0\xe6}\xb3\x18Oh\x08\x85%+\xab\
\x9cIO\xa8\xd7\xc9\xb2\xd6c`\xa5C\x94v^\xc3\
Gi \xb1\xfc+.\x1a\x1b,\x9b`\x96c\xf8J\
\x83u\xe5\xc1\xb1:g]\xbf_\x084\x86)T\x15\
\xea\x80\x92\x02\x95+\x0d\x14i:BU\x0b\x02\xd1n\
\xd0C\xbd\xd9\x10\x0b\x5c>\x875\xcbF\xdc\xe9\xc2I\
\x14\xde6\xb3\x07\xbd\x17^\xc6\x99\xfd\xaf`\xe1\xe4)\
\xa1\xd7\x90o\x9a\x86\x81d\xb2\xb8\xc1\xef\xf3y\xa2\x90\
\xbfa\x17\x91\xd9\xd2\xa9L\xebQ\x1b\xbc\xf0\x1a\xa9\xfc\
\xf2\xdb\x8d\x9b|\x94\x7f[\xaac\xba\xb2\x5cTH\xc7\
)\xdba\x8a\x0c5;Rnr\xba\xfd\xeb\x0f\x7f\xf4\
\xf1\x7f\xf6\x87_\xfdQ\x86\xde\xe3-\xb4\xda\x86\xb1F\
!\xc3k\xf8\xd9\xdb\xca\xafV\x01\xd3\xadl\xdd\x15\xce\
]\x01\xd3M\x06\xa6\xe5\x08^e&\x15v\x92i\xc0\
\xe6n\xbd\xacPR\x19\xf24\x83\xca\xf8;\x17n\xa8\
\xeb(\x98\xe6\x00Yr\x01o\xbce\x0a\x8f}\xeb~\
<\xf6\xcd\x8fb\xd8\x8d1\xd9tPs\xc8?\x95)\
\x18\xa6]x\xb7\x0b\xf3I\xdc\xc2\xc7\xb8\xf7Ke\x8b\
F\xc0\xb4\x98\xd0\x17\xe70\x85\xc4\xb8t`\xaa\x18\xcd\
\x95\xa4\x96>\x7f\x99\xca\xaf\x80)\xa5\xb8tq\x12\x0b\
\x9b\xa4*~qVco\x11\x8cj\x87\xa9\x5cY\x02\
L\xf971W0S\xd8n\x09L\x0b;\xd4L\x97\
\xd3\x19\x8a\xa9\xc8\x04\x83\xf93\xb8\xf3\xce\xdba\x19\x03\
\x1c:\xf8\x0c\xae\xdb\xdb\xc0o\xfd\xd6#\xf8\xda\x03\x9f\
\xc4\x8d{\xa9{\x0a\xd4H7E,\x1b\x1c.\xae\xae\
C\x89/\x13\xc3(\x15o\xfa\xf3\x83\x01\x06&`\xd7\
\x1a8\x0f\xe0\xf1\x97\x16\xf0\xd3g\x8f\xe1\xc0|\x8a9\
w\x1a\x03\xbb!#ITqh\x9c\xc0\xfb\x13\xfd2\
\xfa\x82\xd3e\xa9,\x02\xe3w\xe0h\xe3\xa8\xd6\xaa\x11\
\xbe\xa8\x02T\xc0\xb4\x02\xa6\x9b\xbb\x90]\x1a0\xe5\xb8\
g!\xa0\x12G2n\x9c\xb8g\x97\x0d5\xb9\xa4\x96\
)\x9e\xf6\x86g\xc9\xf3\x99\xc4\x11\xdc4\xc3n\xaf\x06\
\x9f\x1b\xbb\xf3m\x9c\xff\xc5\xb3\xe8\x9f<\x85t\x81\x11\
R\x0b\x1e3KQ$\x81\x04\xbf^\xc30\x0c\x91\x99\
\x1a\x00k\x97\xb8\xc2\x08\x82r~\xfc\xca\x85\x8e\xf3Z\
\x22\xfb|\xdb\x95\x02\xd3<\x89E`\xdf\x89O\xb5\x7f\
\xe3\xe1\x8f>\xfeO\xff\xe9\x03?\xe2\xa3\xdc\x02*`\
\xba\xb9CO\xceV\x01\xd3-h\xd4\xb5NY\x01\xd3\
\xf5\x80\xe9\xe2\x1eW\xef\xcc\xd7\xd1\x0b\x12\x9d\xbbqS\
\xcbe3j\xd6\xef\xa16\xd9@\xcdw\x11\x85\x03\xa4\
\xf1\x10\x8ee\xc2wi\xe7\xa9E\xf4)#\x14\x85m\
\x5c\xb7\xb7\x8e\xcf}\xfa.<\xf0\xd5O\xe3\xdd\xef\xd8\
-\x9c>jZr\xb7,\x054\xbc\x1f\xcb\x85iY\
\x82\x1b\xa4\xe8E&\xbd\xb1\xb0Ty\xfdE\xb9\x95\x12\
\x90\x96\xdfKWlkF\xab\x8da\xbev\xc4\xd4P\
\x9eD!*`\xbar\xe8\xcfd4\x91} &\x06\
\x8c\x9e\x92\x921\x8a\x9ar\xfcH\xd4T\x80)\xe5\xc0\
\xa8[\xcb\xf6\xd7\x82\xf7\xb2\x92J\xc4\xc5\xd0E\x1b\xc2\
\xebUb\x1dk\x1b\x0aS\xad\x1a.\x9c?\x09\x95\x85\
h5m\x0c\x83\x0eT\x1e\xe2\xc3\x1f\xfe \x1e\xfc\xf2\
\xa7\xf0\xc5{\xef\x10`\x0a\x93\xf6\x9d\xa4n\xe8\xc2$\
\x95\xd9\xf0\xeb\x1e\xda!`\xfa@\x1b\xc0\xd3'\x07\xf8\
\x8f/\x1e\xc7/\x8e.`.j!\xf6f\x90;-\
\xa1thb\x08\xef\x8f\x94\xe7\xe2\xbb\x1a\xdcT\x91E\
\xad7?Z\x0fWSB\xf4o\xbe\xbez\x1aS\xd6\
\xed*b\xaa\xdbk\x95v\xa8\x22\xa6+\xafV\x97\x02\
L\xf5'\x0b`\xcad\x03y\xd6|\x86\xe8\x9eW\x00\
\xd3\xc8\xcc\xc4\xe3\xce\xb6-\xa4\xfd>jq\x86\xb7\xec\
\xbd\x0e\xc6 \xc6+\x8f\xff\x1c\xfd}/\x01\x83P\xc8\
\xdb\xdc\x92\xb1(\x90\xc5Q\xb6E\x9a\x8d\x870K\x84\
\xa7-\x05V\x050\xd5\xd75\xf5\xbcX\x18_l%\
0\xcd\xe9\xf6\x97&\x02L\xedh\xb6\xfd\xd8\xd7>\xf2\
\xf8?\xfb\xa3\x87*`\xba\x85\xd8\xa9\x02\xa6[\xd8\xb8\
+\x9d\xba\x02\xa6\xdb\x07L\x99\xf4\xf1]\x0a3\x87\x88\
\xa3\xa1\x14\xb7\xb0j\xbeQs\xe1\x98\xe4\x09\x86\x18v\
\xcecf\xd2\xc7]w\xbd\x1b\x0f~\xf5^\xdcs\xf7\
\xed\x98j\x15\xb6\xefi\xa0?\x1fG:\xb2\xeay\x80\
\xe9\x8a\xcei\xcc \x15-%I\x1febk|&\
\x1f{\xaa\x16\x8bU\x17\x01t\x09T50\x0d\x14\xf0\
\xa7?\x5c=\x95_\x01\xd3\xc5\x90\xf8\x0a\x8f\x13\xabt\
K\x9e1\x9d\x9e\xe8\xdc\x95\x09@-\xc1\xa9\xae\xe2e\
\x84Q\xcb\x80-\x05\xa6\x02\xdd\x0a\xa9\x19\x02\xdc\x1c\x0e\
\x95\x15H\x89c\x01\x87\x91\xc1\xb5L\xf4:m9\xe7\
\xae\xddS0\x1d\x13\x17.\x9cC\xb7\xd7\x85g\x04\xf8\
\xd6\x03w\xe3K\xf7}\x00\xf7|\xeaNp\xfd\x9a\xeb\
\xce\xc3vk\xf0}_\xf8\xc3\x03\x05\x1c>\x97\xe1\xef\
\xf6\xbd\x8c\x9f\xbc|\x14'b\x17\xd9\xc4\x1b\x10{7\
b\x10\xd9pM\x16_\x11\x94\xe6:\xf2\xc4\xc5\x96\x11\
\xd1b\xbc\x10~\xf2>H\xd3\x13\xd0L\x8bW\xd3\x84\
YD\x88\x85\xd7\xb7\x06\xb1\xb2\x02\xa6z\xfcT\xc0t\
c\x0b\xdd\xa5\x01Sf\xa1L\x01\xa4a\x111\xe5P\
d\xc4\x94J\x16\xf4\xa3\x08\xad\x0cQ\x16K\x06\xc2\x8d\
S\xec\xcem\x5c\xef\xd4\xd19v\x12\x87~\xf2S>\
0\xd27\x0e\x1f\xd44\x93\xe2'aJ\xd1\x0a\xd8b\
\x84T\x17Wi`*\xc9\xfb\xa2?\x0b\x19\xbcm\x00\
\xa6\xca\xb4D\x93\x9a\xc0\xd4\x0ag\xdb\xbf\xf6\xe0\x87\x1f\
\xff\xe7\x7f\xfcp\x05L76\xa46\xf4\xee\x0a\x98n\
\xa8\xb9\xae\xfc\xcd\x150\xbdT`Z\x00\xb8K\x12X\
\x1f'Y\x16\xdc#\xf98\xa3XJ\x04\xd4\x0d\x84\x98\
h\xd8\xa8\xd7l\xa4i\x1f\xc3\xee\xbc\xe8\x91~\xe4\xae\
;\xf1\xf0W\xbf\x80\xcf\xde\xf7ALMi]\xe7\x9a\
K\x10@\xb1\xfc\x054\xea>\x920\x92\x08\x95\xe51\
Ek\xd3\xb1\x12I\xca\xc9\x13\xe2\x06\xa5#\xa6\xa3G\
i\xfc\x96\xf5\xbfWV\x11ezj-`J\x10b\
\xbd\xee#\xa6k=s\x1a\x98j\xe0\xa1@\x1a/9\
\xa7\x04\xa5\xb4\xaa\xe5omcH\xa0W\x02S-9\
3\xb20\x1d\xc9M\x91\xabJ`j\x17\x9fg\xa4r\
~\xae\x8d\x1bn\xbcN\xc0\xe0\xd9\xb3g%\x9a\xb9g\
\xcfu\xe2\xe0t\xfe\xd4\xab\xb8\xae\x16bz2\xc1\xe7\
\xbe\xf2\x11<\xfc\xe8\x97p\xd3\xad\xd3\x08\xa8G\x9a\x01\
\xf3\x01\xf0\x93\x17\xe6\xf0\xc4K\x87\xf1\xca\xe93\xc8'\
\xf6 k\xec\xc6\xb9\xa1\x85\x81\x9a@\xad1\x8d\xba\xa9\
%\xacX\xed\x9f\xe6\xa6\xf0R\xb5,\x8e\xfe^:\x0a\
\xac\xa4(\x8b\xdf\x87\x86\x0dR\xe5l\x12\xb0\x1ab\xd7\
\xb8\x92\xe2D\xd9j\xaf\x07`\xba\xf4\xe9\xd3\xdf|9\
\xc7\xb4\x02\xa6\x1b[\xbb.\x05\x98\x12\x94\xf2'\xa5\xa6\
/9\xf3\xcc4\x10T.\x03\xa6q\x96 \x0f\x06\xd8\
\xe3\xf8\xb8\xd9\xf21<2\x8bcO?\x8f\xf0\xcc9\
\xe1IS\xe9\xd4L\x15T\x9c\x88\x8d)\xa3\xa5L\xfd\
\xf3Y\x13\xedSSGL\x97\x1bh\xf0\x09\xc9Jg\
\xbfu\xaa\xde\xae$\x95O`\xca\x88i\xc3M\x941\
<\xde\xfe\xd6\x03\x04\xa6\xdf\xf8\x91eU\xa9\xfc\x8d\x8d\
\xaaK\x7fw\x05L/\xbd\xad6\xe5\x9d\x150\xddd\
`J@($\xbcr(\x17U\xeb\xa2E\x9a\x22\x1e\
,\xc0\xf6\x81\x86\xcfPT\x17\xe1\xa0\x0d\xcf\xcbp\xe7\
\xdb\xef\xc0{\xdfy;\xfe\xf3\xef=*i\xdbZ\xc3\
\x80\xa7\x95\x7f\xb0\xd0\xed@\xc5\x01<\xc7\xc4\xd4D\x0b\
YJa'\x0b\xa6\xe5\xb0\x1c\x1fi\xc2\xf4\xa9#\x9c\
\xf8\xd2\xc9\x87\x9f\xa3n\xe5\xf2\x83\x1a\xa9\x17\x03S}\
\x8f\xbcC\xa6\xf2\x191\xfd\xe7\x7f\xfa\x97\xb0[\xba\xf8\
)g\x1e,\x8be\x82\xaf\x80\xe9\xa5\x00S\xbd\x19\x19\
\x07\xa7\x04\x99e\xe1T\x191%\xd8c\x80q\x91c\
ZD#9~\xc8X\xd3\x5cU\x9d6\xd7EU,\
b\xaa\xa1\xdb\xed\x0a0m\xb5Z\x08\x82\x00\x9d\xb99\
\xf8\xadI\xbc\xf9\xb6\x9bq|\xdf/\xd0j\xc6P\xb5\
\x0e\xea\xbb\x0d|\xf4\xfe\x8f\xe3\xcb\xdf\xfc\x16\x02X\xf8\
\x8b\xbf~\x11O\x1e\x98\x85\xd9\xdc\x85\xda\xae=@\xad\
\x85n\x90\xe0B'B\xaaj\xa8\xd7&Ps\xb5\xc1\
Ci\xee\xc0E\x9e\xf7Y\x02J\xe1\xce\xcap)\xee\
\xcd \xc7\xae\xe0\xd4\xd2\xd2\xb4\xb0\xbb]\xad\x95^\xcb\
\xc0TL\x0cD|\xfdbNZ\x05L\xafl\xb9\xda\
\x080\xe5\x18\x0bV\x01\xa6\x91M\x8d\xe8\x04F\x10\xe2\
F\xa7\x86\xebB\xe0\xc8O\x9e\xc0\xd9g\xf7\xc1\xb5=\
$Y,ES`Q\xa9\xe2\xc6\xd0\x82'\xea\x18\xdc\
H\xe6\x88i~\xc2~\x1e\x03\xa6\xdcd\x943\xedv\
\x00S\x82bFL\x09L18\xd6\xfe\xc6W\xefz\
\xfc\xbf\xfe\xfec\x150\xbd\xb2!\xb6\xe6\xa7+`\xba\
\x85\x8d\xbb\xd2\xa9+`\xbaY\xc0T\x83\x91QU~\
\x197*#\xa6\x84}\x94n\xb2`\xe6C\xa8t\x1e\
I\xdc\xc6T\xcb\xc4]\xef\x7f'\x1e|\xf0\xf3\xb8\xf7\
\x9e\xdba\x85\xc0dM\x17c\xf7\x06}\xd9\xa1\xb7\x1a\
\x0d\x96\x96 MCx\x0c\x89J\xf5LQ\xe0TZ\
\xeeiRc\x11y+\x8ai\x8a\xd8\xd5hR\xa7W\
\xbb\x8e\xc8\x95\x0f\x1a#\x0c\x12\xee\x22u\xd5\xa8\x80\xe9\
(r\xb9rTymK\xda\xa2BW\x1a\x5co\x00\
\x08(5\xa8d1\x94\xfe\x91\x82!\x011\xe4oj\
\xdbY\xe1\xa8A\x89\x81\x02\xa4bX\x9fK\x03\x9d\x91\
`\xb8\xe7\xf9H)\xaao\x9a\xa8y\xac\xbcO\x11\x0c\
\xfb:\x8a\x9e\xe7h\x18&Z\x93&\x8e\xcf\xbd\x88\xc4\
\xeb\xe0=\x9f\xfd0\xde\xf8\xde_\xc6\xf9\xac\x81\x05\xd5\
\xc2\xb9\xc0\x81?}=2\x93\x866\x03L\xd4k\xb8\
~z\x0aa7\xc5\xd1#\xc71y\xdd\x1e\xa4\x8c\x08\
\x91\xfb\xca\x94e\xb9\xc7*\xc6H\xc9\xb1.\xefO\xe4\
\xa6\x08\xae\x199UL/\x92\xe7\xfc\xfa,~\x1a\x07\
\xa6\xe5\xac2z\xce\x8a\xc8i1\x80\x96GL\xcb\xbd\
l\xc51]y\x01\xbc\x5c`J\x8e\xe9x*\x7fh\
\xb0\xca)\xc5\x84i`:RP\x87fq\xe6\x89\xe7\
\x11\xcf\x9eG\xc3\xf7\xd0\xcd\x22\xe4LSQ\xff\x94\xa0\
\x94\x12Q\xdc\x90s\xc6d\xf1T\x92\xeagW\xd2\xf8\
\xa3\xd9\xc2(np\xbb\x80)#\xa6M/Uy\xff\
h\xfb\x1b_\xbe\xeb\xf1\xef\x7f\xff\xd7\x7f\xe4\xbaU\xc4\
t\xab\xe0S\x05L\xb7\xaaeW9o\x05L\xc7\x1b\
\xa6\x88j\x11\xec\xe5\x04\x0a\xe3\x87\x06*za.+\
\xdd5\xc0\xd0G\x11\x19]\xb2\xf0\x10\x00\x923\xc8\x08\
g$?\x94\xfc\x09\x07\xe7P\xf73|\xf0\xfdw\xe2\
\x91\xaf\x7f\x11\x9f\xfa\xf8[Q\xf3\x80\xf6\xb9>\xee\xb8\
\xae\x89\x9c\xa9&\x9e\x91EM\x84\xb3Y\x828\xa3\x8b\
\x0f#fn\x01~3q\x88b\xc1\x94\x14.e\x99\
\x14D\xb9\x1e\x85-K`\xaaw\xf6\xfa\x18\xbf\xff\xf5\
\x81\xe9\x12\xb9(\x8b\xfc\xd7\xb4\x88\x98\xba`\x81\xcf\xd2\
\xe2'FR\xcb\xa8\xebkI.\xaa\x8c}\x8d~/\
\x97\x8b\x1a\x1f#ejObfR\xef\xc4\xfe\xd1\xd5\
\xea\xfc\x1c\xc1\xa9ihKCE\x80\xca\xdf\xe2\xb7\xad\
\xc7\x14\x99\x9d\x0dW\xbbv\xb1Z?!_\x8e)\xf5\
B\xe6\xab\x1c\x13\x1c\x1f\x5c\x98l\x0b\x02\x04\x1dZ\x94\
r1Mc\x18Q\x00\xbf\xae\xd0Ug\xf0\x89\x07>\
\x89\xdf\xfc\x83o\xe2\xb9S\x0a\xff\xee/\xfe\x16q\xf3\
\x06D\xd64r\xb7\x01\xcf\xf3\xa4\xe8\x8e\xefWQ\x80\
\xba\xe5\xa3\xd1h`\xae\xd7Aj\x12@[\xd4\xd7\xe1\
 Dn\x1a0\xc5b\x95\x9b\xa3t\xd1\xedF\x5c\xc9\
\x14\xa1\xb1\x16\xfa\xa7en\xcb\xe7\x22~m\x03Sq\
\x03\xba\x8c\x22-~\x8e\xdc\x5c\x1d\xef^z\xe8\xa8\x1a\
\x9ff\xbe2\xa2;\x94\xe0\x86\xf2[<\xb8aX\xe9\
\xfa#`\xb6\xf4\xc64\xa0\x1d]\xedr\xee{\x9b\x97\
\x9c\xcb\xba\xdcz\xc0TO\xce#\x8e\xa9\xe8\x99\x8a\xf3\
\xd9(\x95\xcf\xe1<\x8c\x02X*\xc1\xcd\xb5&\xecv\
\x07'\x7f\xfa\x14\xfa\x87\x8e\xa3E,\x9af\x08,\x03\
I\xce \x82\x0d\xcf\xb1\xe0P\x9d\x82\xcf\x1b\xb3\x19\x8e\
\x8d(\xa4~\xf32\x0a?\x8dQ8'2\xb1t\x89\
\xa9\xfcr>.7$e\xbf\xf9\xa2\xb6\x02\x84\x05\xe5\
\x87\xdf\xc92s\xb8f.\x8f\xe3\x90\xbc-~\xd54\
\x13`\xaa:\xc7\xda_\x7f\xe0\xae\xc7\xff\xc5\xf7\x1f\xab\
\x80\xe9e\x8d\xacK\xfbP\x05L/\xad\x9d6\xed]\
\xaf7`\xbav\xc4\x8bKF\x22 \x82\x0b\xb1\x18w\
\x16Q.F\xbdX5M\xfe\x1d'\x9f<\xb7`\xda\
.\x5c\xcf\x17b|\xc4I-\x88`\xb2\x18)\xa5\xd3\
R$\xd2?\x8e\x19!\xcf\xfb\xb0\xf2>\x1cc\x88\xfe\
\xfc,>z\xf7\xaf\xe0\x9b_\xbb\x1f\x1f\xbf\xe7W\xb1\
k\x0a\x88\x06\x94\x0aU\x98l\x9a\x22\x8a>\xae{\xb9\
\xd2\x84\xac'\xb1\xb1\x88\xde\x98l\x9d\xb6\x1a\x1d\x01\xe5\
\xe5\x03\xa5\x8c\x98\x8e\xfe>\x82V\x8c~\xb18\xe6O\
\x7f\xf8\xff\x16:\xa6\xb7\x22\xd1\x8a\xf1\x02L\x19y0\
\x94_L\xc2\x04\xdc\xe3rQ#`\xba\xd6\x22\xa2\xa3\
\x83\xab\x1f\xeb\x88\x1el\xda\xb8_\xf5DEsH\x1b\
\x17\x1b\x14\xfe\xe6xX\x89\x9b\xbb\x1c\x08X\xac\x0aZ\
fIZF\xa4\xb5\x8e\xecJ\x88G\xf7%#\xa6Y\
\x1aH\x9a\xde\xb2\x5c\x90K\x96\xfe\xff\xec\xbd\x09\x94^\
\xe7]\xe6\xf9\xdc\xfd~[\xad*m\xb6\xbc\xc8\x96-\
\xc7\xfb\x92}q\xe2l\xc4\xce\x06$6\x99@h\xba\
\x87\xc0i\x86\x00!0\xcc\x19\x06\xba;\x814\xd3\x81\
9\xdd\x1d\xb6\xd0\x9d&@\xcf\x1c\xe8s\xe6\x9c\x9e\x81\
\x84\x18\xcc2\x09$qB\x1c\xdb\x92\xe5]\xb6,Y\
{m\xdfz\xb7\xf7\x1d?\xff\xf7\xde\xaa\xafJ\xb5H\
*U\x95\xaato\x8eR\x96\xea[\xdf\xf7\xbd\xf7\xfe\
\xde\xff\xf2<\xa9\x8dT\x08\xd0\x84X\x9dj\x15:\xe9\
\xc1\x01-K-T=\xdeQ\xbb@\xda\x85k\xb5\xa0\
:G\xf1\xde{\xdf\x84\xfb?\xf6\x03\xd8u\xd3ND\
\x01\xf0\x17O\xc4\xf8\xbd\xaf|\x07Mw\x0c\x95\x81\x11\
d\x96\x87TS\x8f\xd4\xb8>1\x00/\xe5\x04\xa0\xd4\
\x94)!\x98]a\xb9mc\x1e9\xe5}w\xb6\xb6\
N\xce\x8a\x19\x071#\xe6o\xd4\x226\xea!\xd1\xe9\
%\xc0\x94p9\xf7(F\x80\x19\x07\x0bM\x95\x0a~\
\xdab\xb1e\xa4\x84\xe4z\x220\x9ab\xa0\x12\xc0\xe6\
&\x82&\x07<\x7f\x18ifaN\xbe\xb1\xe3\xc6\x80\
:\x9b\xbe\xebcp\xd0\xc1\xe9S\xd42N\xd0\xed\xf5\
P\xabWg\xbb\xbe\x8bY\x90\x0d\x83\x91-\x22\x84\x99\
\x8d\xd0F\x1d\xfd\x95\x7fn\x02>7R\xae\xe7Kf\
\xa1\x17G\xf0\x5c[\xa4\x9fT\xa7\x83\x86\xedb\x8b\x1f\
\xc0\x1d\x9f\xc0\xd1\xfd\x07p\xf2\x99ga\xb5:`\x08\
\x80k\xbb\x9d\x100\xf3\xdd\x01\xe7,_\x0c\xc5\x98\x16\
\xce}\xfd\x9f\xb4\x88~K\xfdi\xee\xa9v\xb6\xdf\xa4\
\xb8\xaa\xe4\xadSr\x7f\xe1\xa1-\xd6\xb5\xca\xca\xc8\x9b\
'M\x06&Q\x894r\xf1Z\xec\xebX\xc5\xd3\x87\
\xc6?\xfa\xc0\x9b\xbf\xfe\x99O?\xf0\xa5J\x191=\
\xdba?\xe7\xc7\x95`z\xceC\xb6\xb2'\x94`\xda\
7~\xbcQ\xf0\xe6/6\x8dv\x1e\xe52\xf1\x0f6\
z0\xf2U\xa9\xd4L\x14+U\x88\xe2\x141\xb5G\
M\xab\xb5\x89\x84\x84Uf|\xe0\xb9\xdc\xadw\x10G\
\xa7\x90D\xa7\xe0Y-T\xfd\x08\xbf\xf0\xb3\x1f\xc7m\
7]\x83[n\xb8\x06#\x83\xae\x80(\x1b\x9btF\
\xb1\xfc\x1e*\x0c\x9d\xae\xe08S\x00~\xdemt\x09\
\xf2\xe3\x8d\xb5\x93\x02\x9f\xfb|\x01\xa6\xbb\x90x\x14\xa6\
$\xbc$\xf0x\x91\x5c\x02LMz:\x9b#\x080\
\xff\xab\x5c\xdc`*w\xf69\xa5\x0e\xc5\xe7_(\xf5\
:\xe7\xe6\x94\xa3\x9c\xe3\xce\xa3\x02\x01Z1\x0757\
\x9c\x85\xc6_\xc0\xd7\xa0 \xd7\x007:\x96\xe3\xc1\xe2\
&GV\xa3\x0b\xcbv\xa5\x09#K\xe9\x00\xa6\xc4\x09\
\xccVmd\xd18\x5c\xd5A\xa3nc\xa4a\xe1\xb3\
\xff\xea\xa7q\xc5\x95C\xb8\xfc\x8a1Li\xe0\x84\x06\
\x1ez\xba\x8b\xff\xf3\xe1\xc3\xd0\xc3Wb|\xb2i\xb4\
\x1e\xe1\x9b4=K\x09\xc4\xf0\xd6\x95R\x80\x86G\xbd\
\xd4Y\xb8,>w\xf1]\x8b\x1a\xd1\xd9\x98\xfb\x0a\x16\
\xebE\xf8\xd4\x05\xc1\xb4o\x83r&\xf4\xcd\x05\xd3)\
\xb1\x98\xb0`\xa7\x8e\x81\x0c\xa9\xc9\xa5j\x81\x91\xfc\xaa\
S5#c\xd49\x13\x87,\x8b\xf5\x8b\x96Ou/\
Y\x1b\xa3[\x03\xb4:\xc0\xb1c'$\x95\xcc\xcf3\
22\x8cn\x14!J#x\xdc(\xce\xac\x17\x0e`\
\x814fC*R^\x970\x98\x16\x19\x08\xdf\xf3d\
\x83G\xad\x11B\xa9\xc7\x0cE\xbb\x8dQ\xae\xf3\xc9&\
:\x07_\x14\x87\xa7\xe6\xf1cp\x18h\xb0R\xa4\x99\
\x85T\x9bsn\xfeQl\xc1\x98\xd6_\x08J\xe5\xec\
=\x0f0\x9d\xff>:?\xf7L\xf1\x80\xd9\xb4\x88\xc1\
\x89\xc8\xb0\xa5\xc8T\x04\xd7\xb2\xc0\xbc\x99gE*\x9e\
:2\xfe\xd1\x07\xdeX\x82\xe9*_KJ0]\xe5\
\x01>\xf3D\xd0v\x13\x18y\xeei\xbc\xe9\x83\xf7\x7f\
\xe2G'\x92\xe17\xc5Vm\x04\xda\x96\xcd\x2256\
\xb8\x03\xe5\xcdLN>F\x02\xfa\x8fyW\xc1\x8b\xbd\
\xb9a\xb9\x88)#HR\x0b(]\xd5\xfco\x82j\
^\x1f\xa8m\xb4\xdb]xn\x88 \xa8\xc0v\x1dd\
Y\x82TS\xab2\x13\xcd\xc8^\xa7\x05\xad\x22Th\
/\xe9%\xe8\xb4\x8e\xa2^\xd3\xf8\xc0\xbdw\xe3\xfe\x0f\
\xdd\x8b\xbd\xd7\x0c\xa3\x1a\x02u/\xbf\xa5d\x90\x08J\
\xd1\xa5\xc9t\xd1J\x8e\x12LW2z}\xa5\x1c\xf3\
^\xe6l\xc1\xd4\x15!\xdbB\x1b\xb6\x88.\xce\xde\xcc\
f\xc1t\xae\xf1A\xf1v\x8c\xb82\x22\x9feZ\xd4\
\x16L`\x8cR5\x0e<\xeeb\xb2\x18I4\x89\x8a\
\x93\xa0^I\x81t\x02\xdb\xc6B\xfc\xc0\x07\xde\x85\x1f\
z\xe0>\xec\xda\xc6M\x91\x89\xb9\x1fmC\x04\xf4\x1f\
z\xa6\x89/\xfd\xe3\x0b\x88\xeb;\xd9\xd3!\xe2\xf9\xa9\
\x80)#\xb8\x06\xa4b\xe9EVh\xb8\xf4\x16Og\
\xea\x8e\xe7\x97\xaa\x88\xc3\xd3\x82\xe8\xbe\x92q\xbf\xb8\x9e\
{f\xc4t\xb6\x94c)\xc5\x81\xd8\x06\xa6\x98\xcc\x97\
\xcc\x82\xd9\x90H\xd2\x9e\xcda\x22A\x94\x22H\x154\
5\x88\xe9\xe4\xe5x\xb0\xc3\x00\xb6\xe5\xc3JmI\x19\
\x87A\x86 t\xd0\xeb\xa6H\x92\x0cQ\xa2\xd0\x18\x18\
D\x9cp#\xdc\x85\xef\x9b\xebCq\xd9-\x12\x10\x9c\
S\xb3\xfd1\xcdr\x97\xe2aJ),\xc4t\xd6\xa3\
En\x10\x82\xe7#G\xcc\xa1\xbc^\xaf+\x9d\xf8\x13\
\xcf\x1e\xc4\xd1G\xf7a\xfa\xf0\x118Q\x0f\xa1\xcb\xa8\
\xb3\x92\xac\x97\xd6\xc6\xe1l10-\x22\xa6\xf3\xe1_\
4LW\x01LYR#u\xe9R\x0b\x92!S\xcc\
\x8c\x94`\xba\xd6\xeb\xbb\x04\xd35\x1e\xf12b:\x8f\
\xb3%\xc8\xc1V#\x03\x9b\xd2\x15-\xe9|6-\xb9\
H\x13\x93\xa2c\xca\x9c\x10!\x0e;Y\x07\xdc\xe9:\
\x0e\xd3\xab\x1a\xf5\xaa\x8b\xe9\xe9\x13\xe8v'\xf0\xe67\
\xdc\x8e\x9f\xfc\xf1\x8f\xe2\x0d\xaf\x1bc\xcd=j\x15 \
\xea$\xb0\xb3\x08\x0d\xea\x97:\x16\xb28\x91\x0en/\
\xacJ\xf1\xd2Y\xd5S-\xb2NJ0]\xc9\x09t\
\x01\xc0\x94R.\x92\xa2\xedK\x87\xf7\xa94\xcc\x05\xd3\
\xa2\xf1\xac\xc0\x1d\x0b\x9e\xefK=1k\x86\x19q\x93\
\xfb\x11\x7f\xad\x13\xd8*\x86k%\x18\xaa\xdbH\xba\xa7\
\xe0\xe8)\xbc\xeb\x9eW\xe3\xe3?\xfe\x00n\xbfe\x18\
=f\xf4\xe3\x14\x9eo#\x0cm\x8c\xa7\xc0\xb4\x07<\
\xf8T\x8a\xdf\xfe\xcb\xfd\x18\xb7\x06P\xad\x0fAY\x0e\
Rx3`\xca(S\xc2\x9aR\xa0\x04S\x19\x85\xfe\
\xda\xe2\xb9\xebi90\x9dT1\x15\xdd\xe1\xda\xa1\xd4\
d\x8b,\x187\x1ai\x0c\x9b5\xe0\x84\x9f$\x91\x0d\
\x87\xed\xb9p\x82*,'\x80X\x15%] >\x81\
\xe1\x81\x0al\xaf*0\xdaMX\xdb\x18Bi\x07I\
Jax\x131\xed\x07#\x13@0\x9f\xcc\xa6n\xee\
%\x0a\xa6\x04\xc3\x98\x0dJq$\xc2\xfa5\xd7\x15\xe7\
37Sf\xec\xe3TjI\x8f>\xf1$N\xec;\
\x00LN\xa1\xe29RK\x9a\xa8\x14I\x9a!f\xe7\
\x1f\x05O\xe7oL\x8b\xa2\x15\x16z\xf6m\x0c\x8a\x87\
\x95`\xba\x92\xeb\xee\xc5\xff\xdc\x12L\xd7x\x8eJ0\
\xed\x1fp\xe3\x01n\x1a\x8a\x0c\x98\x92\x0c\x0c\xa8R\x8b\
\xc9C\xe87\xd0mu\x90D\x11\xfc\x80\x1a\xa3L\xff\
F\xb0\x10\xc1wb \x9b\xc4\xe9\x13/b\xcfuW\
\xe3\x7f\xfc\x17?\x8c\xfb\xee\xbd\x03\xb5\x10\x12\xfd\xa2P\
\xbex6\xcb\x85-\x91\xb4\x1bkX\xe5\xa0vd\x9c\
\xc2\x0d\xe8K\xbe\xd4\xedo\xe9\x05R\x82\xe9JN\xa0\
3\xc1t1\xbd\xc9\x85\xd2\xa5\x8cX\xd1\x19i\x0e\x98\
\xe6\xcdi\xc5\x9c\x1a0eD\xdeD\xd4\x0cP\xd05\
\xc6\xb4\xc6\xc4y\x88\xd2um\x91\x0b3%\xbe=\xa4\
I\x0b:n\xc2sb$\x9d\x93\xb8\xeb\xb6k\xf1/\
?\xfe\x11\xbc\xf3\x9ekD\xc2\xa1\xdb\x9dF\xbd\x1a\x0a\
\xd8\x12\x89\xb9\xaaN&\x1aS\xae\x85\xaf\x1e\x88\xf0\xbb\
\x0f\x1e\xc0\x94;\x8a\xb0: `\xca\xd4=\x81\x945\
$\xac\x8bK\x98\x17\xd0l\xa62NS\xf3\x8f\xa2\x89\
\xae\xa8\x81\xdb\xac\xa9|\x93\xb2-Z\x92\xfa\xc7a\xf9\
s\x92\x11\xd3\x02L=+\x14\xc7!\xd1\xbb\xe4\xb9\xcd\
\xc6\xb4LI\xc4\x94\xa9|I\xf7\xb3d\xc3\xf3\xa5.\
\xddJ5\xdc\xa4\x85\x1d\x0d6G\x8e\x8b\x8cW'q\
\x106\xb6\xc0\x0b\x07h\xb5 5\xec\xbeo4\xe4\x98\
a\x99\xbb\x815\xd5\x8aE3\xe4J\xce\x82\x8d\xfa\x5c\
2e\xd7\xb7\x90d)\xdcD\xa1b\xb9\xa8Z\xae\x80\
\xa9\x1b%\x08\x93\x0c'\x9e}\x1e\x93/\x1cBv\xf8\
e\xd8\xd2@d\x94-\x22\xc9|i$1\xcf\x89s\
\x07\xd3b\xcc\xce\xb5\xc6\xf4\x8c\xf3l^*\x7f~\xc4\
4U])K(S\xf9k\xbbJK0]\xdb\xf1\
f]S\x99\xca\xcf\xc7\x5cj\x17\x18\x0d\x15\x1a\x99\x05\
S)D\x07k?\x1d$,\xc2\xcc\x12\xf8\x9e\x8d\x81\
\x01F<{\x22\x8c\x9f\xc4M\xf8V\x07\x15\xbf\x8b\x07\
>\xfc\x1e|\xff\x07\xdf\x87\x9d\x97\xd5\xe0{\xc0@\x1d\
\xc4Z\xc4)\x85\xc93\x046\xe3\xadZ\xa2\xaclV\
(T\xf0\xd2(\x11\x97\x9e\x12L\xd7\xf8$\x98y\xbb\
\x95\x81)\x81\xd4\xcfkT\x0d4\x14\x8eI\xb3\xedl\
\x85\x98\xfe\xacL\x97\x81R9\xb4\x8b\x1e\xdb\xdb\x1d6\
k\x18%\x07\xe86,\xd5\x82c\xb5\xe1\xea.v\xed\
\x18\xc4G\x1e\xb8\x0f\x1f\xfa\xe0\xdb\xb0c\xd4\x180T\
\x03\x96\x9b\xa4H\xb2\x04\x96Sa\xfb\x9e\xbc\xf7\xa9n\
\x82q\xc7\xc7\x83O\xb4\xf0;\x7f\xfd$\xda\xe16\x01\
\xd3T\x22\xa6\xacT\x15\x0fE\xc1\xb0\x947cK\xa1\
\xea:\x97<\x98\x9e\x09}\x9c\x9c3\xc1\xb4\x1f_9\
\x87\xb1\x03\xb4T&\x9d\xf5\xa6\x99\xa9p\x082\x80K\
\xe0\xaf\x88\xcd,\xcd\x16\xcc\x94K\x17\xbf\xd6\xf0\xb4\x8d\
P\xb5\x10v_\x14\xe3\x0dop\x14S\x1dnw\xab\
hE\x14G\xa8!N\xb4DLg\x1a\xf3\xe6\xb4I\
\x9a\xab\x88\xd9\x98^\x9a\xa9\xfc\xc4\x01\xa6\x19Lpl\
\x04\xb1B\xa8\x80a\xb7\x82Pid\xcd\x16\x9cV\x17\
\x07\xbe\xf6\x8f\xc0\xf8\x14\xd0l\xc1ulTY\xb7\x9d\
%\x88Tl\xdc\xd82&\xfe\xcf\xc4\x90\x996\xbfE\
\x22\xa6r\xfa\xb2+\x7f%\xdd\x9b\xcc\xb4H\xf3\x13?\
\x89'5\xa6\x0b\x81\xa9c\xf3n\xe4\xe4\xcdO\x87\xcb\
\x1a\xd35\xb8]\x94`\xba\x06\x83\xdc\xff\x16%\x98\xce\
\x8e\x86\xdcJ\xd8l.\xee\x1e\xa9i\xfa\xe1_h\x01\
G\xe9pmC%\x84I\x85\x8a\x9f\xc1\xb7\xbb\x88\xba\
'\xa1\xe2I\x8c\x0eWq\xc5\xceA\xfc\xbb\xcf\xfc\x22\
\xb6\x8f\xd516f\x89\x13S\x9c\x00I\x14\xc3rR\
\xf1:\x97\x88\x06kJ-\x0d?\x17n\x96\xdb\x1e#\
gL\xa7\xd2\xea\xae\x8c\x98\xae\xf1YP\xbc]\x11\xc1\
^\xfc\xc6\xbedc\x89\x80)kAf\xd5\x0aLd\
\xb1\x80\x1a[4Lg\xe6\xdb\xc4\xbe\xfa\xd2\xb2\x94\x87\
\xb2a;\xec\x10n!\x8d&\xe0\xd8S\xd86\xea\xe1\
\xbak\xb7\xe1\xaa\xcb\x87\xf1K\x9f\xfa\xb8D\xde\x07B\
\xa9<E\x1aGP\x19\x9d\xc0\xf2\x1b\xa3\xedB\xd1\xd7\
\xdb\xf1\xd1\x84\x85)\x00_y*\xc3\xe7\x1f|\x02\xd3\
\xdeV8~\x05\x99\xc5\x1aSc\xafh\xc0\x94\xeeN\
\xc6\xeb\xbb\xea\x99\xc8\xe9b\xe5$*/\x22\xdf\xacz\
\x9b\x05\x80\xcc_\x80\x0bE\x88\x8bZT\xf3\x93i{\
#\xe7#\x91h\xda\xbaj\x05\xc5\x9acvC\xf2\x07\
2\x0c\xb9>\xaa\xb6q\xf4\xcaT\x0f\x9d\xa4\x8bL\xc5\
\xe2\xcb>hG\x18R\xc7\xf0\xaa\xeb\xaf\xc2\xc8\x95\x97\
c\xdf\xf3M<sd\x1a''cT\xebc\x80f\
\xa7y!\xc5eTB\x8a>'\xb3\x0f\x22\xc8,|\
\xfd\x98\xbd\xb1n^h%\x98NY\x09,\xdfC\xd0\
MP\x895\xb6\x85\x0dT2\x8d\x89\x97\x8e`\xea\xf0\
\xcb\x988\xf0\x0c\xd0\xe9\x00=VUS\x86\x89:\xbc\
)\x12+\xb7\x09\xe6\xaeb\x010-\xb6\x96\x8c\x82/\
u\xac\x14L\xa5\xb3\xb6\x00S\xee^,/\xaf1e\
S)kL#YN\x81v\xe1\xa3\xa7\xe2i\x03\xa6\
\x9f\xfd\xf4\x03\xa5\x5c\xd4*\xde5J0]\xc5\xc1]\
\xe8\xa5K0\x9d\x0f\xa6\x85\xaf9o*\x04S\xba+\
\x11L\xe9\x0cNM<j\xeb\xb4\xa0\xb2qX\xd9\x04\
*N\x0f7\xddp\x15>r\xff\xf7\xe3\x07\xdfw3\
\x02\xfa\xd5\xb3\x0c\x8c\xf7&v\xf8S\xbaD2C\xec\
\xf8\xa7{\x12c\xa5\x99\xec\x8c\x8d\x8c\x8cI\x1b)\xa5\
%\xe5\xe7\xd0\x16j\x05G\x99\xca_\xc1\xe0\xcd\x94V\
\x9c/\x98\xa6\xf0i\xac-\xa8Wt\xe3s~\x99\xb2\
7M+\x0c\xa8\x14\xe5\x01F^\xc9\xa4\x8e\x8b\x7f\x93\
\xae|\x97\x7foA\xe9)l\x19\x06^\xff\xda\xbd\xf8\
\xd0\xf7\xbf\x1do{\xf3u\xf0\x18\x8dc\x94-\xe9\x89\
\x96)\xa5pBI\xef\xda\xc8\xd8\xed\xed\xba\x88EK\
Sc*\xb60\xedy\xf8\xcb\xfd]\xfc\xee_?\x83\
\xe9p\x9b\x80ij\xe7`*j\x12F\x89\x82\x22\xf9\
<\xaa\x9ewI\x83i\x01 32>\xb9>e\x11\
\x11\x9b\x81\xf6\xbc\xa6s\xf6\xdf\x19\x1d\x05\xda\x8cx\xb3\
\x02=3\x91PI\xe5;\xbc\xa6(i*\x1b\xad\x04\
h\xf8@`\xa7\xc8\xe2&:\x9dq\xe8\xb8\x8d\x01\x0b\
\x18\xf4\x12|\xe4\xbd\xaf\xc3\xf0\x16\xe0h\x0f\xf8\xbf\xff\
\xfaI<\xfdr\x0b\xa9;\x8c\xadc\xbb\xd1\x8d\x80n\
\x8b\x06\xb3\xe4\xde|\x9d\xe5\xf5\xa6F\xce\x8cM<\x8c\
\xc7\x9e\x09O\x97\x0a\x982b\xea\x07\x1e\x9c\xe9\x1e\xc2\
^\x82\xcb\xc3A\xf8Q\x82\x97\x9ex\x12\xc7\xf7?\x09\
\x9b\x96\xb94\xa3\xa0\xb4_F\xbdR-\xf1\x00n \
\x18\xbdN\xe2\xa2\xbex\xfeu\xc4\x9c k\x07\xa6l\
z\xe2\x8d\xc4\x93\xe0\x08\xcb\xcaJ0]\xc9\xb5}e\
\xcf-\xc1te\xe3w\xce\xcf.\xc1\xb4\x1fLM*\
\x96\x9d\xca<\xd8\xe1)\x0e8r\xd1'X\xb0\x0bz\
\x12c[\x03\x9c>~\x00\xb7\xdd|9\xee~\xddM\
\xf8\x89\x7f\xf1!\x8c\x0d\x03\xbd&06`\x22Yr\
\xe4\xf5\x85\xe6/\x8c\xb9\xcc\xd7q\x99\x15\xc2\x9f/\xd0\
\x7f\xce\x13y\x96OXXG\xd3<y3\xc8E\xcd\
:o\x9d\xe5\x80\xf4?\x8cV\xa0\x12\x119\x13L\xcf\
J\x82\xa70R`\x94\xccv\xa02:'Q\xa0\xdb\
\x96\xc67Z\xc7Rn\x8c\x9d\xc2|\x88J#$q\
\x07:\x8b$\xad\xe8z,\xf5H\xd0i\x9fD\x18j\
\xbc\xee5{\xf1\xc0\xfd\xef\xc0;\xdf\xbe\x17\x83!\x03\
==\x0cT\xd9=\x9f\xc9\x1a\x93\xd4m\xee\x1a\xc5h\
\x99t%[)b\xf9\xbd\x83iec\xc2v\xf0\xe5\
\xc7;\xf8\x83\xbf;\x88\xde\xc0.4{1\x94\xedA\
\xd9f\xf7\xc4\xca\x03\xd9\xccPO\x93\xdd\xbfr\xb3^\
\xe0\xc8C\xa8\x1b=Rz6\x1b\xb7\xf9\x91\xd0\xe2\xac\
\x95Tm\xc2\xae{\x8e\xcf\xec(IJ_\xdb\x92\xca\
\xef\xf1w\x99\x86\xd5S\xa8\xb1\xc6\x91\xd1;\x8f\xe0C\
\xf8\xef\xc2w\xd8\x91\xdfF\xd6\x1b\x87\xea\x9c\xc2\xa0\x93\
\xe0\xe6\xcb\xb6\xe1\xed7\xde\x88\x9b\xaf\xa5\x98:\xd0\x02\
p\x18\xc0\xaf\xff\xfeWq2\xae!\xf3F\xe0\x07\xdb\
\xe0\x05\x03\xd0\xa9\xd9\xc0R<^)~\x16e\xbc\xe0\
-\x17\xb6\xed\x22Ns\xf7\xb1E\xd2\xf9\xa6t\xc8\x5c\
\x8f6\xdbajL\x19<\xd0P\xa7\xa61\x94Z\xb8\
\xb2:\x8c\xf6\x91cx\xf6\x91\xc7\xd0;y\x0a\xe8\xf6\
\xe0d\x0a\x9e\xa2F)\xe7MI\xe9\x85\xb1\x19\xa5\x13\
\xe9\xd2`Z\xac\x9f\xc5\xe2\xa6\xcbEL\x97\x5c\x7f\x9c\
K\xde%\xa8\xf2Rl4\x18\xd7\xe5y\xc9`\x86\xc5\
\x9e\x07\x067\xe6EL\xef\x7f\xe3\xd7?\xfb\x992b\
\xba\x9a\xeb\xb9\x04\xd3\xd5\x1c\xdd\x85\xee7e\x8d\xe9\xcc\
\xa80\xb9I\x87\x0d^\x04\xa4\xdeH\xec\x22\xe9\xd4\xe3\
\x98\x82x+B\xad\x12Cg\xc7q\xf5\x15\x1e>\xfd\
\xab?\x8d\x9b\xf6l\xc3\x96\x01B\xa9\xc6`\xd5B(\
Y\xbb\xa2\x81\x22\x17i_\xf0F?\x9b\xde\xedO\x1d\
-'g\xb5\xd2\xe5Q\x82\xe9\x12#(`\xba\xf0\xef\
\xcf\x16L\xa9_\xcb\x1b\x07\xe5\xd5\xd2T#N\xd8\xfc\
b\x0c\x1bx\xb3!\xf8\xc6\x9d6\xa0c\x0c\xd4}\x0c\
\xd6\xab\xb0\xad\x04\xad\xd6$\xa2\xeei\xd8N\x13ox\
\xedM\xb8\xf7\xde{\xf0\xfa\xd7\xe2\xf3\xf4\xeb\x00\x00 \
\x00IDAT\xdd\x8c\xcb/sD^L%\x09\x92\
\xb8\x85\xe1zM\x92\xf0\x8c\xb5\xcf4Q\xc9M\x8cn\
\x5clbR\xac6\x9d\x01\xd3I\xcb\xc1W\xf6u\xf0\
\xfb\x7f\xf7<z\x03W\x08\x98\xa6\x0eov\xae\x89\xd8\
K3\x1e\xff\xcf\xe8\xf6jv0\x9f\xb1\x81\xca\xeb\x04\
r\xad\xc6\x95\xae\xc1\xf5|\xfer`:\x93\x1c\xef\x8b\
\x88\xf2\xf3\x16\xa5\x0d\xd4/\xee?\xfau^\x13\xdbF\
Dxp<\xd4\x95\x8dj\x06x\x8a\xd5\xbc)\x1c/\
\x85g\xb3\xaeg\x0aq\xeb8<\xdd\xc2\x9e\x9d\x83x\
\xe3\xabv\xe3\xae\xabG\xb0\x8b@E-\xd3\x10\x98\x00\
\xf0\xe2+\xd9\x99O\xff\xfe\x97q,n \xf5\xc6\xe0\
\x05c\xf0\xbdA\xe8\xd42]\xfe:\x15\x99:\x01S\
\x1b}`j\x9c\xa7\x16\x03\xcf\xcd\x0c\xa6\x5c\xffi\xc0\
hu\x86jWa8\xb3\xe0\x8ewp\xec\xc038\
\xf6\xec\xf3\xb0\xa2\x08V\x92\xc0U\x1at\xfe-\xb4\x83\
\xb9\xd9\x92f|\xcbF\x22\xa9\xf4\x05/\xd8\xf2\x8f\xab\
\x0f\xa6&\xd2>\x1fL\xa9\xc7J\xb9(\x82)\xcf\xd9\
\xb0?\x95_\x82\xe9\xaa_RJ0]\xf5!\x9e\xfb\
\x06e\xc4tv<\xa4\xab\xda1\x9a\xa2\xbc\xf5S\xa2\
E\xc0T1>\xe5\xc0F\x840h!\xee\xbd\x80\xbb\
\xdf\xb4\x1b\x7f\xf0;\xbf\x88Q\xdf\x08cG\xcd6\xea\
a\x05\x15\x8f\xb7\xf9\xd9\xda\xaf\xf9\xd39[\xbbW\xb8\
\x8b\xcc}\x84\xf4\xce\xac\xe2\xb1\xe9\xc1t\x85\xe3'2\
\xa4\xe7{0bj\xa5\xb9c\x14\xd7\x0d\xd3\xeb\x96\xd4\
\x95\xb2\x84C\xa4~\xd2\x14C\x83\x15\xd8:Fs\xf2\
8t\xdaF\xbd\xe6\xc1q2t;\xc7\xf1\xa9O~\
\x0c7\xddt%n\xbbe7\x86\x06\xcc\x96\x85\x91V\
F\xddL\x944\xf7h\x9a\x01\xa7Y\x92f\xd4\x87[\
*\x82\xa9\xcb\x88ifc\xd2v\xf0\x95\xc7\x0d\x98v\
\x07/G\xb3\x97 u\x5ch\xcb\x17}b\x8f\xe5\x04\
\x22\x87f\xc0\xb4\xe8\xba?\xdf!\xb8\xd8\x9f\xb7,\x98\
\x9e!\xd76w\xa7B\x19\xaf\x85\x0e\xe2\x0c\xd3\xf6\x1d\
f[\x18\x91\xcbR\xd4=ji\x02\xae\x8e\x90\xb5O\
\x03\xd3\xa7qU#\xc0\xe5\x0d\x1f\xaf\xbal\x047\xed\
\xde\x8e=W\xd8\xd8\xc6\x9aA6G\xc6\x19\x22\xdf\xc1\
8\x80\x83\xaf0\xc8\xbf\xf9\x83\xbf\xc4\xe1t\x08\x91\xbb\
\x05\xae7\x86\x80`J\x1dZV\x13\xe9\x04\xa9h\xa6\
\x9a\x88)\xad3\xb9\xe9\xe9\x89X\xfc\x99\x9f\xb0\xd0I\
.\xbe\xfff\x94\x94\xd2\x8c\x94:\x19\xbc,\xc3N\xa7\
\x86Z'\xc5\xcb\x8f>\x81C\x8f\xeeC\xd6\xec p\
\x1c\x91\xeab\x13\x1a+nL\x8b\xa0\xa9\x0d\x16;Q\
\x9b\x11\xd3\xb3\x03\xd3\xc5\xd6\xf9R\xd7\xd7~\xb0]\xf0\
\xf9\x121\xcd\xcdZ\xe6EL\x05L\xa5\x01\x82=\x0e\
\x04S;\xaf1=4\xfe\xd1\xfb\xdf\x5cFLW\xf9\
\xc2\xb3\x92\xdb\xc2*\x7f\xb4\xcd\xf9\xf2%\x98\xce\x07S\
\xeeX\x8d{\x91\xb8\xe2(_\xc0\xd4\xd6\xac\xf9\x89P\
\xaft\x91\xf4\x0e\xe2\x1d\xf7\xec\xc6o\xfd\xc6\xcf\xc3\xcb\
&1X\xf5Ps+r\xc7\xe0M\xc2\x5c\xf0\x16:\
L\xbaU\x8eE\xbaKJ0]\xd9y\xb6\x22\xb0\x94\
\x1a\xe2\x15\xbc?\x1bZ\x92\xae\xd1\x1f\xb5\x5c\xf8~(\
\xe9U\x13\x01\xe1\xa6G\x8bn\xe2\xf8\xc9\xc3\x02,\xdb\
\xc6j\x98\x9e<\x8e\xa83\x81\xf7\xbc\xfbm\xf8\xc9\x9f\
\xf8\x1fp\xd3\x8d\xa1@(q\x88}.\x92\xb6\x97z\
e\xd6$&\xa8T*y4e\xde\x06\x93v\xb9\xa2\
%\xc1\x82\x93,\x07S\xe4`\xda\xc6\xef\xff\xfds\xe8\
\x0e\x10L3\x01\xd3\xccfS\x85-`J\xc92\x11\
\x85\xb7\xe8V\xb4\xb1-E\x97\x9b\xbds\x05\xd3Y/\
s#\xc2N0\xe4OF\xb4\xcc\xcf\xd9SYjL\
\xe3\x1e|\xd7A\xcdU\x08A\xed\xd96\xec\xb4\x89j\
\xd2D#n\xe3]7\xdd\x88[/\xdf\x8a\xdb\xaev\
0\x1a\xc8>\x05I\xbb\x89\x9a\x9d!\xacU\xd1\xb3|\
\x9c\xb4\x80\xe7_\xf18\xf8\xd5/>\x84\xc3\xe9\x00:\
\xce\x18lw\x14\xbe\xdb\x90@\xa8\x01SF\xc7\xe9\x08\
oz\xabf\xc1\xb4(5\x98;\x12\x97\x02\x98\xf2\xaa\
\xcb\xb2\x98\x8aR\xd8\xe55\x90\x1e=\x85'\xbf\xf6M\
4\x0f\x1dA\xc5\x0bL1V\x12\xc9\x9c\xcd\xca\xc0]\
\x5c`\xca\x0aa)%\x93\x9at\xe6.L*\x7fi\
0e*\xff#e\xf3\xd3r'\xff\x0a~\xbf\x92\xdb\
\xc2\x0a\xde\xf6\xd2}j\x09\xa6\xf3\xc0\xd4\xe6\x9e51\
7!FO\x94\x03\xad(\xd1B\xfb\xd0\x18\x8dj\x84\
\xd3'\x1e\xc5}\xefy\x15\xfe\xe8?\xfd\x12l\x9d\xc2\
J;\xa8\xd8.<\x87Z\xa7\xfd)\xfa\xf9\xebj\xf9\
\xe5]\xa6\xf2Wv.\xae\x08,W\x0a\xa6\xbc\xf1\xa5\
\x0a\x8a\xb4A\xe7\x99j\x08\xdf\xb5\xc5F4M:p\
l\xea\xdcv0\x5cw\x05F\xa3\xf6)\xbc\xfa\x8e\x1b\
\xf0\xcf\xff\xd9Gp\xcf[\xaeG\xadf\xa28an\
\xfe\xc5\xd8'A\x917Q\xben\x1c\xc7h4\x06g\
Ih\xa6\xbe\xc04\xc2\x180e\xe2\xd8\x80i+%\
\x98Z\xf8\xf2\xbe6~\xef\xef\x9fAw\x905\xa6\xa9\
4?ev0\x07L\xa5\xb9\xcfb'\xf9%\x0e\xa6\
\xf3\xb6\x94\xf3\xc1\x94\xa1\xb5\xc5\xc0\x94\x11\xbbVw\x1a\
#\x83U\x8c\x866\x9c\xde8\xd2\xd61\x0c\xbb\x09n\
\xb8l\x187n\x1f\xc3\xdd{\xc60\xe2\x00C\xae\x91\
\x90\xe3&\xc6\x22L\xd1a\xce\xf5\x11Y\xae\x80\xe93\
\xaf\xb0\xc9\xaf\xfe\x97\x87\xf0\x92\x1aF\xd3\x1a\x85\xe5l\
\x81\xef\xd6f\xc04\xa1\xf5i>W\xb3\x11S\x0b=\
:y\xb12c\xa6]\xdfD\x00\x8b\xa5B5\x10\xf9\
\xfb&\xac1u\xb4\x86\xabc\xd4R`\xa0\x9b\xe2\xc4\
\xfe\xa7q\xe8\xdb\xdf\x83\x97(\x0c\xd5khM7g\
\x06f\xe6J\x9c\xd7f3\xdamjL\xd77bZ\
\x82\xe9\xca\xae\xff\xab\xf5\xec\xe5\xef\xdc\xab\xf5\xce\x97\xe8\
\xeb\x96`:w\xe2\xe9\xabL9'm\xc7\x12\xe9\x92\
4>#\xa6\xca\x13\x08\xad\xfa]L\x9c~\x02\xf7\xbe\
\xf3z\xfc\x97\xff\xfcK\xa8Q\x00=k\x1b\xcf{\xdb\
x\x9a\x9bc~\xb1\xe2BK\xfb\xcc\xb8\xear\x11\x9d\
\x95.\xd32\x95\xbf\xf4\x08\xae\x0cl\x1d\xd8V(\x00\
\xc9Z\xd5\xb0\xc2\xf2\x8f\x18\xbd\xde\xb84\xbc\xb8n,\
&\x0ctm\xba~\xf7N\xfc\xd0\x0f\xde\x8b{\xdf\xf5\
\x16\xec\xdc\xea\xb19^R\xf5|L\xe01\xb5\xce\xfa\
\xd4H\x1c\xa0X\x02\xe0{\x01\x85\xa5\xc4pr\xee\xda\
2P*\x9a\xa9\x02\xa6\x9e\x08\x85\xbb\x96\x9d\x83)\xe6\
\x81i\x8c\xc4\xf1\x90Q\xd4\xddr\xe0i\xa37a\xfe\
\x9f\xfa\xa6\x04\xd3\xcd\xd7\x18S\xcc\xfar\xe7\xd7\xc2\xe7\
G\x9f%\xe9\x99~\xa53\x82\xfc\xcaJ\xd1\x8d\xa7`\
'M\x0c\xa6]l\xabd\xb8~G\x1d\xb7\xee\x1e\xc3\
\xcd\xbb\xb6\xe0\xaa\x01`\x0b\x80\x80\x19Yq\xf5\x22\x8c\
\x9aF8O\x14\x12L\xf5\xf0)\x0d<\xf5\x0a<\xfe\
\xeb/\xfd-^\xd0\xc3\x98\xb6\x86\x01k\x14\x9eS\xef\
\x03S\x93\xca\x97\x88\xa9\xc5\xb4\xeel*\xffR\x05S\
64\xd5-\x05\xb7\xd5A\xf4\xe2Q\x1cy\xfc\x00\xa2\
CG1\x18T\xc4ao||\x1cA\xad\xba\x801\
\x81)\xc3\xe0Q\x82\xe9J\xef0\x9b\xf3\xf9%\x98\xae\
\xf1\xbc\x96`\xda?\xe0\x16<\xdb3\xa9\x14\xbb\x0bM\
ZPT\xd4\xf1\xe0\xf0\x8fV\x18\xa8\xb2\x11\xe5e\xbc\
\xe5\xf5\x97\xe17\xfe\xedOa\xb4\x96a\xb0\xc2\x1b;\
\x1fhb\x11\xfdr-\xa6k\xba\xff\xe8\x83\xd1\xdc\xb6\
r\xce\xafsk\xc8\xd5Z\x06%\x98.\x0f\xa6\xfd[\
\x8asB4\xcd\x88yEjB\x1d7\x83\x17\xd0\x8a\
r\x0aQ\xef\x14*a\x82\x91!\x17\xd3S\x87\xf1\x81\
{\xef\xc6G?|\x1f\xee\xb8\xe52\x0c\xf8\x063\x8b\
\xf7\xcch)\xea\x9a\xe6\x156\xe1Y\xb6\xc1Q\xc6C\
\xa3\x885\xce\xd5\xfc\x0b\x98ue\xfe\xdf4\xdbQf\
?\x110e3\x0c\xe6\x80\xe9\xef\xff\x9d\x89\x98N\xc6\
=\x89\x96\xce\x01S6e1~\xc7\x88\xe9%\x0f\xa6\
\xfd\xedL\xc5Z\x99\x95\xd27\xf2n\xf3WE\xfe{\
+A;:\x09/\x99\xc6\x95N\x86;\xaf\xda\x82{\
n\xba\x027\xefr0&\xba\x1e\x19Tg\x0aU\xdf\
\x87\xe3\x06r\x9d`M(\xeb/\xaalfq\x8c\xa6\
\xedi\x00O\xbf\xf2\xd6\xff\xea\x8f\x1e\xc4\x8b\x18\xc1\x84\
5\x0c\x8d\x11x\x0eS\xf9\xa6\xdc\x22\xb6\x92\xbe\x88\xa9\
\x0b_;R6\xc2\xd7+ \xcbl\x8f\xe7~\xd6\xa2\
\xb1m3FL}\x95!\x88z\x88\x8f\x9d\xc0\xc9\xc7\
\x9fA|\xe8e\xd4\x94\x83\x0a,\xf4\xbam\xf4\xe2.\
\xbcj(\x11\xe5\x993.\x8f\x98\x16#\x95]\xcc\x11\
S\xde/\xecd\x81\x1a\xd32\x95\xbfZ\xf7\xcb\x99\x0d\
\xedj\xbfA\xf9\xfa\xf30\xa9\xec\xca\xef\x1b\x10\x82i\
\x00\xad\x13\xa9'\xa5\xec\xb8\xd4\x07f6,\x15\x18\xcb\
F7\x86J\x8e\xe1M\xaf\xdd\x86\xff\xf0[?\x8f\xb1\
a\x05Wu\x10u\x22\xd4j5x\xbc\xe1\xf4\xb1\xe8\
\xa2`:\x07J\x8b\x1b\x1fI\xe3L;\xbc\x0b\xb9f\
77\x98R \x7f\xa1\xea\xdeY\xd4\x5cJ<\x9e\xe3\
L\xcb\xd8\xfe\xe3\x0c0\xcd\xe7\xad\xf0\xc6.\x1e+\xef\
\xaa=$m3\x7f\xbe\xaf\xe0\xba\x1d\xc4\xf1\x09\xa8t\
\x02[\xb6\xb8\xd8uY\x03\x9f\xfb\xec\xaf`\xd7eU\
\x91\x15\xcb^\xa9#\xd4q\x0f\xa1o\xc3w\x8dT\x13\
=\xd6E\x03W)$\xac\x87shK\xca(<;\
\xb13\xa9]5G?\x982UK\x97)\xb6Fy\
H\x8cy\x14\xa63\xa6\xf2\x81\xaf<\xde\xc6\x17f\xc0\
\x94]\xf9>\x94\x15PR_jL]\x11fwh\
\xb4.\xa2\xf0\x1b;bz\xe6\xb6\x82)\xf6\x99\x1b\x0c\
ki\xe5\xaf\xe6q\x94\x0b2\xc3\xc9:`F2\x0d\
\xe4\xb3\x19&\xd7\xc9/\x5c\xd2\xcd\xe3E\x0f\xc1h\x92\
\xda\x9a\xb2\x5c)\x1c\xca\xfb \x85\xa7\xbbhM\x1d\xc6\
\xad\xbbw\xe0\x1d7\xef\xc5]W\x01;]\xa0\xc2\xa8\
f\xdc\x85\xabz\x18\x08<\xc4\x19-0\xf9\x1e\x0el\
7\x94k\x8e\xc7\x9e9\xce\x85\x03\x89\x98>\xf7\xcag\
\xf9\xd7\x7f\xfcW8\x88\xad\x98\xc0\x08,\xab\x01\xc7\xad\
\x8b\x14\x95\xac\x0d\xea/\xe4\x8dN\x92\xca\xa7\x5c\x94\xe5\
\xc8\xeb\x16\xf6\xb1\xb3\xeb\xd8\xd4\xc4\x8ad]^+t\
\xf1\x82\xe9\xec\xfc\xcd\xc4\xa9y\xce\xe55\xbdJR\xee\
\xb3\xe5\x09\xccTI\x0a?\x03B\x9eP\xa7Nc\xea\
\x85\x17q\xfa\xd1\x03@;\xc2\xb6\x91-P\xbd\x18\x93\
\xe3\xa7\xe0W|i\x1d\x94\xb9\x9d\x19\x9c\xd9\xd2+\xc9\
8\x5c,`\x9ak\x1f\xcf\xa91-\xc1\xf4B\xde\x0a\
\xcf\xe9\xb5\xca\x88\xe99\x0d\xd7\xca\x1f\xbc\xd9\x22\xa6\xcb\
\xd5h.\xe9\xdb!\xf2P\xa6\x01\x86z\x836\xafz\
\xb9\xf8}\x92R\x8c0\xa5\x0d\x1c\xd2\xee\x0bx\xdf\xbb\
\xaf\xc7\x17~\xfbgPq\x22\x11U\xb7\x14\x9bI\x08\
\x0d\x0b\xb7=\xcd\xde\x18\x17Z\xe2}`\xba\xf2)]\
\xf2\x156:\x98.\x9dj'\x91\x19\xe7%#8n\
\x1cy\x0a?zaG\xd6\x80\xf6\xdd\x98fu9M\
\x9c\x9b*\xa12C\xf9B\xd2\xb6\xd16\x95$+=\
\xaa}\x17\xedv[\x1c\xbc*\xb5\xaaH\xf6L7\x9b\
\xb0\x5c\x07\x83\x03[\xd0\x1b\x8f\xa0\x13\xa6\xf2\xdbp\x9d\
&<{\x02\xd7\xee\x1e\xc5G\xee\x7f7\x1e\xf8\xf0\x9b\
g\x1c\x9b\x8a\x84\xbc\x91\x16cJ\xb6\x90\xe47^\xe8\
\xfdPq.K\x82*\xa4&\xd6\x9aa*\xb31\xee\
\xd8\xf8\xf2cM\xfc\xe1\xdf<\x8f\x89\xcavL\xf3\x8d\
\xbd\x0a\xc4\xcb\x9d)\xe0\x1c\xcc\xf8\x09\x0c\x94n\xe4\xc3\
\x06\xfdpx\xf0\xfb\xcb(h\x13Y\x94\xb2\x1c\xada\
[\x9ca\x96XP\xe9\xd52RK6\xadh\xa9k\
\xa9\xa4V\x9cGli\xf4T\x8av\x96\x22\xa6\xf9\x85\
m\xc3u}\x11hO:-\x84:\xc6h\x05h\xd8\
=\xa0;.P:\xeaF\xf8\x85\x7f\xfe\x0e4\x00\xd4\
,\xa0\xee\x025nRd]\x19c\x04'\x8f`\x9a\
\xe2\x0b\x83\xba\xb2\xdc\xe4\xef\xb4 U\x18\x87\x8d#\x1a\
\xf8_\xff\xd3_\xe1\xa9t'\xa6\xec-\xb0u\x80J\
\xa5\x8a8Md=\xb2a\xcdh\xee\x1a%\x05E+\
Tv\x9b;n_\x9d{>\x97y\xb3\xd6\xc5\xbf\xe1\
(\x9c\xd1\xf2F3q\xd42\xcdf\x8ccg\xb6\x92\
v/\xa7\xe2\xa1\x17G\xd0i\x82a\xdb\x07\xa6\xa7\xd1\
\x88\x15\xf6n\xd9\x86g\xbf\xf10\xc6\x0f\xbe\x84\xc9\x97\
\x8f\xc9\xce\xcfeC_\x9aAe\x99l\xf2\x5c\x8f\xfa\
\x07\xb3G\xff>Vt\x80\x979\x05V\xe28\xdaw\
YY\xf8$c\x19\x02\xd7\xad\xbc\x891\xe5X\xbe\xf9\
\xe9\xf0\xf8GK\xb9\xa8U\xbfh\x95`\xba\xeaC<\
\xf7\x0dJ0\x9d;\x1e\x19\xa5}lZ\xd5\xd1\xb5\xc9\
H\xc3H\x07l\xca\x14\x9aB\x80\x1e\x92\xee!|\xe0\
\xdd\xd7\xe2\x0b\x9f\xff$*n\x17>\xedKu\xcdx\
\x1b\xcb3\x16\x87\xd3\xe5j\xdcV{\xfa7;\x98\xda\
\x140\x97\xf1/\xac>M\xa2\xbc\x00Uz\xcb\xf3(\
\x22b\xf2\xdf\xf9\xa0\x13\xe9\x181\x9dix\xe1M\xad\
O\xbb\x900\xd0\xebu\x10\xb2m\x1e\x8ch\xc6\xf0\x02\
\x17a-D\x92\xc5\x98\x9e\x9a\xc2\x80W\x85N\xbaH\
\x93\xd3\xb8|{\x80\x1f\xfc\xe0[\xf1\xc3\x1f}\x0f\xae\
\xdea\xa19\x1dad \x90zdC#\xa6[\xbf\
\x88\x00\x19L\xc9\x9d\xa2\xces!\xf0\xa5\x09et\xb1\
\x99T\xc0\xb8\xed\xe2\xcb\x8f7\xf1\xa5\x87^\xc0Te\
+&$\x04\x1b\x22@(\x10\xee\x11\x8a-\x85\x84i\
|\xf1\xe9\xde\xc8\x97\xe0~\x87-#\xadcZ\xc2\x8c\
\xed*\x9b\x19]\xcb\xb8dq\x8e\x09\xa6\xdc`P\xf9\
\x80`\xca(b\xe8\x04\x88\xd2\xc4\xd8\x89\xfa\x0e\x94\xe3\
\x22\xca2\x01!\x15'\x18\xac\x84\xc8Z\x13\xa8\xa9\x16\
\x86\x9d\x18~t\x12\xc3~\x8c\xd7\xdf~=\xde\xfd\xda\
\xdd\xd8\xae\x15\xaa:\x81\xe7\xb0\x19\xd2\x11 \xe5\x0a\x14\
\xa9/y\xcf|\xea\xf9yd\xa8gI(\x81\x8d\x0e\
\xe7\x0d6\x8e\xbe\xb2Q\xf8\xe5?x\x08O\xa6\xbb0\
e\x8f\xc1\xd6\xae(2\xc4i$@\xeaZ\xfc.f\
\xad\xf0\xb3\x16\x00\xee\xc9\xf7\xdb\xa8\x07\xc1\xd41\x8a(\
\xc5W\xc8\xd5&\xc4\xdc\xc0\x02\xba\xac{\xf0]h[\
A\xb7\xdb\x08\xa3\x14\xdb]\x1fC\xbd\x0c\xf6\x89I\x1c\
\xfa\xee\xa3\xe8\x9c<\x8dN\xab%\x0d\x88\x8eM\xc96\
v\xb9k\xb8t5+,\xcefO\xc1\x99\xc1\x92\x08\
\xb9\xa9\xdeZ\xf4(\xc1t\xa3\xae\xad\x95}\xee\x8d|\
U\x5c\xd97_\xa7g\x97`:w\xe0K0\x05>\
\xf7\xf9\x07\xf1k\xbf\xf9\xe7\xf0\xea\xbb\x90x,\x82d\
\x13\x18\xab\x17\x1dX*\x84-6\x8d\xd2\xc11SO\
\xeb(#\xbbRHm-\xb6\x9c\xb3\xc5L\xd8\xf3'\
,w\xe1_.bJ\x9f\xf9B\x1aGbQ\xfd\x91\
S\x89~\xcf6\xb5\x177\xa0\x99\xd4 R\x04\xaeI\
\xe9\x8a\x86\xad\xd8\xc7R\xee\xc94\x07\xf1\x18\x19\x18\xc4\
\xf4\xd48\xa2^\x0b\xa1o\x81 \x9c\xa4=0\xdb^\
\xab98}\xe2%\x8c\x0c\xbax\xc7=\xaf\xc5\xc7~\
\xe4\x03x\xf5mCH\x18\xe6\x89Z\x18\xaa\x07\xf0\xe6\
\xa5\x92\xe7\x97\x16\xact\xe3ri\x83)\xd5\x0bX\x86\
\xc3\xe6\xb1\xbc\xd4!oja|T\xc0?/\x85\x90\
\x0d\x9a(o\xe4\x11*\x8b\xf6\xa1@\xc2\x7fw\x99\xfd\
p\xa0\xd3L\xeazY[\xde\x08}\x0cU\x5c\xf4&\
_F%m\x22H\xc6\xb1\xad\xa2\xf0\xda\xbd\xbb\xf0\xc6\
\xdb\xaf\xc1e\x83\x00\xf7\xa7c\xae\xd1$-`\xb4\x00\
R\x82\x11\xa1\x88\x0e_fOR\x80\xe9\xec\x99\x92Z\
\x100e\xc4\xf4R\x05S\x9a\x9a\x18\x99\xa4\xc2v\xd5\
\x8cO\x01\xa6\x11\xa3\xc3\xb6\x86\xeb;\xc8ZM\x84\xed\
.\xf6\x0cmA0\xd1\xc4\x93\xff\xf0-L\x1d|I\
\xdc\x9d8\xde6A\x94\x1b5\xaadH\xb6\xc3\x979\
5\xe3\x7f\xe6\x15\xaa\x04\xd3u\x82\x90\x0d\xf0\xb6%\x98\
\xae\xf1$\x95`Z\x82i1\x02\x1b\xc1\x92t90\
ul\xf1\xec\x9a\x9d\xd4\x02Lg\xc0\xd7\xdc\x91\x0aw\
\x1c\xd6\xac\x151\x12F\xce|\x16\xab1\xc2\xa6]\xa4\
\xb4\x13\xd5\x9e\x98,0\xadF\xb0\xc8z]4\x06B\
\xf8H\xd1\xed\x9c\x82J\xdb\x08\x03z\xa1\xc7\x88\xa2\x09\
\xbc\xedm\xb7\xe3C\x1f~7\xdey\xcf\x0d\x0c\xec\xa0\
\xdbna\xa8\xe6\x22 t\xb4\xa70T\x1b\xcc\xeb\xfd\
r7\xb1\xbe\xe5'\x0d\xdf+\xbc\x02^\xda`\xaa\x11\
\xa5\xad\x1cL\x89\xa2>\x5c\x8bpB\xb5\x043\xb0\x85\
\xe5,\xb7T\xc6\xd6\x93sm,1b\xcbB\xc4:\
>\xd73%\x1dI\x22nA~\xd6\xc3\x90\xa7\xb1%\
\x00\xac\xf6q\x0c\xd9\x1d\xdcx\xe50\xee\xbe\xfd:\xdc\
\xb0\xc3F\x98\x83N\x88\x0c5\xcb 0\xdfmF?\
\xa1\xa8]e\xd4n\xc6Zl\x96\x8cf\x5c\xa5,\x0b\
\x1d@\x04\xf6\xfb\xc1t\xc2\x1e\x83\xab]\x84\xd5\x8a\xd4\
\x1d\xcf\x89\x98r\x9dR ,/Y\xd8\xe8\x11S\x03\
\xa6y}\xef\xbcsCD\xf0i1\x91%R\x82\xe1\
\xa7)\x86S\x8d\xad\xb6\x83\xe6\xd3\xcf\xe3\xc0\xd7\xbf\x09\
\xb4;R\x87\xcb\x13\xc9\xe1nQkdI\x22\xaf\xe4\
xTV1/Z\x82\xe9\x1a\x83\xc6\x06\x7f\xbb\x15^\
\x967\xf8\xb7_\x87\x8f_\x82i\x09\xa6\x9b\x05LE\
\xc4^,a\xfb\x93q\x0b'\xe6\x04L\xf3\xa6\x0a\xf9\
\x99\xbb*\x05\x8e\xb1\xa4%\x94&\x8a\x1d\xee\x1e\x14%\
\xc3h\xb0\xa0\x14\x1aU\x1f\xcd\xf1c\x18\xa8X\xd8\xbe\
\xa5\x8a\x89\xd3\x07q\xfa\xe4A\xbc\xeeu\xb7\xe1#?\
t\x1f\xde\xff\xa1WK\xd7\xac\xe7(\x84.k\x0a)\
\xf9\xd4\x91\x12\x81\x0a\xeb\xe1\x18y\x15\xd0\xed\x03SS\
`\xd8G2\xe7\x7f!\xb8\x94\xc1\x94^\xe2Q\xda\x16\
G+\x87\xba\xc3\x96\x0f\x07\x81T\x93\x16MK\xe4B\
e\xd3\x1fKK\xe9B*u\xe5\xc6\xe5-\xb1\x80\x88\
;\x88$\x02\xd2\x18u\xc7\xc2\xb0\xadQMZp;\
\xa7\xe1\xb7O\xe2\xf6\xab\xb7\xe0mw\xee\xc5\xed{\x02\
\xb81\xe0\xf6\xda\x18i\x04\xa8Z6\xba\x11\xcb<\xa8\
\x9a\xc0R\x01\x13y'\x08\x1575\xf9;\x17\xc7L\
)\xc7\xdcy\xa6-f\xfb\xac\xc1\x94\xe9|S\xba \
\xa9|\xae3\x9dbc\x83)3\x15\xb3`\xca\xd1\x91\
\x1a\xf0|s\xc9\xa6.By\x96\xc4\xc8\xe2\x0e\xb6\x06\
\x15\xec\xf4C\xb4\x9e\x7f\x01/|\xe7\x114\x0f\x1f\x95\
\x12s\xd6\x93J=q\xbe\x09\x90\x06\xd6<\x85_\xfc\
[\x09\xa6\xe7\x7f\x8d\xb9\x14\x9fY\x82\xe9\x1a\xcfz\x09\
\xa6%\x98nn0\x95\xdb[\x9e\x5ce\x03\x93\x91\xfb\
\xe9\x97\xf4*\xbe?\x81\x96\xf5\xc5\xbc\x91)m#\xa1\
\xae\xa4r%\x00\x03\xa5%\xa5\x1b:\x19\xc6\x86Ct\
\xa6_\xc6\x89#O\xe1\xbakF\xf1c\xff\xec\xc3x\
\xdf\xbdo\xc3\x96\xad\x16\xaau\xd3D\xa42\xd3\x14W\
a\x14\x942A*A\xb7\xdd\xc3@}\xd8\xc0\xa9b\
\xf5a~\xb9\xeb\xbf\xea-\xd9\x9d\xb7\xfc\xc5\xe1\xd2\x06\
S\x8dH\xf5\x84\x06\xd9,D\xb76G3J\xc6\xe6\
5\x12b*\xfa\xb2\xda6\xe0\xc2\xd4=#\xe3\x996\
mI\xe2\xdc\x946\xe1\xba\x1a\x15$\xf0\xa3)\xd4\xa2\
&\xb6\x06)\xf6\x8e\xd5q\xed\x96\x0a\xbe\xef\xb5W \
\xe8\x01\x03n\x86-5\x07\xaeN\x91\xb4\xa6\xa5N\xb5\
R\xadK\xf9\x87q\xed\x99\x85R\x96\x15\x10\x8c%h\
;?\x85\xdc7\xf7\x8b\x83\xe9V\xb8\xda\xc9#\xa6l\
~\xa2\x1c\x18\xc1\xd44:\xcd\x82)k\xa4\x0b\xd5\x86\
\xe5\xd7\xca\xc5\xf8\x08iR\xeb\xd3\x80\x9ek\xe1l\xc3\
\xa5\xcet\x92@u\xdb\xd8\x1a\x06\xd8\x92Yx\xfe\xe1\
\x87q\xe4\x91\xc7P\xb3]\xc4T;\x90f0\xb3\xd9\
t\x1c\xcahQUEK\xad\xe9L\x89G\x99\xca\xbf\
\x18\xa7\xff\xa2\xfdL%\x98\xae\xf1\xd4\x94`Z\x82\xe9\
f\x03\xd33O\xa1>\x1dJ\xe9\xba^L\x05\xc14\
\xc5\xb0\xa6T\x11N\xa9\x09I\x92P\xa9\xc8\x01\xd9\xba\
\x87]\xdb\x87p\xf8\xf9\xc7P\x0bb|\xff\xfb\xef\xc6\
G\x1f\xb8\x0f7\xdf\xb8\x0d\x9eK\x8b\xf4\x04^\xe0\xc1\
vL\xd4V\xb3Q\xc5b\xe4\x945\xaa\xb9\xfe\x90t\
\xdb\xe6\x0dN\xc5]7\xbf\xeam\x86T\xfeb%\xc4\
\x0b\xaax]\xe0k]Q\x87H\xb0\x91\xba`\xca`\
\xa9\x5cc\x98\xa6\x19H\xe00\x07l\x19az\x81\x14\
6\x0b1\x22')\x7f\x85^\xf3\xa4H\xc2\xd5\xdd\x1e\
\x1ahc,\xec\xe1\x86\xed\x03RKz\xeb\xe5\x0d\x84\
)\xb0\xc5\x85\xa4\xefi\x11ke)\xc2\xc0\x91\xba\xe6\
v\xb7\x8b\xb0\xd60\x8eqy\xc4T\x00\x95MV\xa4\
I\xd1\x01\xcb\xbf\xf4\xbc;\x9dt\x84K\x8d\xe9\xbcT\
~r%&\x9c-\xf3\xc0\x94PJ8\xed\x07\xd3X\
\xe4\xc46:\x98\xf67'\x19\xc5\x8c|\xa7\xc6\xcdE\
\x1e}v\x93\x14\x15\xadQKRt^z\x11/}\
\xefQ$G\x8fc \xac\xa2\x15\xc5\xd0<\x01\xb9\x07\
\xc8\x8d&8\xcf\xfc\xef4M\x05Te\xeeK0\xbd\
\xc0g\xdf\xe6~\xb9\x12L\xd7x~K0-\xc1t\
\xb3\x80)\xef\xfa\xd4t4rQs\xd3\x80\xc5w4\
\xd2O\x0b\x1f\xe2\x7f\xae\x8c\xb7=\x9bb\x94\xa6\x96m\
\x04[\xc7\xb0u\x07.:\xe2\xda\xf4\xf6\xbb\xef\xc4\xc7\
\x1e\xb8\x0fo}\xcbu\x18\x1a\x04\xe2(\x83V\x11\x82\
\x80\xa2\xe9\x0e:\x9dXD\xd0+\xa1\x07\xcf\xd1\xe2\xcf\
M8\x09\x98\xe6-\xa4`\xcc\xedQBh\xfd\xdd\xd9\
&\xa2{\xfe\xc7zGL\xd7\x15L\x09\xa4\x8e/A\
I1R\xe2\x1f\x89\x9e\xa5\xb0\xa4\xc9\x89\xb5\x89\x16,\
\x9b\x96\xad\xc4Wv\xb6\x9b\xf4\xb0\xb8`\xa9\x08\x8d\xb4\
\x85\xce\xa9\x17\xe1\xeb)\xdc\xbcg+\xde\xf9\x9a\x1bp\
\xcb\x155\xd4)!5u\x12\xbb\x06\x86a\xc51|\
\xe5\x88:\x83M]M\xb1\x06U\xb0$u\xcc\xd8,\
\xd7\x11\x1b\xabrm\xd4\xa2\x19\xab\x00\xd3\x05\xa0\x943\
^\x80)\x05\xf6\x8f\x15]\xf99\x98\xb2\xbf\x9f]\xf9\
\xb35\xa6\x05\x98:\x22Y\x96\xc1\x80\xa9\xb8\xcf-\xad\
Xw\xfe\x8bk\x95\x9f)\xf5\x9f\x85d\xd9\x9c\x854\
\x0b\xa5H2xI\x8a-a\x05j|\x02\xcf|\xeb\
\x1bh\xbf\xf0\x02\xea\xac)\xd5\x16Zq\x0a\xdb\x0fd\
NE\xe75\xcd\xa3\xe3\xec\xccOSx\x15\xaa\xca\x96\
`\xba\xcaS\xb9\xe9^\xbe\x04\xd35\x9e\xd2K\x0dL\
)\xf9\xb3\xd4\xc1\xa6\xcdR.j\xe3v\xe53\x22B\
\xa8$d\x16\x12A\xd2\x81\x9d\xdf\xe8xs\xf7=O\
\xa4\x9e:\xcd\x96,\x85F\xbd\x0e\xc7\xa1;L\x828\
\x02<\xdf\x81\xeb\xb1F\xad\x07d-8z\x1a\x15\xb7\
'\x7f\xfe\xf7_\xff_p\xfd\xee\xed\xb8|g b\
\xe8l\xc7\x08|\xe9\xfd\x15\x1dIK\xcf\xea$\x8a\xca\
d^;:\xe3U\xdeO\xc5\xb9\x5c\x901\x13\xcd%\
\xae\xe6\xf8@\x9d\xfb\xc5`\xbd\xc1\x94c\xbe\xd4Q\x08\
\xaa\x9d\xfb7[\xfe\x19TP`\xe9E\x94\x99\xe8\xb5\
\xed\xd9\xf0<\x1a\x07\x00I\xdcC\x1a\xf5P\x0b|Z\
\xb7\xc1V\x09\x5c\x9d\xc0N9\xc71<+\xc3\x80\x95\
\xa0\xde:\x81\xdbwo\xc3\xabo\xbf\x0e\xd7]\x1db\
\xc4\xa5\x0ei\x8a\x10=q\x10\xaa\x1bm\x0aP1u\
\x16\x00\xfb\xea\x98\xe7]_f\xaf6E\xe4\xefLE\
\xaeb\xc4\xd8\xa2\xd3\x86\x12\xb9\xa8#\xaf\xd4J\xfe\xca\
\x17\xff\x06\x8fuw\xa2\x13\xec\x10\xb9(\x1axP\xae\
\xcc4?\x99?\xa2|)rQf3D3\x86\x8d\
\x0c\xa6\x95\x905\xc1\x16\xb2$E\x92\xd0\xe5\x88\xf2}\
\xae40\xc5\xed.F\xea\x03\xd8Zw\x11\x9dh\xe3\
\xc0\xc3\xdf\xc4\xf43\xcf!d\x89\x8d\xca\xd0jN\xc3\
\x0ej\x0b\x96\xe9\x14\xab\xa7H\xf1/\x161=\xd3+\
k\xee\xba[N5d\xb9U\xba\xe4\xed\xa7\xd41]\
n\xf8\xd6\xed\xf7%\x98\xae\xf1\xd0\x97`:w\xc0K\
0\xdd\xd8rQ\x05\x98\xf2\x06\xc3\xa6\x16\x139\x9b\xbd\
\xacT\x83Pnx`\xdaS\x0a\x0e3\x81\x16\xde\xd4\
\x1d\xc7C\xb52\x80\xc9\xc9\x93\x08|\x8d\xd1a\x0f\xdd\
\xe6Q\xb8\xd64>\xf4\xfe\xb7\xe2\xa7~\xfc\x01\xd4\x82\
\x0c\xa3\xc3\x01j\x15\x0bi\x12#U\x11|\xea\x9aZ\
6\xd2\x8c\xda\xb7\x810\xa6D\x7frM\xd4\x226*\
?\x8d&z~\x10\xe3\x0a(5\xe5\x05\xec \x9f5\
(=\xf7\x8b\xc1\xa5\x0e\xa6\x9d\x0e\xcb/,\x99\x00f\
\xba\x19\x80\xe6\xdc\xa6\xacK\xa4\xee,\xb5ju\x86\xe1\
\xd0\xc1P\xc5\x82\x93\xb5\x90\xb6O\xc3\xb7#l\xf5R\
\xdc\xff\xfa;\xb0k\xd0\xc3\x8e\xad\x15\x0c\x06R\x0d\x0c\
\x07=\xf8:EPx\xd2\x1b\x95\xdcY!{\x91M\
3\x87\x99\xbf\xd9\xe3\x0c0\x9d7\xa5\xfd\x18\xdf\x0f\xa6\
\x87_Y\xb7\xbf\xfa\x9f\xcf\x04\xd3N\xd4\x99\x81R\x97\
 nq\x9do\x1e0\x0d\xfd\x80\xddKR\x13J@\
\xf5]\xea\xc1\xb2\x17-C\xd6\x8d0\xe8W\xa0Zm\
\x9cz\xfe ^\xda\xb7\x1f\xea\xc4I\x04\x94\x8fR\x19\
\xa2^\xaf\x04S`\xdc\xb2\x16\xf2\xba>\xf7kI\xf9\
\x8c\x85\xce\xe3rT\xd6d\x04J0-\xc1\xb4\x18\x81\
\xcd \x17E\x07&FL%\xa5\xaa\x08\xa6\xa6\xdeP\
\x0eR@\x9a\xc2r,\x84\x81+rNq\xb7\x85\xb8\
\xd7F\xe0\xbbh4jH\xb3\x04\xbe\xab0~\xea%\
d\xc9$\xbe\xef\x1d\xaf\xc1\xcf\xfeO?\x8c\xd7\xde1\
\x8c\xb8\x99a\xb8\xc1\xdb%\xc1V!\xa1>\x22E\xbc\
]\x9fE\x04\xe6-\xf4B^\xeb\xb3\xa9\xc3B\xae\xc8\
|\x9c\x19%\xd5\x99\xba\xd7\xcd\x00\xa6\x0b\xc5Lg:\
\xd3\x0b}\xd1UI7\xdbH\x12[\xe6\x84\xf6m\xda\
\xa2\xe3S&M/\xe2\xfc\x93%\xa89\x16\xdc\xa4\x83\
\xba\x95\xa0\xe1D\xb0{\xc7Qu;\xb8\xfd\x86]x\
\xf3-\xd7\xe1\xae1_\xdc\x9a\x0a\x0f7+cy\x08\
\xe0\xd9\x16rUL\xe3\x02f\x946g6\x18\xe6?\
\xb8\xeb\xe03\x17*\x16Y\xba\xabM\xec0\xfb\x22\xa6\
K\x81)\xd7\x90\xf8WI\xa3\xd3\xe6\x01S\x8e \xa3\
\xc0i\xcch\xb6F\xd5\x0bP\x0d\x19\xa1\xa6uo\x0a\
;J1\x10\x048|\xe0i\x1czl?\xd2c\xc7\
\xa4\x11\x8a\x9b\x0d6\x9fIfD6\x86\x8b\x8fu\x11\
1]\xe8\xe6j.\x13s\xc4\xe6\xcexX\x191]\
\x13,\xb9\xe8\xde\xa4\x8c\x98\xae\xf1\x94\x94`Z\x82\xe9\
\xe6\x02S\xd3\xe8`\xc0\xd4@\xa9\x01SFG\x15\xaa\
!\x9b]R$Q\x13i\xdc\x16Y\xa7z\xc5\x81\xef\
\xf1\xf7\x09\xa2\xee\xa4H<\xddu\xd7\xab\xf0\xb1\x1f\xfe\
\x01\xdc\xfd\xe6\xcb\xe0\xf3WQ\x8c\x81\x0a\x01E\x01Y\
d0\xc4\xa5\xf9\x00\xebJm1\x15\xe5\xbbXy\xbd\
\xe1,\xa8\x98\xff*R\x87\x05\x98\xf6\xa9X\xce,@\
s\xf1\xdb\xb8\x11S\x11(_\xe4\xce\xbdV`\xca\x10\
\xa94\xb8\xe46\xa3\xa0\x11\x04=\xed\xb3\x0cv\x9a@\
\xb5\xa71B\xd5\xae\xd6qX\xad\xe3\xb8u\xcf\x16\xdc\
{\xcf\xabq\xdd6\x07N\x12\xe32\xcf\x82\xaf\x22 \
3\xf5\xa2\xb48e\xc3\x14U\x9e\xa4\xf9FB\xe1l\
\x863z\xb7s}\x82\x18\xf1f\x8d\xeb\xb9\x83)g\
~\xb1\x88i;\xdc\x01G\xb9\xa80\x95\x1f\x99T\xfe\
f\x04Si^K5\x928\x86\xa7\x14\xea\xbe\x87\x9a\
\xe7\xc1\xe5f/\xcd\x10(\x0bn/\xc6\xd3\xff\xf4(\
\xc6\xf7=)\x91\xd5\x9a\xeb\x88tTF\xfb\xd1\xc0G\
Fi\x83\x12L7\xba\xb7\xf0\x1aS\xd0\xf2oW\x82\
\xe9\xf2ctA\x1fQ\x82i\x09\xa6\x9b\x09LY+\
Z\x80i\x96GK\x1995t\xa8\xe0H\xfdi\x04\
\xd7NP\x0d\x80\xc0O\x91\xc6M\xb4\xa6'\xd0m\x9d\
\xc4m7]\x8d\x8f<\xf0>\xbc\xef\xbd\xf7`d\xc4\
H\x9d\x0eT\x0d.\xb6\xa7Oc\xa0^\x81\xc5T#\
\xa3U\xe2K\xee!JR\xa4\x8a.PL=\x16\xd0\
2'g?\xb3\xc8\xd8,\xb3\xb8em\x0e\xd0\x8b\xb6\
g-\x7f\xea\xafg*\xbf\x00S\x0ew!d^|\
\xe2\xb5\x01S !\xa0\xb8\x0e\x5cFFmF6\x09\
\xa51\xac\xa4\x03;j!L;PS'p\xfd\xce\
!\xbc\xff\xad\xaf\xc6\x9d\xd7\xb8\xf0i\x15\x1a'\x18\x0d\
\x1cT\x10\xc3\xd1\x09\x18\x1f\xb5\x0bq~F33r\
PjjV-6S\x19\xf9\xa9~05\xedT\xc6\
\xf2t\xf68{\xfd/\xbeZ3\xaf1\xed\x8f\x98\xce\
\x01S\xa6\xab\x09\xa6\x16\x83\xc2\xa6+\x9frfl~\
25\xa6FYb#\x1e,K\xe8&\xc6\xf4\x805\
\xa3\x84NF\xb8\x03\x05\x01\xd5Pi\x1cy\xe2)\xbc\
|\xe0Y\xa4/\x9f@\xcd\x0fQ\xf1\x5c\xb4\x9a\x13\x88\
\xb2\x18A\xa5\x0a\xa5J0-S\xf9\x17~\xf5\x97`\
z\xe1\xc7t\xc9W,\xc1\xb4\x04\xd3\xcd\x0a\xa6\x12-\
U\xa6\xd6T\x22\x9cH\xa1\xba\xd3p\x02\x8d\xe1\xba\x0b\
\xc7\xeea\xfc\xf4!\xa4\xd1$\xae\xdfs%^}\xfb\
\xf5\xf8\xe4O\xfd\x08j\xbeB\xad\x1e \xacxp\xdc\
L$\x9f|[\xc3g\xf7v\x7fs\x0fe\xa52\x0b\
I\xc6\x8el\x17.5|@\xff\xd1\xbc\xc0t\x81\xc8\
\x8d\xd1\xfc^,\xd9m\xa2t+9.m0\xd5\x02\
\xa6\x81o\x8b\xd1\x82N\xba@\xd2\x86\x9dv\xe0&-\
\x04i\x13\xbb\x06}\xbc\xf5\xceW\xe1\x8d7\x8d`\xab\
\x07T40`\x01\x94\xc5\xcf\xa2.\xaa\xec\xb4\x9f3\
?RM\x8a,3\xf2a.#\xeb3\x11\xf0\xdc\xd6\
\xb4o\xc2\x8cu\xedy\x80\xa96]\xf9\x97:\x98N\
%\xb1\xc8xU\xa1\xa5\xa4\xa2\xe1\xd827v\xaf\x0b\
\xb4\xba\xf8\xee\xdf|\x0d8=\x09\xbb\x15KZ\x9f)\
\xffv\xb7\x83\x1e\x953|OL\x15\xca\x88iYc\
\xba\x92k\xe8B\xcf-\xc1\xf4B\x8f\xe82\xafW\x82\
i\x09\xa6\x9b\x09L\x19)3]\xf8y%\xa0\xa4\xf3\
\x0d\x082z\xd6\xa8\xf2\xef\x1d\xe8x\x02q\xef4B\
?\xc2m\xb7\x5c\x8b\xfb?\xfc~|\xe0=\xb7\xa0\xe1\
\x02\x15GK\x97~\x7f[R\x9a\xc6R\xfbV\xabT\
\xa4\xe6\x90]U\xd4E\x14\x87\x19\x87\xe9c\x0a\xe6\xb3\
\xd1\x86\x9d\xf9g\xc2e!\x09e\xc0\xb4x\xe5\xdc{\
1\xc7f3\x0fb]u\xde\xc7\xc5\x02\xa6\xc5\x17\x98\
\x1f9-\xacAW'\xaa\xc7\xaa]-`\xcaz\xd2\
\xb8=\x01;\x9e\xc4p\xa8\xb1k\xd4\xc7\xce\xba\x85\xf7\
\xbee/vT\x81Q\x00\x15\xa5P\xcb2\x0cy\x1e\
<3pH\xe8\x10$e\x00\x04$n8\xd8Je\
L\x17\xa8\xec`\xd3\xbdK\x04\xf9g\x85\xec\xfb\xe5\xbe\
Du`\x89T\xf2R\x13K\x81\xff\xe9\xb3\x8e\x98\xe6\
5\xa6\x8c\x96n\x92\x88ij\xdb\x98\x8ci\xa7\xe5\xa2\
\x92\xa6\xa8\xea\x0c#\xae+?\x9b\xc7\x8fc\xe2\xd0a\
L|w\xbfh\xd3\xd6\x13\x0b.\xeb\xc5)\x0bg[\
\x88\x9d\x0c\x09\xf7\x09\x1c\xfb2\x95_\xa6\xf2\xcf\xfb\x0a\
\xba\xf0\x13WpI\xbe\xc0\x9f\xe4\x12y\xb9\x12L\x17\
\x00S\x0b\xf0\x9dTd\xa3xdZ#I\x1d(v\
\xe6\xa2\x87\xa4\xf3\x12>\xf0\xae\xeb\xf1\x85\xdf\xfeYT\
\x9cD\x1e\x0b\x1d\x88\x88\xcc\x9c\x88\xda\x02k\xa8p\x1e\
Y\xaf\xe5U@\xdaB\xef\xbf\x19\x9a\x9f\x5c\x9b\xd0\x90\
I*Y\xdc}\x08\x11y\x80\xd2F\x02K\xf7`g\
S\xf0\xeci\x5cw\xed\x18>\xfc\x03o\xc7\x0f|\xe0\
-\xd8\xba\x05\x98>\x1da\xfb\xa0'\xa9~v:K\
j\xd6\xf1rQn\xd3\xe1\xcf\xd7\xa5F;\x01\x94\xa0\
\xca\x5c\xbf\xebR\x15\x93}\x18\x09\x02\x8f\xf1\x9d\xbe#\
\x7fo\x81\x17\xa6\xb8\xe5g_m\xa2\xfc~^\x84m\
\x05W\xc1\xf5\x04S\xe3e\xaere.\xf3%\xe6C\
:g\xc7\xfc\xc6h|\xce=\x8aR\x86\xe2_\x8d\x1e\
-\x1f8S\xa3\x9b?\x87Izy\x15\xd6\xb5RK\
T\xde,C\xd2\x9bF\xd5\xb5\xe0f]\xa4\xcd\x13\xa8\
Z\x1d\xbcj\xd7\x08\xdex\xeb5\xb8ew\x15\xdb<\
\xa0\x01\xa0\x0e\x85*\x12T\xb4-\xa6\xa5\x12\xae\xcc(\
\xc1o\x89\xff\x81m%\xb0\x1dF\xcbYKJM[\
\xa6\xf25\x5c7\xec\x03\xd3\xbe\xb3=\xff\x80\x06L\xcf\
\xef\xec&\x98\xb6\x90b\x1c.\x98\xca\xff\xdf\xbe\xf8\xb7\
x\xbc\xbb\x03\x1d\xff28\x1a\xa8\xd5\x1a\xe8\xcc\xa4\xf2\
\x09\xa6&\xc2n\xba\xf2\x99\x02\xbf\x18R\xf9s\xbf\xbc\
I\x10\xcc.\xe8\x99\xb9\xca\xff\xd9\xc8\xa9)\xb1\x12\xcd\
,\x1b\x93i\x0c\x9e\xc3^\x1a\xa3\x12\xa7\x18\x09<T\
\x92\x08/?\xfb,N<\xb6\x0f\x98l\xa1\xee\xd7P\
\xc9,\xc4M\x1a\xb8\x02a\xbd\x86\xccw\xd0\x89\x13$\
=V\xea\xe6F\x19\xdcX\xb0\x9c\xa7\xef\xa7\xce\xcc\xfa\
\x14#\x8d\x05~.\xdc\xba8;\x9fe\xf3\xd3\xf9\xad\
\xed\x8d\xfe\xac\x15\x5c\x927\xfaW_\x9f\xcf\x7f\xe9\x81\
\xe9Rw\x0d\x1bYj\xc0\xa3\x00S\xb9\xd1\xcf\x80i\
\x8c\x8a\x1dC'Gq\xe7\x8d\x83\xf8\xd3?\xfa\x0c\xaa\
\x9eB\xe8\x13b\x8d\xbe\xe1\x0c\x05-2\x9d%\x98\xae\
\xec\x14_.\xd1\x9d)\xda\x8a\x02\xa1\x95I\x87oF\
om\x05\xc4t\x00\xcaz\xd86\x12\xe2\xc4\xa1G\xf1\
c?\xf2.\xfc\xc2'?\x8cz\x15\x18d\xce0\x81\
H\x0a\xd5+\x853\x94\x01\xc6\xf9\x82\xf1\x17N\x87\xb3\
/\xa8\xd1\x1f\xe1Y\xd9\xf0\x08\x13Qn=\x85\xc6\xa4\
\x02\xc6m\x17_\x9du\xd7\xd9\x00\x00 \x00IDA\
T~\xbc\x89/=\xf4\x02\xa6*[1A\xfd$/\
D\x80P\x1ah<\xb6mY\x0a\x89e\x89w\xfcb\
\xe1\xda\x19a\x83%\xee\xcc\x99\xa5\x91:\x84$\x0a\x9b\
\x9b\xa63K\xb9\x22^o\x04\xee3T+\xd4y\xcd\
Lg{\x9f\x8f\xbc\x11Ww\xa0-\x0fZ\x04\xe9\x09\
\x87t2\xb2\xe0X\x19\xd8sf\xe7\x12B\xb6\xed\x22\
\xc94\xdaQ$\x9f[{\x1ebE(m\xa2\x8a6\
\xec\xf68\x86\xbc\x18\xb7\x5c5\x86\xb7\xdc~5\xee\xb8\
\x12\x18a[\x99\x06F,\x80\x9f\xc0\x85\x02\xb5\x14$\
\xee\xc9\xef$\xd3AR\xe1g\x90\x90\xb8\x89l\xcb&\
\x22/\xcd\x98#\x07\xb5\xdcJ<\xc7\xeb9\xa3\x9e\xb4\
DE\x8cq\xf8x\xf1\x95\x8f\xf4+_\xfc{<\xda\
\xdb\x81\xae\xbf\x03\x9e\x02\xeaU\xea\x98\xa6\x22\xe4\xcf5\
n\xa2\xef\x06L\x15k`u\x0a\xcf\xe1\x0a]\xaf\x80\
\x19\xb7r\xe6\xbd\xb5M}\x09\xce\x9d\x0d\x87\xffE\x88\
\xd66\xa2L!\xd2\xb4\x8eM\x91\xb0!\x8d\xf3`[\
\xa8X6<\xc7A\x10\xf8\x88\xba=\xf4\xc6'0\x1c\
\xf8\xd8Z\xab\xe0\xf8\xb3\xcf\xe1\xb9G\x1e\x01\xa6\xa7\xe1\
D\x09<jM\xcb\xb2e\x0e\xc4\xfc\xa1\x18\x8349\
\x16e;b\xb0AkZk\xceO\xeaX\xcf\xfa\xc0\
\x99-a\xff\xdfW\x0a\x9e\xcb\xcdz\xa9c\xba\xdc\x08\
]\x9c\xbf_\xe1e\xf9\xe2\xfcR\x17\xf3\xa7*\xc1\xb4\
\x7fv\xfa\xc146\xbe\xe9r\xe1/\x22\xa61\xaaN\
\x0c\x15\x1f\xc5\x9d\xaf\x1a\xc6\x9f\xfe\xf1\xbfA\x95uj\
~f\xdcc\xf8\xe8\xc5\xaco\xf2\xb7)\xc1te\xa7\
\xf8R8 \x08A\xb7\x1d[\xa3\xceNl\x9b~\xe8\
t\xc6\xc9\xc1T\xf5\xb0m\xc0\xc7\xe4\xf1\xfd\xf8\xc9\x1f\
{\x17>\xf5\xc9\x0fK\xb3R\xbdb\xc3\xc94\x18M\
q\xe8-\xba\xc4\xb1\xde\xf3\xb7\xdc\xb5d\xbd\xc0T\xde\
\xd7\xd6\x88\xadTz\xd6Y{k\xd2\xaa\x04S\xe3U\
N\x84\xa0,\x97\xa3S\xa9\xe3\xa4\x8dg\x11\xdd\x22\x14\
\xd2\xd3\xde\xb1}0\xf2\xaa\x08\xae\x04\x0b\xfe\xe1yE\
\xb9'\xa5\x11\x14\xd10z\xa23\xf7n[H\xad\x0c\
\xdd4\x82\xeeM\xa2\x92Lb\xcf\xb6\x1a\xee\xd8s9\
n\xdb=\x80kF\x81Q\x07\xa8j\x05?\xeb\xa1\xe1\
\x86\x02C\x85\xf6\x81\xacFc\x11\x953\xb9\xf1\x84Z\
\xecX\xcd\xf9g\xb4\xb9+\x11S\x0f\x07\xb5\x85_\xfe\
\xe2\xd7\xf0\x18\xc14\xd8\x06?ShT\x1b\xe8\xf6R\
\xb9\xd6\x10JE\x86\x97c\xf5\x8a\x18\xbf\x80\xa9R\x22\
\x816W)`\xb9\x15s!\x7f_\x80\xa9\x120\xe5\
X\xb9\x9aX\xea@\xfc\xd6,\x07\xbdTK\x15v\x97\
\x9b'\xce)\x14\x02\xa9)5mc\x83\x95\x00Q\xb3\
\x8d\x80\x11b\x87\xe2\x09\xc7\xf0\xf2SOc\xf2\xd0!\
`\xba)\xd1m7O8\x10D\xf9\x0a\xd2n\xc8\x0d\
W^\xc2c\xbe\xd1\xc2p\xbe\x8c\xbf\xcarq\x85\x15\
\x0fV\x09\xa6+\x1e\xc2uy\x81\x95\xdd\xb5\xd6\xe5#\
o\xec7-\xc1\xf4\xdc\xc0\xb4\xe6&\xc8\xa2\x97q\xc7\
\x0dC\xf8\xd3?\xfe4\xea\x01\x10z%\x98:\xca\x16\
\xa0`Tl)6/\x1a\x91\xce\xf7\xacY)\x98\x8e\
Vmt'\x9f\xc5'~\xe2\xbd\xf8\xd4'\xdf+Q\
\xbb\xd0Sr\xb3\x13{\xc9e\xf2\xb0\xab\x09&\xe7;\
&\xfd\xcf[/0\xe5g0\x11\xbfD\xa4\xb3f\xf4\
<\xa5s\xdc\xa4Nme \xc4\xd1TG(\xc0a\
\xd6\xc6\x93\x8f\xa9\xbb\x0e\x94\xca\x10[\xdaDq\xc5\xb2\
\x95\xb5\x13\x1a\xb6\xca\xa4{\xdeU1\xaa\xc8P\xf7\x14\
\x02\x9b.N\x1d\xe8\xac\x0b_5\xf1\xc6\x9bw\xe3\xda\
\x1d\x03\xd8{E\x0d\xdbCH\x03\x8d\x97pC\x99\xa1\
f\x1b%R\xb3\x86\xf2&\xa6\x19\x881\xda\xb7\x8c\xea\
\x95`z\xfe+\x91\x9b\x0dn(x-\xe0\xb9\xc2?\
\x04S7\xaf\xfd\xa4+W\x0c\x05\x0a\xaeeR\xd6\xc1\
\xa857\x1c\xac\xf9e\xb3\x93\x07\xf4:\x18\xab7\xa0\
{]\xec{\xf8[\x98|\xe6) J\x80N\x17\xa1\
\xedJ\xda\x9f\xdc\xc9r\x0e\xf5\x0a\xc0\xcf\x05\xd3\xa5?\
{\x09\xa6\xe7?\xb7\x97\xf23K0]\xe3\xd9/\xc1\
\xf4\xdc\xc0\xb4\xee\xa5H{Gp\xfb\xdeA\xfc\xd9\x9f\
|F\xc0\xb4\xe2\xf3b\xcc\xa5\xcb\x1b\xee\xd2)\xbe\xf5\
\x06\x9b\x8b\xbd\xc6t\xb9\xe5\xbfR0\x1d\x0e\x81h\xfa\
y\xfc\xdc\xbf\xfc\x00>\xf5\xc9\xf7\xc8\x0d\xcew\x94D\
L\x1d\xa9O]\xba@p\xbd\xe7o\xb9\xf1Yo0\
\xed0\xa5N\x90\xec\xff#\x01,\x82\xa5\x86\xaf4<\
\xeaRr# \xe9Vnhl\x89x\x11j\x0c\x98\
\xa6\x12U#\xbc$\xa2\x8djJd\xe8\xee\xe3\xa5=\
\x8c\xb8\x1a\xc3n\x860\x9dB\xd6<\x8a\x86\x17\xe3\x86\
\xdd;q\xd3\xb5;\xf0\x86\x1b\x06\xa5\x8b\x9b\xadhA\
\x96\xa1\x92E\x08\x90!t\x1d\x99\xdfB'v.|\
\x12m\xcc\xbc\xd3\x90a)e\x84\xd5\x9c\xff\x8d\x1e1\
\x95r\x0c\x16\xe3\x12Lm\x1a\x1c\x98\xeb\x22\xaf\x8c\x8c\
\x9cr\xc7J0\xe5|\xc7\x16\xa3\x9dF\xd5\x80\x1e\xf7\
T\x7f\x0d\xd3\x14\x8dL\xa3\x01\x1bu\xcf\xc5\xf8\xcb\x87\
\xb1\xff\xdb\xdf\x86>\xfc\x92H\xb31Z\xee$\xa6\xe1\
i\x16L\x9d\x1cL\xf32\xaae\xea{K0]\xee\
\x0aR\xfe~\xa1\x11(\xc1t\x8d\xd7E\x09\xa6\xe7\x06\
\xa6\x0d?C\xd2=\x8c\xdb\xae\x1f\xc0\x9f\xfd\xc9\xaf\x89\
\xe8z\x85B\x88R\x89\x96\x99\x0b\xf0\x12\xc7j\xde\xd8\
\xcef\xe9\x5c\xea`:\x14h\xf4\xa6\x9e\xc3\xcf\xfc\xe4\
\xfb\xf0\x8b\x9fz\x9f\xc4\xcd\x02G\xc3\xa2\x17-k\x18\
\xcbT\xfe\x92\xcbh\xd6|\xf3\xcc\x87\xb1y\xa5\x9bf\
`w\xb5\xa2\xc8\xfdL\xad\xa6I\x97\xdb\x99\x82\xaf3\
\xf8\x19L:V\xce\x19W\x1eO0U\x96\x82G\xa8\
\x81\x96\x0ekF^\x8d6(AV!\xc8b\x5c5\
\xda@2~\x14N\xeb(\xb6WR\xec\xd9\x1eb\xef\
\x15#\xb8\xe1\xea\xad\xd8\xbd%\xc0\x80@i\x0fN\x96\
 \xb4,\x84\xec6\xe3\xe9\x99j\xa84\x83\x1d\x1a_\
'I\x81\xcf|\x05\xe3\xbbd\x1auJ0=\x9b\xeb\
\xc8B\x8f!\x98r\xf3\xc1\x835\x9f\xca\x90\xaa\xfc\xdd\
\xa6\xbe(S\xee\xac=v,\xa4\xb6\x03\xf9\xa7\x5cz\
\x8b\xd1\xf0J\x92`\xabr\xb0\xd5\xf31q\xfc\x18\x9e\
\x7f\xe2\x09L\x1f>\x0cL\x8e\x83\x85\xe2\x03\xb5\xba\xd8\
\x92J\xe3\x12kG\xe9\x9d\xa6\xfb\xc1\x94s\xbdt}\
\xed\xec\xf5wa\x82-kL\xcfw\xf67\xf7\xf3J\
0]\xe3\xf9-\xc1\xf4\xdc\xc0t P\x88;/\xe1\
\xd6\xeb\x1a\xf8o\xff\xf5\xd7\x05L\xabT\x90\x91\x8bd\
\x0a\xafOFf\xc1\x9d\xd7r[\xf6U\x9e\xffK\x1d\
L\x191\xedL<\x83\x9f\xfe\xf8}\xf8\x9f\x7f\xe1\x83\
\x22\xfd\x14\xba\x1aHR\x01S\xd77\xb2O\x8b\x1d\xeb\
\xbd\xb1Xny\xacV\xc4\xb4x\xdf\xa5\xc0\x94\x10\xd9\
I-d\x0eA\xb3P\xed)@!\x85\xa3\xb5\xe8\x86\
z\x8cN\xe7\x0a\x07\xac\xf64`j\xfe\x88\x04W\xce\
\x92\xcaV\xa04\xac\x83\x0c\xbeN\x10f]\x84\xbdi\
\xd4\xd3&\xae\x1c\xb4\xf1\x9a\xebv\xe0\xf5\xaf\xda\x89\xdd\
\xa3&e\x0f\xd5A@ u\x80\x8am\x22\xb0H2\
\xa3\xa7\xc4\x92\x02J=\xb1\xab>\xef\x91\x99\x15\xed2\
B\xfc%\x98.\xb7\xba\x96\xfe=9\xd4\xa5<\x1b\xd5\
|m\x96b\xb0\xac\x87\x14\xc9\xfa`\xd6\x1cSW\x98\
]m\x0e2\x9aSPlV$\xd6R\xd8\xa9B5\
Np\x8d[A-J\xf0\xf4\xbe\xc7\xf0\xd2\xfe\xfd@\
\x14\x01\x94\x90jwP\xa9\xb0>\x98\xaf\x93\x83\xa9\xc0\
i\x9e\xcag\xd5\xb0Pe\x09\xa6\xa5\xc0\xfe\xca\xd6\xf1\
\x82\xf7\xed\x0b\xff\x92\xe5+.5\x02%\x98\x9e\x1b\x98\
\x0e\x86\x1aQ\xfb\x10n\xd9S\xc7\x7f\xfb\xaf\x9f\xc5P\
\x0d\xa8x\x06L3\x95\xc0\xb7.n\xb0\xb9\xd4\xc1t\
\xa4b\x09\x98\xb2\xc6\xf4\x17~\xfe\xfd\x02#\xac1e\
*_\xba\xc4\xd9\xee\x5c\x82\xe9\xa2#P\xac\x9f\x85\xea\
\x88\x19\xfd\xa4Z\x0f\x01S9\x1a);\xdasi,\
\x97\xb2Z\x1ck6\xc4P9\x81\xe9\xfc\xbc\xee\x90\xca\
\x09R/h\xd9hu\x95@\xadm\xb3\xc3<\x15u\
\x8c\xc0\x8a\x10\xa8.j\xaa\x0b5y\x0co\xbaq7\
\xdeu\xe75\xd8;\x06\xd4\xe9\x0a\x14'h\xd8\x0aU\
\xdf\xc45\xd8\x0d\xceYL\x93\x1e\xd2.\x0b\x02l\x04\
A\x08\xdb7R^E\xb4t\xb6\xd7\xde4c\x99_\
\x96\x11\xd3\xf3\xbdcr>=Ey6\x8d\x1euE\
m\xeaC(i\xca\xb2\xb3\xbc1\x94\x0ei\xae\x03\xb8\
\x1et~\xae\x89\xf6o\x92\xa1\xda\xeba\xafW\xc5\xe4\
\xb3\xcf\xe1\xe9'\xf6\xa3w\xe4\xa8|\x14\xd7\xb2`G\
1\xd2$B5\xac\x98i\xca\x1b\x9fX\xb3\x9e\xfb{\
\x9d#\x98\x16\xdfrn\xe4\xb4\x8c\x98\x9e\xef\xeco\xee\
\xe7\x95\x11\xd35\x9e\xdf\x12L/\x1c\x98\xa6\xb4\xc5c\
T\xe6\x22\x06\x9bK\x1dL\xd9\xfc\xc4T>\xc1\xf4\xe7\
\x7f\xee>\x89\x92\x12L=\x8a\xa7\x97\xcdO\x8b\xcaE\
\xcd\xdc\xc6\xf3;\xf7\xc2`j\xa3\x9dX\xd0\x8cVZ\
,lawv*\xff\xcd\x14\xbd\xc8\xb0QFH\xea\
K\x09\xa7\xfc\x99o\x04h\xadi\xdb8\xdd\x89\xa0m\
\x8d\xc0b\xe43B\xcd\xee\xa2fuPU-4T\
\x1b?\xfa\xc1wbg\x0d\xd8\x16\x02\x03\x8a\xdd\xf6l\
\x98\x02|JTe\x09\xb4\xe3\x1be\x06\xadD~\xa8\
\x00\xce$\xc9\x90\xa6\x0aa%8#\xa6FG0\xd1\
Ue\xa5\xa9|\xb1\xb2+\xff|nC3`j\xd9\
\xe8Y\xa9DL\xd9\x0a\xa7t&`\xca\x81\x17\xe5\x05\
\xce\x8b\xeb\x1b@%\xb8\xd2\xef5\x8eQ\xed\xc6\xb8F\
;x\xfa\x1f\xbe\x89\x13\x07_\x00\x92\x18HS\xd4\x82\
\x8a4\xcdM\x8d\x9fF\xadV3u\xc9\x05\x90\xf2g\
^\xabl\xaemg\x1b1-\xc1\xf4|\xe6\xf8R}\
N\x09\xa6k<\xf3%\x98\x9e\x1b\x98\xceo~j\x84\
e\x8d\xa9D\xa9\xd6\xa8+\x9f:\x84\x8b\x1d\xd2\xac\xcb\
\xe8\xcb\x12rQL\xe5\xc7\xcd\x83\x02\xa6?\xf73\xf7\
\x09\xc0T\x03\x08\x98\x16\xa2\xdb\x17\xf3\xc6b\xb9\xcb\xc3\
JS\xf9\xf3\xe5\xce\x98y]\xea\xe8\x07TFJc\
\xcb\x11\x0bXb)E\x81\x05\x16,%j\x0d\x84\xbf\
z\xad&\xdaFVf\xa2h\x1cw7\x97\x0aR\xae\
\x8d\x13Q\x0b6\xbb\xed\xb3\x16\xbc\xee)\x0c\xab6n\
\xbcl\x00o\xbd\xf9:\xdcuM\x1d\xdb\xa9Q\x0b\x88\
\xb4\x10#\xb0EEw\xff\xc7\x14\x05\x80<\x1c\xda'\
\xed._C\xf44g\x0e#od\xf4Ts5K\
\xca\x0e\xad\xd3\xb1\x11\x9a\x9f\x96\xda\xd8\x12:+n\x80\
TQ\x0e*AW\xc5\xa0x\x18\x0f\x17\xb6\xcc3\x97\
\xc5\xe0`\x1dq\x9c\xa1\xdb\xed\x8a|\x98\x8eb8Y\
\x86+\xeb\x03x\xf9k\xdfB\xfb\xd0\x11L\x1d?)\
u\xc55\xdf\x93z\xe4,\x8e\xa4F\x98\xf2`\xa2\xfe\
!\x1a\xc3\x9c=\x11\x1e\x93\xcd\x84\xc8\x8c)\xb3\xc9\x98\
=\xe6.\xe0\xa5>\xffZL{)\x17\xb5\x16\xa3|\
\xe1\xdf\xa3\x04\xd3\x0b?\xa6K\xdfX\xb4\xb6\x9b\xc0\xc8\
sO\xe3M\x1f\xbc\xff\x13?:\x91\x0c\xbf)\xb6j\
#\xd0\xb6\xb9GQ\xf4\x9a\x1d\x96y\xed$\xf5\x09\xe7\
\x1c\xf3\xec[\xb81^\xcfc\xb9\x12NgI/\xc4\
\xe5uLK0\x0ds\xd1\xea\xcc\x00G\x1e]*\xc1\
t=W}?j\xadL`\x7fe`J\xe7\x22#\
\x1b\xc5f\x16\xe9\xc4\xcf?Z\x11\xc7\xaa\xd4B\xc4Q\
\x04\x15%\x22\xaa>\x18\x84\xa8\xdb\x0e\xdc$E\x9au\
\xf1r\xfb\x18\xb2t\x12\x83N\x82\xebw\x0c\xe0\xf5{\
v\xe2\xf6+\xb6`W\xddBC\xc7\xd8\x11\xfa`\xcc\
s6\xe1^H\xba\xe7<B(-\x86#w\xf61\
&Qt\xfc\xe1\xf3f\xaf_\xd2\x8e\x93_\xaff\x1c\
\xaa\xc4\x9ak}\x8e\xcd\x00\xa6A\x0e\xa6=\x95\xd2#\
O\xc0\x94\x11sv\xdesS\xe99>\x02\xd7\x93\x0d\
d\xb7\xd5\x84\x9b)\x0cWC\xb8tm:v\x12/\
\x7f\xeb\xbb\xc8NO ku\xe0X\x0e*\xb4\xfb\xe5\
\xc6\x81\xce',\xcf`-\x7f\xae\xe4 5\xc2\x22\xdc\
_D\xb9\x15R\xd9\x00\xf5\x1f%\x98\xae\xcfj\xde\x5c\
\xef\xba~W\x85\xcd5\x8eg\xfdm\xca\x88i\xffP\
\x95`\xdaI\x81\xcf}\xfeA\xfc\xdao\xfe9\xbc\xfa\
.$\x9e/\xe1'\xad\x12\x88\xb7\x95*\xc1\xf4\xacO\
\xaeux\xe0\x85\x8e\x98\x16_a\xb9\xc8)\x1f\x978\
\xc0\x94\x8eg\xedt\xf2T=\x1b\xc6t\x1e\x89\x14+\
zq_\xb2Q\xd1\x0a5\xa5Q\xc9\x12\x04I\x06G\
O\xa3\xd3}\x09[G\x5c\xec\xbdj;n\xbbf\x07\
\xf6^\x16`\x87\x8b\x5c\x02*B]\xa2\xabZ\xeaH\
YI\xca(\x9dU\xb4w\xf3C\x14\x1b\xe3\xfcN\xa2\
\xa9K%\xeeV\xec\xf6g\xab\xd5l\xaa^\x84\x8c\xf2\
\x9aR6\xe6\xc8q\x81\x0d\x9d\xcee\x09lt0\xe5\
\xe0\xf9v\x80\x945\xa6tv\x12,e\xfd\xaeq\x80\
\xa2\x13[\xb5\x12\x22\xeeFb\x9c\x90u{\xf0z=\
\x5c64\x0451\x89\x03\xdfx\x18\xc9s\x87\x80\x98\
\x8d\x88@h\xdb&\x93\xc1\x10,e\xa5\x1cG\xd4\x1a\
\xb8\xf1at\xdeLY\xaeG+Qz\x8a/\xcc\x07\
\xd3\xbe]Jn\xc0q.sr\xa1\x1f[FL/\
\xf4\x88\xae\xcd\xeb\x95`\xba6\xe3<\xf3.%\x98\x96\
`Z\x8c@jY(\xc1t\xe9\x13p\xb3w\xe5/\
\xe6\x5cv\xd6`\xaaz\x86\x15x\x07f'6]\x7f\
\xc4\x15\x8d\x06\xf4\x8e\xc0\x85\x8a\xbbp\xe3\x18\x15\x95`\
Xghd\x09\xbc\xb8\x077>\x8d\xbbn\xdd\x8e\xdd\
\xbb\x06q\xc3UC\xd8^5){'MP\xb33\
4lK\xf4I\x1diw!\x94\xb2\xf3\x9e\xbe\xe8\x8c\
\x9a\xcd5S5\xd0b\xa2\xa4\x90\xeep\x13\xb35\xaa\
\x9a\xe23e\xeai\x05L\xd9\xd1m\xe6}N\xa6\x7f\
\x8d\xaf\xc5\x9b\x01Lm\xcb\x17\x8b\xd4HgH5\xe3\
\x9bFh\xdf\xb7\xcd:\xa8U]4'\xdb@\x96\xa0\
\xe1\xd8\x18\xd2\x16*Q\x8c\xf1g\x9f\xc7\xc1\x7fz\x04\
h\xf5d>9\xefR\xf7\x9d\xd2\xde6\x13\x90ec\
\xa2\x11\xd3_\x18L9]\x99\xe6(.t\x98y/\
S\xf9k\xbc\xa87\xc9\xdb\x95`\xba\xc6\x13Y\x82i\
\x09\xa6%\x98\x965\xa6\xe2\xb2\xc4\xee\xe9e,u\x97\
\x02\xd4\xd4\x06&\x09\xa6,\xd3\x9c1\x9a\xa0\xb0\xbd\x01\
S\xa6r\x93n\x0bu\xcfF]Gp\xda\x93\x08\xda\
\xa7\xb15\xb0\xb1g\xdb\x08\xae\xde\xde\xc0=o\xdc\x8e\
\xd0\x02\xaa6P\xb3M\xa44`!\x91\x8e\xe1f\x19\
<\xd7X\xc6\x9a\x22\x01\xe3\xd4\xd4\x1f\x13cS\x95\x01\
R\xf3\xaf\x04Ra\xce<g\xdf\x9f\xca'\x98\xca\xeb\
\xf4i\x0f\xafc&_\x9a\xc5.vK\xd2\xa5\xc0N\
4g-\x13\xd5LU&V\xce<\x08\xa4lDc\
\xd44\xa8XhM\xb6\x90tZ\xb8l\xb0\x81\xcb\xbd\
\x00'\x9e8\x80C\xdfy\x04\xf1\xe4\x14Tf\xa2\xe0\
\xac9%\x94\xb2\xbe\xd4D\xb9\x8dSTF}\xd4\x1c\
LEy\xaap\x15\xcb\xd7A\x22q\xf1\xc5\x8f\xd5\xee\
\xba_\xee\xf6]FL\x97\x1b\xa1\x8b\xf3\xf7%\x98\xae\
\xf1\xbc\x94`Z\x82i\x09\xa6%\x98^(0m\xaa\
X\xe0\xc1Pa\x9ef\x15[JZ\x91f\xc8:\xd3\
\xa8\xa9\x08u\xd5\xc2\xa8\xdd\xc3\x95\x0d\x077_>\x82\
\xdb\xae\xbd\x1c\xbbwz\x18\xf2L\x94\x94\x0eQ\xbe\xa5\
E^\x8av\x95\x02\x9c\xd4\xaf\x94\xff\x994\xae\xa94\
\x9d=L#\x93\x08O-\xfc\x18\xa6\x83s\x1dL\x03\
\xad\x82M9\xc8\x14RSs#\xafky9\xde\x0c\
`*\x11M\x01S6\xbci\x81RW\xc0\xd4\x83\x9d\
\x97\x83\xc6\x9d\x16\xe2v\x13\x97\xd5\xaa\x18KR\x1c\xfc\
\xc67p\xf2{\xfb0Zk`\xa2\x97I\xc7\xbd\x95\
$\x22!\x15X\x0eB\xcf\x97\xa8kB\xd8-\xc1T\
JaB\x89*\xf7T<}x\xfc\xa3\xf7\xbf\xf1\xeb\
\x9f\xfd\xcc\x03_\xf2}|\xbd\x01\x8c\x97:\xa6\x17\xfe\
\xac-\xc1\xf4\xc2\x8f\xe9\x92\xafX\x82i\x09\xa6%\x98\
\x96`z!\xc0\x94\xa0\xd7c3\xbe\x05\xa4R\xd3\x99\
ItK\xa4\xa1\x90\xc1S\x09\xb6V}\xa8\xf1#\x18\
\xcc&p\xc7U\xa3x\xe7]\xd7\xe0\x8e\x9d\xbeDF\
\xe3h\x0a^\xac0T\xa9\xa1\xea\xfa\xf0\x18\xfdJS\
\xa8\x84\x9a\xa6.\xe0\xb9\x22\x0d$\xf5\x85\xc5\xa2-\x1a\
\x9cr\xbc,R\xf6\xa6[{~4\xd5\xd4\xb7J\xc7\
>\x8f<\x8a\xca\x18[\xf1Xv\x8e\xaf\xd7Mh3\
\x80i\xa4\xa9\xc7\xa0\x05J)\xa6O(um\x0f\xae\
c\xd3U\x14\xdd(A\x96\xb2l#F\xb5\xd7Az\
\xe8%L\xed\xdb\x8f\xf0\xc48\x86*u\x1cnw\x01\
\xc7\x07\x92DjMC\xdbE5\x08\x05L\xa34A\
\xe6X\x02\xa7E\x0f\xae\xd4\x18kH\x83\x14\x0fZ\xd9\
\x9e_\xc4t~\x9b\xde\xea\xdc\x88\xcb\x88\xe9\xea\x8c\xeb\
j\xbf\xeaz]\x13V\xfb{]\xb4\xaf_\x82i\x09\
\xa6\x9b\x17L\xcdM,U\x16b\xd6;f1\x86+\
)\xe2\xd6\x0b\xf8\xc4\xc7?\x80\x9f\xfb\x99\xf7l*\xb9\
(\xa3\xe2h0\x8bx0\x99\xda8\xed\xba\xf8\xf2\xa3\
-|\xf1\xef\x0eb*\xdc\x8e)\xde\x19\xbd\x10\x01|\
\xf8\x22\xe1c\xea0Y_\x9c*=\x93\x02\x9f\x91\x5c\
\x9a\x1f\x93\xcc]\x99\xfa\xff\xb9\xb8h\x13\xeeR:9\
\xc9\xfbG\x80\xa2\xb8}\x0f\xaeN\xe0g]\x04\xaa\x07\
{\xfa4\xee\xdcs\x19\xdev\xcb\x1e\xdcz\xa5\x851\
\x0f\x08\xb3\x1eB\xb4Qe$\xc8\xaa\xc1b\x036;\
\xfa-\x0d\xd72\xa8\xa8\xb4\x12\x19\x22' \xae\xce\x82\
i\xf1\xde\x8c{\x9a.m\xfe4i\xfe9\xa2Ay\
\xb7\xfe\x1c\xf9\xfc9`j\x22\xa5\xceL\xe2x\xed/\
\xd9\x9b\x09Li!\xca\xe1\x150u]\xb8\x8c\x98:\
@\xa7\xd9\x84\x97\xa6\x18d=\xfb\x91#8\xfe\xed\xef\
\x00\xa7Oa\x87\xe7C\xa7\x1a\xc7\xbb1,\xbf\x02\x8b\
;\x90(\x11\x99)FLy\xf4\x92\x18\x96\xe7\x08\x94\
\xf6\x97\x94p\xa3AU\x10\x1e\xe7\x9f\xca/\xc1t\xed\
W\xfc\xc6y\xc7\x12L\xd7x\xaeJ0-\xc1tc\
\x81\xe9\xe2zd\x04\x12\xd11\xb5,\xd4\x91\xc1\xb1Y\
\x93F\x09\x19\x0bq\xe6\xc1\xcaz\x18\xae\xc6\x88\x9b\x04\
\xd3\xef7`\x8aT,e=i\xa4a\xf7\xf8\xd2z\
g\x17s\xf3\x13\xc1&B,]\xd0\x01\x1cL\xa7.\
N\xb9\xc0\x97\xf7\xa5\xf8\xfc\x83\x070\x1enE\x12\x06\
\xd0\x8e\x8b@{\xd2\x19O+\xceL)$\x1c#\xc2\
\x1d=ZE\x97\xd6D\x16\x8b\x1b>\xff\x8d\xe0\xc9\x1b\
?\x5c\xd3\xc4d\x82\x8e\xc6\xcd>`\x1d\xa9\x03\x1c\x99\
J\xe0\xba6\x1aA\x82\x01\xb7\x87J6\x01\xa7{\x02\
A4\x8ej\xd2\xc6/\xfe\xc4\x870\xec\x03[<\x88\
\xaf=\xd3\xf4DM\xd6\x90\x12\x0d\x5c\xcb3\xcdLr\
\x10nf\xa3\x9e\xb3u\xa33y\xf8\x99\xa8g\xa1A\
\xdb\x1f\xef\xec\x8f\x9c\xf5'\xfd\xe7\xdfd\x16W\xbd\x5c\
\xdb\x8b\xf1F\x00\xd3\xa5FDTamO\xce\xbf\x80\
\x91i\xd9\x1a(8\xbe\x83$K\xd0\x9b\x9eF\x90\xa4\
\xb8\xaa1\x0a\xf7\xf4$\x9e\xfb\xd6wp\xe2\xd9gQ\
\xb15B\xdfF\xab\xd3C/\x91U e\x1b\xfdr\
^3\xefK\x1d\xd3\x05>DQ\x1b\xcdh\xed\xc5|\
\x94\x11\xd3\x8byv\x16\xffl%\x98\xae\xf1\xbc\x95`\
Z\x82\xe9\xa6\x01SFR(\xafz\x06\x982+\x18\
\xc0R\x11\x86\xab]#\xb0\xff\xf1\x0f\xe1\xe7>\xf1}\
\xb0\xac\xcd\x05\xa6\xd4\x8e$(V\xe0\xa2\x19\xdb8\xed\
\x01\x7f\xbeO\xe1?\x12L+cHB_\xc0\xb4\xa2\
<x\xd6,\x98FDt:\xe8\xe4\x02\xe6\x85\x97\xbd\
\xa4\xbds8$\x18\xc6\xd2\xd4b\xa4{\xc20D\xe8\
\x03\xd44oOu0\xddj\xa2>4\x0admT\
\xd1BCO\xc2i\xbd\x841\xaf\x83\xb7\xder-\xde\
~\xd7M\x18\xf1,4\x1c`\xc0\xb5P\xb1\xe8\xadN\
%\xa0D\xd2\xfd\x9c7\xdbY\xda\xd2w\xb9\xcb\xe3\xc5\
\xbcqX\xee\xb3o\x060\x9d\xee\x99\x8d\x11\xf5G+\
\x9e\x0d?\xf0\xe0\xd0\x9eV'\xc8\xda]\x0c\xa6@0\
\xddE\xef\xe9C8v\xe0)t\xc6O!\x0c\x5c(\
\xdfB\xa7\x17#K\x09\xa5\x8b\x9b\x1c,7\xbf\xeb\xdd\
u\xbf\xdc\x1c\x97`\xba\xdc\x08]\x9c\xbf/\xc1t\x8d\
\xe7\xa5\x04\xd3\x12LK0\xdd,\x11S \x92\xb8\xa6\
\x85P\x03\xcd\x189\x98B\x22\xa6\xa7\x09\xa6\x15\xea\xd2\
\xba`\x05\xa7G\xc9%P\xd6\xc7DL31?2\
\x11)i.Z\xe0j\xdckw$\x22\xca\xf4\xac\xe8\
\x932\xe2J\x0bP\xda\x8d\xea\x0ca\xda\x83\x1fO\xc3\
\x8e\xc61\x1aD\xb8s\xcfv\xdc}\xdb\x1e\xec\xd9f\
\xa3\x92\x02\x036\x04H\xf9\x87\x08J\x99Q+Kr\
\xe7%\xc0q\x97\xb6\xf4]\xee\xf2\xb8\x1c\xb8,\xf7\xfc\
\xf5\xfc\xfdF\x07S\x0a\xdfOv\xbb\xb2\x91\xa9\xba\x0e\
j\xa1\x87\xd0\xe5\x1ac\xadp\x02'I1\xe6\x048\
\xfa\xd8\x01\x1c{d?\x92\x93\xa7Q\xa1.\xadg!\
\xb1\x15bF\xeec\xd6\x8a\x94`j\x14'\x5chx\
\xd0\x16\xcfI\xba^q\xd7\x9d\x96\xcdO\xebp\x92\x96\
`\xba\xc6\x83^\x82i\x09\xa6%\x98n\x0e0ep\
\xb3\xc7\xf4;\xbb\xda\x09\xa6\xc9\x5c0\x9d\xa8\x8c!\xce\
#\xa6\x8b\x81)\xe5~$\x01\xdb\xa7\x15\xc9r\x88\x22\
\xb5\x1ew\xda\x92\xa2\x95\x8c\xbfN`\xd1\x07\xdd\xd6\xf0\
<\x0f5+\xc6@\xe7\x14\xeaY\x1b{\xaf\x1c\xc5[\
_\xb3\x177\xee\xc8-D\x13\x85!\xcfF%O\xdf\
\xf33JTV\xd1\xd7\xde\xf4\xc6+:3Y\xeeL\
\x9d\xeb\xf9\x5c\x0aK05%\x10\xebq\x10L[L\
Yp\x8e-\x0bU\xcf\x95\x94\xbeNz\xd2a\xdf\x80\
\x83\xa0\x1b\xe3\xb9\x87\xbf\x8b\xa9}O\xc1\xce\x14\x86\x82\
\x10i\xd6C\xaaR\xd8\xbe\x8f\x16\x85\x94K0\xcd\xa5\
\xd0J0]\x8fu\xbc\xd0{\x96`\xba\xc63Q\x82\
i\x09\xa6%\x98n\x1e0\x8d\x19\x81\xb4\xe6\x81\xe9~\
\x8d\xcf?\xf8\x04&\xc2-\x88+\x1e\xb4\xe3\xc3\xd7\x9e\
8\xf1\xb0\xc6\x94u\xb9\x8c\x98*\xf2\x8c84\x99\x8e\
\xf6\x8c\x91\x9a<r*\xfe\xe4\x16\xebQ#\xa8\xb8\x07\
\x9dv\x10:\x19j\xae%\xcdMi\xaf\x0d\xafu\x0a\
wn\x0f\xf1\x8e\xdb\xf7\xe2\xae\x9bG\xd1`\x14U\x01\
\x83\x8c\x922\xb6\x1a5Q\x0f\xaa\xb0Y\x97\x9a\x0b\xe3\
\xf3\x13\xc8E\xbf\xaf\xb6w\x19)\xd5%\xaf\x90%\x98\
\xae\x1f\x98\xa6\xb6\x8diFF=\x17\x9e\xd6yd\xdc\
\x86\x1bGp\xe3\x0cC\x96\x87#\xfb\x9f\xc4\xb1\xa7\x9e\
\x85>z\x02\x15\xbf\x22\x91\xd5vk\x12I\x16\xa3R\
\xab\xa1\xd3e\xdc\xb8\x8c\x98\x96\x11\xd35\x06\xa1e\xde\
\xae\x04\xd35\x9e\x8f\x12LK0-\xc1ts\x81)\
\x9bF\x98&\x97\x88\xa9\x0f\xfc\xf9\xfe\x18\xbf\xf3\xd5'\
0\x1e\x8e!f*\xdf\xf1\xc0d\xbe\x80\xa9VR3\
\xaa\x94-]\xf9\xb0$\xc1\x9e\xcb'1\x85h\x9cv\
\x94\xad\xa1\xec\x0cI4\x8djh\xa1b\xc7\xd0\x9d\x09\
X\xadq\x0c\xba\x0aWm\xdb\x82kG+\xf8\xf0\x1b\
\xae\x84\xd7\x890\x10X\x18\xab\x1b\x19\xa8,\x9e\x82K\
\x87'\xbfB\xeb\x1d\x91\x11\xd2\x9a\x16\x95.\xd5\xd7\x0d\
I3\x00K2^\xa1\xc2}\x09\xa6\xeb\x0b\xa6\x93I\
\x047\x08\xe0d1\x82Lc\xc8u\xe1\xc7)\xf4d\
\x0b~'\xc2\x81\x7fx\x18\x98\x9c\x06z1j\xd4'\
\xcdRtZM(\xc4\xf0\xc2*2E\x9d\x88\xc51\
`\xb9\xf9-kLK\x1d\xd3\xd5@\xa8\x12LWc\
T\x97x\xcd\x12LK0-\xc1t\xf3\x80i\x22N\
9\x90T\xfbtjR\xf9\x7f\xb1\xbf\x8d\xdf\xf9\xea~\
L\x86[%\x95\xaf\x9c\x00.+Lm\x8a\xf1\x10J\
3\xa8\x8crQ\x84D\xa6\x0f\xdd\xbc\x1b\x9e5\xa4\x8c\
\x9aRF\x8a\xf9\xf6\x1e\xba\x9d\x09\x0c\xd7,\x0cz1\
\xaa\xe9\x14\x86U\x17\xd7\x8d\x0d\xe0u7\x5c\x8b\xdb\xaf\
\xf61\x08`4\x97\x94\xea4O!@\x86\x91FC\
<\x96\xe2N\x07\xbe_\x81h\xe53bj\xbb\xb0\xd8\
\xddo[\x02\xa5Y\x96\x955\xa6H1\x0e\x0f\x07\xb5\
\x85_\xfe\xe2\xd7\xf0Xo\x07\xba\xc16\xf8\x99B\xa3\
\xda@\xb7\x97\x8ah=y\xbe\x10\xac'\xcf3\x83\xce\
\xc8\xb7/\xc6X\xeb\x93\xca\xa7\xf3\xd7\x142\xf8A\x00\
\xc5\xb9\x8e\x13l\xafV\x11\xf6RL>\xfb\x12\xa6\x0f\
\xbf\x8c\xe6\xd3\x07\xe5\xe3\xb9\xfc\xd0i\x0a[e\xb0D\
R!C\x9ai\x89\xe6\x97`\xcab\x9a\xb2\xc6t\x8d\
Qh\xe9L\xcc\xc5\xf4a.\x85\xcfR\x82i\x09\xa6\
%\x98n\x0e0\xe5<\xd2\x0a\x92Q%\xc7R\x98N\
-\x9cv\x1d\xfc\xc5\xfe)\xfc\xeeW\x9f\xc0$#\xa6\
a\x15\xca\xf1X\xed7\x07Luj!\xd16\xb4\xcd\
\x88\x95;#Bo\x22\x05),+\x81G\x1bQ\xdd\
B:}\x0c\xb5l\x1a\xb7\xef\x1a\xc5;\xee\xd8\x8b;\
\xaf\xa9a\x0b\xf92\x02\x06}\x0d;\x8bD3\xd6a\
:\xd7\xb1`\xbb\x0e\xd8Y\xa5c\xeaP\x06\x22\x05$\
\xee>\xb6\x03\xcb\xf5\xa4\xa65KS$i\x8a0d\
\x8c\xf5\xfc\x8f\xe5\x22j\xe7\xff\xca\xab\xff\xcc\x8d\xde\xfc\
D0\xed:\x96\xc8C\xa5\xd3-\xf8Q\x84+\x1b\xc3\
\xa8t\x22\x1czd?N<\xfe\x04\xd0MQ\xf1\x02\
\xe84A\xaf\xd5\x12\xc8\x1el\xd4$r\xdfl\xb7\x90\
Ye\xc4\xd4D}K0]\xfd3\xee\xec\xdf\xa1\x8c\
\x98\x9e\xfdX]\x90G\x96`Z\x82i\x09\xa6\x9b\x07\
L\x99\x96\xd7:\x83K\xdf\xfaT\xe3\xa4\xeb\xe3/\xf7\
O\xe0\x0f\xff\xe6yt\x06\xaf@\x8f]\xefA\x0d\x8e\
\xed\x22I4\xe2\xb8'b\xe6\x81\xed\x03\xae\x8b\xc9^\
\x8aN\xca\x06\x94L\xb4%]\xa4\xc8\xa2iX\xdd&\
B\xd5F-k\xe1\xb6+\xc7\xf0\xe6\x9bw\xe3\xb6+\
C\xec\xaa\x18?{7QpT,.=l\x9fb\
$\xd6\xd8\x88\x1a-\xcb\x19yI\xd6\xb0\xf2*\xdf\xa7\
\x9b\xc3G\xcc^\xf8\xe7H\xe0_\x90k\xdcFy\x91\
\x8d\x00\xa6\x04\xc9\xc5\x0e\x82\xa9U\xf7111\x05=\
\xdd\xc4\xee\x91Qlu+8\xf8\xf0?\xe1\xd8w\xf7\
\xa1b\xb9\xe8ML\x8bD\x18\x0fF\xd1y\x14V\xb2\
\xda\xb2\x11+:\x86m^\x0c(\xe5\xa26\xca\xd98\
\xf7sn\xde\x15y\x91\xceG\x09\xa6%\x98\x96`\xba\
\xb9\xc0\x94y]\xc7\xb10\x99*\x9cp}|u\xdf\
$\xfe\xf0o\x0f\xa2\xd7\xb8\x02'\xa3\x14:\xa8\xc2u\
*\xd2\xec\x94\xb0cZg`\xd5)\xc1\xb4eY\xe8\
&]X*F#\xb0PuS\xf8\xc94\x82h\x12\
\xd5\xa4\x85\x0f\xdd\xf3:\x5c\xd1\xf0p\xcd\xa8\x87\xcbk\
@=W\x00\x08t\x22NMJjT-\x89\x96J\
?\x13\xe1\xd4\xca\xc1\xb4\x00\xd2\xfc*?W\x0a\xdd\xe0\
\xa9\x95\xbb6]\xa4\x97\xcbU\xfdX\x1b\x1dLE^\
\xac\xea\xa151\x81\x01\xd8\xd8\x16T\x10\x1f>\x8aC\
\xdf\xdb\x87\xee\x8bGa\xc5J60\xb37\xf9Y0\
5\xe5\x07%\x98\xba4t-#\xa6\xabz\x9e\x9d\xcf\
\x8b\x97`z>\xa3\xb6\x82\xe7\x94`Z\x82i\x09\xa6\
\x9b\x07LYk\xc8\xfb\x1a}\xc9\xc7\xd3\x0c\xa7\x5c\x07\
_\xdd\xd7\x92\x88i\xafq\x15N\xf5R\xa4\xf4\x22\xb7\
\x8d\xff\xb8F\x02\xa8\x04.\x9f\xe7\xda\x18\xd7\x11\xbc\xaa\
\x8b\x86\x9b\xc1\xe9M\xc2n\x1d\xc7\xf60\xc3k\xae\xd9\
\x81;vo\xc7\x9dWT\xc5\xb1\xa9&\xb2O\x1a\x9e\
b\x8a_\xc3\xb7-\x91zJ%\x059\xeb\xda#\x17\
\xf4~oz\x86\x8c,\x9a\xa6\x1a\x0b\xd1\xe2\x97&\x0e\
W\x82i\xf7\x22\xaf1]*b\xca:d\xb1\x84\xed\
\xf5\xb0\xa3R\x877\xdd\xc6\xf3\xdf\xfc6\xa6\x9f{\x11\
V/\x83nu\xe1{\xfeL\x99\xc8\xcc\x95\x97\x1b\x17\
Y\x0f\xa6\x01\xaf\x8c\x98\x96\xa9\xfc\x15 \xcd\xaa<\xb5\
\x04\xd3U\x19\xd6\xc5_\xb4\x04\xd3\x12LK0\xdd|\
`j\x0b\x98B,I\xbf\xba\xaf\x8b?z\xc8DL\
\xa7\xe8\xd2\xc4F\x19\xed\xc1\x0b=x\xbe\x86\xa33X\
I\x02e\xa5\xe8\xda1z\xf1\x04\x82\xa8\x85\x1dU\x8d\
\x1b\xb7\x0f\xe2\xae\xab\xc7p\xeb\xaeA\x5cU7@\xea\
#\x91?\xb6R\x02\xb4\xb4\x83\xb4\xe91o9\xb0<\
\xcf\x80i\x9e\x9fg\xd4\xb4\xb8\xa8\x8b\x0c\x94\xfc\x85\x10\
R4\xe80\xed_\xa4v\xf9\xcb2\x95\x7f17?\
-\x05\xa6\x9c\xf8$jc8\x081\x9c\x01\xe3O=\
\x8f\x83\xdfy\x048=\x89\xc0\xf1\x91E\xc6\x15\x8aR\
as\x0e\xc2ln\xea\x90ds\x0b;\xd6\xf8v\xb8\
\xeaoW\xa6\xf2W}\x88W\xe5\x0dJ0]\x95a\
-\xc1\xb4\x18\x01gI/t\x1bY\x0a8\xd4_t\
b\xf1Z\x17=G\xad\x91\xa4\x0e\x94\x8eQ\xf7R\xa4\
\xbd#\xb8}\xef \xfe\xecO>\x83F\x08T\xa8f\
.\xb1\x9f\x0c\xee\x12\xe2\xd0\x12\x13Z\xf2\xca\xb4\xfa\x93\
\xbf\x94\x9cJjY\xa0\xbe\xf5\xe7>\xff ~\xed7\
\xff\x1c^}\x17\x12\x8f\xd15J\xfc$`\xcb\x8c\xa5\
B\x01\x11e\xd1\x85\x84\x91/s\x93\xa1\xa7\xbah]\
\xealI\x81\xf4l%\x22\x95\xd2m\xbe\xb8\x17\xb6h\
n^\xc2\x96\xa4\x82|y\xc4t!0\x8d\x99\xca\xef\
&h%)W**\x8d\x0a\xaa\x15\x0d\x15w\x90v\
:\xd0\xc94l\xbb\x8b\xba\x97\xe0\xca\xa1\x1a\xee\xbcz\
\x07^\x7f\xed\x18\xf6\x8c\x1a_{\xd5ib\xb4\xea\xc3\
a3\x94\xc4\xb7\x1c&\xed\x8d\xfcSl\xde\xdb\xaf\xf9\
3\x11SY\xef}\xd3\xc5\xa9\xe7\xf27\x18\x22(\x22\
\xa0R\xd6\x97\x9a\xf3~\xa3\xa7\xf2Y\xbe\x91vZ\xb8\
|`\x10\xf1K/\xe3\xe0\xc3\x8f\xa0s\xf8(\xbc\x84\
\xdd\xf7Z\x1a\x9d\xa8\xbc@g(\xd1\xb1\x95o\xad\xe4\
z!\x92d\xfcI_\xdc\xb2\xc6\xb4l~Z\xfd[\
\xe19\xbdC\x09\xa6\xe74\x5c+\x7fp\x191-#\
\xa6e\xc4tsEL\x0b\x9d\xfc\xf1L\xe3\x94c\xe1\
\xaf\xf6\xb5\xf0G\x0f\xbd\x00\x82\xe9T\xa6\xd1\x8cSp\
\x13\xe2W\x5cX\xe8\xa0\xd7\x1e\x87\xeavP\xcd\x9a\xb8\
\xed\x8aa\xdc~\xd56\xdcy\xdd\x0e\x5c5\x0c\x8ch\
\xa0\x9a\x015+B`\xa7\xf0\xa5s\xc5\xc0\x03\xed\x12\
)N\xa5\xb5#:\xa8\xcc\xc8\xba\x22W\xd4\x07\xa4}\
Wt\xa6z\xf9\xac<>&[\x9a\x19,\x95(Z\
\x1eI\xbbD\xef\x02\x1b\x1dL=\xa5\xe1\xc4\x1d\x0c)\
\x0b'\x1e=\x80c\xdf\xdb'RQ\x9eJ\xd1\x8dz\
\xb0}*0\xe4\x1b\xd9\xdc`\xa1\x04\xd3\xbe\xfb\x8fE\
=\x8c\xb2\xc6t\xe5Ts\xe1_\xe1\x12\xbd$]\xf8\
\x81<\xdbW,\xc1\xb4\x04\xd3\x12L7\x1b\x98jX\
\x8e\xc6\xb8R8e\xbb\xf8\xab\xfd\x93\x92\xcaO\xeaW\
\xa0\xeb\xbbh%\x99t?\xc3M\x91\xa5S@\xd6\xc1\
\xd6z\x05\xd7\x0fz\xf8\xd8]\xbbqe\x08\x0cW\x81\
\xaa\x0dT\xe9ko\xb3\x9eTA\xa7\x11\x90&&\xda\
iS\xef\xd4\x81\xb2=d\x96\x0d\xed0~*\x98\x0a\
\x8b\x11\xd5\x22]\xcb\x9fRCH\xe7\xa8~}M\xd3\
\xecb\xc0\xd4\xa6\x82\x7fN\xb4\x9b:`\xb6\xe4ey\
\xa3\x83\xa9\x9fi\xf8\xbd\x0e\x9a\x07_\xc0\xf8\xfeg\xa0\
\x8f\x9fF-Q\xb0\x93\x04]\x95B\xb9\x5c'f\xe7\
\xe2q#\xc32\x0fJ\x87\xd9@b\x9b\xec\x8b*#\
\xa6e\xf3\xd3\xd9\xc2\xcb\x1a>\xae\x04\xd35\x1cl\xb9\
Yhm7\x81\x91\xe7\x9e\xc6\x9b>x\xff'~t\
\x22\x19~Sl\xd5F\xa0mfl\xc5\xb7XS\x00\
\x9b]\xbb\x92*\x9c7E\xf3R\xabR\x22\xb4\x8e\xc7\
r\x99\xf22\x95\xbf\xf8\x04e\xb0\xd0V\xc0\xe7\xfe#\
S\xf9\xff\x0f\xbc\xfa\x95P.\xbd\xcb\x99gK\xe0X\
\x0el\x15\x0a90\x95O\xd0\x98\x01\x90<\x12\xa2`\
\xbc\xb2\x17;\xcaT\xfe\xea\x9e\x1c:c<\x92B\xe5\
\x0eN+\x8d\x93\xb6\x85\xbf~b\x02\xff\xd7C\x07\x90\
\xd4w\xa2\xad!rPJ\xa5p\xac\x18\x1e\xda\x18\x1b\
\xf4\xf1\x9aW]\x8f\xbb\xaf\xaf\xe3f\x1b\xd8j\x03.\
\xcb2X\xd6\x82\x0c\xa1\xeb\xb0\xa0\x05\x88#\xf3\xe1\x0b\
uw6\xab\x00H\x04.\x1c\xa9+\x0d\xdc\x5c&\xca\
<\xb0\x08\xae\xce\x80\xa9\x5cR\xf2!0W\x92\x1cL\
\x09\xb0E\x16\xf7\x12\xbd\x0b\x5c\x1c`j6\x08s7\
\x11\xf9\x84Q\xe7\x96:d31s\x05\x87\xfb\x9b\x0c\
p\xa9Y\x9b\xa6p\x9bM<\xf9\x0f\xdf\x80z\xe98\
\x1a\x8e\x0f\xbb\xdd\x85Nbh\xdfE\x8fpj\x1b\xbb\
Q\x96\xfe\xf0\xb9\xe6\xbdJ05\xa7B\x191]\xdd\
\xab\xe3\xf9\xbf\xfa%zI:\xff\x01[\xe93K0\
\xed\x1f\xc1K\xbb\xc6\x94`\xda}\xe5&\xf3\x99\xdf\xfc\
\xef\xf8\xfc\x1f|\x0d\x95\xa1k09\xddD\x10\x04\x08\
\x1d\x07\xd3\xd3-x\x95\x01\xf1P\x17' \xe9\x9f\xcd\
\xa3`y\x84\x8cP\xb4\xd4Q\x82\xe9\xca\xce\xd8\xa5j\
\x849\x17I\xb3\x03\xaf\xd1\xc0T\x9aa\xd2r\xa4\xf9\
\xe9\xc1G\x8e\xe1\xa1\xef>\x87\x9e_C'\xc905\
y\x1av\xdc\xc5\xf5\xbb\xb6\xe2\xad\xb7\xef\xc5\xab\xf7\x0e\
c\x87\xf8\xd9\x03#\xd2m\x9f\xf3g>\x95\xe2\xff$\
\xd0\xd8\xafGJ\xa2\xb0\x05*\xcc\x06\xd6\x5c\xba\x8d\xa3\
h\x0cD8\xcb\x00\x00 \x00IDAT\x11\x19\x9d\
\x0b\xa6\x8b;\x12\xe5\x8f+8ueC\xb4a\x9f\xbd\
\x16`\xba\xb4e\xa7-\xc6\x07\x8b\x81)#\xe3\x91\xad\
ay.\x92,\x15%\x06\xa7\xd5\x85\xd5\xeabWu\
\x00c\xb0\xf1\xdc?\xfc#\xa2\x93\xa70u\xe24\xb2\
^\x17\x81\xed\xc2\xf3<\xd9,E\x8c\xb6K\xe4\xc0D\
K\x8b\x16\xa8\xa2\xf1\x89\xef\x9b\xca\xd2Y\x1c\x03.v\
\xcb\xd1\xe5\x16_\xd9\xfc\xb4\xdc\x08]\x9c\xbf/\xc1t\
\x8d\xe7\xa5\x04\xd3\x12L\x8b\x11(\xc0\xf4\xd7\xff\x8f\xff\
\x8e\xff\xf0\x85\xbfG\xa5\xb1\x1b\xd3\xad.B\xcf\x97\xa8\
\xd9T\xb3\x0d7l e\x04\xbd\x0fL\x19)c+\
\x8cA\x92\x12LW\xf3\x14^\x12L\xb5B45\x09\
\xbfV\xc5\x84r\xd0\xf6}\x9c\xb6\x80/\x7f\xe3 \xbe\
\xfa\xcd\x7fB\x076\xda\x9d\x1e\xae\xb8l\x1bn\xdbs\
5n\xbbz'\xae\x1d\x0d\xb1%\x00\xeaZ\xc1W\x19\
\xea.\xedH\xcf\xff\x1b\xacws\xdf\xf9\x7f\xf2\xf5\x7f\
\xe6\xc5\x02\xa6\x92R\xe7&\xc4b\xf4\xbb\x18\x17\x1b\x09\
+.B\x1f]F\xce\x19R\x8fc\x84\xed\x1ev\xb8\
\x01\x86:)\xd2\xc3\xc7q\xf0\xe1o\x03\xcd&:l\
\xa6\xa3\x8c\x98\xef\x0b\x98\xa6Z!\xa5\x05\xa9\x95\x17!\
/0\xdcdbf\xe4D\x0fu\x91\xa3\x04S\x8e!\
\x10j\x1b>z*\x9e><\xfe\xd1\xfb\xdf\xf8\xf5\xcf\
~\xe6\x81/\xf9>\xbe\xde\x00\xc6-kN\xcd\xcc\xfa\
/\xecM\xf0\x09J0]\xe3I,\xc1\xb4\x04\xd3\xf9\
`\xfa\xef>\xffe\xfc\xd6\xef<\x04\xafr\x05:\xbd\
\x04\xa1\xe7\xc2\xb3,\xb4\xba]8\xfe@\x09\xa6k|\
\x8e\xf6\xbf\xdd\xd2`\x9a\x02q\x0b\x08\x02t2\x1b]\
7\xc4\x89\x08\xf8\xca?~\x17\x7f\xffO\x8f#\xb3=\
\x5c\xbb\xe7z\xec\xbe\xear\xdc|\xed6\x5c^\x01X\
\x98\xe1\xc4\x11\xaaV\x8a\xba\xe7\xc3\xe9oB:\x8f\xef\
Y\x82\xe9y\x0cZ\xfe\x94\xf5\x06S\xe3\xd7e\xf4\x16\
\x8a\xadf\xb1I\xe1\xef\x08\xa6V\xc5E\xab\xdd\xa6l\
\x09\xd0icT\xd9\xb8\xba6\x80\xee\xb3\x87q\xe4\xd1\
\xc71\xf9\xf43\xb0\xe8\x1c\xc6u\xe58p]W\xba\
\xf1\x09\xa6\xec\xc8wl6\xcc-|\x94`Z\xa6\xf2\
\xcf\xff\xecY\xddg\x96`\xba\xba\xe3{\xc6\xab\x97`\
Z\x82\xe9|0\xfd\xf7_\xf8k\xfc\xc6\xbf\xffK\xc0\
\xdd\x81$S\x121\xa5fe/I`\xb9\xf5\x12L\
\xd7\xf8\x1c=k0\x95\x8a\xcf\x9e\xa4K\xa9\x18\x19\xa1\
\x82\x93\xdd\x14\xdf\xde\xf7\x14\x9e\x7f\xf9$\xeaC#x\
\xc3\x1bnE\xe0\x00\xa1\xcd\x06\x14\xc0\x8b{\x08\xad\x04\
5\x87\xf5\xa1>\xb4fDkq\xdb\xc9\xe5\xbez\x09\
\xa6\xcb\x8d\xd0\xe2\xbf\xbf\x18\xc0\x94B`\xb4\x06\xa5w\
\xbd\xc0eQ\x07\xca*c\x1b\x88\x1d\xa6\xdb\x13dI\
\x8cP)\x5c]m\xa0\xd1\xe9\xe1\xc8\xb7\xbe\x87\xe3\x07\
\x9eF\xd6lI)\x08aT\x0c\x1c\xb4\x86RJ\xc0\
\x94\xff\xbd\x1c\x98\xa6K\x85KMO\xc4\xf9\x0f\xf0E\
\xf0\xcc2\x95\x7f\x11L\xc2y|\x84\x12L\xcfc\xd0\
V\xf2\x94\x12LK0\xed\x07S\xea\x98\xfe\xde\x97\xfe\
?|\xe6s\xff/\x12\xbd\x05\xb0\x1dT\xfc\x00*\x8e\
\x91\xd0\xc3\xd2\xa9\x95`\xba\x92\x13n\x85\xcf]\xf2\xc6\
l\xa5H\xd3\xa6\xe8\xce\xc6\x19\x1bUB\xc4\xda\xc7\xb1\
\x93\x93\xe8&\x1ac[\xfe\x7f\xf6\xde\x05H\xb2\xab\xbc\
\xf3\xfc\x9fs\xee#3+\xb3\xaa\xab\xba[/h\x84\
\x00\xdb\xf8\xb90v\xac\x97\xb0\xc0^{\xbd&f6\
6<1\xacggfc\x99]\xc7\xb0\x1b\x9eX\xd9\
\xd8fM\x8c=k\xc7\x0c6\xeb\xb17`\xc6\x80\x90\
\x00\xa1\x96\x04z\x0b\xbd\x11`\x10\xa0\xd2\x03=@B\
\xafV\xab\xd5-\xa9_R?\xea\x99\xaf\xfb8\xe7\xac\
\xbfs3+\xb3\xaa+3\xab\xab\xf2fUu\x7f\xd7\
.R\xd5\x95\xf7\x9c\x9b\xdf9\xf7\xdc_~\xe7\xfb\xfe\
\xdf.\x14\x0bY\x95P\xcae\x0a\x85AAi\x04\xa4\
I\xab#\xa7!\xe9\x05cK\x89\x8e\xeb\xb9T\x06\xd3\
\xf5X-;g+\x80i\x222\x8fiV\xbf\x9e\xa6\
R\xe7K\x0a1c-\x89P\xa9\x8c\xa1:{\x0a;\
\xfd\x00\xef\x1a\x1fw\xd2P\xaf=\xf6\x04\xd4b\x1dB\
\x1b\xa7n\xeb>\x8f\xd6H\x8cv`J[\xf8\x04\xab\
+\xe7\xefJYc\x06S\x96\x8bZ\xff\x1d\x94\xdf\x99\
\x0c\xa6\xf9\xd9v\xd5\x96\x19L\x19LW\x82\xe957\
>\x86?\xff\xe4\x1d\xa8\xc7\x13\x08\x0aE\xe71M\x1a\
\x0d\x12j\x80\x11E\x06\xd3\x11\xdf\xa3k\xf5\x98Z\x91\
\x22\xd2u\x902\x02}\x87\x90^\x01\x9e(!\xa12\
\x8fZ \xf4)\xfc/\x81\xef+\x14\x02\x09\xdf\x15D\
\x88\x5c\xf1\x04'\xf3D\xd9\xf6\x22`0\xdd\xa4\xf1\xdd\
l05\x82T\x16\x84\x93\xffrx\xea\x9c\x93Y\xa2\
R\xfb\x88\xe3\x18\x93\x13%4N\xcfbR\x08L&\
\x1a\x07\x1e~\x14\x0b/\xbd\x84\x89\xa0\x80\xa8\x99\xa9r\
\x10\x8c\xd2\x8f&\x11()\x9d\xa7\x94\xb6\xf6\x9d\xc0~\
\xd7\xb1\x1cL\xb3\x92\xa4\xfd\x0e\xf6\x98r\x8c\xe9f\xdc\
\x9e\x0c\xa6#\xb6:\x83)\x83\xe920\xd5\xc0\xf5\xb7\
>\x81?\xfd\x8f\xb7`\xa1>\x86\xe2\xd8\xb8\xf3\x98F\
\xb5\x1a\x84G\xf2\xcf\x85\x16\x98\xd2\x03&\xabj\xcd\xc9\
O\xa3\xbbi\xfb=\x98I\xe2\xa7\x09\xd2\x19m)/\
Y\x09O\x04nc\x9e\x12\xa2\xe3\x98\x04\xf2%<O\
BQ\x95\x1dc\x90$\x91\xab\xd6\x15\x84\x1e<\xe5\xc1\
:R\xe0\xad\xfc\xd1\x8dh\xa7\xa7\xad\x04\xa6+??\
\xc1)m\xeb\x07\xa4A\xaa5\x8aq\x0a\xb98\x8f\xd3\
/\xed\xc3\xec\xcb\x07\x10\xd0\x16\xbeP\x88\x13\xda\xb6\xef\
l\xb9\x93\xa7\x94\xbc\xe8+=\xe9\x1d ]>\xd7\x18\
L\xd9c\xba\x19\xf7\xde\xa0>\x19L\x07Yh\xc8\x7f\
g0e0]\x09\xa6_\xb9\xfd)\xfc\xbb\xffp3\
\xe6\xaaE\x8cUv80m,.B\x05\x01R\x1b\
2\x98\x0e\xf9\x1e<\x9b\xe6\xfa\x83)\xb0\x105\xe0\x87\
\x04\xa3\x1e\xb4N\xe1\xc1\x83\xaf2!\xf3F-r\xd2\
_\xd4\x86\xa4*LJ:IR\xf2Q\xa5:u\xde\
\xac\x90J\xd0n\xe0\xe0\xad\xfc\xf5\x1bo\xb3\xc1\xd4%\
8\x89\xccc\xea\x12\x91\x96\x9e\xc6\xc6\xe9\x8e\x06\xc6`\
\x87\x1f\xa0\xfe\xe6)\xec)\x8fc\xe1\xd5\xd7\xf0\xf2w\
\xbf\x034\xeb\x98*\x15\xd0X\xacB\xa9\xa2\x03S\xf2\
\x96\xd2\x5chg\xe1SF>\xfdP\x86\xbe\xfb\xe2\xb4\
\xd46\x83\xe9\xd2\x8ca\x1d\xd3\xf5\xdf<9\x9f\xc9`\
\x9a\xb3\x81W6\xcf`\xca`\xda\x0d\xa6\x0d\x03\x5cw\
\xcb\x13\xf8\xe3?\xbb\x1e^a\x0fT\x10\x22m&(\
\xfa>\xa2\x94j\xac\xaf\xf0\x98R\xdd\xeb.\xe5J\x96\
\x8b\x1a\xf1\x0d\xdc\xd5\x9d\x03L\xf2V\xb5\xfe\xad\xbd\x98\
v$\x7f:o\xee\x16\xbao\x03\x08\xbdO\xad\xdfY\
\xbay\x1f\xfc\x1c\xe9y\x14`\xda\xcfT\x04\xa6\xb5$\
q\x05\x13\xb44P\xbe\x07\xa1\xa8\xb8\x02Uo\x02\xc2\
Tc,\xd2\xf8\x99\x8b\xc6\xb1pp\x16O?\xf8 \
\xe2\x93\xc7QT\x80\x8d\x9b0I\x0aCej]\x02\
\xdd\xeaG/ ]Z\x83\xb6wn\xd3\xc0\x99\xc8\xc9\
O\x03M\xb4%\xdf\xc0`:\xe2aa0e0]\
z(\x88L`\xff\xba[\x7f\x80?\xfe\xd3\x1b\xe0\x15\
\xde\x96\x81i\x14\xa3\xe8{\x88\x12\x8a\x19c0\x1d\xf1\
-zV\xdd\x99\x95\x85\xb7\xba\xbc^+\x13M2\xd7\
\xd5r\x12e0=+s\x0f\xf5\xcd[\x01L\xabq\
\x9cU\xf1\xf2\x84\xe3K\xe7\xa1O\x13\x88D\xa3\x10\x19\
\xbc\xa3\xb2\x13\xde\xec\x02N\xed{\x19\xc7_\xdc\x07S\
]\x80B\x0ck\x22\x08\xa1\x90&\x14\xb8\xcc`\xdak\
b0\x98\x0e\xf5\x96\x19Yc\x0c\xa6#3u\xd6\x11\
\x83)\x83iO0-\xbe\x15\xca/v\x81\xa9\x86F\
;\xf9\xa9\x15c\xca\x1e\xd3\x11\xdf\xb1}\xba#oS\
7\x98:\x9dm\xd3\xda6m\xbf\xb6\xce_\x02\xd2\x0c\
L\xdb\xa5eEV1\x92\x8fM\xb0\xc0V\x00\xd3\xc5\
(q\x95\x9d(\x0e\xd9\x05\x95\xd27\x9d4\x85\x8ab\
\x07\xa6?9\xb9\x1b\xaf<\xf6C\x9cx\xe1%\xa8j\
\x0d2m\xc2\xea\x08\xa4\x9bO\xa1!I\x93\x5c\xf6g\
\x82\xe9 O\xe9\xd2\x1a\xc4\x1e\xd3\x96r\x01\xc5\xd8x\
\xb0\xf0]IhW\xeaYj@p\xf2\xd3&\xdc\x9a\
}j\x91m\xc6\xd5\x9c\x07}2\x982\x982\x98\x02\
\xbeU\x10\xb6]\xd1\xaa\xf7\x8d\xbf\xa5c(\x1d\x98v\
\x97\x0d\xcd\xaa\xf7\xb8/\xa0\xad\xd4\xea\x0e \xb4*\xd5\
\xb7\x00\x95\xfeL[\xb9Yf\xfey\xb0\xf0m\xc1\x8f\
\xb8\xd9`JY\xf9\xf3\x8d\xd8m\xe1\xfb\x1e\xa96\x18\
\x04\x92*\x0c\x01~\x92\x22h\xc4\x08\x16#\xbc\xf8\xfd\
\xc7\x90\xbe~\x04\x05\xcf\x83i\xd6a\x91\xc0+\x06H\
\xb5\x86\xd5\xb4\xaf\x7ff<\x08\x83i6\xe1\xd8c\xba\
\x05o\xbc5\x5c\x12/\x89k0\xd20\xdf\xc2`\xca\
`\xda\x1fLi+?mm\xe5\x93\xc7\x94\x92\x9f(\
9\x22\xf3\xc6\x91\xa7\x8dcL\x87yGn\xa0-\x07\
\xa6Y\xd5\x9d\xec)\xd8\xaeY\xdf\x9dl\xb2\xbc\xfdn\
) '\xac\xee\x5c_\x1b\xb8\x06>u\xdd\x16\xd8\x0a\
`:\x17'.i\xa9`4\x8aR`2,\xa0\xe2\
) I\x80j\x1d\x07\x1e\x7f\x1a\x0b\x07\x0e\x01\xd5&\
\x8a\x90\x88k\x0b /{P\x0aQo6\xe0\xc9p\
\x19\x98\x0e\x02\xd2\xce\x0c\xcd\xcc\xb6\xcd\xf5\xf3\x07\x8e=\
\x83\xe9@\x13m\xc97\xf0\x928\xe2aa0e0\
=\x13L\x1f\xc3\x1f\xff\xe9W\xe0\xb9\xad\xfcv\x8ci\
\x80(a0\xdd\xd2\x1eSz\xb0\x1b\x02\xd3\xf6\xe3~\
\xb9\xe7\x8a\xb8\xb5\x9d\xf4\xd4k\xa1\x15\xb2w|\xe0\x88\
\x97\xa6\xf3\xae\xbb\xcd\x06S\xfa\xc2\xb9\x90j\x08cQ\
H\x12\xec\x10\x0a\xbb\x8b\x05\x94\xa5Dsn\x1e\xd5S\
\xa7\xb0\xef{\x8f\x00Q\x82\x90v\x96\x1b\x09\x12\x82Q\
_B\xfa\x12\xf5\xa8\x09\xcf\x0b\x18L\xfb\xcc\x5c\x06\xd3\
\xedy[3\x98\x8ex\xdc\x18L\x19L\x19L\xcf\x8d\
\xad|\x97\x95\x8f\xd4e\xe5\xbb\x85\xb4U\xf7\xbe;+\
\xdfm\xd9\x8bL>\xaa\xe3\x19\xed\xc4\x9f*\xc1i\xf9\
#^\x82\x97\xba\xdb\x0a`:\x9fjH!\xb0#1\
\x98\xb2\x12\xbb\x03\x0f^3\xc2\x89#\xaf\xe1\xd8\xa1\xd7\
\xb1p\xe85\xaa\xdc\x00Q\x8b\x80f\x82\x92\x97}\x91\
It\xecbL\xf5\x8a\x0c\xbb\xb5{L\xb3G\xffv\
\x17\xd0\x1f4w\x18L\x07Yhk\xfe\x9d\xc1t\xc4\
\xe3\xc2`\xca`\xba\x12Lo\xb8\xe51'\x17\xa5\x0a\
o\x83\x0c\x8a\xa0j/\x05\xca\xcaOI\xfc9l\xe9\
\x1cf[\xf9\xaa\x15O\xd6\xf6\xd1\xb1\x5c\xd4\x88o\xe0\
\xae\xee\x885\x13\x90d\x0fI\xe4/OjZM2\
j\xb5+\xe5\xac\xfc\xcd\x1b\xbf\xcd\x02\xd36<\x92~\
i5IP\x90\x1ev\x18`\xa7\x10\xd8E\x95\xa0\xe6\
\xe6ph\xdfKx\xed\xa5\x97\x00m\xe1\x19 ==\
\x0b\xa4\x06\x93\x93;\x9d>i\xad\xd6\xc0X\xb9\x8cF\
\x1c\xb90\x1f\x0a\xf1\xc9\xc2}\xfa\x7f\xd1\xe9l\xe53\
\x98R\xe8\x0d\x950qp\xee\x12\xc8$,\xd5d\x13\
*K~\x22{\xca\x04R\x00\x05\xeb!@\xd3\xc4\x0b\
\xaf\xcf\xfc\xab\xdf\xf9\x95\xe9O~\xe2\x9f\xef\x0d\x02L\
W\x80\x19!\xbabx6o:\x9fS=3\x98\x8e\
x8\x19L\x19L\xbb\xc1\x94*\x0a~\xf5\xb6\xc7\xf1\
\xb1\x8f\xef\x85\x08\xf7@\x14\xcb\xa85#\xc8@ I\
5<1\xe6\x5cm\xd2U\x18j?xH\xe9\x90<\
qT\x0b{\xa5^\xd1\xf2\x09\xbd\xd2\xa3r\xb6\xd3]\
u\x07E\xae8\x99\xf48)\x89\x98\xb6\xdb\xcb\xd0P\
\xd2:=F\xd2\xf6\x8c\xd3\x10\xc2D\x98,5\x10/\
\x1e\xc2\x15\x1f\xf9\x10>z\xc5\x07!D\x8aRpn\
xL\x9d\xc7\xa9\x87Aya=\xdb\x996\xfa\xf7\x0f\
\x03L\xa55\x10\x92p&\xab\xb6\xe4r\xd9\xa8\xf2R\
\xeb5I\x92\xa5@\x8f\x0cH\xc5\xb29S\x08C\xd4\
O\xcfb\xca\xf7\xb1Sz\x98\x14\xc0\xb1}/\xe1\xf9\
\x87\x1fEel\x0c\xd5\xb9Y(\xf7\x9dT@\x10@\
i\xd5\xaa\x16&\x1cP\xd1\xfc3\xc2BZ\xe1^9\
`y\xf9<Z\xb3\xc7\xd4\x81)\x15\x0a\xa6\x8d\x0f\x05\
\xe3\xb69\x08L\x1b-0- \xb0M\x13/\x1el\
\x81\xe9\xbf`0\xcd\xf1\x96\xe5\xf53G\xe3\xae\xd64\
\x83)\x83\xe9J0\xbd\xf1\xd6\x16\x98\x16\xf6@\x16\xc6\
1\x1f7 \x02\x8945\xf0E\xd1e\xaf\x13\x98\x92\
\x88\x09er;\x81v\x926q\xb5\xd7\x19LG|\
\x0bsw\xe7\x88\x05\x86\x02\xa6T\xd1\x8bv2V\x01\
S2\x13y7\xe9\xc8\xbeH.\x07SB\xd4\xb2\xf2\
\x5c\x06>%:\xbdu|\x02\xd5#G\xf0\xc2c\x8f\
\xc1,T\x11-,\xc0\x97\xd2\x95 vN=R\xb1\
0\x19\x98\xd2\x9a@\xf0d\xd8Y\xd7w6\xae\x1dL\
I\x0b!\xfb\xd2\x90\x81)\x95oKW\x80il\xe2\
\xc5\x03\x0c\xa6#\xb8\xff\x19LG`\xe4\xee.\x18L\
\x19L\x19L\xcf\x1d\x8f\xe9\x88\x97\x0f\xeen\x88\x16\x18\
\x06\x98f\xa1\x18\xc6\x95\x9c\xa5c\x09P[\x01\xc5\xa9\
m\x83)I\xa3-\xbfxe-\xcaB!\xd4)\x82\
X\xa3d4\xf6?\xfe$f\x9e{\x0ea\xa1\x84h\
f\x06a\xa1\xe0Z2+\xc0\x94\x1a#@e0\xed\
?!\x18L\x87x\xc3\x8c\xb0)\x06\xd3\x11\x1a\x9b\xba\
b0e0e0e0\x1d\xf1\xb2\xc3\xdd\xadb\x81\
a\x80\xa9\xa7\x1c6:\xaf\xa9\xdb\xcao\xc5vH\xf2\
\xbeQ\xa8\x8b1\xd9\x0eG\xeb\xe8\x86\xd3@[\x8c\xd3\
\xde\x7f\xad\x8e\x0b\x8a%\xbc\xf6\xfc\x8b8\xfc\xa3\xa7\x81\
Z\x0dhF(\x17\x0aH\x93\xd8\xb9Z\x1d\x84\xb6^\
\xe9\xbfa\xc9sj\x19L\x07\xccl\x06\xd3\xedy\xeb\
3\x98\x8ex\xdc\x18L\x19L\x19L\x19LG\xbc\xec\
pw9\x81\xa9\x1f\x08\x07\xa5\xce\xa5I\xe93\xce\xb3\
I\xff\x9d%!\x11\x94v\xc7!\xbb\xf7\xb6\x8eP[\
\xec\x94\x0a\x858E2\xbf\x80g\x1fy\x04\xfa\xf8\x1b\
\xf0\x95\x87dn\x1e;\xa7&\xd1 H%\xb9\xdc\x15\
p\xca`\xba\xb6)\xcd`\xba6;m\xb5w1\x98\
\x8exD\x18L\x19L\x19L\x19LG\xbc\xecpw\
9\x81i\x10\x92o4\x03S\x02R\xd2$\xa5#\xdb\
f\xcfJ\x0fu{I\x9dg\xd5f\x00[\xd0\x1aS\
\x1a\xd8\xa9|<\xf3\xc8\xa38}\xf0\x10d\x92\xc2,\
.\xa0H\xfa\xa4i\x02I\x1eU\xb7\x95\xaf\x1c\x9c\x92\
o\xd6:\xb6\xa5\xc4G\xf6\x98\x0e\x9a\xd8\x0c\xa6\x83,\
\xb45\xff\xce`:\xe2qa0e0e0e0\
\x1d\xf1\xb2\xc3\xdd\xe5\x04\xa6\x85B\x96-\x9fAi\xb6\
uOP\xea<\x9cn\xc7\x9dd\x9c\x1cZ\xbaXQ\
\xca\xe2'(%a\xa2Rb\xb0\xb3\x91\xa0y\xfc\x0d\
\xbc\xf0\xf8\x13@\xad\x81\x02$\xd2\xda\x22J^\x80\xc5\
\xb9YT*\x15\x07\xb8\x1a\x1d0\xd5\x8e}30\xed\
\x14w\xe0!^\xcd\x02\x0c\xa6\xdbs^0\x98\x8ex\
\xdc\x18L\x19L\x19L\x19LG\xbc\xecpw9\x80\
)U\xfd*\x16\x14\x84%-\xccL\xbe\xc9hA\xca\
\x98.\x1e\xd4\x95^\xf03\x09\x22\xa2V\x92}R\x0e\
L-|\x03\x8c%)&\x17\x1a\xf8\xe1\xdf\x7f\xdbe\
\xe1#\x8eAq\xa7;Je,\xcc\x9cF\x127\x9d\
V\xa9\x11\x12\x1a\xd4^\x16k\xca`\xba\xf6\xe9\xcc`\
\xbav[m\xa5w2\x98\x8ex4\x18L\x19L\x19\
L\x19LG\xbc\xecpw9\x81\xe9\xf8X\x00\xabS\
hm\xa1\xb5F\xaa\xc9\xbbIz\xbe\x0aF*T&\
}\xbcyj\x11\x81'1\x16\x86\xae\xd4\xa8\xd2\x1a\x93\
cc\xa8$\x1a/}\xf3\xbb\x08\x17\xea\x88\xabu\xe8\
j\x0d*\x8a\xa1,\x10H\xd2D\xcd\xf4\x8a\xb5\xa4X\
U\xe9\x0am\x90\xa7\x94|\xaf\xb2Uh\xa3\x9d\xf5\xdf\
k\x80\xcf\xf5\xcaN\x83&\xf6F\xc1\xd4\x0bS7\xbe\
~\xea\xc3\xd3M\xa3\xf4\xd1\x99\x7f\xf2\x9b?7\xfd\xd9\
O\xfd\xee^\xc5\x02\xfb\x83\xcc\xbf\xee\xbf3\x98\xae\xdb\
t\xeb;\x91\xc1\x94\xc1\x94\xc1\x94\xc1t}\xab\x07\x9f\
5L\x0bl4+\x9f<\xa6\x13T-\xc2\xc4\xd0)\
\x81)\x10\x1b\xeb<\x9bZ)h% }\xcf\x95\x0f\
\x95FC$\x09\x824\xc5\x98\xf2 \x1aM\xc4\xc7O\
\xe0\xd4\x0f\x9fEP\x8ba\x1a\x0dWrT\x92t\x94\
\x11 \x19\xaa\xac\xe4(An\xa6]lh\xfb^d\
\xb0J\x82\xfat\xa4Y\xc0i\xcf\x83\xc1\xb4\x8fq\x96\
U~Z]\xc7t%\x98\xca\xf4\xc8\xcc\xff\xf0\xdf\xff\
\xec\xf4g?\xf5o\x18L\x87y3\xaeh\x8b\xc14\
G\xe3\xae\xd64\x83)\x83)\x83)\x83\xe9\x88\x97\x1d\
\xee.\x07\x8f)t\x8a\x1d%\x0f\x04\xa8\xe41%o\
i\x1bL\x13\x02SO\xb8\xf2\xc2c\x95\x12\xd2f\x0d\
z\xb1\x86\xdd\xc5\x22&\x84\xc4\x1b\x07\x0fa\xee\xc5\x97\
\x80\xe3\xb3\x10Q\x06\xad*5\xf0\x8c\x81\x0f\x99\x81\xa9\
\x10H\xa8\xd8\x93\xf3\x98\xb63\xfc3\xaf\xa9;(\x5c\
\x80\xc1\xb4\xef\xdc\x1e\x86\xc7\xd4\xa4\x89\xf3\x98\xfa&2\
\x229<\xf3\x8f\xff\xbb\x9f\x99\xfe\xec\x7f\xf9?\xb8\xf2\
S\x8e\xab\x0a\x83i\x8e\xc6e0\x05\xfa\x95\xb4\xa4\x05\
V\xa7p\x8bp\xa0bW\xd2\x92*\x1b\x91\x97 I\
\xa9\xfaF\x8c\xb2\x9f\x22m\x1e\xc5{\xdf=\x81[n\
\xf8\x04*\x05\xa0\x18\xb42_\xa1\xe1Q\x85\x8e~_\
\x8a\xfb\xaeL\xf9\x0f~?\x8f\x85\x16\x02T\x92\x94+\
?\xf5\x1e\x07z8\xf3\xc1\x16\xc8\xc3\x02\x1b\xf5\x98\xf6\
\x02\xd3\x84\x80R)\x18E`\x1a\xa1<^F\xb2\xb8\
\x80 \x8e\xb1g\xac\x8c\xe4\xf4i\xbc\xf2\xd4\xd30\x87\
\x0e\xc3-\x00)\x1c\x90\xd2\x16~h[\x22\xfd\xee\x03\
\x9b\x1e`J\x7f\xcb\xe04m\xa9\x00\xf4\xb2\x0f{L\
7\xee1\xd5\x09\xc5\xfe\x06n+\x1f1\x81\xe9\xbb\xa7\
\xaf\xfc\xf4\xef\xed\x0dJ\x98\xae\x003Bp\xf9\xada\
\xdf\x9f\xbc\xea\x0f\xdb\xa2\x03\xdac\x8f){L\xd9c\
\xca\x1e\xd3\x11/;\xdc\xdd\x08<\xa6\xe4-\x8d\x0d\x5c\
\xf1`\xda\xca'0\xd5\xc6 P\x16\xb2\xde\xc0\x94T\
\xd8\x05\x81c\xcf>\x8f7\x9f~\x0eh\xc6$P\x0a\
i\xe8~\x10Yl\xa9\xa1\xf8Q\xca\xec\xcf2\xfdS\
a\xa1)\xbb\x7f\xc9c\x9a}\x10a\xb3m}\x06\xd3\
\xfeS{\x18\x1eS\x02\xd3\xb6\xc7\xd46_\x9b\xf9\xe0\
o\xfc\xd4\xf4\x95\x7f\xf7\x7f\xed-2\x98\xe6\xb6\xae0\
\x98\xe6f\xda\xd5\x1bf0e0e0e0\x1d\xf1\
\xb2\xc3\xdd\xe5\x00\xa6Y\x8c\xa9\xd7\x8a1\x15\x88\xadE\
\xac\x01\xf2\x98j\xe9\xc3\x12\x90J\x09\xdd\xa8\xa1\x98\xa4\
\xd8M\x94\xf4\xe6I\xbc\xfa\xc4\x8f\xa0_;\x8cB\xa9\
\x8cTg\x00\xea\xb9\x8c}\xc0\xa7\xf8R'\xd2\xaf\xb3\
\xec~J\xa4\xea\x01\xa6\xf4\x91(C?\x13\xa2\xea\xf9\
\xbc9\xaf\xc7~\x18`\x9a\xc6\x91\xf3\x98\xd2V\xben\
\x1c\x9a\xf9\xad\xff\xf6\xa7\xa6\xaf\xfe\xbb\xdf\xdf[\xac\xb0\
\xc74\xaf\xc9\xc5`\x9a\x97e{/\x14r\x11\x98z\
e?.\xff\xed\xdf\xb9\xe2\xc3\xb3\xc9\xe4\xe5\xb1\x18\x9b\
\x82\x95Y<;\x95\x9a\x93\x02\x16\x9ek\x81\xe4G\x96\
\x1d\xad\x9a\xccKp\xd3]Vd\xc4\x9f\xc5}s\x1f\
0\x83x+\xbf\xf7\x00\xf1V>i=\xf6\x9f\xc0\xbc\
\x95\xbf\x097\xf5y\xd2\xe5F\xb7\xf2\xd7\x02\xa6\x8a\xe4\
\xf7\x1b5LX\x8b`v\x013\xcf\xbd\x88\xfa\xfe\x03\
\x08\xea\x11\x8aA\x88*\xc5\x90R)S\xad\xe1i\x8b\
\xc0JHW\xda\xd4\xb8\xe7@\x82\xac\xa4\xe9\x99\x15\xa4\
\xe8YAaO\x0c\xa6\xfd\xa6\xebP\xc04j\xc2\xd7\
\x01\x02\x1b\x9b\xb4~p\xe67\x7f\xf5'\xa6\xaf\xfe\xdc\
\x1f\xee-3\x98\xe6\xb6R0\x98\xe6fZ\xf6\x98\x92\
\x05\x18L\x19L\xe3\xc5C\xb8\xe2#\x1f\xc2G\xaf\xf8\
 \x84HA\x89\xcc\xbe%\xfdG\x06\xd3\x11/?\xdc\
]\x97\x054\x80\x06b\xcc \xc0!\x0b\xfc\xd95\x0f\
\xe1\xc7\xcd\x8b\xd1\x08/D\xa0\x0d*\xa5\x0a\x1a\xcd\xd4\
y=\xa9\x00\x13\xfd\xb8-u\x12\xd2\xd7\x805\x06\x13\
E\x1f\xc6jDV#6\x06\xb1\xa1\xcaL\xc2%.\
y$\xeb\xa4c\x84$\x0fe\x80\xea\xab\xaf\xe1\xe8\xa3\
\x8f\x03\xb3\xf3\xd8\x15\x84.1\xaaj)\xe3^P\xb0\
(\xa9\x94\xc2\x83\x82'\x05<\x92\x86R\xb4U\xaf\x97\
<\xa6\xdd\x83\xd7\xfe>\xc7`\xda\x7fJ\x0f\x06\xd3\xcc\
cM\x90\x9f\x95=\x10\xb0$\xf5E\xb9\x0b\x22\x85\x17\
\xc6H\xa3\x08\xbe\x0e3\x8fi\xfd\xd0\xcco|\xe0]\
\xd3_\xfc\xfc\x1f\xed\xbd\xb8\x82ip\x8ci.k\x0a\
\x83i.f\xed\xdd(o\xe5w\xdb\x86\x93\x9f8\xf9\
\x89=\xa6#^\x82\xb8\xbb\x96\x05\xce\x0eL\x0d\xa4\xa2\
\xba\xf7\xb2\x03\xa6\x1a\xa8\x84\x1ef\xab5\xd4\xe8\xcb\xd6\
X\xd1U~R\xdabJ\xf8\x18\xa7-\xf8\xf9\x1a.\
.\x97p\xea\xe5\x97\xf1\xd2\xe3?\x00\xe6\xe6Q\xd2\x06\
\xb6Y'=(4L\xe04OI\x85\x9f\xb0\x88\xc8\
\x97\x00u\xe9\x90\xd9#z\xa5(T+/\xbf%\xb6\
\xcfC\xda\xcb\x02\x83v\xf4<P\xc2-\xcd\x84\xcc\x03\
Mq\xbbVx0\xc6\x03\x84\x86\x17\xd6\x916\xea(\
\x87;a\x1a\x0b\x06\xd1\xf1\x99_\xfb\xc0\xa5\xd3\xd7}\
\xf9\x0f\xf6\x06\x8a\xb7\xf2\xf3\x9ay\x0c\xa6yY\xb6G\
\xbb\x0c\xa6\x0c\xa6m\x0b\xf0V>{LG\xbc\xfcp\
w\xeb\xf6\x98v\x83\xa9\x81\xd1\x12V\x03E\xe5a1\
\x8aP+H\xa0\xe8\x01I\x8aP[\x5c\x00\x85I#\
PN5\xd2S\xa7p\xf4\xc5\x17p\xe2\xc0\x01xQ\
\x03E\xda\xde\xd7\x91\xf3\xca\xd5R\x0fZ\xf4V\x16\x19\
\x14\xcar\xbeg\xdd\x0f\x9a\xd0g\x05\xa6\xc4\xa6N+\
6\x805\x1el\x1bL\x9bU\x94\x83\xdd\xd0\x8dE#\
\xa2c3\xbf\xf6\xfe\xb7O_w\xed\xef\xef\x0d\xd4\xe2\
t\x05\x15\xce\xca\x1f4\x08\xeb\xf8;\x83\xe9:\x8c\xb6\
\x91S\x18L\x19L\x19Ly+\x7f#k\x08\x9f;\
\x1c\x0b\xac\xcfc\xda\xde\xca\xcf\xc0\xd4\xb7\xd2m\xe37\
\x0a\x02)\xf1e\x92\xa0\x0c\x89\x0b\x85\x87\x89\xd4\xa2\xa2\
\x0d\x0e\xfe\xf0\x878\xfa\xe2>\xa0\xba\x88\xa2\xd6(*\
\x09O\x02\xf5X\xa3\x96RE'\x06\xd3\xe1\x8c\xe8\x99\
\xad0\x98\xe6e\xd9|\xdbe0\xcd\xd7\xbeg\xb4\xce\
`\xca`\xca`\xca`:\xe2e\x87\xbb[\xc5\x02\x1b\
\x02S\x03\x07\xa6\xa4\xa3L\xf9\xa95\xcf\x2211H\
by\xa7\xefc\xa7\x95(7b\xd4\xdfx\x13\xfb\x9f\
\xf8!\x9a\xc7\x8f\xc3\xa7\xec\xfb8A\xd1W\x08}\x85\
\xf9j\x03\x91\xf0\x19Ls\x9c\x9d\x0c\xa69\x1a7\xc7\
\xa6\x19Ls4\xeejM3\x982\x982\x982\x98\
\x8ex\xd9\xe1\xee\xd6\x04\xa6\x0f\xe3\xc7\xcd\x0b\x97%?\
5\x1b\xb1K~\x22\xa7f+\x144\x8b1m\x81i\
A\xf9\xae2\xd3B\x1a!I\x22\x8c\x07\x1e.\x08J\
\x18o&\xf0\xe6\xabx\xe9\x89'0w\xf8(\x82X\
;\xf1|\xbdXuP\xaa\x02\x85\xb9j\x0d\xd6+\xba\
\xac\xfc^\x07o\xe5ol\xea2\x98n\xcc~\x9bu\
6\x83\xe9\x88-\xcf`\xca`\xca`\xca`:\xe2e\
\x87\xbb\x1b\x04\xa6\x06\xf8\xb3/\x0f\x06Sj\x86D\xf3\
\x8di\xc5\x98\x86\x81\xcb\xd4_\x8c\x1a0q\x03;\x8b\
c\x98\xa4\x8c\xfa\x133\x88\xdf<\x85\xfd\x8f>\x0a$\
\x06e\xa9\xe0%\x06I\xad\x01E\xc9M\xbeB=N\
`<\xaf\xaf\x0e)\x83\xe9\xc6\xa6.\x83\xe9\xc6\xec\xb7\
Yg3\x98\x8e\xd8\xf2\x0c\xa6\x0c\xa6\x0c\xa6\x0c\xa6#\
^v\xb8\xbb\x0d\x82\xa9T\x06B\xb52\xe4\x8du\xc9\
O\x94\x81_\x08B(O\xa0\x11\xd5!HD?\x08\
\x11\xd4\x9b\x98;\xf0*f\x0f\x1eB\xf5\xc81xR\
A\x91\xecTjP\x10\x0ai\x9a\x22\x82AP,\xa1\
\x1e\xc7N\xa3\x94=\xa6\xf9LQ\x06\xd3|\xec\x9aw\
\xab\x0c\xa6y[xE\xfb\x0c\xa6\x0c\xa6\x0c\xa6\x0c\xa6\
#^v\xb8\xbb!\x80\xa9\xa4\xc2'N\xc7\x94\xc04\
\xd31\x0d=\x1f\x81\xa7\x90\xa41|\x9d`\xa7\xf2\x81\
\xd3\xf3x\xfd\xe9\x1fc\xe6\xa5\x03\x90R!\xd0@s\
v\x1e\x221\xd891\x85F\x14\xa1a\x12\x8c\xef\x9a\
\xc2\xc2\xfc\x22\x83i\x8e\xb3\x93\xc14G\xe3\xe6\xd84\
\x83i\x8e\xc6]\xadi\x06S\x06S\x06S\x06\xd3\x11\
/;\xdc\xdd:\xc14j&\x99\xc0\xbe2\xe8\x06S\
J|\x826\x08HPT\xa7\x88\x1a5T\xa4\x87)\
\xa1\xf0\xe6\x8b/\xe3\xd8\xf3\xfb\xe0\xa7\xb4u_\x85\xd4\
@`\x00O\xb7k\xdc\x03\xb1\x12.iJ\xeb\x96\x86\
&\x8fP.\x16`0\xcd\xc5\xac\xb97\xca`\x9a\xbb\
\x89\x97w\xc0`\xca`\xca`\xca`:\xe2e\x87\xbb\
\x1b\x12\x98R3\x9a\xca\x85j\x01\x91\xa6\xd81VD\
Z_DAx(j`\xe1\xd5\xd7\xf0\xfa\xb3/ \
9~2+d\x0f\x03i20\xa5We\xa4K\x96\
J\xa4p\xaf&e0\xcdsr2\x98\xe6i\xdd\xfc\
\xdaf0\xcd\xcf\xb6\xab\xb6\xcc`\xca`\xca`\xca`\
:\xe2e\x87\xbb\xeb\x01\xa6\xb5VI\xd2\xd7V$?\
\x85\xda`\xbcX\x81\xf3\x98\xba\x8c|\x0b\xb4\xe4Fi\
\x1b\xdf\x18\x01\x95\xa6\xd8U\xf4\xa1kUL\x16\xcb0\
\xf3\x8bxq\xfa\x09,\xbe\xfcJV\xaa\xc9XP\x1e\
\x14\x95\x0f\xf5\x8c\x84k\xc2\xc0\x01iD\xc5\x9e\xa82\
TJ\xe9\xfd<<yY\x80\xc14/\xcb\xe6\xdb.\
\x83i\xbe\xf6=\xa3u\x06S\x06S\x06S\x06\xd3\x11\
/;\xdc\xdd\xba\xc0t\x0cQ\xd4\xde\xca\xb7\x90\xe4\xe1\
\xa4\x18S\x07\xa6\x16^\xa2\xb1K\x02%k\xa0b\x8d\
7\x0e\x1c\xc4\xabO>\x0b\xcc-\x22\x08B\xe7\x0d\xd5\
\xad\xa2\xf6\xbe\x86\x03S\xfa\x95\x80\x94\xc0\xd4P\x18@\
\xc2`\x9a\xe7\xe4d0\xcd\xd3\xba\xf9\xb5\xcd`\x9a\x9f\
m\xd9c\x0a@\xb5\x16\xe6\xd5\xcd,)<\x0bJ\x02\
\x81\x8a\xa1$\xd5-\x96\xd0\xd6\x22I\x15\x8c\x8dQ\xf6\
S\xa4\xcd\xa3x\xef\xbb'p\xcb\x0d\x9f@\xa5\x00\x14\
I\xc5\xda\x95\x8f\xd3N\xe0\xba\xdf1Hn%\xef\xe1\
\xefW2\x90K\x92rI\xd2\xbc\xe7\x1f\xb7\xdf\xdb\x02\
\xb4\x89\xde\xdfc\xda\x1bLi\x9b\xdeO\x12\x5c\xa4$\
v\xfb>\x8e\x1f8\x84\xe7\x1f{\x0a\xfa\xd4<J\xd2\
\x87N4\xe2$\x81\x08\xa8\xb4\xa5E\x1bL\x951+\
<\xa6-R\xe5\x81\xca\xc5\x02\x0c\xa6\xb9\x985\xf7F\
\x19Ls7\xf1\xf2\x0e\xd8c\xca\x1eS\xf6\x98\xb2\xc7\
t\xc4\xcb\x0ewwV\x1e\xd3\xdd\x0850^\xec\x0f\
\xa6\x858\xc1[\x95E\xa9\x11\xe3\xc5'\x9f\xc6\xb1\xa7\
_\x80\x0f\x1f\xe5\xa0\x80\xdaB\x0d\x89\xd5\x10\xa5\xd0\xed\
\xd4\xfb\xc6\xb6\xb6\xf2\x0d\x8c4\x99\xc7TH\xd8\x94\xc1\
4\xcf\xc9\xc9`\x9a\xa7u\xf3k\x9b\xc14?\xdb\xb2\
\xc7\x94=\xa6`\x8fi\x03\xf1\xe2!\x5c\xf1\x91\x0f\xe1\
\xa3W|\x10B\xa4(\x05\x0c\xa6#^v\xb8\xbb!\
\x81)5\xe3*?i\x8bb\x14\xe1\xe28\xc2\xa9\x17\
_\xc2\xeb/\xbe\x02\xbdPGE\x84\xb0\xcd\x04\xcd8\
\x86\xf5}h_\xc1\x0a\xb3\x04\xa6\x9e\xf3\x98\xb6\xc0T\
\x026\xa1@S~\x0c\xe75A\x19L\xf3\xb2l\xbe\
\xed\xf2\x1d\x91\xaf}\xcfh\x9d=\xa6\xec1e\x8f)\
\x83\xe9\x88\x97\x1d\xee\xae\x0f\x98\xce!\xc0\xa1\x7f\x80\xcd\
\xff\xe7\x9a\xac\xf2S3$\x8f\xa9F\xb94\x86f\x94\
\xc2*/K\x80\x92\xc2\xc5\x88\xaa\xd48\xb1\xfcR\xd4\
\xc4\xd4b\x15?\xfa\xe6\xb7\x11\x9d\x9a\xc3\xae\x9d\x17\x00\
\xb5\x04\xb3\xa7f \x94B86\x86\x06\xe9J\x09\xe3\
\x92\x9e\x94\xb5\x90\x94\xd1/H.\xca\xb8\xb0%C\x1e\
S\xf0c8\xaf\x09\xca`\x9a\x97e\xf3m\x97\xef\x88\
|\xed\xcb`\xca1\xa6=g\x18\xc7\x98r\x8c\xe9\x88\
\x97\x1f\xee\xae\xcb\x02\x14c\xda@\x8cY\x04xM\x03\
\xff\xfeK\x8f`\x7fr\x09jj\x07*\x81@\xb1X\
D\xd5\x00s\x8d&\x84W\x00\xc5\xab\x9bj\x03S*\
\xc0n\xcf\x83\x9a\x9d\xc3S\xb7\xdf\x09?I]V\x94\
\xd0$#e\x9d\xbeiJ\x00j)\x1d\xbf\x13\x03/\
)\xf9\xc9\xc5\xc6gITK\xbf\xf0\xa8\xe4f\x01\x06\
\xd3\xdcL\x9bk\xc3\x0c\xa6\xb9\x9a\xf7\xcc\xc6\xd9c\xca\
\x1eS\xf6\x98\xb2\xc7t\xc4\xcb\x0ew\xd7\xc3cJ`\
J\x1e\xd3W\xff\x81R\xff\xe2\x0bm0\x1dG%\x14\
(\x94B\x9clDhJ\x1f\x91\x91\x10)0\x01\x1f\
\xbb\x95\x0f\xff\xf4i4^}\x1d\x87\x9ex\x0aAj\
\x5cyR\x02Q\xda\xe2\xa7\xff6\x96\xf4\xa2@n\xd6\
\x15=\xaf\xfc\xbd\xf5>\x1e\xa1\x5c,\xc0`\x9a\x8bY\
so\x94\xc14w\x13/\xef\x80\xc1\x94\xc1\x94\xc1\x94\
\xc1t\xc4\xcb\x0ew\xd7\x03L)+\x7f\x1e\x01^O\
\x81?\xff\xe24^v\x1e\xd3q\x8c\x87\x02a\xb1\x88\
c\x0b\x8b\x10\xa52\xaa\xcd\x14\x22\xd1\xb8t|\x0a\xe3\
\xb1\xc5\xc9\x1f?\x87S\xfb^Fr\xea4|\xf2\x94\
\x12\x94\xb6\xe1\xd4\x81i\xab\xc3\x9ed\xd4\x06T\x06\xd3\
<''\x83i\x9e\xd6\xcd\xafm\x06\xd3\xfcl\xbbj\
\xcb\x0c\xa6\x0c\xa6\x0c\xa6\x0c\xa6#^v\xb8\xbb5\x80\
\xe9_|q\x1a\xfb\x93\x8bPW\xe41U\x08K!\
\xde\x98\xaf\xc1/\x8dc\xb1VG\x08\x0f\x97ML \
>|\x1a\x07\x1f~\x0c\xcd\xa3\xc7\xe0i\xe3bG\x09\
L\xbb\x7f\x5c\xd1\xa7\xbe\x07\x83\xe9 \x0b\x0d\xe3\xef\x0c\
\xa6\xc3\xb0\xe2\xe8\xdb`0\x1d\xb1\xcd\x19L\x19L\x19\
L\x19LG\xbc\xecpw=\xc14\xc5<<\xe71\
\xfd\x8b/~\x1f\xfb\xd3\x8bPS\x13\x18\x0f\xa4\x8b1\
\x9dk\xa6\xb0\xd2G\xdc\x88QQ\x01\xa6\xe0\xe1\xe8S\
\xcf\xe2\xcd'\x9f\x81o4\xac\xd6 \xc4l\xabo,\
\xbd\xb6\x1c\xa1\x9a\xcb:m\xea\xdcc0\xddT\xf3\xaf\
\xbbs\x06\xd3u\x9bn}'2\x982\x982\x982\
\x98\xaeo\xf5\xe0\xb3\x86i\x81L`?\x03SJ~\
\x220\xdd\xa7/DC\xec@%\x94\x18+\x14\x11\xa5\
\x12\x9a\xde\x18\xa5\x08\x13\x8b\xe4\x8dSx\xed\xa9\xa7\xa1\
_;\x8e\xc9\xb12j\xcd\xfa\xaajO\xed\x10SJ\
\x82\xe2c\xf3,\xc0`\xbay\xb6\xdfH\xcf\x0c\xa6\x1b\
\xb1\xde:\xcee0e0e0e0]\xc7\xd2\xc1\
\xa7\x0c\xd9\x02YV\xbe\xc1,d++\xff\xfbxI\
_\x88\xaa\xda\x81\x09\xdf\xc3xXD\x1a\x91<\x94\x80\
\x9fZ\xd4N\x9c\xc4\xf1\xe7^D\xfd\xe0\xeb\x08b\x83\
\x8a_\xc0BT[\x06\xa6++\xcd\xe94\x03S\x97\
\x85\xcf\xc7\xc8-\xc0`:r\x93\x0f\xa5C\xbe]\x86\
b\xc6\xb57\xc2`\xca`\xca`\xca`\xba\xf6\x15\x83\
\xdf\x99\x97\x0520\x05\xe6\x00\xa7c\xfag_\xfa.\
\xf6\xe9\x8b\x9d\x5c\xd4\x0e\xcf\xc3\x8e`\x0c\xa6\x9a\xa0(\
\x02\x14\x12\x8d\xe3\xfb\x0e\xe0\xd0\xe3O\x00\xd5&&\x8b\
c0q\x8aF\xd2\x84Q\x9d\xc7h\x1bL\xdb\xafi\
B\xbd0\x98\xe65\x86\x83\xdae0\x1dd\xa1\xad\xf9\
w\x06\xd3\x11\x8f\x0b\x83)\x83)\x83)\x83\xe9\x88\x97\
\x1d\xeen\x15\x0b\x102\xc6\x00N\x18\xe0\x90\x06>\xfe\
\x85ob\xbf\xdc\x838\xdc\x8d\x0a\x95$\x15\x05`!\
\xc6\xa5;\xa6p\xfa\x95\xc3x\xee\x07?@:;\xef\
\xb2\xf0\x93\x85\x06L\x1c!(\x17a\x04yE\xb3d\
\xa6\x9eE\x9cZ\x7fX\xe99\xedW\x19\x8e\x07m\xe3\
\x16`0\xdd\xb8\x0d7\xa3\x05\x06\xd3\x11[\x9d\xc1\x94\
\xc1\x94\xc1\x94\xc1t\xc4\xcb\x0ew\xd7\x07LOY\xe0\
5\x00\xff\xf7U\xdf\xc4\x8b\xf6\x12D\xfeN\x8c\xc5\xc0\
\x14\x0a\xd8aK0\xa7\x17\xf1\xc6\xbe}8\xf5\xea!\
\xa0\x19\xc1\xd3\x16Q#\x86\xd6\x09\xbc\xc0c0\xdd\xc2\
\xb3\x8b\xc1t\x0b\x0fN\x9fKc0\x1d\xf1\xb81\x98\
2\x982\x982\x98\x8ex\xd9\xe1\xeez\x80i\xb3\xb5\
\x95\x7f\xf8\x1f\xb6\xf5\xff\xe4\xaao\xe1\x05s\x11bo\
7\xca1\xb0C\x07\x980E\x1cz\xf2i\x9c\xd8\xbf\
\x1fA\x14\xc1#\xef\xa8\x11\xd0\xc6\x22I\x12\xc0m\xe3\
\x9f\x99\xe0d\xc5J!\xfd\x15\x17\xd0\xf2\xa0r\xd6~\
\xbeS\x93\xc14_\xfb\xe6\xd5:\x83i^\x96\xed\xd1\
.\x83)\x83)\x83)\x83\xe9\x88\x97\x1d\xee\xae\x07\x98\
\xd6\x01\xcc\x038\x02\xe0O\xaf\xfc\x06\x0e\xca\xb7\xc2\x16\
/\xc6X$PN|\xcc\x1d|\x03\x07\x9ex\x06\xe6\
\xcd\xe3\x18\x0b\x15\xa0SH)!T\x88\x85Z\x0d\x9e\
+9\xca`\xbaU'\x18\x83\xe9V\x1d\x99\xfe\xd7\xc5\
`:\xe2qc0e0e0e0\x1d\xf1\xb2\xc3\
\xdd\xadb\x81\x7f\x90.E\xad\xe51=N\x95\x9f\xae\
\xbc\x07o\x86\xef\x84_~;\xbcZ\x0a\xb9\x98\xe2\xa9\
\x07\x1fEt\xec\x04\xfc4BI\x19\xc4\xb5\x1a\x82\xa0\
\x00\x19\x141;\xb7\x00/\xf4z\xd8v@\xcci\xeb\
\xac\xc1B\xfc<t\x1b\xb1\x00\x83\xe9F\xac\xb7y\xe7\
2\x98\x8e\xd8\xf6\x0c\xa6\x0c\xa6\x0c\xa6\x0c\xa6#^v\
\xb8\xbbU,@\x89O\xe41\x9d\x05\xf0F\x04|\xe2\
\xca\xafa&\xfc\x09x\xc5=\x88N,b\xf1\xf8,\
\xf6}\xf71@H\x8c{\x80\xd4M$\x8d\x06<\xe5\
;\xd1\xfdZ=\x86\xf2\xe5*\xfeR\xea\x8c\xc1t+\
L:\x06\xd3\xad0\x0ag\x7f\x0d\x0c\xa6go\xb3\x0d\
\x9d\xc1`\xca`\xca`\xca`\xba\xa1E\x84;\xf0z\
o\x00\x00 \x00IDATO\x1e\x8a\x05\x08L\x17\
`\xddV\xfeL,\xf0WW\xde\x8eY\xf5Nh\xec\
\xc2\x89\xfdGp\xe4\xe5#\xa8\x1f=\x09\x19\x04\xf0t\
\x1d\xbe\x89\x11H\x01\x1d\x1b$\xa9\x82\xf2C\xc4&\xed\
\x01\xa6\xd9%\x0e\x8a5e\x8f\xe9P\x86\xb2g#\x0c\
\xa6\xf9\xda7\xaf\xd6\x19L\xf3\xb2l\x8fv\x19L\x19\
L\x19L\x19LG\xbc\xec\x9cg\xdd\xadVm\xe9\xcc\
d$\xda\xca\x9fC\x84*|\xcci\x89\xbf\xfe\xec\x9d\
\x98\xd5{P\x8b\xc6q\xe8\xe9Wp\xf4\xb9\xfdP\x85\
qH\x93 \xa9\x9e\x86\xef\x01\x93\xe3\x15\xd4\xabU4\
j)&w]\x88\x85Z\x15\xa6\xe5\x1d]i\xe4,\
\xbf\xa9\x7f\x12\x14\x83i\xbeS\x93\xc14_\xfb\xe6\xd5\
:\x83i^\x96e0u\x16P\xc2\xf6\xb1\xb0\xa4\x5c\
\x02(\x09\x04*\x86\x92\x16\x16\x12\xdaZ\xe7\x9106\
F\xd9O\x916\x8f\xe2\xbd\xef\x9e\xc0-7|\x02\x95\
\x02P\x0c\xb26-4<K\xc9\x07\xbd\x8f\x95\x95X\
F<\xdcK5\xb4W\xebW\x0b\x81\xa6\x06n\xbc\xf5\
q|\xec\xe3{!\x0a{ \x0b\xe3\x98\x8f\x1b\x10\x81\
D\x9a\x1a\xf8\xa2\x08a\x05$\x12\x08\x18g\x1f\xa7\x85\
h=\xa7\x99hm&\xe0\xdd\xeb\xd0=\x85\x15\xd7f\
\x89~\xe3G\xd7a4@6.C\xbb\xf1\xd3\xd2 \
\xb5@\x9c\x86\x10&\xc2d\xa9\x81x\xf1\x10\xae\xf8\xc8\
\x87\xf0\xd1+>\x08!R\x94\x02\x06\xd3\xb5Y\x9f\xdf\
5H\xe7\x93\xee\x0d\xb7\x16,\xad3\x06\x10t\x9fd\
kD\x9c\xc4n\xeb\xdd\x93>\xac\x150\xa9\x86\xd6\x16\
B(\x18\x0f\xa8\x8a:\x1a\xb2\x88\x13M\x85\xff\xfc\x85\
\x070[\xdf\x89W\x0eVq\xfa\xf5y4\xe6c,\
\xcc\xcc\x026\x02d\x04)(\xf1\x09\x08<\x0f\xbe\xf0\
!\xa5\x87z3\x81v\x19\xf8\xab\x03(]\x7fv\xbf\
\xf6\xfa;\x8fq\x9e\x16`0\xcd\xd3\xba\xf9\xb5\xcd`\
\x9a\x9fmWm\x99=\xa6\xddfa0e0\xed\xf7\
\xc5%\x83^>\xce_\x0b\x0c\x02S\xa0=?h\x1e\
\xb5<\xa5]`j\xacA\x12\xa7\xa0\xefo\xbe\x1f\xc2\
W^\x06\xa8I\x8aDX\xd8\xd0\xc3,\x04\x8e-\x00\
\x9f\xfa\xfc\xbdx\xe5\xb0\xc6\xb3\xcf\xbc\x81\xfa)\x8d\x82\
WB\xdal\x00\x22\x81\x911\xacL\x1c\x98zR!\
l\x81i\x8d\xdavP\xba:x.\xc9A1\x98n\
\xca$\x1e\xb4|x\xee+L\xe7\xcb=\x8d\xa5\x15\x01\
\xac\xa1/\xfe\x1a^XG\xda\xac\xa2\x1c\xec\x86n,\
\x1a\x11\x1d\x9b\xf9\xb5\xf7\xbf}\xfa\xbak\x7f\x7fo\xa0\
\x16\xa7+\xa8\xcc\x08\xe1*,\xf01D\x0b\xf0\xaa?\
Dc\xae\xa5)\x06S\x06\xd3\xb6\x05\xd8c*\xba<\
]\xab\xdf=\x0c\xa6kYU\xce\xdd\xf7\x9c\x09\xa6\xab\
I3u>\xff\xca\x0d\x9a\xa5\xd2\xa0\xa9q\xba\xa3:\
I!\x15P(\x14`\x95\x8f\x97\x8e\x1c\xc7\xe4[.\
F\xd5\x02\x7f\xf6\x97\xf7\xe2\x91\xc7\x0f\xe3\xf8\xb1&B\
1\x81rX\xc1\xdc\xa9\x93\x19\x98\x8a\x08Fh'\x15\
\xe5K\x05Ox\x90\xc2G=m\x83\xe9\xeac\xc0`\
\xba\xb9s\x93\xc1ts\xed\xbf\xde\xde\x19L\xd7k\xb9\
u\x9e\xc7`\xca`\xca`\xca[\xf9\xeb\x5c>\xce\xbb\
\xd3\x96\x83\xe9jP\xba\xfc\xdf\xc4\x92g2\xf3`\x1a\
\x93\x01)\x1da\x18.y\xe0\x9b\xcd&\x9aZ\xc0\x1f\
\x0bq\xb2\x09\xec{\x0d\xf8\xf3\xbf\xba\x1aO?{\x1c\
qT@(\xc7!\xad\x80MS@P\x82S\x0cK\
\x9eX\x07\xa5\x0a\xca\x81\xa9\x87f\xaa{\x97!\x05\xc0\
`\xba\xb9S\x96\xc1ts\xed\xbf\xde\xde\x19L\xd7k\
\xb9u\x9e\xc7`\xca`\xca`\xca`\xba\xce\xe5\xe3<\
:-\x03\xceU\xb7\xf2\xbbvNW\x06\x82,=\xd0\
Z\x80\x1a\xc7\xa9\x83Q!\xb3-\xfc\xd4\x1aW\xd0^\
z$\x92\x0f\x9cX\x00\xbe\xf4\x95\x87\xf0\x9dG\x9e\xc1\
\xf4\xe3/Ax;\xa1D\x05\xd0\x1e\x8a~\x08\x93\xc6\
\xb06A*S\x18ka\x85\xe7\xe2S=\x1180\
\x8d5\x01k\xefa\x19\x14\xe3m\xfbG\xb2\x9cG\xe3\
\x9d\xcfGe0\xcd\xc7\xaey\xb7\xca`\x9a\xb7\x85W\
\xb4\xcf`\xca`\xca`\xca`:\xe2eg\x1bv\xd7\
\x03LW\x84\xf3us]+\x0d\xaa\xeb\xb3\x0aDq\
\x8a0(\xba\xe8\xd3\x85\xc5\x14\xd2\xf3P(\x02\xa7N\
\x03\xfb^>\x86\xab\xae\xb9\x0b\xdf~\xe8\x87\xa8&>\
\xe2$@\xa1r\x11\xc2B\x05\xc2x(\x84>j\x0b\
\xf3\xb0\xa0\x84\xbe\xd4y?\x0d\x14\xa4(@8@\x15\
\xd0.\xf9\xb0w\x88!\x83\xe9\xe6N=\x06\xd3\xcd\xb5\
\xffz{g0]\xaf\xe5\xd6y\x1e\x83)\x83)\x83\
)\x83\xe9:\x97\x8f\xf3\xe8\xb4\x15`\xda+\xbf\xa4\xbd\
u\xef\xfe\xdeN\x80\xa2\xac|:$\x9a\x89Ej}\
$\x09yL\x01\xe1\x03\xaf\x1f6\xb8\xe3k\xf7\xe2\xf6\
\xaf}\x0bG\xdf\x88PmJ\x5c\xfa\xae\x9fA\xb5\xa1\
13\xdfD\x18\x96\x5c,j\x1c7Q\x19+9\xe5\
\x0b\x02SR\x9b0\xf0\x01\x11B p`jAj\
\xa8\xbd\xe5\xa9Ha\xa4\xdf\xc1\x1e\xd3|\xa74\x83i\
\xbe\xf6\xcd\xabu\x06\xd3\xbc,\xdb\xa3]\x06S\x06S\
\x06S\x06\xd3\x11/;\xdb\xb0\xbb\xb5\x81i'\xa6\x94\
d\xa2\xb2\x88N\xf2k\x92\xb6\xa8\x85BS+$\x89\
\x84\xf4\x81\x999\xe0\x9e\xfb\x9e\xc2\x17\xbf|#\x9e\x7f\
\xe1\x00\x0a\xa5\xdd\xb8\xf8-?\x8d\x83/\x1f\xc1\xd8\xd4\
nX\x15 I5\xc6\xc7w8\x18\xb5F#Mc\
\x18\x93B[\x03c\x15\xb4\xf5`D\x00\x01?\x0b\x11\
`0\xdd\xd2s\x8b\xc1tK\x0fO\xcf\x8bc0\x1d\
\xf1\xb81\x982\x982\x982\x98\x8ex\xd9\xd9\xb4\xee\
\x06\xcb=\xf5\xbf4A\x92N\xa4\x05j\x8c{\xa5\xac\
x\xfa!/\xa5\xd1\x1aQ\xbd\xe12\xec\x85\xaf\x10G\
\x11\x1aQ\x13^\xa1\x00\xcf/\xa2\x1e\x01\xa9U !\
\xfd\x87\x1e9\x88\xcf\x7f\xe1f<\xfa\x83\x17P(L\
!(\xee\xc0\xdc|\x13Aq\x0a0>\x8c\xd3\x22%\
\xa8\x95N\x075\xf3\x82\x92\x8b5\xfbo\xa7\x1f\x0c\x05\
\x0b\xaf\x05\xa7\x1e\x9c\x02\x80\x8d\xdd_:\xc7r\xd9\xa8\
3=\xa6\xfc\xc8\x1d\xe5dd0\x1d\xa5\xb5\x87\xd7\x17\
\xdf%\xc3\xb3\xe5\x9aZb0e0e0e0]\
\xd3bq\x0e\xbci\xa3`:;{\x1a\xa5R\xc9\xc1\
\xe7\x19\x07\xc5w\x1a\x12\xcc\xd7X\xa8\xd6\x1c\x8c\x96*\
\x15$\x16\x98\xafZ(_\xe0\xb9\x97fq\xc3\xcd\xf7\
\xe2\xee{\xbe\x83\xf9\xba@e\xe2b\x18[t\xdb\xfb\
\x14KZ\xad\xa6\xaeX\x05=\x08\x855.\xf3\xde\x09\
\xf4\x0b\x03\xe3\xc83\x83Ni\xbb\xc1\x94\x8a\x5cd\x00\
*L\xca`\xba\x85\xe7)\x83\xe9\x16\x1e\x9c>\x97\xc6\
`:\xe2qc0e0e0e0\x1d\xf1\xb2\xb3\
i\xddm\x14L\xdb:\xa4\xe41\x8d\xe3\xd8A\xa8\x03\
E)\xddv{\x18x\xd9\xef^\x01\xd5\xba\xc6b\xdd\
\xc2/zx\xf5h\x82o}\xfb1\xdct\xdb\xd7\xf1\
\xfa\xb1Y4b\x85\xa9\xddo\x03T\x01\xa7N/ \
\xd5\x02\x13\x93\xbbPoh\x08\xa3\x1c\x5cR\xc4\xa8\xf3\
\x8e:(m\xbf\x12\x94\x12\xb4\xb6D\xf4\xadDJ5\
\xd8Z\xc4#L\xaf\x82\xa4\x99\xc9;\x1eS~\xd4n\
\xc6$d0\xdd\x0c\xabo\xbcO\xbe[6n\xc3\xb3\
j\x81\xc1\x94\xc1\x94\xc1\x94\xc1\xf4\xac\x16\x8dm\xfc\xe6\
a\x80i\x14E\xa0\x1f\xcf\xf3P,\x96\xd0\x0d\x1b\x84\
\x92Q\x02Tk\x09\x0ac>b\x03\xdc~\xd7\xb3\xd8\
\xfb\xd5\xbb\xf1\xea\x91Y\x1c\x7fs\x11\xe3;\xdf\x82b\
q\x12\xb5H#N4\x94O\x89K\x0aQL\xb1\xa8\
\xcayC\x95]\x0e\xa6Z\x00\xba\xb5+O\x8eSe\
\xe4Rm'\xf2\xa1\xa6\xad\xbf\x91\xd3v\xf5\x9aO\x0c\
\xa6[a\xda2\x98n\x85Q8\xfbk`0={\
\x9bm\xe8\x0c\x06S\x06S\x06S\x06\xd3\x0d-\x22\xdb\
\xe8\xe4\xf5\x83i\xf6h\x8a\xe3\xc4yI\xc9C\x1a\x04\
\x81\x0b\xfb\x8c\x93\x18ILD(\xa1\x11\x02\x0a\x10\x1e\
\xf0\xf0c\xc7\xf0_>{=\x1e}\xe2yx\x85\xdd\
\x10\xc18\xbc`\x87\x8b5\xad7b\xe8\xd4@\x05\x05\
\x14\x8a\x81k/\xd5\x16qj\x9dGTQ\xfc*i\
\x9c\xbar\xa6\x19xj\xb7]/],\xa9j\xfd\xb4\
=\xaaZ\x12\xd4\x92K\xb4w9\xd2\xccc\xba\x8d\x06\
\xeb\x1c\xbcT\x06\xd3\xed9\xa8\x0c\xa6#\x1e7\x06S\
\x06S\x06S\x06\xd3\x11/;\x9b\xd6\xddF\xc14M\
5<O\xb9\x18P*\xc2T\xab\xd5\x1c\xa8\x16\x8bE\
\x04E\x1f\xb3U\xe0\xd0\xd1\x04{\xf7\xde\x84\xaf\xdez\
\x0fjM\x1f\x13\xbb.\x85\x96cHt\x88\xc5Z\x0a\
\xa1\x8a(\x14\x8a\x0el\xd34E\xa3Q\x87\xb0\x1a\x1e\
\xfd\x0e\xe1<\x9e\x9e1\xcek\xea`R\x10\x98J\x07\
\xa6\xc6f\xf1\xa5\xbe\xc9\xe0\x952\xff]%(\xa9a\
\xc8\xab\xaa}\x07\xaf\xbd\x0e\x06\xd3M\x9bz\xaec\x06\
\xd3\xcd\xb5\xffz{g0]\xaf\xe5\xd6y\x1e\x83)\
\x83)\x83)\x83\xe9:\x97\x8fmw\xda`0mg\
\xb4\xaf\x84\xbb\xec\xd1\xd4l$\xf0}\x82?*/j\
\xe1\xfb\xc2\xc1\x06\x85\x9a\x9e\x9e\x07\xee\xbc\xffI\x5c{\
\xe3\xddx\xee\xb9\x97\xb1\xeb\xe2K\x01\x7f\x1co\x9c\xae\
!J=\x04\xa5I\xc4\x89\x80\xf2)qJ\xc2$\x94\
\xa8$\x10\xfa\xcaIAEI\x136\xf0\x9c\xa7\xd4\x81\
g\xebR\x08H\x13E`*\x9cD\x944\xc8\xfe\x0e\
\xed~\xac\x88\xa1U\xe22\xf5S\xe3\xbbL}\x06\xd3\
\xad95\x19L\xb7\xe6\xb8\x0c\xba*\x06\xd3A\x16\x1a\
\xf2\xdf\x19L\x19L\x19L\x19L\x87\xbc\xacl\xd9\xe6\
:`\xba\xa2\xa6}K\x0e\xbf\xbdu\xde\xde2\xef|\
\x10\x02U\xe1\xfe\x9f\x8e8\x85\xf3^*/\xab\xdat\
\xdf}\xdf\xc2\xd7\xee~\x10\xdfyx?&/|\x17\
\xc2\xc2\x18\xe6k1\xa2T@\xf8EX\x11B\xc3G\
\xdcH \xc3\x92\x83[a,\xd28q\xdeR\xa5\x14\
\xa4\xaf\x10\x99\xd8m\xe5\x93\xc7\xd4ue\xa5+1\x9a\
yL\x05\xac\x11.\xf1\xc9\xb7\xe4Q%\x14m{L\
\x13\x97\x99\x9fj\x1f\xb6\x95\xa1\xbf\xda \xb0\xc7ts\
\xa7&\x83\xe9\xe6\xda\x7f\xbd\xbd3\x98\xae\xd7r\xeb<\
\x8f\xc1\x94\xc1\x94\xc1\x94\xc1t\x9d\xcb\xc7\x96;\xad]\
c\xa9]0\xde),u\x1d\x0e\x0c\xbauA3\xdf\
\xe7\xd2;(\xc7>NS\xa7Q\x1ax\x1e<*`\
\xef\x12\x9a\x12P\x9d\xfb\xb08\x8eZ\xd3\xc0\x0b$b\
\x0b<\xf2\xe8I\x5cs\xfd\xedx\xe8\xa1\x1fa\xbe\x06\
\x14\xcb\x17#\x11\xa1\xf3\x88:\x0dR\x97[\x9f\xc99\
\xd1\xab\xb5\xc2\xe5\xdb\xb7\x0f\x82\xd0\xf6A[\xf1Y\xb5\
\xa8l3\xbe}\xed\x04\xa6K\xefo]\x0f\xfd\x93\xb4\
\xb6\xd5R\xa6mJ\xe1\xa5\xe4Q\xedn\x7f\xe5\x00\x0d\
\xf6\x18o\xb9!=\xa7.\x88\xc1t{\x0e'\x83\xe9\
\x88\xc7\x8d\xc1\x94\xc1\x94\xc1\x94\xc1t\xc4\xcbNn\xdd\
\xf5\x05\xd3\xb6\xc3S\x90\xc4}\x1b\x02\xbb\xb7\xee\x0d\xe6\
\x16\xe7Q\xae\x94!\xa0\xd0h4P\xaf5\xe0y\x01\
\xfc\xb0\x08P\x85%\xe5\xb92\xa2/\x1fJq\xdb\x9d\
\xdf\xc6\x1dw}\x0f\x87^\x9bEX\xdc\x8d\xf2\xe4E\
89\xdb\x84Ye+\xbd\xed\xc5l\x83\xe1\x19EC\
\xdb\xc4\xd2#9\x89\xb0\x96\x0e\xb5\xc2\x1b\xba\x12l\xc9\
\x8b\x9b\x01\xee\xea\x07\x83inSoM\x0d3\x98\xae\
\xc9L[\xeeM\x0c\xa6#\x1e\x12\x06S\x06S\x06S\
\x06\xd3\x11/;\xb9ughk{\x95\xe4\x9f\xcc\xfb\
h@\x95\x9b\xda^\xc9\xec\x22\x9c\xef\xd1m\x99g\x9e\
\xd4\x08\xb5\xa8\x0a\x9d\x0a\x14\xc2\x0a|/t\xf2O\x14\
C\xea\xea\xda\x1f\xd5\xf8\xc6\xdf?\x84\xdb\xef\xfa\x16\x9e\
\x7f\xe9\x08\xac\x18GX\xda\x898\x09\xb1X\xd7\x10A\
)W0\xcd\xaaLu\xbc\xa9mC\x12\xa0\x12\x902\
\x98\xe66\xb5\x86\xd20\x83\xe9P\xcc8\xf2F\x18L\
Glr\x06S\x06S\x06S\x06\xd3\x11/;\xb9u\
\x97\x81)\x1d\xed\xe4\xa5\xcc7I\x1b\xe8\x04\xa4\x99h\
}\xf7\xdfU\x06\xa5\xadcn\xf18&\xc6'\x00\x04\
\xa8\xd7-\xac\xf0\xe1\x05\xc0\x9b'\x80\xfd\xaf\x9c\xc4U\
_\xba\x1e\xcf\xed{\x0do\x9c\x5c@al\x17 \xcb\
\x98]\xa8\xc3\xa2\x80\xa9\x9d\x17c\xb6J\x1e\xd33\xb3\
\xe2\x87\xe51e0\xcdm\xea\x8c\xa4a\x06\xd3\x91\x98\
y\xe8\x9d0\x98\x0e\xdd\xa4\xfd\x1bd0e0e0\
e0\x1d\xf1\xb2\x93[w\x1d0\xcd\xbaX\x8a1u\
\xde\xd0n0m\xc3)\xc5\x90\x92\xc74s\x9e\xd6\xea\
sH\x8dF\x92\x06\xf0\xbd\x8a\x83\xd2\x97\x0f\x017\xdc\
x/n\xbc\xf9nhYB\x94J\xa46\x80T\x01\
\x94G\x1eR\x858\xb1\x88\x92\x14^H\xbf\x8f\x1eL\
\xdb\x06e\x8finSk(\x0d3\x98\x0e\xc5\x8c#\
o\x84\xc1t\xc4&g0e0e0e0\x1d\xf1\
\xb2\x93[wT\x16\x94\x92\x852 \xed\xf2\x9a:0\
m'\xd5w\xc7\x95f\xc9I\xa4\x1e\xda\xf6\xa5V\x9b\
\x06BJ\xcc\xce\x01\xb7\xdd\xf9(\xae\xfc\xc2\x8dx\xe5\
\xd0)\xec\xbe\xf8\x1d\x98[LQ\x1e\xdf\x09/(\xa1\
\x11\x91\xb0~\xea*@\xd1\xd1LR\x08\xcf\xdf40\
\xa5\xcf=(\xeb\x9ecLs\x9bzkj\x98\xc1t\
Mf\xdarob0\x1d\xf1\x900\x982\x982\x98\
2\x98\x8ex\xd9\xc9\xad;\x02\xd3\xccS\xda\x92wj\
\xf5d\x1d\xa9R%\xa53cL\xc9\xc3I\xffG\xb8\
\xbaX\x07\xb4\x01\xbe7\xfd2>{\xe5\x0d\xf8\xde\xc3\
\xcf\xa0X\xb9\x04\x93\x17\x5c\x06m\x8a\x98]h N\
\xa5K\x82*\x95J\x08C\x1fF'H\x9a\x11\x12\xa3\
\xa1[A\x03+?\xe0F\xb7\xf2\xdbq\xb1^+\xc6\
\xb4\x97\x01\x19Ls\x9bZCi\x98\xc1t(f\x1c\
y#\x0c\xa6#69\x83)\x83)\x83)\x83\xe9\x88\
\x97\x9d\xfc\xbak\x81i\x167\xday\x9c\x907\x91\xe0\
\x94\xfc\xa3\x9d\x8c\xf8\x8e\x97\x94.\x88\x90\xf6\xf1\xa7\xe6\
\xb0\xf7+w\xe1\xbe\x07\x1e\x84\x11%\x8cO\xbe\x0d\x8b\
M`n\xc1@xch&\x16\x9eWt^R\xd2\
\x1f\xd5I\xec\xaa/\x15<\xd2!\xf5P\x8f\xe2\xae\xf6\
;\x1f\x93\xc14\xbf!\xdfN-3\x98n\xa7\xd1\xea\
\x5c+\x83\xe9\x88\xc7\x8d\xc1\x94\xc1\x94\xc1\x94\xc1t\xc4\
\xcbN\xcf\xee6\xbc\xd5l\xb5s\x8aZcZ\x9a\xa1\
T\x06R\x00\x92\xd2\x9f,\xa4\xf2\x1c8\x1a\x03$\x1a\
\xf0|@\xa7\xc0\x8f~x\x04\x0f|\xeb1\x5cw\xf3\
w\x10\xa3\x02c%R\x19 5\x05h\xe1C\x83\x04\
\xf2=X\xd3\xa9\xaaD%C\xc9\xcf*\xa8\x02\x935\
YV<\x95\x0d]\xe5\xd3\xb5\xc1\xd4P\xc7\xcb\x94S\
\xb37\xdb6\xb1P\x90\xe8\xaaG\xf6\xef\xee\xb3\xf4)\
::\xc8c\xbaU\xc6\xf9|\xbd\x0e\x06\xd3\xed9\xf2\
\x0c\xa6#\x1e7\x06S\x06S\x06S\x06\xd3\x11/;\
9\x81\xa9A\x1cE\x08\x03\xdf\x15%o\xd2\xf6z\x92\
@*\x85\xa0\x10\xc2*\x0fo\x9e\x9c\xc5\xd4\xce\x9dP\
\x02H\xd2\xacj\xd3\xd7\xbf\xfe8n\xbf\xedn\x1c8\
4\x83\xba\xd8\x85X\x94\x5c\xf5$\xaa[OE?\xa9\
\xc4\xa7\x16\x1e\x84\xabU\xaf\x1c\xf8\xd2\x0f!\xa8\x22\x10\
vp\x9ai\xa3f`\xda;\xf9\x89\xc1t\xab\xcc\xb4\
\xcd\xb9\x0e\x06\xd3\xcd\xb1\xfbF{e0\xdd\xa8\x05\xcf\
\xf2|\x06S\x06S\x06S\x06\xd3\xb3\x5c6r{\xfb\
\xc6<\xa6\xa4SJ\x8f\x10\x03\x9d\xa6Ht\x8a \x0c\
a\xa1\xb0X\xaf\xe3\xd8\x89\xd3x\xdb\xa5\x97\xa2\xd1\xcc\
j==\xfe\x83\x13\xb8\xea\xf37\xe1\xc7O\xbf\x02\x88\
\x12f\x17\x0dP\xbe\x08\x89\x0c\x9c\xf7\x93\xb6\xff\x8d\xc8\
$\xfb\x85 @\x15K\xc1\x01\x19\x98Z\xe7)\x15\xf4\
C\xfeX:\xc7\xe1j\xfe`\xdak\x00l/\x87k\
n#\xc6\x0d\x9f\x8d\x05\x18L\xcf\xc6Z[\xe7\xbd\x0c\
\xa6#\x1e\x0b\x06S\x06S\x06S\x06\xd3\x11/;\xb9\
yLI$\x9f\xbc\x92\x94UO@\x1a\xa5\x06\xf5f\
\x0c\xe1\x15\x10\x14$\x1a\x11p\xe0`\x0dW_}\x13\
\xee\xb9o\x1a\x81\x7f\x01\x04\xcah6\x04\xc6w\xef\xc1\
\xf1\xf9&\x12I\x12R\xa4\xa8O\xa0K\x09S\xf4\x93\
=\x9a(\xa9\xaa\x8d\x9dm\xd1\xfel;\xbf]s\x8a\
\xc1t\xab\xcc\xa5\xadx\x1d\x0c\xa6[qT\x06_\x13\
\x83\xe9`\x1b\x0d\xf5\x1d\x0c\xa6\x0c\xa6\x0c\xa6\x0c\xa6C\
]T6\xd0\xd8F<\xa6\x96@\x12\x16\x8d$B\x14\
\x1b@\x86P~\xe0$\x94\xea\x11\xd0\x8c\x81\x9bn\xf9\
.n\xba\xf5>\x1c8x\x02\xc5\xc2\x05h4=\x14\
\x0a\xbbP*M\xe1\xd8\x89\x19\xa8\xf2\x04\xb4+]\xaa\
!\xa4\x86\xa4W\x974\x95yc\x85\xab\xf7\x99U\x8a\
\xcaJ\x7f\xb6\xc0u)\xb2\xb4UEj\x85\x0d\x86\x1d\
c\xca\x1e\xd3\x0dL\xb2M<\x95\xc1t\x13\x8d\xbf\x81\
\xae\x19L7`\xbc\xf5\x9c\xca`\xca`\xca`\xca`\
\xba\x9e\xb5#\x8fs6\x0a\xa6\x0b\x8dE\x14\x8b\xe3\x0e\
\x1ek\x09\xe0{\xc0|\x15\xb8\xe7\xbeg\xf1\xd5\x9b\xef\
\xc2\xc3\x8f>\x8d\x0b/~'\x12\x13:\x91\xfcbi\
\x12o\xbc9\x0f\xd4S\xec~\xe7O\xe2\xf4|\x15\x19\
\xe0\xd2\x86|\x02)\x08N\xe9\xbfE\x96T\xe5\xf6\xeb\
=\x17\x83\xea\x04\xa8\xdc\x96\xbfK\xa7Z\xf2\xa8\xaef\
\x17\x06\xd3<f\xcb\xf6k\x93\xc1t\xfb\x8d\x99\xdb)\
\xd9\x9e\x97\xbd}\xaf\x9a\xc1\x94\xc1\x94\xc1\x94\xc1t\xab\
\xac`\x1b\x01S-\x0cb$\x98Y\xac#\xf0&\xe1\
\x05\x02O>q\x12\xd7\x5c{'\x1e|\xe8G\xa8\xd6\
%\xc6\xc6w\xa3\xd60Pa\x11\x89%/j\x82\x89\
\xa9](\x96\xc7\xf0\xc6\xf1\x93P\xb2\xe8L\x91m\xcf\
\xa7.\xb9)\xcb\xbe\xcf<\xa5\xd6\x10\x90z.\xc9\xc9\
\x09\xda\xb7\xc0TK\x8a5\x05\xa4\x95\x9djS]F\
e0\xdd*3ls\xaf\x83\xc1ts\xed\xbf\xde\xde\
\x19L\xd7k\xb9u\x9e\xc7`\xca`\xca`\xca`\xba\
\xce\xe5c\xc0i\xab\x09'e\xd8\xe7\x8eU\x12u\xec\
j\xff\xe8\xe4\x94V\xefj\xa9\xe4(E\x85\x0a\x81\x1a\
u)\x81}\xfb\xab\xb8\xf1\x96\xfbp\xff\xfd\x8f\xe0\xc4\
\x89\x18Aq\x17\xbc`\x87\xdb\xd2O\xac@\x94j@\
Ix\x81B\x147]\x1ci\xa92\x81\xa8\xae3\xb8\
t^\xd2\x14\xc2R\x82S\x96\x85OY\xf9\xd6P\x12\
\x14m\xe3g[\xf9m\x8fi\xb6\xadO`\x9a\xbdR\
,\xaa\xf3\xbc\xba\xd7\xce\xb5\x0f++\xbf\x97\xe19\xf9\
)\x9f\x99<\xacV\x19L\x87e\xc9\xd1\xb6\xc3`:\
Z{\x83\xc1\x94\xc1\x94\xc1\x94\xc1tX\xcbN\x875\
\xdb\xdb\xdb-\xfd\xcdV\x07\xd6\xe9tf`\xda\x0d\x95\
\xedZ\xf5V\xaa,\xbb]\x93\x0e\xa9\x85\xf4\x94\xcb\x85\
O-\xe9\x8e\xa6PJ\xb9XOj\x81 L\x18\x0b\
IO{cQO\x04ND\xc0\xb57=\x81\x9bo\
\xba\x03\xaf\x1f=\x8dBa\x12R\x96\xd1\x88\x05\x12\xad\
 T\xc1!g\xe6\xc1$\xed\xd1\xd6u\xbaW\x09\xe5\
\xe4\xa0Z\xe0,L\x17h\xb6\x80\x93\xb2\xf3[O\xa9\
n\xecn\xff\x1bm\xf5\xbb\x96\xe8U\xd8\xd6k\xc7\xba\
\x1b\xf1\x08\x0fk\x8c\xb8\x9d\xcd\xb3\x00\x83\xe9\xe6\xd9~\
#=3\x98n\xc4z\xeb8\x97\xc1\x94\xc1\x94\xc1\x94\
\xc1t\x1dK\xc7\xaa\xa7t\xc0\x94t=\xdb\xbf\xd1\xb6\
\xb8\xf3'b9\x98v\xc9*YJ\x22\xca\xb4C\xe3\
8\x86\x94\x12\x85\xd0G\x9a\xc6\xa8\xd6\x17\x9d\x5c\x13m\
\xb77\x92\x18\xda\xd0y\x12\xbe\x17\x22\xf4\x00\x93\x00\xa7\
O6q\xf4D\x13\xbf\xfb\x87\x7f\x83#'\x13\xd4\xea\
\x11\x0a\xa5\x1d\x08\x0b\x154#\x8b$\x15\x90A\x11q\
D\xd9\xf3\x04\x8d\xed\xcbwt\x9b\xfdX@!\xd3)\
\xedu\xb4\x05\xeeW\xfb\xbb\x03j\xd3N\x8aZ\xbd\x05\
\x06\xd3a\xcd\xb4\xed\xd9\x0e\x83\xe96\x1d\xb7\xedy\xd9\
\xdb\xf7\xaa\x19L\x19L\x19L\x19L\x87\xb7\x82u\x12\
\x81\xba\xf7\xea\xdb~S\xe2\xcf\xccczf,&\xbd\
\x87\x92\xe9\xa9\x1a\x13\x096Q\x0dz\xca\x8e\x97\xca@\
\xeb\x04\xcd8\x82\x0aK\xce\x03J\xe5Cg\x17\x81f\
\x04\x1c=\xdc\xc0\x9dw\xdd\x8f\x1bo\xbd\x1f\xb3u\x0f\
^q\x12\x952\xc5\x98\x16Qo\xa4X\xa8\xc6N:\
\xca/\x94\x11\xc7\xba\xb5\x15O\xd7\xd1\xf6y\xb6\xf7\xdf\
\x0da)\x83\xe9\xf0&\x03\xb7\xb4\xc2\x02\x0c\xa6\xdbs\
J\xb0\xc7t\xc4\xe3\xc6`\xca`\xca`\xca`:\x9c\
eg\xf9\xf6}w\x9b\xe4\xa5\xcc<\xa6-0\xed\xf2\
Jv\xc7`\x12pJ\x9990u\xda\x84\xe7\x19H\
)\x90$M\xd4\x1aMx\x85\x09W\xbb^\x06%T\
k\xc0\x1dw\xfe\x08\x9f\xbf\xfa+8x\xf0\x04.\xbc\
\xe4R\xf8\x85q\x17C\x9a\xa6\x06Q\xac\x91h\x01!\
}\xf8A\x09\xca/ba\xb1\x9a\xa56-{\xd2t\
\x00\xd5\xeb\x11\xe3\xda\xfe,\xec1\x1d\xceL9_[\
a0\xdd\x9e#\xcf`:\xe2qc0e0e0\
e0\x1d\xce\xb2C\x80Gh\xd9}\xb4\x97\xf4l\xdb\
\xde\xd5ro\xc7p\xb6\xde\xd6\x1d\xabIP\xba\xb0\xd0\
p\xfb\xf3\xe3\x95\xa2KBZX\x98w\xb5\xe4K\x13\
\xbb\xb0\xd8\x00\x9aZ\xe0\xbb\x0f\xbf\x82/\x5cs;\x9e\
|\xea\x10\xc6*o\x81_\x98\xc2\xcc\xec\x22\xc2\xd0\x87\
\xb1)\xd2\xc4 1\x16B*x~\xd1\xc9<\xc5i\
\x16.\x90\xe5\xdcw\x85\x11\xb8\xf8\xd2\xcc\x83\xea\xb5^\
{\xd9\x83\xc1t83\xe5|m\x85\xc1t{\x8e<\
\x83\xe9\x88\xc7\x8d\xc1\x94\xc1\x94\xc1\x94\xc1t8\xcb\xce\
J0\xed^\xce3\x104\x14\xcaI\xff\xdc\x05\xa7\xdd\
\xdeK\x8a\xc14I\x0a\xad5<\xcf\x83\xef{n\xc3\
\xbd\xda\x80\xf3\x94\xbe|\xe8\x14\xf6\xdex\x0f\xee\xba\xef\
!\xd4\xe3\x10\x93;\xdf\x8e\xd4\x94\xb08\x9f\x225\x16\
cc!<\x9f\xaa3\x09DI\x8cf\x94@;\x1a\
&7\xac\x80\xa48\x81\xb6\xc7t\x05 \x93\x9bV\xb9\
L\xfa^j\x02\xd4D\xefG\x94\x93\x8fZ\xd9\xe6\x0a\
\xc3r\x8c\xe9pf\xdavm\x85\xc1t{\x8e\x1c\x83\
\xe9\x88\xc7\x8d\xc1\x94\xc1\x94\xc1\x94\xc1t8\xcb\x0e%\
\x16-\xf3\x7f\x9e!LmM\xabtg\xab\x06\xfd2\
H\x14\x06:i\x22\xf4\x0b\x00\xbcL\xda\xc9\x00\x0b5\
\xe0\xe9\xe7\x8e\xe3\xf1\xa7_\xc6_\xfd\xa7\xcf\xb9\x18\xd2\
\xb0\xb8\x1b\xc2\x1bC\x9c\xd0\x96\xbfD\xe0\x9706V\
\xc1\xc9\x13'\x5c\x80\xaaj\xe9\x8c:y&I\xd5\x9d\
\x0a(\x8e\x950??\xef\xc88\x83\xe1\xee\xe4\xab,\
~\x80\xc0\xb4\x13{z\xa6U\xfa\x81i\xe6\x11\xeej\
s\x15\xa32\x98\x0eg\xa6m\xd7V\x18L\xb7\xe7\xc8\
1\x98\x8ex\xdc\x18L\x19L\x19L\x19L\x87\xb5\xec\
t\xc0\xb4%\x09\xb5lk\xdc\x80\xc0\x94\x92\xa2\x96\xe4\
\x95\x9c\xf7\x94@1{?e\xe17\x9a)<\x7f\x1c\
A\x08\xbcz\x14\xb8\xef\x1bO\xe2kw\x7f\x0fO?\
\xf7\x1a\xc2\xf1\x0bQoJ$FBz\x01|\xe9;\
\xef*\xc9K\x11h\x86\x85\x12\x1aq\x0ch\x03\x15x\
N^*I\x12$I\x0c\x98\x142 \xe8]\xaa\xd3\
\xd4\xfa\xd8\xad2\xa2\x1b\x06S\x99\x85*\xf49\x18L\
\x875\xd3\xb6g;\x0c\xa6\xdbt\xdc\xb6\xe7eo\xdf\
\xabf0e0e0e0]\xeb\x0a\xd6\x0f\xac\x08\
6\x1bQ\x84 \x08 E\x96uO\xf2PTk^\
\x0a\x0bk\xa9\xee<\xc5yf\xf4Fb\xfa\x04r\xb4\
\xd5\x9eh\x83$\x05\xaa\x91\xc6\xd4\xd4\x0e\xd4\x9b\xc0\xfd\
\x0f<\x83\x1bn|\x00?x\xf2e4\x922\x82\xd2\
.WJ\xd4\x8a\xd0\x89\xe9\x93\xa4\x94\x14\x80'\x8d+\
\x1d\x0a\xa1\x9cV)%Ze\xbc\xdb\x91\xab\xca>\x9f\
q\xa1\x04\x9d#\xab\xef\x94\x1d\x19\x18\xcb3bd\xd7\
j\x99\xec}\x83\xc0\xf4\xecZ\xe3w\x9fk\x16`0\
\xdd\x9e#\xca\x1e\xd3\x11\x8f\x1b\x83)\x83)\x83)\x83\
\xe9Z\x97\x9dA`\xea\x12\x8c\x88\x16\x8dp\x02\xf9>\
\x89\xd6{\x14\x9b\x99m\x91\xa7i\x13\xb4\xbd\xae\xe9\x87\
$D\x95\xe7\x92\x93$A%\x80\x86\x05\xfe\xfe\xfb\xaf\
\xe0\xb6[\xee\xc3#\x8f<\x83\xc5\x05\x81\xe2\xd8E\xf0\
\x0a\xbb\xa1m\x09s\x8b1\xb4\xa0Z\xf5\x19hf\xd0\
\x9bUi\xb2R\xc0\x1a\xdf\x81\xa9;\x1c\x98v\x12\x9b\
\xdc\x19Kd\xda\x8ayu@\xday\xecP\xc1\xd1\x8d\
\x1c\x0c\xa6\x1b\xb1\xde\xb9\x7f.\x83\xe9\xf6\x1cc\x06\xd3\
\x11\x8f\x1b\x83)\x83)\x83)\x83\xe9Z\x97\x9dA`\
J\x1e\xc8\x84\xca4\x11\x9fJ\x01_\xb8\x9c\xa3V\xec\
)yE#\x87~T\xe1Ix\x05\xf7\xdf\xf5\x060\
\xb7\x10a\xae&p\xe5u\xf7\xe1\x99\xe7\x0fa\xdf\x0b\
\xaf j\x1a\x8c\x8fM\xc1\xf7+\x88\x22\x81F\x04\xa7\
cj\xacr\x1eSc\xc9\x0b\xbbT\x034\xf3x\x0a\
R@m\x1d\xc2v\x12\x99Z\x99\xf7m0\xcd\xcej\
\xc7\x83\x92\xe74;\xfaG\x88\x0e\xb6\x12\x83\xe9`\x1b\
\x9d\xcf\xef`0\xdd\x9e\xa3\xcf`:\xe2qc0e\
0e0e0]\xeb\xb23\x08L]U%WW\
>\x13\xc9\xa7\xc3\xeal\xbb\x9ej\xc77\x93&J\xa5\
1\xb7a^K\xdc\xee;(\x1f\xe9\xde\xfb\x1e\xc3\x0d\
\xb7~\x03?x\xe60\x10Na\xbc2\x81r8\x86\
\xa8\x11\xa3:W\x03\xb9]\xcbc;\x10\x1b\xe3\xc0\x94\
*D\x11\x04R\xa5%MY\xf4.\xe9H\xc3\xf7\xd4\
\xb2Z\xa7K\x19\xf6+\xc0\xd4]W\x17\x86\xb6\xe5\xa3\
\x18L\xd7:\x13\xf8}\xeb\xb1\x00\x83\xe9z\xac\xb6\xf9\
\xe70\x98\x8ex\x0c\x18L\x19L\x19L\x19L\xd7\xba\
\xec\x0cL\xde\xa1XR\x17\xe3\xd9Y\xcauK\xda\x94\
 4\xd2p\xd9\xf6\xb2\xe0\xf2\x93\xf0\xe0\xf4\x9b\xd8{\
\xdd\xedx\xec\x07\xcf\x22\xb2%\x88\xc2E\x88R\x1fV\
\xa7$\xc7\x0f\x9bjHk\x5cV}a\xac\x84Z\xbd\
\xe9\xbc\x9b\x9a\xbc\xa6\x86\x04\xfbe\x167j\xa5\xf3\x9e\
\x06\x01\xf9B;Z\xaa+A\x93<\xa6\x9d0Sy\
F\xdd{\x06\xd3\xb5\xce\x04~\xdfz,\xc0`\xba\x1e\
\xabm\xfe9\x0c\xa6#\x1e\x03\x06S\x06S\x06S\x06\
\xd3\xb5.;\xfd\xc14\x8b\xf9L\x8d\x86I\x09P=\
W\xe3\x9e$\x96\x08JI\xa2\xe9\xf4\xbcFyB\xe1\
\xd9\x97\x1a\xf8\xdc\xd5_\xc5\xbd\xdf|\x1c\xa9\x1e\x83\x1f\
\xee\xc2B\xcd\xa0P\xda\xe5*6\xe94v\xa1\x00c\
\xc5\x10\x81\xaf\x10'\x09\x9aQ\xdde\xe2;\xc1)\xeb\
9\xd1|r\x96\x0aK\xb2\xf8\x84\x94\x06R\x11\x94v\
\xa3g\xd7'\xb3\x04\xb1\xd9\xdf\xda\xda\xa9mu\x00\xde\
\xca_\xeb\x0c\xe0\xf7m\xc4\x02\x0c\xa6\x1b\xb1\xde\xe6\x9d\
\xcb`:b\xdb3\x982\x982\x982\x98\xaeu\xd9\
\x19\x04\xa6\x10$\xcd\x94@'\xb4\x9f\xefCQ\x1c\xa9\
\x10h45\x16\xa3\x14*\x08\xf1\xa9\xcf\xdd\x80\xaf\xde\
\xfcuT\xe3\x22\xfc\xd2[1\xb7\xe8A\x9b2&w\
^\x8c\xd9So\xc0\x97\x12BP~<\x81.%O\
y.\xb1\xc9\x01oWZ=\xe56y\x10\xae\xbe\xbd\
l\x15u\xd2B\xc3P2T[O\xb4\xf5\xea\x1e,\
\x96\xb6\xffW\x80i\xeb\x83\xb7A\x95\x93\x9f\xd6:\x13\
\xf8}\xeb\xb1\x00\x83\xe9z\xac\xb6\xf9\xe70\x98\x8ex\
\x0c\x18L\x19L\x19L\xcf\x170\xed]\xd1h\xf5\xb4\
\x9fU\xdeO\xd9\xf6\xab\xd5\x99w1\x9c\x16\xc6\xc6\xae\
\x1c(\x89\xde\x0b\xbf\x04\xdf\x97h&\xc0\xf1\x13\x06G\
O\xcc\xe1\xf7\xae\xf8\x13\xd4\x13\x85j\xe4#J\xc7`\
\xc4\x0e\xa4\x18\x836%hmP\x0a\xa4\x13\xb9O\x8c\
\xc9\x00\x97\xe2\x00d+Z\x95\xa0R\xb5\xb2\xe8\x89{\
%\x81)\xe0\x11\xbcR\x00\x81\x10H,\xe1l\xfb\xe8\
l\xcc\xcb\xd6E\x93h@\xfbhg\xf6w{P\x19\
LG\xfc\x00:\xcf\xba\x1b\x04\xa6\xcai\xac\xb5BQ\
(<\xc5\x15\x8a\xf0`\x0d)Qhxa\x1di\xa3\
\x8er8\x09\xd3\xa8\x1aDGg~\xed\x03\x97M_\
\xf7\xe5?\xd8\x1b(LW\x80\x19\x91I`\xf01D\
\x0b0\x98\x0e\xd1\x98ki\x8a\xc1\x94\xc1\x94\xc1\xf4\x1c\
\x02\xd3\x15\x8f\xa4\x0c\xbe\xb2\xc4#'\xaf\xb44\xdd3\
A\xfa\xecw\xfa\xdf\xac\x86\xfcR\x92\xbb\x8b\xd3\xcc`\
\xb3s\x08T\xe7\xeb(\x8fO\xb8S\xea\xb5\x1a\xacL\
1V*\xc0 \xc1\xec\xfc,\x8a\x851H\xaf\x08\xa0\
\xe8\xe4\x9f\xa2\x18x\xf6\xc5\x06\xae\xb9\xfek\xb8\xe1\xa6\
{0\xb9\xf3mHE\x01\xd6\x86\xd0\x08a]\x8a\x14\
\x95\x1d\xcd\x803m\x07\xa4\xaeX\xbc\x96<\x9a\x92\xde\
\xd7I[j'7\xb5\x11\x94\x92\xa2V\x90\xe7\xb2\x96\
\xba=\xbe\xdd\xa5P\xd7\xb2V\xf2{\xd8\x02\x1b\xb5@\
_0\xa5\x02\x0ft\xafZR\x93h\xdd\x8f\x10N\xc1\
\xc2\x1a\x05+RxA\x84\xb4Yk\x81\xe9\x82At\
d\xe6\xd7\xdf\xff\x8e\xe9\xeb\xaf\xfd\xc3\xbd\x8a\xc1t\xa3\
\xc3\xd3\xf3|\x06\xd3\xdcL\xbbz\xc3\x0c\xa6\x0c\xa6\x0c\
\xa6\xe7\x12\x98\x92\xc7\x854\x9a\xb2Q]\x1dL;\xf4\
*\x96t<\xbb\xc1\xd4\xe5\xd6gID\x04\xb4\x8eM\
\xa9:\x12\xb5\xab\xd0\xa0\x04$\x03\x94\xcaE'\x9a\xbf\
X\x9fw\xaf\xc5\xb1\x0a\x92T\xa0\xde\x10\xf0\xc3\x10\xa7\
\xe6\x81\x9bn\xfe6>s\xf5M8\xf1f\x13\x97\xfe\
\xd4/\xe2\xf4\x5c\xd4\x02R\xaf\x95IO<\xda\xb9\x9e\
\xd8P\xed\xa8\xde\xba\xa2$\xaa\xefPz\x95z\xf6t\
y.\x19\xaa\xcfSd`\xf2\xd6\x88\xd7_\xee\xee\xfc\
\xb2\xc0@0\x15:\x03S\x13\xb8/jmi\xb5\xe5\
`\xda@9\x9c\x80i\x10\x98\xbe>\xf3\xeb\x1f\xb8l\
\xfa\xfa/\x7f\x8c\xc14\xc7\xa9\xc4`\x9a\xa3qWk\
\x9a\xc1\x94\xc1\x94\xc1\xf4\x1c\x03\xd3%/h\x1bL\xdb\
U\x90\x08\xf9\xdc\xa3\xae\x0b\xfdZ\xdeR\xf2\xd0\x10\xd8\
Y\xdd\xe2\xda6,\x92\xf7\xa6s\x8f\xd4ju\x8c\x95\
\xc7\x1d\xa8FQ\xe4\x12\x90\xc2B\xe0@u\xb1\xae\x11\
\x84\xca\xe9\x92\xde\xfb\xf5\xa7\xf1\xa9\xcf|\x11\xcf\xbfx\
\x18\x97\x5c\xf6s(V.\xc2\xe1c\xb3\xae\xbe\xbd\x81\
\xef\x92\x97\x8c{Jw\x8b\xe0\x03i\x0bLe\xbb\xcf\
\xee\xce\xa9W\x06\xd3\x11?!\xb8\xbbaZ\x80\xc1t\
\x98\xd6\x1c][\x0c\xa6\xa3\xb3u\xe6Q\xb1V.\x02\
S\xaf\xec\xc7\xe5\xbf\xfd;W|x6\x99\xbc<\x16\
cS\xb02\x0b\xcb\xb2*\xab\xa8\xe2\xa2\xb9\x00\xa3W\
\x0c\xd1\x8a\x07\xc7f\x0bL\xaf)\x86\xa7\xa7\x8d%t\
\x9a\x85\xb1\x05*\x86\x92\x94YL:\x89\x16I\xaa\x5c\
\xfc\x5c\xd9O\x916\x8f\xe2\xbd\xef\x9e\xc0-7|\x02\
\x95\x02Pt\x125\xf4\x88\xd5\xf0l\x97\xc0\xf7*\xfd\
P\x1c\xdcf\x1e\xfd<F$Z\xde\xd4\xc0\x8d\xb7>\
\x8e\x8f}|/Da\x0fda\x1c\xf3q\x03\x22\x90\
HS\x03_\x14!,\xf9\xd9\x12\xe7U#\xfb8\x0f\
\x15eI\xb7\xc0\xa6\xdf\xe7\xd3\xcb\x03\x14\xcf\xda\x14.\
\x06\xab\xc7A\xd7a\xc8\xc9'\x04\xca\xd0n\xfc\xb44\
 \xbd\xf78\x0d!L\x84\xc9R\x03\xf1\xe2!\x5c\xf1\
\x91\x0f\xe1\xa3W|\x10B\xa4(\x05\xe7\x10\x98v\xc5\
\xa79\x8fK\xdbs\x9a\xb9\x19[`\xba\xdc'\x99y\
C\xb3\x1d\xfd\x0cL\xbb\xff\xde6v\x07 ]\xc5&\
\x04\xce\xe3I\xa2\xf7qd\xe1y\x02\x85\x22p\xef\x03\
\x87q\xe3\xcdw\xe3\xbb\xdf{\x142\xac\xa0X\xb9\x00\
\xf3\xd5\x04\xa9(b\xf2\xc2\xb7\xe0\xe4\xe9\x05\x18\xb7\x96\
\xb4+.u\xca\x86\xd2\xb5\x92\xde)\xf5\xce`z\xd6\
\xb7\x06\x9f\xb0\x0d,\xc0`\xba\x0d\x06i\xb5\xe7\xf6\xf6\
\xbc\xec\xed{\xd5\x0c\xa6\xddc\xc7`\xca`\xda\xbf$\
\xe5f\x7f\xb1\x18\xb8\xd2\xb4\xc04\x8b\xc2\xec\xa6\xd2\xec\
\xd7\xec\xc1\xb82\x10\xb5\x15\xa1\xd9\x05\xa6\x9dd\xa8v\
\x9c)\xe9\x7f\x1a,T\x170Q\xdeI\xd8\x8f\xc5\xf9\
\x14A\x188\x8f\xea\xa3\x8f\xbe\x89\xbb\xef\xfd\x1e\xae\xfb\
\xca\xfd\x18\x9f\xbc\x04\x9e\x1f\xa2\xdaL`\xbd\x02J\xe3\
;\xd0\xd4\x12'g\xe7\x11\x14+.\xa1c\x89\x98W\
\xd4\xb3'0\xedwt<\xa6\xedwu>\x0bo\xe5\
\x0f\x9c\x1d\xfc\x86M\xb6\x00\x83\xe9&\x0f\xc0:\xbb\xdf\
\x5cw\xd2:/z;\x9f\xc6`\xca`\xda\xb6\x00{\
L\xc9\xc3\xb8\x9d\xc1\x94\xe2A3\xcff{\x87cY\
\x0a}/0\xa5\x09\xd0\x92U\x22\xaf\x7f\x96(\xd5N\
'\x22\x1cm\xb7\x09\xa40\xa8\xd6c\xf8j\x1c\x85P\
\xe2\xc0\x01\xe0\xce;\xbe\x83{\xefy\x10\xfb\x0f\x9c\x80\
U\x93P\xfe\x04\xfc0p\xd5\x9aR*\x1dJ\xc9\x1b\
\x9e\xe7\xb6\x22j\x8d\xc8\x81i/\xddP\x97\x85\xdf\xe7\
\xe8\x0f\xa6\xb4\xbb\xd1\x7f5\xe6\x18\xd3\xed\xfc\xb4\xda\xfe\
\xd7\xce`\xba=\xc7\x90\xc1t\xc4\xe3\xc6`\xca`\xca\
`z\xael\xe5\x9b\xacv\xbcKX\xcaBoz\x83\
\xe9JE\x99\x16\x88R\xfd\xf9\xd6\x84h\xcb)ei\
PYE\xa7j3B\xa1P\xc6\xf1\x13\x1a\xdf\xf8\xc6\
\xa3\xb8\xe3\xb6\x07\xf1\xfc\x8f\x0f\xc3\xd82\xc6*\x17\xa3\
Z#8\xf4\x1d\x98\xaa\xd0C\x9c&X\xa8\xd7\x00_\
\xa0<^A=jv\xe5\xd4\xb7\xfb\xec\xd4\x89JM\
\xba&0\xed\xf5&\x06\xd3\x11?@\xb8\xbb\xb3\xb2\x00\
\x83\xe9Y\x99k\xcb\xbc\x99\xc1t\xc4C\xc1`\xca`\
\xca`z\xae\x80i\x16#\x9a\x1d\x1d\xbd\xcf\xa5\x19\xee\
<\xa6\x99lT'\xe9\xa8\xbb\xed\xea\x9a\x12\x00\x00 \
\x00IDAT\x08\xa7\xdb\xcb\xcfd\xa3ZLK2\
N\xba\x15\x99J-\xd7\x13\xe0\xe1G\xf7\xe3\x96[\x1e\
\xc0w\xbf\xff#,.(T*\x17\xc1\xa2\x84\x85y\
\x83ba\x0a\xca/\x80\x82D\xa3$BjS\x17\x9f\
L\xbfkc2\xc0\xa5\xeb \x8dF\x92\xabr\x9eZ\
\xea7\xbb\x8e\xd4$\xcbj\xdd\xaf\x5c\x0e\xdb\x1eS\x06\
\xd3\x11?(\xb8\xbb\xa1X\x80\xc1t(f\x1cy#\
\x0c\xa6#69\x83)\x83)\x83\xe9\xb9\x04\xa6K\xe9\
\xec+%H\xb3l|AxI\xdeO\x0dm\x12H\
AeC3=\xd3$\xd5\xf0\xa4B\x9aj\x18\xa2G\
\xcf\x87\x90\x9e\xabo_\x8b\x80F\x0c\xfc\xd1\xc7\xfe\x16\
/\xec;\x8c\xc3G\xe6\xa0\x82I\x84\x85\x1d\x88\x13:\
\x17\x08\xfc1X]X*\x0fJ\x15\x98(, {\
\xcd\xb4T=WRT@\x18\xaa\xe4$\xdd\xab%H\
5\xc2A\xab\xf4\xc8\xe3\xdb{?~\xd0V\xfc \x8f\
\xe9\x88\x97W\xee\x8e-\xb0\xcc\x02\x1b\x05S\xc8\x1a\xa4\
\x00T\xa2P\x10\xa9\xf1\xcc\xb1\x99_\xfd\x95K\xa7\xbf\
|\xf5\x1f\xb0\x5cT\x8es\x8d\xc14G\xe3\xae\xd64\
\x83)\x83)\x83\xe9\xb9\x06\xa6\xe4\x81\xec\x9a\xd7-\x91\
}'\xb0O\xb5\xec5\xc9<Q&=)HH\xc4\
6u\x1eK_*\x1c;v\x1c\x97\x5c\xf2V'|\
\x7fz\xbe\x01\xdf/\xa2\x91\x02\xb7\xde>\x8d\xcf\x5c\xf9\
UHo\x0ao\x9c\xaa;\xad\xd2Re\x0aA\xa9\x84\
(M\x90\xe8\x04\x9e\xf4 S\xca\xd6\xa70\x82\x0cJ\
\x092\xdb\x80JWD\xa0\xeb<\xb2\xa47j2 \
m\x83\xa9\xd3o\xf4\x09`\x19LG\xfc\x18\xe0\xeeF\
d\x81a\x81\xa9\x97z\x08\x9180\xfd\xc0\xfb\xf6L\
_\xfbE\x16\xd8\xcfs\x08\x19L\xf3\xb4\xee*m3\
\x982\x982\x98\x9eK`zF\xb1\xa6\xd6\xf0\x92'\
2\x85\xb6\x1a\xcdf\xdd\xfd[X,\xbaJ\xf3\x8d8\
r`Z\x08K.\x8etn\xa1\x8a ,\x83\x8a2\
=\xf8\x9d}\xf8\xec\xe7o\xc4\x13O\x1dDX\xba\x18\
\x89\xae 6\x01\xa4WB8V\x02\xfc\x14QZG\
\xa2\xab\xaef\xbd2\x85\xa5:\xf5\x04\xa4m\xf1\xfc\x0c\
5[\x22\xfe&\x93\xefw\xa2\xe1\xf4\xd3\xf2\x98\x92\x17\
W\xb8\xd0\xd8\xee\xf8\xd7l\x8b\x7fI\xf6\xaa]\x9a\xaa\
\xc7:\xc9\x1e\xd3\x11?@\xb8\xbb\xb3\xb2\xc0F\xc1T\
\xa8\xba\x0b\xac!\x8fiQj#\xd3#3\xef\x7f\xdf\
\x9e\xe9/_\xfdG{\x83\x80K\x92\x9e\xd5`\x9c\xc5\
\x9b\x19L\xcf\xc2X\xc3x+\x83)\x83)\x83\xe99\
\x0a\xa6K\xabi+\xab^\x18Dq\xd3\xe9\xf2*\xa5\
\xe0{\xa1+\x07J\x9b\xfb\xb5z\x84z#\xc1\x8e\x9d\
eWF\xf4\xc9\x1f\x1e\xc2\xcd7\xdf\x83\x87\xa6\x9fC\
\xad\x11@\x88\x9d\xa8FTB\xb4\xecD\xf2i\x9b\x9f\
\xe2FS4\xa0\xe9G\xd6!\xadA\x88B+n\xb4\
]\x80*\xcb\xe9og\xf9\x93\x10?\xc5\x96\x92\xc7\x94\
\xc4\xf930\xa5\xd0V\xbaX\x03\xa8\xd6\xeb\xd2m\xc9\
`:\x8cu\x9e\xdb\xd8\x1a\x16\x18\x06\x98\xc2\x1a\x90\xc7\
\xb4\xa4\x8c\x11\xc9\xe1\x99\xf7\xfd\xd2\xc5\xd3\xd7~\xe1O\
\xf6\x16K\x0c\xa6y\x8d2\x83i^\x96\xed\xd1.\x83\
)\x83)\x83\xe99\x06\xa6g\xdc\xebY|'\x81_\
\x1c\xc7\xf0\x03\x02L\x0fs\xd5:\x8c\x95(W\x0a\xce\
\x97I[\xf6\x07_Oq\xe7=\xdf\xc4\x9dw}\x1d\
G\x8e\xcc\xc1\xf3v\xc0\x8aq\x18T\xe0\xa9\x1d\x98]\
\x88\x00\x02Z)\x91\xda\x04P)\x94\xa7!\x15\x95R\
\xd4\x08e\xb0TU\xcai\xf6\x937\xb4kU7\x86\
(4\x83RJ\xac\xca\x80\xb4\x95s\xe5b`W\xdf\
\xc6w\xda\xa7YA\x90\xe5\x9f\xaeu~\xbb\x0c\xe9\xa0\
\x18\xd4\x11/\xaf\xdc\x1d[`\x99\x05\x86\x01\xa6\xd6h\
\xf8\xda\xc7\x98g\x8d\x8d^\x9b\xf9\xe5\x7ft\xe1\xf4\xb5\
\xd7\xfc\xbb\xbde\x06\xd3\xdcf\x1b\x83in\xa6]\xbd\
a\x06S\x06S\x06\xd3s\x15L\xbb\xab*e\xdb\xe3\
\x89\xd1\x102@\x94X\x97\xb4\x14\x86\xcam\x9c\x1f|\
e\x11\xcf<\x7f\x087\xdc\xf6M\x1cz\xed\x14N\x9c\
\x9c\x87\xf2\xcaP\xaa\x82(\xa2\xea^\x05\x14J;\xb0\
Xm\x002;\x87\x0e!\x0d\x84\xa2\xbcz\x03c\xd2\
V\xc9\xd0\x8eJ)Up\x22h\x946\xab\x10\xd6\xfe\
\xbd\x9d\x85\xef`\xd3e\xe9g\xed\xf5\x02K\x06\xd3\x11\
?\x18\xb8\xbb\x5c,0L0-\xfb0\xa6\xf9\xea\xcc\
/\xbdg\xd7\xf4\xf5_\xfa\xf7{\xcb\x15\xf6\x98\xe62\
h\x9dR%y5\xcf\xed\xae\xb4\x00\x83)\x83)\x83\
\xe9\xb9\x04\xa6\xdd\x1e\xc5\x16 RV|k\x90\xa3T\
#\x8a\xe9\xf7\x00A\xe8\xa1V\x03\x1e\xfb\xc1>\xdcr\
\xeb\xddx\xe0;O\xe0t\xb5\x88\xca\xd4\xa5\x08\x8b\xe3\
\x88b\x0d\x9d\x0a\xf8a\xc9\xc1h3\x22\x0d\xd3\x02R\
\x9b\xe9\xa5:\xaf\xa7\xce\xaa\xa5IJxR$-\xd5\
\xe8\x8a\x11%9\xa86xRd\x5cV\x8b\x8a\x92\x9b\
\xb2\x0aZ\x94\x8c%\x5cr\x14\xc5\xa7:0\xed\xa1\xaf\
\xdf\x0bLW\x16Oe\x8f)?\xe3\xb6\xb2\x056\x0a\
\xa6\xd2k\xc0\xa4\x09|\x13\xa0\x12\x08\xa3\x1b\x87f~\
\xf1\xe7\xa7\xa6\xaf\xfd\xd2\x9f\xef\xdd\xb1\x83\xc14\xaf\xb1\
g\x8fi^\x96\xed\xd1\xee 0u\x8f\x0cA\x0f\x95\
L\xb0\x9bb\xc4\x96\x8bv/\xdfZ\xdb\xec\xe4\x83A\
\xa5\xe8\xfb\xd5Z\xa788z\xc8*\x09\x04*v\xb5\
\xd6)\x1e\x8eb\xf2\x92T\xc1\xd8\x18e?E\xda<\
\x8a\xf7\xbe{\x02\xb7\xdc\xf0\x09T\x0a@1\xc8l@\
\xc9\x1b\x9e\xa5L\xe7\xde\xc7f\x97\xb4\xec\xf7\xe0\xe6\xca\
O\xdb\xbd\xf2S{K\x9c\xe6\x9f^\x96x\xe4\xb6\xcd\
\xa1\x9c\xf4\x13\xed\x8aG)\xf0\xd2\xfe9\xdc~\xfb\xd7\
q\xd7]\xdf\xc0\x1b'\xe6Q\xd9\xf16\xd4\xf4\x14\xea\
\x94Y/\xa4\x93v\xa2\xacy\x12\xc9\x17\x9eB\xa1@\
\xb1\xa6\xa4G\x9a\xc2\xe8\x16\x98\xc6\x12:\x11P^\xe8\
\x92\xa9\x9a\xc9B\x97\xfbs\xf5\xe5\xdc\xdd\x03-8\xa5\
\xf6\xac\xb4\xce\x93J\xff\xde.I\x9a\x85\x00\x983B\
\x01V\xce_\x06\xd3\x11?0\xb8\xbb\x0dY`-`\
\x0a\x17\xee\xd2R\xaf\xa0[\xc5=\x83h[\x22\x85\xf4\
\x22\xe84\x81\xb2\x01&Bi\x92\xda\xa1\x99\x7f\xf4\xb3\
\xe3\xd3\xd7\x7f\xf9?0\x98nhd\xfa\x9f\xcc`\x9a\
\xa3qWkz9\x98\xfe\xdb\x0f\xcf&;/\x8fE\
y\xcaR\x10\x99\xf3i\xac\x02\xa6\xab^cV\xc6\x90\
\xc1\x94\xc1\xb4\xdf\x14\xd6\xdd\x01\x87\xeb\x98\xeb\xfd\xbeX\
\xd0V\xb1!\xf0\x12\x02e\xaa\xe6N\xa2\xee\xd2 \xb5\
@\x9c\x86\x10&\xc2d\xa9\x81x\xf1\x10\xae\xf8\xc8\x87\
\xf0\xd1+>\x08!R\x94\x82\xed\xe31\xed\xef\x11\xcc\
d\xa2\xd2\xd4\xc2\xd8&\xc2\xd0C3i`\xa1\xda@\
\xa9\xb2\xdb\x95\x02\x8d\x0cp\xec\x04p\xff7\x1e\xc5u\
\xd7\xdf\x81\x17\x9f?\x80\xb0\xb2\x1b\x93;.D\x94x\
\x88L\x09\x94\xc2\xd49:\xe5C\xdb\x19\xf6\xcb\x86\xcd\
\x09\xe3\xb7D\xf2\xdd\x17\xd7d\xd9\xb9k\x19\xe2\x0c@\
\xe9\xfbn\x16G\xeaV\x12\xf2\xc6\x0a\x02Vz\xed\xb4\
\xc2\x1e\xd1\xb5X\x94\xdf\xb3y\x16\xe8\x94\xf2]\xed\x1a\
\xfa\x81)\xddi\xe4\x14\xa1$B\x03\xaf\xe5\xff\xc9\x9e\
\xab\xc2\xf8\x00i\x10+\xaa\x9c\xa6\xa1\x93\x00\x9e\x8d\x8c\
\xaf\x8f\xcf\xfc\xdc\xbb\x8a\xd3\xf7\xdd\xf6W{\x03\x8e1\
\xcdm\xd8\x19Ls3\xed\xea\x0d\x0f\x17L\x01\xdd\xaa\
\xe02\xe2\x8f\xb1\xd4\x1d{L\xfb[\x9e=\xa6\xe7>\
\x98\xd2=PoT\xa1\x91\xc0\x0b\x02\xf8\xde\x18\xa8\xd0\
\xe7\xf1\x19\xe0\xfb\x0f\xbf\x88;\xee\xfd.\x1e\xfc\xde\x93\
0j\x0c;w\xbd\x15q\x220?WG\x9c(\xf8\
a\xd9=\x14\xd7{\x18\xd2D\xa5c\xe0:\xd0]q\
\xaau\x0a}\xb1XJ\x9d\xea\xb9^\xad\xf7\xd2\xf8<\
\xb6\xc0\x08,\xb010\xf5\x1d\x01\xb5\xc1\xb4#\x9b\xa6\
\x8c\x0f#4\x84j\x92B0\x924\x80\xdf\x02\xd3\x9f\
\x7fgi\xfa\xbe\xdb\xfe\x92\xc14\xc7\xd1e0\xcd\xd1\
\xb8\xab5\xcd`\xdam\x15\xde\xcaoj\xe0\xc6[\x1f\
\xc7\xc7>\xbe\x17\xa2\xb0\x07\xb20\x8e\xf9\xb8\xe1\xcaJ\
\xa6\xa9\x81/\x8a\x10\x966\x97\x12\x97\xf0B\xa1\x0e\xce\
\xa3e\xb3o\xf8\x9d\x92\x98\xabOd\xf6\x98n\xec\x06\
\x1f\xe41mF\x1a\x85\x82B\xaac\xc4:F\x10\x8c\
\xe1\xc4L\x15\xdf\x7f\xe4\xc7x\xfc\xa9W\xf0\xf5\xbf\x7f\
\x1c\xc7O5\xd1\x88}\x94\xc6wC\xa8\x02jU\xaa\
\x00\x15b|b\x0a\x8bUz\xf0\x9d\x09\x8dk\xbdj\
m\xbb5H\xfb\x9d\xb5z\x1f\x0c\xa6k\xb54\xbfo\
;Z`\x90\xc7\xb47\x98z.\x16\x9b\xc1tsF\
\x9d\xc1t\xc4vg0e0m[\x80cL\xb7~\
\x8c\xe9 0\xa5\x84%\x97L\xe4Q0\x8e\x0f\xfa\xa2\
q\xff\x03\xd3\xf8\xcf\x9f\xf9\x0a\x9ey\xee(\x22[\xc1\
\xe4\xee\xcb\xe0\x97&Q\xad%h45\xc2`\x0c\x9e\
\x17\x22I\x0d\xd2\xb5re\x8fu\x8a\xc1t\xc4\x0b8\
w\xb7\xad,\xb060%\x9fi[f-\xbb!\x95\
a0\xdd\xcc\x81f0\x1d\xb1\xf5\xd7\x05\xa6]q_\
\x94R\x91\x1d\xd9\x0d\xc4[\xf9\x1cc\xdao\x0a\xb3\xc7\
tc7\xf8\xc0\x18K!\xb0X'I'\xed\xf4F\
kM\x81/_w\x17\xfe\xbfO\xdf\x00mwB\x15\
\xdf\x82\xd8\x14\x5c\x12\x14%C\x85A\xd1\x95\x1d\x8d\x9a\
\x09\x1a\xb5\x1a\x821\xaau\xbf\xfec0\x98\xf6\xf7\xc6\
\xb2\xc7t\xfd\xb6\xe73\xb7\xbe\x05:\xc9\xafg\xea\xf5\
vbL\x07\x83i;\xc6\xd43\xc7gx+?\xff\
qg0\xcd\xdf\xc6\xcbz\xe8\x0f\xa6\x99\x08\xb6\x10\xca\
m\xd9R\x106e\xe3:\x0cm\x8d\xd4r0\xe5\xe4\
'\xce\xca\xef\xa1\xf7\xd3\x9au\x0c\xa6\x1b\xbb\xc1\x07\x81\
)\x81a\x94$\xf0C\x0f\x89\xf5\xd0H\x80/\x5cs\
?\xfe\xea?]\x8f\x9d\x17\xfd\x02N\x9c60\xb2\x02\
-\xe81h\x97\xf4CI\x7f\x9f\xdaVAV\xe7~\
\xbd\x07\x83\xe9z-\xc7\xe7\x9d\x0f\x16X\x0b\x98:;\
,\x15\xa6\xc8\xbe\xaaI\xe39\x95\x0d\xdb\x8a1e0\
\x1d\xedla0\x1d\xad\xbd\xe9a$\x17\x81\xa9W\xf6\
\xe3\xf2\xdf\xfe\x9dNV>\xac\x94\x964\x06W\x80i\
JR\x16\xcb\xd1\xd6\xfd\xd6\xf6\x83pV>{L\xd9\
c\x9a\xdfM<\x08L\x9bq\x04\xe9K(\xe9!\x82\
tIOW]\xf3\x10\xfe\xe4\xe3\x9f\xc3\xaeK\xde\x83\
ZTrIO\xa9\xd6\xd0:\x86\xf2\x80b!\x84I\
4\xea\xe41-\x91\xc74\x0f0][\xdc*{L\
\xf3\x9b;\xdc\xf2\xe6[\xe0L\xb9\xc0\xce\xf3\xb4\xed1\
\xed\x06Sz\x02\xbb\xe7k\x17\x98\xd2\x1a\x90\xa6YV\
>{LG3\xa6\x0c\xa6\xa3\xb1\xf3R/\xbd\xc1\x94\
\x84+h\xbb\xcf\x83\x95\x1d\x1dS\x06S\xd61\xe5\xe4\
\xa7\x11\xdf\xa4]\xdd\x0d\x02S\x82\xca\xd4h\xa4\xb08\
\xbd\xd0DP\x9a\xc0u_\xfd\x01>\xf6\xf1\xcf\xe1\xa2\
\xb7\xfd2\x16\xea\x01\x1a\x89\x84U\xda\xc9I\xc1F\x88\
\x1au\x04R\xa1R\xa9\xa0\xd6\xa8o\x00K)\x94\xa7\
\x17\xd42\x98n\xde\xac\xe1\x9e\xb7\x8a\x05\xfa\x83)\xa0\
\x88\x80\x5cA\x8cl\xe7\xa2\x0d\xa6\x14cjE\x0a!\
ch,\x07\xd3\x9fygi\xfa\x01\xce\xca\xcfu\x88\
\x19Ls5\xef\x99\x8d\x13\x98\x1e_\xc4\xd4\xb1#\xda\
yL\x17\xd2\xdd\x97'\xb22%\xa4/3!l\xdf\
\xdd\x08\xdaH\x18c\xfa\xe8\x94f\xdf\xfcDK\x8b0\
\xaf\x8f1\xe8\xc1\xccrQ\xfd-\xcfrQ\xe7\xb2\x5c\
\x14\x90$\x11<\x8f\xf4HcX\xaf\x84X\x03\x9f\xb9\
\xfa\xfb\xf8\xe4\xdf\xdc\x06\xafx\x19\xeaQ\x09\xa9\x08\x00\
\x95@\xa8\x04J\xa4P\x92\xd4\x16\xb2P\x9d$\xcd\xe2\
\xdbz\x1d\x83\xee?\xd2$]~,o\xabW\xad\xfb\
\xf69\xdd\x9a\xa5y\xad!\xdc.[ /\x0b\x9c\xf9\
\xfcY\x8e4\xfd\xee\x1f\x0a\x8b\xf3$=sW\x03\xd3\
\xac\xe0\x84\xf2RW\x90\x22I|\x08]7\x9e~s\
\xe6g.+M\xdfw\xeb_\xee-rI\xd2\xbc\x86\
u\x80\x88]n\xdd\x9e\xbf\x0d;\x8f\xe9\x22\xa6\xf6\x1f\
\xd1\x97\xff\xb3\x7fq\xc5\x87g\xa3\xa9\xcb\x1391%\
\xa4Z\x06\xa6\xae\xf4\xa0e0\xe5\xcaO,\x17\xb5\x99\
\xab\xc5 0L\xe3\x04\xca'!\xfd\x08\xd6\x1bs`\
\xfa\xd9\xab\xbe\x8fO\xfe\xedmP-05\x22\x84\x95\
\x11\xe0%\xf0d\x13\x9e4\x90\xd6w_*\x93\x946\
\x14\xd7\x07\xa6Y\xed\x04\x06\xd3\xcd\x9c\x1f\xdc\xf7\xe6Z\
`#`J\xfb\x93\x01\xedN\xba\xfb\x88d\xf8\x0c\x94\
\xa5{\x93\x0a\xa5\xd1=i \x83\x18\x14bG`\x0a\
]7>\x83\xe9H\x06\x9c=\xa6#1s\xa7\x93\xee\
\xad|\x02\xd3S\xf5\x1d\x97'r|\x03`\xba\xd1!\
\xec\x7f\xfe\xa0\x073{L\xd9cz\xfeV~\x02\x08\
L=_\x226\x11\x8c\xf3\x98\x0a|\xe6\xaa\xef90\
\xf5\x0b\xef@=.!\x95\x0aP1\xac\x8a\xe1\x89&\
\xa8\x9a\x96\x84\x0f\x01\x0f\xb1VK\x15\x98V\x9bI\x83\
\xee\xbf\xd5\xd0\xb4\xbb\x9d\xce\xf9\x1b]'F\xbcPr\
wl\x815X\xa0\xf7\xf3'\x9b\xef\xfd\xef\x1f\x06\xd3\
5\x98xS\xde\xc2\xab\xd5\x88\xcd\xde\x06\xd3W\xf7\xe3\
\xf2\x7f\xfa/\xff\xe0\xc3'k\xe3\x0c\xa6\x12\x08T\xec\
JZ\xd2#[[\xaa\xb4\xa1`l\x0c\xf6\x98\xb2\xc7\
t\xc4\xb7\xe8\xb2\xee\x06\x81a\x1akx\x9eDl\x1b\
0^\xc1\x81\xe6\xe7\xae\xfa6>\xf9\xb7w@\x15\xde\
\x89FJ[\xf9\xcayL\x09L\x95\x8c!\x85\x85\xd2\
\x01 \x02\xa7c\xda.\x0d\xba\x1e0\x1d\x946\xc5`\
\xba\x99\xb3\x87\xfb\xce\xdb\x02\x1b\x07S\xfab\x98\x95!\
=\xc3c*RH?=\xc3c\xfa\xd3\xef,M\xdf\
\x7f3o\xe5\xe79\xb6\x0c\xa6yZw\x95\xb6\xd7\xe7\
1\xed\xde\xeak?\x8a\xda1\xa6\x1b\x1dB\xf6\x98\xe6\
9\x058\xc6\xf4\x5c\x8e1\x15Hb\xe3<\xa6\x91\xa9\
\x01^\x80X\xfb\xf8\xdc\xd5\xdf\xc2'\xff\xe6\x0ex\x85\
\xcb\xd0\xd0\x13K`jh;_P\x9c\xa9\x800!\
\x04|'!\xd5\xef\x18\x04\xc6\x83\xc14\xcf\xd9\xcdm\
\xb3\x056\xd7\x02\x83v\xecl\xdf\xdb\x8b<\xa6\x0c\xa6\
\x9b;\x82\xab\xf7\xbeQ\xaa\xd9\x8a\x9fiK_\xd3\x99\
\xc9O\x17tyL\x15 \x14H{\xd2\x18@\x1b\x0b\
}F\x180\x83i1\xc8V\x1b\xb2\x0e\xeb\x98\xb2\x8e\
i\x9e7\xfc\xa0\xcaOIl\xa1|\x81\xc8\xd6\x00\x15\
 6>\xae\xbc\xea\x1b\x19\x98\x16/CS\xef@*\
|\x18\xd9\x80\x111 Hi_A\x9a\xa2\xf3\xd2\x08\
\xfa]\xf4~z2\x98\xe69\xba\xdc\xf6v\xb7\xc0\xc6\
\xc0\x14\x08d\x96\xe4\xb4\xdccj\xb2\x18S\x97\xfc\x14\
\xc3(\x814\x0ea)\xc64=9\xf3\xd3\xef*\xb0\
\xc74\xe7\x89\xc3`\x9a\xb3\x81W6\xdf\x06\xd3W_\
\xa9_\xfe?\xfeO\xff\xf6\xc3\xb1\xb7\xc7\x81\xa9\x14J\
\x82b\xd1\x06\x81\xe9\x8a,\xdc\x8d\x0f {L\xf3\x9c\
\x02\xec1=\xb7=\xa6q\x0cH\x1fHl\x1dP>\
b\xeb\xe3\xb3W=\x80\xbfv\x1e\xd3w 2\x93H\
\xe8\x9e\x96q\x06\xa6\x94\xac\xa4}\xc0\x16\xa0\xa0\x9c\x1c\
\x8d\x83\xd5\x1e\x07\x83i\x9ew'\xb7\xbd\xdd-\xb0~\
0\xcd\x92\x9b\xce\x04\xd3\xb4\x93\xfc\xc4`\xbai\xd3c\
\xe3\x5c\xb3i\x97\xbe=;^\x02\xd3\xfds\x97\xff\x93\
\x7f\xf6\x7f~X\x17\x7fr\x09L\x9d\x5c\x14m-\x18\
\xe1d\xa2\x5c\xfc\x199S\x96\xaaR\xd0g6KU\
\xa0\xe8\xb7A7f\xdbJ\xd9m\x98\x09\xf3S,\x0d\
e\x1efG'L`\xe9\xef\xf4\xaf\xae\x0c\xaa\xcd\xfa\
\xefs\x0c\xea\x9f\x12=z\x1f\x12:\x05H\xc1\x95c\
L\xf7B\x14\xf6@\x16\xc61\x1f7 \x02\x894%\
Y!\x8e1\xdd\xcc;}\x90\xc7\xb4\x0d\xa6\x11\xea\x10\
2Db\x14>{u\x1bL/C\x13\x13\xd0\xb4e\
/H\x0f1q\xf7\x9d\xb5\x0a\xc6\x94\xb2\xbb\xcfK(\
\xaa\x9a\xc1t3\x07\x99\xfb\xded\x0b\xd03\x82Pd\
\xf0+=\x97\xdc\x0eC\xebU\xb8\xe7K\xfb\xc9\xb5\xfc\
c\xb8b5\xd6:uR\xba\xefH\x1am\xf9s\xcf\
\xc0S\xceW\xea\xfeF\x9eSAY\xf9N\xda\x94t\
M\x01\xe5\x19@\x0a\xa4\x89u\x1eSe\xdf\x98\xf9\xe9\
w\x94\xa6\xef\xb9\xed\xff\xdd[.a\xba\x02\xcc\x08q\
\x86f\xdb&\xdbs\xfbw\xcf`:\xe21l\xcbE\
\xbd\xf8\xe2\x89\xcb\xff\xe5\xff\xf6'\x1f~3\xb9\xe4\xf2\
\xc2\xc4\x9e\xa9\xc0S\xb2^\xafCk\x8d0\xa0j0\
\x12\xb5f\x04\xdf+\x824\xb4\x09T\x9d|\x94N\x90\
\xd2?8am\x0bxT:\x8d\xfe3\x1b\xca\x95\x1c\
\xa8\x14ya\xb3R\x88\xd9\x8d\xd7z]\x92\x99\x91\x0e\
|\xe9X~\xcfg[\x1c\xb6\xd5\xeez\xcd\x94-\x1c\
\xbd\x0e\x06\xd3\xa6\x06n\xbc\xf5q|\xec\xe3\x0c\xa6\xab\
\xcd\x923\x05\xb2\xd7;\x13\xd7w\xde 0u\x85\xd9\
$\xd0\xd01\x84\x0a\x90h\xe0sW}\x13\x7f\xf3\xe9\
\xaf!(\xbf\x1d3u\x05\xab\x0a\xf0\x14i&\x1aH\
\x17\xa2#\xd10\x81\xfb\xd2'$\xd5\x8a\xea\xb7\x95\xbf\
\xbe\xeb\xe6\xb3\xd8\x02\xdb\xc2\x02\xee\xd1\xd3\xd9:w\xcf\
\x22\xe78Y\xe6Ji\xbbT\x96d\x9c\xdcMG\x9a\
\xc0\xcai;-=\xff:\x8e\x16R)\x95\x8eF\xb3\
\xe7\x1a\x15\xad\xc9\x1e\x95\xedCZ\x8bfs\x1ea\xa0\
\x5cIaE\xcfR\x00Z[\x18\xad\x00\xa3099\
\x89\xa3\x87_\xc7\xe4D\x11\x85 2\xc7\x8f<5\xf3\
_\xfd\xc2\x85\x0f}\xfd\xfeO_WV\x0c\xa6y\xcd\
1\x06\xd3\xbc,\xdb\xa3\xdd6\x98>\xf7\xd4\xab\x97\xff\
\xf6\xbf\xfa\xbd\xff\xb5x\xf1/\xbf\xff\xcd\x051\x95\xa6\
F\x96\xc7\xc6Q*\x95\x91$)\xea\x8d\x04:\xb5\x08\
\xc3\xa2\x13\xdc\xa7\x07\xa0\xb1\xda\xc9_\x18\xfa\x17k\xa1\
\xe9[\x9e\xbbA;\xcf6\xba\x01\xbb\x0f\x8f\xc0\xd4\xdd\
\x92\xad\xd8\xd4\xa5/w\xad\xd2k-(]\x12\xdan\
\xfd\xden\xa3\x93\x9c\xb1\xb6J2+?6\x83io\
\xe8\xd0B\x80\xc1\xb4\xbfK~k\x83)\xdd\x93\xe4\x86\
\xe9\x80i\x9a\x92\x8e\xe9\xdf\xe3o?};\xfc\xf1\xb7\
e`*\x03\xa7\x97\xe8\x09@\x91\xe2\x84\x15h\x1a\xcf\
\xf9I\xb3\x1d\x07\x06\xd3\x11/\xc3\xdc\xdd\x96\xb0\x80u\
\xde\xc8\xac\xe2\xd2\xf2\xa3\xe3\xd9\xcc\xfe}\xa5\x7f#{\
\x1aQ\x0c\xa8\xdbRl\x9d\xdci%\xf3{\xcaL.\
\xca=\xd3\xba\x9f_\x99\x07\x95Bh\x8c&\xe7\x8fp\
Z\xc4\x92\xe2M\xdd=\xa9\xa0d\x01J\x04X\x9c_\
\x80\x8e\xea(\x97\x8c\xf5\xe4|\x0a\x9c8\xf5\x9e\xf7\x5c\
\xfc\xfd+?\xff\x1fo\x08\xf5\xe2\xa3o\xa9Tf\xd9\
c:\xfc\xc9\xc4`:|\x9b\xf6m\x91\xc0\x14\x8b\x98\
|\xfc\xb9\x83\xef\xfb\xd7\x1f\xf9\xf8\xff2\x93\xecx\x7f\
\xa4\xa6v\x07^\xc5\x13\xaa$\x1au\xa0\xd64\x08\x8b\
eL\xee\x9c\xc2\xe9\xd9\x19\xfa\x0e\xe7\xb6\xdf\xe9\x1b\x22\
\x1d\xaau\x1b[\xa9\x10'\xf4\xb7\xae.[`\xd9\xbe\
\x0d\xd5Re\xa8\x15\xf9\xbb+w\x1fV\x00)\x83\xe9\
p&\x06\xc7\x98\x9e\xcb1\xa6\x0c\xa6\xc3\xb9K\xb8\x95\
\xf3\xd3\x02\x16Y\xb5\xc33\xb5%\xd6\x06\xa6\xe8\xaa\xdc\
\x94\x95\x16]\xd9R\xb6\xfev\x81\xe9\x0aH%\xa97\
J\xa2\xa5*\x8bi\x1a\xbbWz\xbe\x06^\x08O\x91\
\xd2\xb0Am\xe1\xa4\xf1d5Qr\xa1&\xcd\xa9\xd7\
\xdf\xf3\xde\xb7\x7f\xef\xca\xcf\xff\xf5\xd7.\xdcUxz\
\x12Xd0\x1d\xfe\xece0\x1d\xbeM\x07\x83)P\
y\xe3H\xf3=W}\xe9\xa6\x7fz\xc3\xdd\x0f~\xa0\
\x96\x94\xde\x96$aY\xdb\x8aoP\x91F\x94\xd0\xd4\
\x0aI\x9a\xc2\x0b\x83V\xcd\xde\x14R\xb9\xa8\x19H%\
\xa0\xe8\xdb\xa0Ph4)\xa9\xe2LofvcK\
\xf7\xfe\xec\xe8#,C\x0b\x03\x83i.3\x81\xc1\x94\
\xc1\x94=\xa6\xb9\xdcZ\xdc\xe8\xb6\xb7\xc00\xc0\x94v\
\x04\xb3\xf0\xb4,\xff\xa2\xbd3\xd8Rni'I\xb8\
\x9d\xc4\x16\xa0v\xc3\xa9\x90H\xad\x06\xc9\xe0X\xab]\
\xbe\x83O\x9b \xc2\xc0Cb\x1b\xd5\xd3\xe9%\x17T\
\x1a\x8d\xda\x1b\xb3\x05\xbfq\xf8\xb7~\xf3\xbf~\xfe\xd7\
\x7f\xe3\x97\x1e\xf9\xc7\xbf\xf5K\x8f\xcd\x03\x87\xdf\x0a4\
E\xffm\xc1m?J\x9b\xf1\x01\x18LGlu\x9b\
\x05mR\x10\xe9\x9eW\x0e\xd5\xfe\x9bc3\xb5\xf7}\
\xfa\xef\xae\xf9\xb9\xfb\xbf\xf9\xc8\x9e\xc9\x9d\xef\x9c\xac\xec\
\xb8\xac\xf8\xea\x919/\xae\x0bQy\xcb\x1e\xd4\x1au\
W\xabWH\xe3\xa4e<\x09\x90\x17\xd4\x93\x84\x9c\x0a\
\xb5\x88\xc0\xf4\xcc\x0f\xd1\x06\xd3\xf6_\xb2\x12k\x9d\xa3\
\xfd\x8dt\xe9F^\xd1D;\x22\x80cL76A\
\x18L\x19L\x19L7v\x0f\xf1\xd9\xe7\xaa\x05\xce\x04\
\xd3\x95\x9e\xd2\xce\xf3k\x95g\x1c\xc8c\xea\xaf\x02\xa6\
\x06\x96\xf6\xfe]\x8eD\xb6\x95\x9f\x85\xb8u\xc0\x94b\
X\x8d\x10\x88\x93\x14\x90\x12\x9e\xafP\x08\x14B\x12\xc7\
Ad\x11W\xb5N\x16\xa2\x85\xb9#\x0b\x95\xa2=\xf6\
\x81\xcb\x7f\xe1\xc0\xbf\xf9\xdd\xff\xf9\xd9_y\xdf[\x9e\
\x9b\x9f\x8b\xf7\x8f\xef\x0c\x8eM\x02U\xe1\xf4\xde\xf8\x18\
\xb6\x05\x18L\x87m\xd15\xb4g)-\x17(\x03\xb8\
\xa4\x1e\xe1'j\x1a?\xff\xad\xef<\xff\xf3W]}\
\xdb\xbb\x1e\x7f\xfa\xe0%\xa5\xf1=\xe3^qgx\xe2\
TU\xa9bY\x90\x84\x14\xc1\xa7\x82\x85\x92\xd2\xbd\xd2\
\x16\x08\xfdD:\xcb(\xccn\xb4\x8eW\xb4}\x83\xb7\
\xc1\xf2L0\xcd\x86\x9e2\xefW\xf3\xa62\x98\xaea\
 \xd7\xf0\x16\x06S\x06S\x06\xd35\xdc(\xfc\x96\xf3\
\xd0\x02\x1b\x03S2\x18\x09\xe4\xd3\x91=\xaf\xda\x1eS\
\x02S\xf7\xaf\xad\x92\xa4\xa2\x954E\xff&\xb3\xc4*\
\xf7\xbc\xa4P\x1c\x8a\x8d\x13\xce\xe1#mdm\x5c\xb7\
&Y\x88\x95\xa9W\x95\xa8\xbf\xf9\xae\xb7O\x1d\xfc\xdf\
\xff\xf5?\x7f\xfeW?\xf0\x8b\xcf\xed(c\xff\xae\x12\
\x8e\x15\x8b\x98\x03\xd0t\x8fO\xf6\x96\xe62o\x19L\
s1k\xffF[^S\xfa\xfaVh\x00;\xe6\x17\
\xea\x97x\xaa\xf4\x13\x0bu\xfc\xdc\xd7\xee}\xf8g\xaf\
\xfc\xc2\x8d\xef|\xe5\xd5\xf9\x0b.\xde\xf3\xee\xcal\xd5\
\xfa\xd6\x86\xd2\xd2\x06\x83\xcd\xb2\x06\xdbq9\xf4j\xdd\
\x0f\x05\x87\xb7\x85\x82\x97\xf7M13\xee\x9c3<\xa6\
\x1d0\xed\x97x?HGq\x90\xf98\xf9\x89\x93\x9f\
\xe2\xc5C\xb8\xe2#\x1f\xc2G\xaf\xf8 \x84HQ\x0a\
\x00\xdf\xaa,S\xb6\xafjCk\xae\x0f\x9ad9\xfe\
}\xd0\xfc\xe7\xe4\xa7\x1c\x8d\xcfM\x9f\xe3\x16\xb0\xae\x0a\
Z\xbf0\xb3\xbe\xcb\x83 \x1d\xd2\xec9\xd6^e\xb3\
\xdd\xc3\xce\xee`\xdbc\xba,\xf5i\xe9Yh (\
<NY\x98\xa4i\x9a\x8d\xd9T\xa4\xd5\xfa\xee\xa9\xc2\
\xe9\x9f\xbc\xec\xa2\xd7\xde\xfe\xd6\xc9\x17\xfe\xf8\xa3\xbf\xfb\
\xecE\x17c_\xa5\x80\xd7\xeb\xc0\xcc\x14\xd0\xa0\xa4\x0f\
\x8e+\xcdwj2\x98\xe6k\xdf\xbe\xad\xbbD(r\
\x84\x02\xc5&0\xb5\xb8\x88=\xa9\xc2\xbb\x0f\x1fk\xfc\
\xc2M7?\xf0\xd3\xd7^w\xd7\xa5\xc2\xdb\xb93\xc5\
\xd8\x986\xa1gL \x8d\xf0\x5c&\xb0\xcb\xc6\xff\xff\
\xd9{\x13\xf0\xc8\xae\xf2Zt\xed3\xd7\xa0Ri\xea\
y\x9e'\xd9\x18\xf0\x80cc0\x18\x0f\x0d\x18Ox\
\xc2`\x06\x1b\x02\xc1$\xc0}/\xb9/\xef\xddwo\
\xde\xbd\xc9\xbb\x97/\xc9\x0b_H\xc8Mn\x02\x18\x03\
\xc66\x06\x9b\x04\x8c\x19B\x120$6\xc1R\xcf\xee\
\xb9\xd5\xea\xd6X\xaa\xf9L{\xbf\xef\xdf\xa7J\xaa\xee\
V\xab\xba\xbb\xa4V\xa9\xb5\x0f\x9f(\xb7TgZ{\
\x9fs\xd6\xf9\xff\xf5\xaf\x1f\x80iF\xa9\x0c\xf9\xbeX\
yk\xac%\x9ag'\xa6\xd5\xef\xd78mLr\xb4\
\xf5\x1e\xcc\xf5\xe0S\xc4T\x11SELUU~\xbd\
\xfb\x84\xfa\xfb|D`:\x88)\x15\x05\x93w\x8ct\
\x1f\x05)Ck\xab\xf0)\x93_\xcd\x1e\xd2S3\x22\
\xba\x15\x1fo\xf2\x16\xe6y\xa1\x1bA\xc0\xc2r\x99\x07\
\xd9\xd1\x8e\xb4\xd9w\xedU\x97\xedy\xef\x9d\xb7\xf4\xdc\
p\xc3\xf2\x9df\x88\x83\xc2\xc5`*\x85\x02\x00_\x06\
gU\x94t\xc6'\xab\x22\xa63\x0e\xf1\xd4;\xa8D\
Oi\x1c\xcc,\x90\xb0\x81\xce\x00X\x9d\xc9`\xcbh\
\x0e\xdd\xbf\xf9\xf1\xdf\xdfx\xe0\xc8\xc8\xb2\x91\x0coK\
\xa4\x16;f\xac\xcd\xc8\x95\x02V,\x06\xd2\xd6\xc2q\
\x1c\x94\xcbe\x90_i\xa2%)}Ps\xb9\x1c4\
\xc3\x92\x1el\xf4\xdf\xa7.\x15\x9b\xa8\xe8\xf2\x94\xdf\x9f\
*b\xda\xa8]\x8f\x22\xa6\x8a\x98*b\xaa\x88\xe9,\
\xdff\xd5\xeeg\x08\x81\xaaC\xcc\x05m\x9e\x09i\xd1\
4Y\xc4\xb4N\x22%\xda\x1d\x0b`\x1b\xbe\xd4\x87\x86\
\x9c\xc1-\x87\x08\xb8\x0eCw\xa0\x09\x1d\xbe\x17\x22\x95\
J\x03\x22D\xe8{\xf0\xdd\x12\xdcr\x01L\xf8H\xc4\
\x1c\x91L\xea\x5c\xd3\xc6\xdc\xcc\xc8\xd1,\x13\xc5\xfe7\
\xbea\xf3k\xef\x7f\xdf{z\xdfykwo\xca\xc2\
\xfe\xd1\x81\xc2\x89\x05\x0b\x12Y\x00\xb2e\x9b\x22\xa4\x17\
4\xca\x17\xb4\x92\x22\xa6\x17\x04\xdb\xf4\xafT\x93\xde\xb7\
\xf2@\x8b_\xc0\xa2r9\x5c\x1b0}\xdbs\x7f\xff\
\xf3m_\xfd\xfa\xf7\xd6\xfd\xea\xd5\x03\x8b}\x9eh\x8d\
\xa5\x16XV\xac]\xd7\x98\xc5\x06O\x9eD{G\x17\
t\xcb\xc4\xd8XNFS[\xdb\xd2\xd2\x18\x7fdt\
\x0c\x96mOAL\xa9\xbb\xd4\xcc\xfaH*b\xaa\x88\
\xa9\x22\xa6\x8a\x98N\xff\x1dSm\xb1\x19\x10h\x9c\x98\
N~\x16\xe7FL=\xe8\x9a\x0b\xabBL\xcb%\xb2\
|\x22]\x9b\x05\x83\x99\xe0\xd2\x07\xdc\x86W.A\xe3\
\x01\x92q\x0b1[\x13L\xf8\xc2\x0f\xca\x1e\xe3\xb9B\
!\xbb\x7f\xe0\xdak\xb7\x1d\xbc\xf3\x8e\x9bw\xbc\xf9\xcd\
W\xf4,m\xd7\xf7\x06@_\x98\x1f\xcctuu\x91\
\x8e\x94\xd2\xf6u\xfa\x1f6\xc3H\x5cZ\xc7\xa0\x88i\
\x93\x8dg\x85\xa0Rz\xdfF\x09i\xdf\xc0\xd2\xd0\xc4\
\x86=\xfbs\xddO=\xfb\xe3-O\x7f\xfb'k\xf6\
\x1d\x18^\xc0\x8cT2\x96h\xb7\x16t-a\x87\x0f\
\x1fed\xca\xbfd\xc5JXN\x12\xfd'\x06\xe1\x16\
JpZZeTt\xf2\x88iT4\x15\x84\x94\xfe\
\x98l\x1aD\xd7b\xa4\x01\xba\xf0E\x11SEL\x15\
1U\xc4\xf4\xc2\xef j\xcdfF@o\xec\xf1@\
uG\x17\xbe\xb0\x00\x82\xe7aP_QP\x84T \
\x0c4\xe8\x9a\x0d\x9dEEQ\xb6n \xe6\x98@X\
D)7\xc2M\xcd\x0fZZ\xec\x92\xe0\xdep>{\
\xec\xc8\xa3\x0f\xbf{\xd7\xf5\xd7m\xeb\xb9\xf2\xaau\xbb\
Z\x92RG:\xdc\x16\xe9H\x03\xa5#\xbd\xf0\xa1i\
t\xcdF\xa6E\xa3\xfbV\xebO\x81@E\x7fj\x00\
\xa3\xb1\xb11\xad]\xb7[W\x84\x166\xfd\xdb+\xc3\
\xdd_\xfe\xeaw6\xbf\xf0\xe2/V\x9e\x1c\xccwt\
-\x5c\x1e\x87f\x1a\x9e/\xb4\xb2\x1b\x80\xc3\x82a'\
\xa1\x1b\xb6$\x9d\x149=\x95\x9cVS\xf9\x8a\x98^\
\x8c\x09\xa8\xaa\xf2UU\xbe\xaa\xca\xbf\x18W\x9a\xda\xc7\
l \xd0\x10\xb1\x8c\x0a\xe2/|a\x01\x02\xaf\x04\x9d\
|\xbdu\x13\x9a\xa6Cc\x96\x94\x07\xc8.\xa5<\x90\
\x91\xd2\xcc`\x9f\x889\x08\x17/L\x95\xf3c\x83\x99\
ra\xa4\xef\xd6w\xdc\xb8\xf7\xa3\x1f\xb9\xb7\xe7u\x97\
'v\x98\x1c\x07\x85\xc0@K\x0b\xf2JGz\xe1\xc3\
1\x9dk62-\xa6\xf38\xd4\xb6&A\xa0V\x7f\
\x9aC.94\xe4v\xc6\xe2\x9dk \xb0\xe5\x87?\
\xde\xdd\xfd\xf8\x13\xcfn\xf8\xd1O\xffmY\x22\xd5\x99\
\x8e\xc5Z\x1c\x97k\x86\xe7\x19,\x94\xed\x0em\x84\xa4\
\xb71c\xa0j\xfe\x09\xaf\xd3\x89\xd6\xa4$\x18\xf7C\
\xf2{\x93\xbdM']\xaa\x01\xd3\x0bkHJ\x9b\x9e\
*\x0b\xa2!\x0c M\x8d-\x9d\xd22B\x8a\xd8C\
j\xdb\x18\xe8\xe0\xc2C\xd2\x0c\x10\x94\xfbp\xc5\xa6V\
<\xf9\xf8\xff\x83\x16\x07\x88Y\x15\xf3d\x840\xa4\xf3\
\xd6\xd9\x97F5\xb2\x8dNLEL\x151U\xc4\xb4\
\xd1\xabH\xad\xdf\xac\x084D,\x1b%\xa6\x14\xd6\x0c\
\x02i\x09e\x18\x06,\xdb\x80E\x0f\x13\x11\x22\xf0\x8b\
\xe0aI\x04n\x96\xa7\x13\xbaW.\x0ce\xbd\xc2\xc8\
\x89+\xdf\xb8y\xffG>\xf8`\xef\x8d\xd7m\xe9M\
\xc4\xb1\xcf\x04N$\x12 \x1d\xa9\xabt\xa4\xcd3\xcb\
\x141m\x9e\xb18\xeb\x91\xd4\xeaO\x0b@\xaa\x90\xf1\
\x17\x85\xdc\x5c\xa7;\xd8\xfa\xf9/~o\xdb\x0f\xfe\xf1\
\xa5\xf5\xff\xfe\xeb]\x8b\x9cX:\x15Kv\xd9\xd9l\
\xa0\x15\xcb\x1as\xe2\xad`\x9a\x0d!\x1b\xabEU\x8b\
\x11\x03\x9d\xa8dT\xc4tf'\x80\x22\xa6\x8a\x98*\
b:\xb3\xd7\x98\xda\xfa\xec!0\xbb\xc4\x94\x02\x1b\x86\
$\xa6\x9a\xc6aZd\x8e\xef\xc1\xf7sB\x04\x05\xc1\
X\xc1O\xa7\xccBa\xf4\xf8\xe0\x9a\x15\x1d\x07\xef\xbd\
\xeb\xb6\x9d\xef\xd9~S\xcf\x8ae\xfa\x1e\xdf\xc71^\
@\xa6\xb3S\xfa\x91R\xda^\xe9Hgo\x1a\x9d\xb1\
gEL\x9bh0\xea\x1dJ\x8d\xfe\x94:G\xa5K\
\xc0\xd2\x5c\x88\x0d/\xffz\xf4\xb2o>\xf3\xdd-\xcf\
\x7f\xf7'\xab\x87G\xbc\x05\x0b\x17\xaeI\x18v\xda\x1a\
\x1eu\x19\xf9\x9f\x0aXS\x10S\xda\xab6\xd1\xaf\xf8\
\xb4\xcbSEL\xeb\x8d\xca\xd4\x7fW\xc4T\x11SE\
L\x1b\xbb\x86\xd4\xda\xcd\x8b\xc0t\x10\xd3\xdal\xdc\x14\
\x8d\xb3\xcf\x04A\x98\xf0]\x0b\x8c:!\x9a\x02\x9a\xee\
#\x08Fy\x10\x8c\x85\x8e\xe5\x95RI1R\xc8\x1d\
?r\xf7\x1do\xdf\xfd\xd0=\xefz\xf5u\xdb\xbav\
%\x0d\x1c\xb6\x81a\x00E\xa5#m\xdey\xa5\x88i\
\xf3\x8e\xcdT\x11T\xba\x96\x8d\xd1\xd1\xd1XNk\xeb\
\xb0\x12X\x19\x86\xd8\xf4\xf2\xaf\x06\xba\x1f\x7f\xfc[\x9b\
\x9e}\xee\xc7+\xfd\xb2\xd6\xb1`\xd5\xa6X\xb1\x08#\
\x844\xe8\x07\x17\x96$\xa1BFN\xb5\xc8.j\xbc\
*?\xa8\x1aH\x9d\xb2_\xb2\xa4\x92K\xd5Sj\xfc\
\xc5\xb2z\x0b\xa1\xed\xd4Z\x1a\x9fz\xd8*\x95\xaf\x8a\
\x9fT\xf1\x93*~\x9a\x83\xb7Yu\xc8u\x10\x90O\
\x92\xca\xf3@j:e\xa3\x97\xea\xa3\xa2B7'\xf1\
\x22\x94\x9d\x0a+\xda1j\xaf=i{lV\xf1\x1a\
\xad9\x86q9\x9al&C\xcf$\x13~\x8eA7\
M8\x0e\x17\x9aV\x0c=o\xc0\x05\x1f\xcd\xb4\xb7\xe9\
\xc7\x17/\x88\xef\xfd\xc3\xff\xf6\xbb\xbd\xab\x97\xb5\xf6.\
n\xc3\x01\x01\x0c\x0c\x03\xf9U\x91\x1f\xa9\xb2\x7fj\xe2\
\x19\xae\x88i\x13\x0f\xceT\x87V\xa3?\xb5r@\x82\
\x01\x0b\xfc\x10\xab3yly\xe5\xe5=\x97=\xf1\xd4\
s\x1b\x9e\xff\xde?-\x85\x91N\x87H9\x9a\xd1\xa6\
kf\x9a\x85\x81\x83\xc0\xa7\x9b\x86\x0d\xcd\x8a\x81\x0b\x0e\
\xe8\x02\x06\xf3d\xe5\x22\xe3E0T\xda\xff\xca\xd6m\
&\xc0L\x08f\x00\x1a\xb5A\x15\x80Ad\x8b|T\
\x19\x5c\x97\xbeK\xdf;u*\xc9\x9b\x8d\xf4\xa9\x8b\xce\
\x82J\xb0\x22\x82[}?\x8e\xa4\x05AHmV\x95\
\xc6\xf4?\xfc\xee\x97\xc0\x9c\xe5\xd0\x9c\x14\xc6\xbc\x12\x98\
\xa5!\x088L\x16\x93\x1d\x924\xf8\x12C\xd2\xe0\xca\
\x1b\xb40$\xe4BL\xdd\xaa9\x9c\xca\xa4\xf6\x1c\xe6\
\xbe>E\x86K\xb6\xf4\x0b\xa3\xeeLI\x84R#\x1c\
j\x1c\x81\x00\xbc\xc0\x06\xe3.\xda\xe2*b\xaa\x22\xa6\
\xe70\xd1\xd4Wf\x05\x81z\xa6+S\xd7\x16py\
\xef\xae\x1a\xd6O\xb4\xc6\xae\xde\xe7u\xf8At\xdf\xaf\
6\x84!3\xfch\x89>m=6\xfeo\xa6\xd1\xef\
\x22\x99\x99l\xbb\x0d\x0e\xdb2\x91\xcf\xe7\xc14\x1d\xc9\
T\x0bhsc\xd9<\xa0\x1bhKw`l('\
\x84[\xe2\xba\x96\xf5\x0cm,o\xe9\xa3'\xd6\xaf\xed\
\xda\xff\x81\x07n\xdbq\xef=o\xe9IXx\x0d\xc0\
\xf180V\xf1#U\xf6O\xb32\xd3\xceo\xa7\x8a\
\x98\x9e\x1f^M\xf7\xed\x1a\xfd\xa9M\xfaS\x00\x8b\x86\
\xc7\xbc\xf5;\xf6\x1e\xd8\xb6cO\xdf\xd6?\xf9\xfc\x97\
\xd6\x8df\xb5E\xa5\xb2\x99bV\x87\x15\x8b/\xd1\x98\
\xd1\xca\x02O\x87KAR\xd7\x8d\xd2\xf8\x8c>=X\
Z\x08\xdb\xd2eG)\xaat\xcc\x8e\x95$1\xa5\x8e\
S\x92\x98j\x1cB\x0b\xc1\xb4\x88\x10y$\x19\x1f\xd7\
\xafN\x10O\x8d\x08o\x8d\x81\xf2\x99\xc44\x8a\xc4\x92\
s\x80\xaeqU\xfc\xa4\x88\xe9\xa4\xd7V3\x17\xaf\xc9\
\xc7+\x11\x7f\x0d(\x85\x1e\x98n!\x08\x80?\xff\xe2\
\x8b\xf8\xdc\x9f>\x0d3\xb5\x02#E\x1d\x8a\x986\xdd\
mS\x1dP\x05\x81F\x89\xa9)\x9f\x1d5\x09\xf8J\
\xe0Av`\xa2\xd7izK\x9d\x8c\x98\xd2:\x82\x88\
i\xc5g\x9b\xba7\xc9\x97`2/\x9c \xa6\x85|\
\x0e\xe9t\x1a\xe4\x97:\x96\xcf\xc1\xb0-\xa4\xdb;\xe0\
\x05>FN\x9c\xe4\xf1x\xc2\x17~\xae\x10\x94O\x0e\
-]`\x1d\xbe\xe7\xce7\xef|\xff\xfb\xde\xd9\xb3v\
\x99\xb9'\x93)\x1f]\x9cvF1a\xff\xa4t\xa4\
sd\xe6+b:G\x06\xaa\xdeaV\x08*\xdd\x0d\
\x9c\x12\x90\x0e\x80e\x05\x1f\x1b\x0e\x1d\x0b\xba\xbf\xfa\xe4\
\xdfoy\xf6;?^30\xeav:VW\xb2\xe4\
\xe9\xa6_f\x8c\x99I\xc6\xac\xb8\xbc\x81h,\x84N\
\xd17\x1e \x0c\xce6\x0a\x92\x00\x00 \x00IDA\
T\xbc\xa8#\x14g0\xad8\xc4x\xd8\x93\x88\xa9\xa4\
\x93\x15b\xaa\xc1#r[%\xa6\xe3\xd1Pj\x03\xa7\
\x88\xa9\xbc!SO\xbc\xb3,!c(\x87\xc0\xd7\xbe\
\xf9K\xa8\x88\xe9\xe4 )bZ\xef\xcaW\x7fW\x08\
\x5c8\x02\x8d\x13S\xf9zv\x069\xad\xf6\xac\xa7\xc0\
\x03\xa5v\xb8|pD\xcf\x84h\x89\xa2\xa3\x8e\xa1K\
Q\x19ev\xaaQU\xb28\xa4\x85\xbe\xba\xa8\xb3\x0b\
C\x83'\xe1\x16sH$\xe3\xd0t\x8eB!O\x8f\
\xa4 \xdd\x96,\x0d\x9e86\x9an\xd1\x8e\xde\xf8\xd6\
7\xec\xfe\xc0C\xb7\xf7^uEb'\x0bq\xa8T\
\x1e\x1bZ\xd1\xdaJ:R_\xf9\x91^\xf8\xfc\x98\xad\
5\x151\x9d-\xe4gh\xbfU\xff\xd3\x0c\x10g@\
G\xbe\x8c\x95\x8e\x83\xcd/\xff\xba\xdc\xfd\xf9\xbf\xfc\xdb\
M\xdf\x7f\xe1g+4-\xde\xde\xda\xba Vtu\
\xa3\x1c\xc44j\xe3F\x04\xc0\xd4t\x0a\x01I2\xa5\
\x9b\x16,\xcbB\xa1\xe4\xcaHiu\x89\x88\x02\x1f\xbf\
\xbf\xf82eO7\x9fS\x93>\x91n\x88C\x93\xea\
\xf8\xe8-8zuV\xa9\xfc*\x96\x8a\x98\xb2J\x94\
\xe4\xec\x17\x83\x22\xa63t\xa3P\x9bU\x08Tn\xdd\
S\x01Q/\x95o\xcaG\xc3\x84\x05\xe1\xc4\xbf\xa25\
CN\x9fQ\x1d\x82\xbc\xfd\xd7DX\x19\x02\xc4\xe8\xd9\
\x22\x22\x9b\xc0@~\xcf\x90\x01\x11-\xd2)\x81{\x1e\
\xda\xd2IX\x22\xc0\xd8\xd8\x80\xf0\xbd\x5c\x98\x88\x1b.\
\x10d\xf3\xc5\xe1\xe3o\xbf\xe9\xda}\xf7\xdc}[\xcf\
M7,\xdda\x19\xd8/<\x9c\x5c\x94\x94~\xa4\xaa\
\x8d\xe8\x1c\x9e\xe1\x8a\x98\xce\xe1\xc1;\xdb\xa1\xd7\xa4\xf7\
\xcd\x1c\x90\x1c\xcdc\x81nbM\x18`\xcb\xf7^\xe8\
\xed\xfe\xcb/\xfe\xed\x86\x1d;\xf6-M\xb4.K\x1b\
\xb1\xe5v\xc1\xd5u\x1e\x08F\x85NB\xaa{\x00+\
\x16G<\x91\xc0\xc0\xf0Pe7\xd1\x8dF#\x12+\
40N\xa9x.5\x85\x5c\xa6r\xaab\xf7\x9a\x0a\
\x7f\xba\xcdHR[\xd1\x0e\xc9\xb7`EL\x151\x05\
LA\xf3H\x11\xd3(bu\xf6\xa8\xfa\x14\x01\xf7K\
\xf0\xce\xa5N\xe9b#\xd0X\xc4\x14\x98 \xa6Q\xd4\
T\x12\xd0J\x05\x94`\x9a$\x99\x92\x98\x8e3\x8d\x09\
\x8d\xa9\x86\x10VE\x06\xc0\x85\x8e\x90\xe9\x08\x05\xf9W\
G\x06\xf9\xba\x00\x92\x8e\x85RvH\xb4\xd8\x1aoo\
\xb3\xfc\x91\x81\x83\xb9\x91\xe1\xe3\x03W_}\xf9\x81\xbb\
\xef\xb9\xad\xf7\xbd\xef}C\xaf`\xd8\x1b\x03\x8e\x87q\
\x8c-\x8c\xfcH\x95\x8e\xf4bO\xa4i\xde\x9f\x22\xa6\
\xd3\x0ch3m\xae\xc6^\xca*\x02\xad\x99\x22\x16\x9b\
\x06\xd6\x9d8\x19t?\xf3\xd4\xb3[\xbf\xf4\xc4sk\
G\xf3\x89E%\xcfj\xd1\xf4\x98\x95L\xb5i\xa6\xd5\
\xc2\x0a\xe5\x00\x05\xd7\x95qN\xa1G>qQ\xa4S\
\x03\xb8\x06\x8d\x1b\xd0\xc2\x88\x80r=8\x93\x98\xca\x9b\
SDF\x0dJ\xe1\xb0j\x81\x0eEZ\x151U\xc4\
T\x11\xd3\xb2l\x82\x11%\x1b\x141m\xa6\xbb\xe6\xfc\
:\x96\xe9!\xa6\xd58i5HQS\x99_\xd5\x9c\
\x8e3\x8dJJ_z\xc2p\xe8!='\xa24>\
\xa5\xfb\x89\xa0Fa\x0e\x0e]\x04\x88\x9b\x8c\xb7\xc6X\
P\xca\xf6\x17\x87\x07\x0e\x0dmX\xddy\xf8\xc1\x07\xee\
\xd8\xb5}\xfb[_]\xbaX\xdfm\xb6\xe0(\x07F\
\xda#\x1d)\x11\xd2\xf3r\x9c\x9a_\xa3=w\xceV\
\x11\xd3\xb93V\x17|\xa4U\xfd\xe9\x10\xe0$\x806\
\x00\xcbG3\xe1\x86\xc1\x91r\xf7g~\xf7s[\x0e\
\x1d\x1dY=4T\xe84\xecT\x22\x96\x5ch\x06\xcc\
f%\x8f1O\xe8(\xfb\x02\xf4\xe6\x1b\xbd\x0ak@\
\xa8K\xce\xa9\x91v\x88\x04\xeb\x06=^'\x22\xa6\xe3\
\xedO\xeb\x10SM\xd0\x8dHU\xe5+\x8d\xe9\xd4\xf5\
\x08*\x95\x7f\xc1\x97\xbdZQ!P\x17\x81\x86\x89i\
\xc5\x03;\xca\x9aMp\xc2qwAPf\xadV\x10\
P%\xa6\x95\xc0j *\x99\x93\xe8\x05\x8d\xb6CI\
}\xc6|a\x087\xe8J;\xe5\xc1c\xbbG\x13\xb1\
\xf0\xd8\xad7]\xbb\xe7\x81{o\xeb\xb9\xe6\xf5\xcbw\
2\x03\x87\x84\x9b\x1dL\xa5R\x05\xd5F\xb4\xee0\xcf\
\xb9/(b:\xe7\x86\xec\xc2\x0f\xb8\xaa?\x1d\x1bC\
\x829\xe8\xd0\x05V\x86\x166?\xfb\xdc\xab\x97=\xf1\
\xf5\xefl\xfa\xd5\xab{\x97\x17Kf\xbb0R1\xcd\
\xe9\xd4\x0d\xa7M\xcb\x9698'k\x22\x22\xa7\x91\xee\
\x87Q\x1bS\xea\xb6A\x05NF\xa5\x9aR\xde\x89\x22\
oT\xb9\x9c#1\x0d\x032FVvQ\xaa\xf8i\
\xf2y\xad\x88\xe9\x85_\xefjM\x85@=\x04\x1a%\
\xa6U\x1fRILk\x82\x95\xd5\xd7\xcd\xc8\x07;\xb2\
\x13\x8c\xc8Fm\xf1\x93\x06\xe1U\xea\x13X\x000\x1f\
\x1a\xf3\x85\xc6\xca\x5cc%\xd7B![\xc8\xf4\xf5\xbf\
\xed\xcdox\xed}\xf7m\xef}\xdb\x0d\xdd\xbd\xe94\
^\xf3\xf28\x91L\x22\xa7t\xa4\xf5Fw\xee\xfe]\
\x11\xd3\xb9;v\x17t\xe4\xb5\xfaS\x00-##\xf9\
\x05N{r\xed\xf1\xfe`\xebs\xdf\xfd\xc9\xb6o}\
\xe7\xc7\xebw\xee\x1dXR\xf4\x93ia\xb6\xd9\x01\x92\
\xba0\x13L\xb65%\x139\xee\x03\x81'oB\xf1\
\xb8#\xfb\xda\xcbD\x0e\x99\x1e\x93\x88\xbd\xf2\xaa\x1cV\
Z\x9f\xea\xba.S\xf9\xd5b\xa8j*\x7f<b\xea\
S\x81\x94\x22\xa6\x8a\x98*b:\x19\x02JczA\
\xb79\xb5R\x05\x81z/vU\xa3\xfb\xb3\x01V\xbd\
\xbfO\xf6\xf7H\xdcE\xff?A6'l\x93\xa3\x00\
\x85c9\xe0\x9c#\xf0\xe9\xd9\xc1a\x18\x1a,\xcb\xac\
\xf4\xb3\x17(\x15C\xc4b1\xd8\xb6\x10<\xcc\x89\xd0\
\x1b\xf5\x18\x1b\xcb\xdbzq\xd0f\xc5\x03\x9f\xff\x93\xff\
\xbcc\xf3\xfa%=+\x16;\xfb\x10\xa0/\x1fC\xa6\
\x0b\xb2\x8d\xa8\xd2\x91^\xc2\xb3\x5c\x11\xd3Kxp\xa7\
:\xb5\x1a\xfd\xa9=44\x94\x82\x19_\xe2\xc4\xe2\xeb\
z\xf7\x8ev?\xf1\xf5\xefo\xfb\xde\x8f^^{b\
$\x5c\xa8\xc7\x16$3c\x81\xa5\xdb-\x9a\xed$\x98\
\xe7\xbb\xb2\xa0\xa9%\x11C\x18\xfa(\x95JR\x1b$\
8\x89\xd6#{$\x22\xa7\x91\xd8\x9dC'\x07\xe6\xf1\
.\x1e\x13\x1aSEL\xe5\x9dU\xd9E\xd5iQ]\
\xef\xc1:\xd3\x97\xefTv_\xd1\x0b\x99\xf21\x9d\xe9\
1P\xdb\xbfp\x04\xea]?\x8d\x10S:*2{\
\xaa\x8d\x84\x8e\x13\xd3\xca\x7f\x98\xba\x05\xa3j7\xc8C\
\xe9\xd2B\xfb\xe4A\x19\xe5\xb2\x87E\x0b\x97\xe1x\xff\
\x11\xae1/\xe8l7\x8b\x85\xdc\xb1\x11&F\x0e\xdf\
w\xcf\xcd\xbb\xfe\xe3g\xde\xdf\x13\xba\xe5\xdd\x8b\xd2\xce\
a\xc7\xc1H\x8d\x1f\xa9\xd2\x91^\xf8\x94\x98\x13k*\
b:'\x86i\xe6\x0e\xb2\xc6\xff4V\x06\xda\x04\xe9\
O\xc7\xb0\xf1G\xff\xb4\xb3\xfb\x85\x1f\xffr\xcbS\xdf\
\xfe\xf1\xca\xae\xc5\x1b:\x0bE\x96\x18\x1e-\x9a\xc9\x96\
N\xcd\xb6\x1d\x94J\xae\xb4\x98\xe2d\xe9!3\xfcL\
V`V#\xa7\xd5*LEL\x95\x8f\xa9jI\xaa\
Z\x92\xce\xdc\x1dLmy*\x04.\x061=\xfb\xfe\
5\x84e\x17\xb1\xb8\x03\xc7\xb2\x01\x11HBJ\x9f&\
u\x1b4\x99\x18\x19\x19\x09\xdb\xd2\xf1r1?\x98q\
\xbd\xe1c\xdbo\xbaf\xefg>\xf5p\xcf\x15\xdbb\
;\x07\x86s\x07Vu\xb4\x0c\x02\xd2\xfe\x89\xda\x88\x92\
u\x8c2\xc9\x9f\x07S^\x11\xd3y0\xc8\xe7r\x8a\
\x15\xfd\xa9\x99\x05\x126\xd0Y\x0e\xb0r,\x8f-?\
\x7fy\xff\xb6?\xf9\xb3/o\xfa\xd7W\xf6,\xefZ\
\xb4\xb6M\x88Xl4S6\x0c=\xc6\xc8|?\xa0\
\xb7_\xda\x81 \xf3\x0f\x22\xa6:Hz\x1a\x11S\x81\
(\x95O}\x8f\xa3\x97\xdc\xdaT>Ucz\x81J\
\xe5+\x83\xfd\xb3\xcf\xd0z\x0f\xd6s\x99\xdb\x8d|G\
EL\x1bAO\xad;\xdb\x08\xd4\xbb~\xa6#bz\
\xb6s\xa4G@2\x16G\xa9X\x80\xe7\x16`\xc8\xae\
\x82\x80\xa9sa\xea\x9c\x9bz\xe8\x15\xf2\xc3Y\xc1K\
'\xde\xf8\xfa\xcd\xaf}\xe0\xe1\xbbw\xdcx\xfd\xaa\x1e\
\x8bQ\x1b\xd1\xc2\x89\xaeD\x22K\xbd\x09U_\xfb\xd9\
\x9eE\x17\x7f\xff\x8a\x98^|\xcc\x9bv\x8fU\xfd\xe9\
\xb1c\xc7\xact:\x9d\xb4\x92\xc9\x85C\xb9pm\x08\
}\xeb7\x9e\xf9I\xf7_|\xf1\x89\xf5}\xc7\x8b\x8b\
[Z\x96\xb6\xea,i\x0b-\xa6\x17B\xce\x88\x90\x0a\
\xaa\xb2\xa7\xe2'\x22\xa6\x94\xca\xaf\x9c\xa5\x22\xa6*b\
\xaa\x22\xa6*b\xda\xb47\xbdK\xfc\xc0f\x8b\x98V\
\xd3\xfb\xa6\xceP*\x8cAg\x1eZS\xb6H8B\
\x14\x8b#~nl(\xcf\xdd\xcc\xd0\xd5Wl<p\
\xd7\x9d\xb7\xee\xbc\xf5\xd6\xb7\xf4,h\xc7^\x00\xc7x\
\x0c\x99\xceHG\x1a\xa8\x08\xe9%>A\xcfrz\x8a\
\x98\xce\xcfq\x9f\xf2\xac\xab\xfa\xd3\x93'O\xda-\x0b\
[Z\x8bE,\xd1\xed\xf8\x86CG\xcb\xdb\xfe\xf6\xef\
\x9e\xdd\xfa\xec\xb7\x7f\xb26\x93\x09\x170\xb3\xb5E8\
mf \x0c\x8d\x0b]\x16\xeb\x83\x8a\xa4$1\x8d\xc4\
\xef\xba\x11M\xb1\xda\x88)\xfd\x85\x22\xa7BEL\x95\
\xc6TiL\x95\x8f\xa9\xba\x07\xcf\x18\x02\xb3BL\x19\
Y@QaT\x00\xafT@<a \x19\xd3x\x18\
d\xc3\xdch_I\xd7\xdd\xe1\x8d\x1bV\x1c\xd9\xb6i\
\xf9\xee\xdf\xf9\xc8\xbd=\x1d\xe9\xc4\xaet\xa7sX\xd8\
\x18N\x03\xd4F\x94\x08\xa9\xd2\x91\xce\xd8\xach\xfe\x0d\
+b\xda\xfcc4kG\x18\xa5\xf7_\xd6\x81\xd5\xb1\
2\xda\xdbK\x01\x96{\x016\xbd\xf2\xca\x89\xee/}\
\xe5\x99\xcd/\xfc\xe8\x95U\xa1\xbd\xa4\xc3\x17\xb1\x04\x17\
\xba\x11\x82i\x82\x13\xe14\x22b*[\x9bV:F\
\xd5\xa4\xf2\x151\x8d\x86T\x15?\xa9\xceO\xca`\x7f\
\xd6no\xf3b\xc73ML\x19\xd9\x08\xd6,Ui\
\x00\x13\x91\x1fi2i\x09\x83y\xa1_\x1eu\xb3\xd9\
\xe3\x99\xa4\xe3\x1f\x7f\xd35\x97\xef\xbd\xf7\xbd\xef\xec\xb9\
\xe9\xc6\x8d;\x96\xda8\x00`\xa0FG\xcaU\x94t\
^L\xcd)OR\x11S5\x07\xce%zJ\xf3D\
\xeaO\x99\x8bN\xaec\xd5\xb1c\xa5\xad\xbf\xde\xd9\xdf\
\xfd\xdb\xbf\xf7\xc7\x1b<\x91X\x1e\x0a\xbd\x8ds\xc3\x09\
\x85ipjT'L\xd9^N7\x8d3\xb6_\x1b\
$\xf3\xa5\x8f)\x83\xa5\x85\xd0\xa5\xa7\x14\x035\x03\x09\
C*\xa6\xf2\x10\xb7<\x84\xa5>\x5c\xbe\xa5\x15O~\
\xe5\xbf\xa1\xc5\x01b\x16}\x8f*\xfc\xa9_\x08\xf9\xe4\
\x9d}\xa9wc\x9e\xe9\xe1\x9fJ\xa3X%\xa6O<\
\xf5KH\xbb({9X,\x89B\xd9\x85f1\xf8\
A\x08\x83%$&\x9a\xd4\xfe\x9f\xda\xc8 j'=\
u-@8\xe1\xdfrA\xa7\xaaO\x11\xd1$\x1d1\
\x0f\xa9{\x11C\x12\xd1\xf8Q\x8b\xda@\x00^`\x83\
q\x17m\xf1\x12T*_\xa5\xf2/h\xf2\xa9\x95\x1a\
F\xa0\xfe\xfdo\xe2\xfe!)\xe6\xb83~\xf4\xfb\xe8\
\xfe2Y\xf0\x92\xa4[\xe4MjF\xc7X\xa9#`\
\xe4EJ\x06\xf9\xf0\x05\x83\xc7m\xc3\xf7\x0a\xb9\x81\x1c\
\x13\x85\x93\xdd[V\xed\xbf\xf7\xee[w\xbc\xeb\x9d\xd7\
\xf5,\xe9\xc2\xbeL\x11\xfd+\xe3\x18\xab\xf8\x91*\xfb\
\xa7\x86G\xfb\xd2\xd9\x80\x22\xa6\x97\xceX\xce\xe8\x99\xd4\
\xf8\x9fZ\xe4\x7f\xea\x01\x8bB`\xed\xc00\xb6~\xe1\
\x7f>\xb7\xed\xebO>\xbb>_\xe0\x8bS\xed+Z\
K\x9eie\xb2\xa1\x1e\x08\x8bqfA3l0\x22\
\xa8\xe4\xd1\xcf9\xb8\xf0\x00\x1eH_;\xd0\x8d\x8d1\
\xd0\x1b\xb6\xae\x91\xf5\x88\x1e\xfdO\xd3\xa0\x8b2L-\
\x87\xc0\xed\xc7\xe6\xf5I<\xf9\xc4\x7fGk\x0c\xb0\x0d\
\x1f\x16c\x08\xc3\x00\x86N\x87s\xea[\xfb\x8c\x02q\
\x9e\x1b\xafGLK!\xf0\xf8\x93/\xe1\xb3\xbf\xff\x15\
\xe8\xce\x0ahV\x0c\x9e\xeb\xc3\xb1t\xb8>\x87\x80#\
#\xabB\xb6u\xa56}\xd1\x01\xc8\xe22\xa9\xebU\
\xc4\xf4<\x87\xe4\xbc\xbe^\x8f\xf8+\xbb\xa8\xf3\x82S\
}y\x9a\x118\xdd \xff\x8c\xf7\xd0\xd3_\x5cO\xf9\
\x82\x80aE/\xf6\xf2V,=\xf2\x99\xbcG\x93\x18\
\x8b\xf1\xa80\x95\xdc\x9eL\xc7\x84i\x9a\xf0\xfd\x10\xe5\
r\x19\x1a3\xe0\xc4R\xc8\x17\x84\x5cW\x83\x07\xc7\xa1\
\xa6+E\x94\x8b'\xb8\xa1\x95\xfc\xae6\xa3p\xe2\xf8\
kCkW/<t\xfb\xf6\xb7\xed\xbc\xf7\xee\xdbz\
6\xadi\xd9\x03\xe0h\x01\x18U:\xd2i\x9e\x0c\x97\
\xd0\xe6\x141\xbd\x84\x06\xf3b\x9cJ\xad\xff)\x80\xf4\
p\x09K5\x86\x0d=;Nn{\xfck\xdf\xd9\xfa\
\xed\xef\xfe\xe3\x9a\xa1\xd1pA\xd7\xc2u\xc9\xf6\x05\xab\
\xad\xfe\x81\x1c+\xba\x9cy!\x073L0\xaa\xd2\xd7\
\x84\xd4\x9e\x9a\xa6\x8eb\x9eZ\x1cGQ7Ztn\
@\x97\xf4\x94~J\xb0\x8d\x02B\xf786Jb\xfa\
9\xa4\xe2\x80\xa3\x87\xb0\x98\xb8d\x88\xe9\x97\xbf\xf9\x0b\
|\xf6\xffx\x1cFl\x19t3\x86\xc0\xf5\x103\x0d\
\xb8~\x88\x101\x04\xda\x041\x95\xfd\xb5D\xd5\xf5\xa0\
\xe2\xa39\xc5\xc0\xab\x88icW\x85\x22\xa6\x8d\xe1\xa7\
\xd6\x9eY\x04\xce$\xa6\xd5\xe8f\xe5e}Jb\x0a\
\x18\x96Q\xf1\x9e\xa6\x9b\x8a\x90\xcd\x9b\xe4\x9c\x97\xa9x\
\x8e\xae\xae\x0e\x14\x0a\x05\x94\xcbE\xf9{M3\x10\x04\
\x01B\xd9l\x85\x81\x19\xad\xf2\xde\x1ds8B?+\
B\x7f$H\xb7\x8a\x92\x81\xec\xe8@\xff\x9e#\x1f\x7f\
\xf4\xa1=7\xbd\xfd\x9a\x9ek\xaf\xdc\xb8\xd3\x04\x0eg\
\xcacC+Z[IG\xea+\x1d\xe9\xcc\xce\x8d\xb9\
\xbcuEL\xe7\xf2\xe8\xcd\xe2\xb1W\xec\xa5\xf4Q \
\xee\x8d\x95\xdb\x13\x09gE\xd9\xc3\xa6\x17\x7f\xb2\xbb\xfb\
\xaf\xff\xee\xa9\xcd\xff\xf6\xca\xbe\x95BOux\xa1\x13\
\xb7\xe3\x1d\x06c1\xad\xe4\x09\x80\x99\xb0b1\xf9V\
N7<\xdd\xa1)\xc8\xc7\x8d\xf9u\x1e\xf5\x12\xa1\x9b\
\xa4!\x5c\xc4\xedr\x85\x98\xa6d\xc44\x15#b\x0a\
X\x1a\x10\x06\x01\x0c\xe3L\xa9\xc0,\xc2r\xc6\xae\xcf\
%b:51\xb5\x11h\x1aD\xa5\xc5\xeb81\xad\
D\x89U\xc4tfG[\x11\xd3\x99\xc5Wm\xbd1\
\x04\xf4J#\x93\xaao4\x89\x9bNY\xc6\x89i\xe5\
Q_I\xb0P\x83\x13Z4\xc3\x8a\xee\xbd\xa0\x14<\
5G\x09\xe5\x0f1TR\xf1P4T\x84\x94\xad\xd1\
a\x98&\xe2\x8e#-\x00=\xcf\x83\xef\x96\x91ji\
\x81\xef\xe6\x85\xef\xe5C\xc7\xe6n\xe0\x0f\x8f\xe5\xc6\x8e\
\xf5_\xf7\xa6\xcb\xf6>\xf6\x89\x87{\xaf\xbebeo\
2\x8d\x03&p2\x19\xf9\x91z\xca\xfe\xa9\xb11\x9f\
\x0fk+b:\x1fFy\x86\xce\xb1\x12=\x95\xfa\xd3\
\x1c\x90ts\xe8\xb4bX]\xf6\xb1\xf5\x9b\xcf\xfc\xeb\
\xb6/\xfc\xd5\x13\x1b\x8f\x1c\x19]f\xda\x1di;\xd6\
\xe9hz\xdc(\xfb\x1as]z+\xd7\xc0)\x12h\
\xd1\x8bw o\x80\x8cZGI\xe1btS\xd4D\
\x19-\x8e7\x051\x8dZ\xdc5\xf32%1\x05C\
\x89\x03\x8a\x98\x9e}\x04\xebk\xe4fv\xf4\x151\x9d\
Y|\xd5\xd6\x1bA@@\x97!S^\xf1\x8d&\xe7\
\xe8\xf3!\xa6\x1at\x16\xbd\xd8\x0bF\x8e\xd4\xd4j:\
\x80\xec{/\x7fI\xbd\xec\x03)\xc524S\x06\x13\
H\x82\xa5UeEp\x85\xce\xcb\xdc1\xb9\x1f\xf2b\
.\x9391\xb0v\xf5\x82\xfd\x9f\xfe\xd4\xa3;n\x7f\
\xd7\xb6\x9e\x5c\x06\xfb\x96/\xc6\xf1\xdcI\x8c-\x5c(\
\xfdH\x95\x8e\xb4\x91\xe1\x9eG\xeb*b:\x8f\x06{\
\xa6Nu\xdc\xff\x14\xb0\xda\x80\x94\x05,\x1a\xca`\xed\
@\x86o{\xe2+\xcfm\xfb\xe1O~\xb1\xee\xdf_\
=\xb48\x91X\x90j\xebXi{\xbe\xa6\x95\xca`\
\xcc\xb6Qb\x5c\x16\xcc \xac\xa4\x908\x85BI\xe3\
$\xa0\xf1RDL\xbd\xfeJ*\xff\x12\x8b\x98V\x89\
\xe9\x93\xff*5\xa6\x86\xb3\x1c\xbae\x9f\x96\xcaW\x11\
\xd3\x99\x9a\xb7\xe7\xb2]EL\xcf\x05%\xf5\x9d\xd9A\
\xe0LbJd2\x22\x9a\x95#\xaaJ\xd0+\xbf\xaf\
\x1e'\xc9\x81\xc8\xb2O\x07\x11S\xea\xde\x17@h\xbe\
\xfc\x94Z!\xb9\x180\x8d\x18D( \x82\x10,\x0c\
a\x18>\x1c\x13\xd0\xf4\x90\x9b(\x06c\x83\xfb\x0b\xdc\
\x1b\x1d\xee\xecj;t\xdf\xfdw\xee\xfa\xe0\xc3\xef\xe9\
iOb\xf7X\xa1|t\xc1\x22g\xa4\x1d \xad\x96\
\xf2#\x9d\x9d\x092g\xf7\xaa\x88\xe9\x9c\x1d\xba\xe6;\
\xf0\xaa\xfetpp\xd0Ivu\xa5\x0d`i\xff\x00\
6\xfc\xcbK;\xbb\xff\xfe\xf9\x9fl\xfd\xe5\xbf\xed]\
=8T^\xc0\xb5\x96\x84c\xb7X\xccJ\xb21\xa1\
\xb1\x80i\xd2\x94?\xeamJ\xdd\x97\x012E%\x8d\
\xe9x*\x7f\x03iL\xff\xdf(\x95o\x88\x8a\xc6\xd4\
\x83\xa1;\xcd\x07D\xcd\x11\x9dS\xc4T\x11\xd3\xb3\x8e\
\xa1\x8a\x986\xf5\xf4V\x077\xab\x084NL\xab)\
}0\x0f\x5c\xe7\x10\x9a\x00\xd78\x18#\x95\xbf\x19\x91\
R\x97\xb2\xef@*a\x22\xe9p\x11\x06\xd9\xa0T\x18\
*\x87\xe5\xc1\xd1\x95\x0b\x9d\xa3\xd7\x5c\xdd\xbd\xf7}\x0f\
\xdc\xdds\xf9\xe5Kw\x94<\x1cji\xc1P\x0a(\
\xa86\xa2\xb3:9\xe6\xf4\xce\x151\x9d\xd3\xc3\xd7\x9c\
\x07_\xd1\x9f\x1a\xa3\xa3\x88i\x1a:\xecV\xac\x18\x1e\
\xc6\xe6\xe7\x9e{i\xdb\xd3\xcf\xfe`\xf3\xde=\xc7V\
\x82\x99\x1dF\xa2+v\x22\xa7\x1b>\x8bit#\x84\
\xa0\xb7w\x1d\x9a0\x11\xd5\xe7\xbb\xb0\x8d\x1cB\xefX\
\x141\xfd\xda\x1fF\xc5O\x86\x0b\x0b\x1c!\x0f`h\
d\xa7\xd4\xbc\xe9\xfc\xba\xc44\xa4T\xfe\xcb\x95\x88\xe9\
R\x151=mJ+b\xda\x9c\xd7\xb8:\xaaf@\
`\x82\x98V\x8f\xa6\xda\xd8\x84,\xe6d\xe4t\x5cc\
Z\xf5\x93\x9e8n\x92K\x91\xe5\x1e-\xd4\x82\x9e\xeb\
\x90\xf2*0-\x22\xa6\x8cAg\x1a\xb8_\x86\xc5<\
ai^\x18\xb8'\xbd\xc0\x1d\xce\xa6Sz\xff\xa2\xce\
\xd8\xbe\xff\xfdS\x0f\xf7\xbc\xe9\xcam;\x16/\x8e\xed\
\xf7\xf28\x91L\x22\xa7t\xa4\xcd07\xe6\xf61(\
b:\xb7\xc7\xafi\x8f\xbeV\x7f\xda\xd7\x97Kj\x9a\
\xbd\xa0u\x81\xb5\xfa\xc8\x11l\xf9\xc6\xd3\xdf\xea~\xf6\
\x99\x7f\xd8\xb8\xeb\xe0\xe0R=\xb56\x1dh\xad\x0e\x84\
\xa6k\xcc\xa6\xfaN0X0\x18U\xe7\xbb\xd0\xb5<\
B\xb7\x0f\x9b\xd6\xc7\xf1\x8d\xaf\xff\xd7\xc8.\xca,\xc3\
BXCL\x9b\xb7\x00\xea\xfc\x88\xe9r\xe8\xa6\x85\xc0\
sk\xaa\xf2U*\x7f6'\xb9J\xe5\xcf&\xfaj\
\xdfS#@\xc4\xf4T\xbb\xb8s#\xa6\x91\x1f\xb2l\
\x1cM\xb2\xa9J\xb2\x8ai:\xdd\x86#\xfb>\xbd\xf2\
\xf7\xc0\x13:\x5ca\xb2\xa2\xc7\xcb\xc3\xf9\xd0%\x1di\
\xc7\xc1\xf7?x\xfb\x8e\x07\xef\xbb\xb9'\x15\xc3^?\
(\xf5\xf1Xl\xac+j#\xaat\xa4j\xda6\x8c\
\x80\x22\xa6\x0dC\xa860\x15\x025\xfe\xa7v\xa1\x80\
\x14,,\x0a\x04\xd6\xf5\xf6\x1c\xea\xfe\xc7\x97vn\xfd\
\xa3?\xfb\xc6:at.\xd25'%\xc8\xbd\x93\xa5\
4]\x8b3\x04:\x02\xbf\x0c\x9d\x91\x8f\xe9q\x5c\xd6\
\xdd\x8e\xff\xf5\xd7\xff\x09\xcb\x16\x90\x04\xca\x85EZ(\
YGjT\x22\xad\x93\x1fE3G\xdcB0\x14|\
\xe0\xc9\xe7v\xe0\xd1\xc7>\x0f'\xb9Z\x12SJ\xa2\
1\xee\xc3\xb0\x1c\x94<6EU>\x19\xbaP\xc5\xec\
\xd9\x17e\x17\xd5\xd8\xf5\xa9\x88ic\xf8\xa9\xb5\xa7F\
\xa0\xde\xfdi\xea\xf9'@\xbd\xe8\x89`N\x14=E\
\x91QR\xe9\xd3\x12\xfa\xbe$\x9aD3i_\x1ay\
Ek\x80.#\xa2t\x07\xe5\xc8\xe7\xf3`\xba\x89X\
,\x0e?\xa0\x06\x19\x01,\x83\xbc\xa4=\x1ez\xb9\xc0\
`\xb9b\xe8\x8e\x0cw\xa6pd\xfb-\xd7\xee\xfa\xc0\
\x83w\xbcz\xc5\x96\xd6\xddn\x19GZ\x1d\x8c`B\
G\xaa\xda\x88\xaa\x09?-\x08(b:-0\xaa\x8d\
\xd4C\xa0BP\x8d!\xc0I\x00\xe9\x5c.Xv|\
`lC_F\xef\xfe\xc2_<\xb1\xe5\x85\xef\xfft\
ukzQW{\xfb\xda\xe4\xe0\xc9\x82Y\xcc\x87l\
Ag'\x1b:y\x10\xc9\xa4\x87\xab\xde\xb0\x04\x9f\xff\
\xff>\x8b\xceV\xc0\xd4=X:\x87[.\x22\x16k\
\x9d2\x95_\xef\xc6_\xef\xb8\x1b\xfd{\xbd\x88)\x11\
\xd3o>\xbfS\x12S;\xb1\xea\x14b\xaa\x9b6\xca\
\xbev\x16b\x1aE\x89\x151mt\x84\xea\xc4\xa4\xea\
t\xd6R\x06\xfb3\x8b\xff\xa5\xbe\xf5z\xf7\xa7z\xc4\
\xd4\x92\xa9\xf7)\x88i@/\xf0Q|\x94\x08\xa9$\
\xa6\x8chlDT\x03\xaf\x8c\xc5\x8b\x17\xa3\x5c\xf60\
22\x02\xdb\xa6\x86'\x81p\xcb\xb90\xee\x84e\xaf\
4\x94\x89Y\xe5c\xd7\x5c\xb9q\xcf\x87\xee\xbf\xa3\xe7\
\xba\xdfX\xbb\xd34p\xd0r1\xd8\xd2\x22\xed\x9f\xa8\
%\x9dPmD/\xf5\x99zq\xcfO\x11\xd3\x8b\x8b\
\xf7\xbc\xdf[U\x7f\x9a\x01\xe21\xa0#S\xc6\xcab\
\x80\xcd\xdf\xff\xc1+\xdd\x9f\xff\xb3\xbf\xdb\xb4\xf3\xd5\xbe\
\x15K\x96llO\xc4\x17\xc6\xfa\x8f\x0f\x1a\x1dmq\
\xad\x90\xeb\xc3\xa6M\xed\xf8\xdb\xbf\xfe\x03\xacX*\x1d\
M\x10\x06e\xf8^\x19\xc9\x16\x22\xa6g_\xea\xdd\xf8\
gz@\xea\x11\xd3b\x00<\xf5\xfc^IL\xcd8\
\x19\xec\x93\x8cA\x93\x11S\x8ab\xb8\x149\x9e\xd4\xc7\
T\x11\xd3\x99\x1e;\xda\xbe\x8a\x98^\x0c\x94\xe7\xef>\
\xea\xdd\x9f\xce\x95\x98NT\xe3W\x8d\xf5\xa3G{\x10\
\x12o\x8c\x1a\x98T\x09i\x94\xadg\xd0\x04G{[\
\x1b\x8e\x1d\xd8\x0f;\x19\xc7\x82\x05\x9d\xa2\x98\x1f\xe5B\
\x14<\xf0|v\xe4\xe8\xae\xfe\xcb\xaf\xde\xb4\xff#\x1f\
\xba\xa7\xf7\xbd\xef\xbe\xaa\xc7\xb2\xb0\xdf+\x14\xfa\x17$\
\x12\xa4#%\xfb'\xd5\xd7~\xfeN\xdd\x19=sE\
Lg\x14^\xb5\xf1\xc9\x10\xa8\xd1\x9fZ\xe4\x7fZ\xc8\
{\x0b<a\xad\xc9\xe5\xf8\x96\xef\x7f\xff\xe5\xee/\xfd\
\xdd\xb76\xec\xdcqti*\xd9\xde\xda\xd9\xd5\xea\x8c\
\x8d\x1c\xd5\xd7\xaemg\x7f\xfd\x97\x7f\x84\x15KL\x18\
\x8ct\xa6\xb2\x85<YB\xcfmb\xea\x03\xcf\xfc\xc3\
k\x92\x98\xea\xf6Rh\xa6\x05\x8b\xf4]\xdc\x87`:\
\xbc\xd0\x98\x84\x98R\x02\xae\x9a\xb2S\xa9\xfc\x99\xbc\xca\
\x141\x9dIt\xd5\xb6\x1b!\xa6R\xc8T\x89\x98N\
JLew\xbc\xa8\x95qDN\x05\xb4\x0aA\x95\xc4\
\x14!\xdcb\x01K\x17v\x0a\xb7\x94\x15\xa5\xd2\x98\xef\
Xa>\x9f\xeb\x1f\x5c\xbd\xb2\xf3\xe0{\xef\xbei\xe7\
G>|k\x0f<\xecaA\xa9\xcf\x0cc\xa3]]\
\x92\x90*\xfb'5ug\x14\x01ELg\x14^\xb5\
\xf1\xa9\x10\xa8ioj\x15\x81V\x0fX\x94\x1d\xc1\xfa\
\xfd\x07\xf3\xdb\x9ey\xe6\x07\xdb\xbe\xf5\xf4\xf3k\xb3\xb9\
\xd1E\x8e\xc3[\xae|\xc3\x06\xeb\x0b\x7f\xf6_\xb5\x8e\
\xb4\xc9\x0c\xc6\xe1\x18\x1a5\x87\x02\x15\xf3\x13==\xdb\
R\xef\xc6?\xd3#T/bZ\x0a\x80g\xbf\x7f\x08\
\x8f|\xf2\xf3`\xe6BILmC\x07BO\x92O\
_\xe8\x90vZ\x15\xd3\xeb\xa8\xf3\x93\x22\xa63=n\
\xd5\xed+bz\xb1\x90\x9e\x9f\xfb\xa9w\x7f\x9aj\xfe\
U\x89)\xdd\x0d&\x8a\x9eN\xf51\xad\x12SJ\xdd\
\xcb~\xa3\x08\x22\x8d)\xa5\xf2\x11`A*\xc6G\x87\
\x8f\x07\xc9\xb8V\x02/\x8c\xf8\xde\xc8\x91\xed\xb7^\xbf\
\xfb\x91\x8f\xdc\xf7\xea\x86\xd5\xa9]-\x0e\x8e\x94\x80\xe1\
4@mD\x89\x90*\x1d\xe9\xfc\x9c\xaa\x17\xf5\xac\x15\
1\xbd\xa8p\xab\x9dM\x11A5\x86\x86\x86\x1c\xbd\xb3\
\xb3M\x04Xv\xf4\x086\x1e8p\xb4\xfb\xab_\xfd\
\xca\x96\x9e\xde\x7f[\xd5\xd9nv=\xfe\xa5\xbfL\xac\
X\xd4f\x8a `\xbe\x1b\xc8\xb9\x1b\x8b\xd9\x13f\xd2\
\x93l\xbc\xde\x8d\x7f\xa6G\xe4\x5c\x88\xe9w~pD\
\x12S\xa1w\x81\x19&\xe2\xb6\x05\x11\xb8\xa0v\xd4\x01\
\x8c\x09bJm\x02\xb9!c\xa5*b:\xd3#\x17\
m_\x11\xd3\x8b\x83\xf3|\xddK\xbd\xfbS\xa3\xc4\x94\
\xf3Hc*+\xf0\xe9g\xbck\x13\xd9\xeb\xbb!/\
\x0e\xb8\xe9\xa4\x96A\x98\xef{\xc3\x15\xeb\xf7~\xf4\xc3\
\xf7\xf5\x5c{\xf5\xaa\x9d\x9a\x81\x03\xed\x16\x06\x0e\x1d:\
\x94_\xb5j\x15\x19\x99*\x1d\xe9|\x9d\xa4\xb3p\xde\
\x8a\x98\xce\x02\xe8j\x97\x93#P\xd5\x9f\x8e\x01\x09\x06\
t\xe8\xc0\xca\x03\x87\xf3\x9b\x9fy\xe6\x89\xee\x83\xaf\xf5\
l\xfa\xbf~\xff?\xacX\xb2\xb0\xbd]\x0bEL\x83\
\xa1\x0b\xc14\xd3\x98\xdb\xc4\xb4\x1c\x02\xcf\xbdxL\x12\
\xd3\x00\xed2bJ\xc4\x94\x22\xa6^\xc0\x112S\x11\
\xd3Y\xbc`\x141\x9dE\xf0\xe7\xc1\xae\xa7\x8b\x98V\
\xbd\x9c\xab/\xac\xd5\xceO\xd4\xf7\x9e~\xaa\xc4\x94Z\
\x99\xc8\x9e\xcf\xe0\x9e\xc1\x8a\xb9\x94\x99?\xb1nEz\
\xff\x9d\xef\xb9i\xc7m\xb7^\xdb\xb3\xa8\x03\xaf\x99&\
\xfa\xe3\xc0X\xc5\x8fT\xd9?\xcd\x83y\xd8l\xa7\xa8\
\x88i\xb3\x8d\xc8<?\x9e\x1a{)3\x9fG\x8b\x95\
\xc4\x82l\xd1]s\xe2\xf8\xc1m\x1b\xd7\xad\xda\x96\x19\
\x1eX\xdf\x96n]b\xe8\xf1\xf4\xc0\xc9\x01\xbbk\xc1\
\x22\x1d \xa1\xd5\xe4K\xbd\x1b\xffL\xc3]/bZ\
\xe4\xc0w\x7fH\xc4\xf4\xcf\xe0\x89\x0e\xe8\xa6\x81\xb8\x13\
\x83\xf0]\xf8~\x88Ps\x10\xcaT~\x14\xf9\xd0+\
\xad\x05U\xc4t\xa6GNEL/\x0e\xc2\xf3y/\
B\x16!Q\x8a=\x92\xe7D\xb1\xcdh\xa9\xa4\xe4\xcf\
p\x85\x98\xc8\xa4\xcbT\xbe.*\x1dD\xab\xeb\xd3\xbd\
\x22\xda\x02Y\x9c\x0a\xf8`\xc2\x07\x83/\x18B\xa1\x09\
\xd7\x07\xc2\x82\x86p\xc8D\xf1\xd0'\x1f\xb9c\xc7M\
7\xbc\xbe\xe7\xf2\xcb\xd2{\x03\x1fG\xc3\x02F;;\
\xa5\x1f\xa9\xd2\x91\xce\xe7\xa99\xcb\xe7\xae\x88\xe9,\x0f\
\x80\xda\xfdY\xa3\xa747IAjS7<\x00K\
B\x84\xeb\x18\xc2n\x06m+\x84\xb6\x16\x10\x8b\x18\xd3\
\x93\x00\xac\xca\x9d\xbc\xe9\xe6\xf3T\xc44`\x0c\xf9\x10\
\xf8\xf1\xcfO\xe2\xae\x87\xfe\x00V|9\x02\xce\x10w\
l\x04n\x19:tIL9t\x88j\x0a\xae\x86\x98\
\xd2\x03\x88\xa2!S-\xca\xc7\xb4\xb1+LEL\x1b\
\xc3o\xae\xafM\xbcq\xaa\xa5\x8e\x9bXD<\xcf\xb6\
\xb0\x10\x86\x16\xa5\xd8)\xb1\x1ey\x91\x92/\xb3>.\
\xd5\xa1\x0eL4\x07\x89v\xd2'\xa5\xe6\xe55O\xac\
\x93\x87\xb0\x1d]\x168\x85\xa1\x00\xd3,\x18\xba)\xf7\
\xe9\xba.D\xb9\x80Tk\x1c~yL$\x1c\x04-\
1^\xcag\x8f\x8f\xd8\x86\x7f\xf4]\xdbo\xde\xf3\xe1\
\x87\xde\xf3\xea\xb6-\xf6.\x00\x87l`\x18Q\x1bQ\
\xa5#\x9d\xeb\x93\xf6\x128\xfe\xa6{\x90_\x02\x98\xaa\
S\x98F\x04\xaa\xfe\xa7$'\x05\xd0\x06`9\x80\x8d\
\x9c\xf3n\xc6\xd8\x16\xc6\xd8J\x00\x9d\x00\xa87)\xd5\
\xea7U\x7f\xd2s!\xa6?z\xa9\x1fw?\xf4\x07\
\xd0\x13+\xe9Y\x03\xc7q \xcae\xd9\x16P N\
\x9e,\x92\x98R:\xae\xda\xdb\x9a\x22\xa6\x8a\x98N\xe3\
D;\xcb\xa6\x141\x9dy\x8c\x9by\x0f3IL\x89\
\x8a\xea\x1aeB\xa2NL\xf2G\x18\x102j\xaa\x81\
\xd3\x8b'\xfd\x9f\x8c~V_@\xc9\xb3\x94\x88,\xfd\
\x96\x83\xac\x9f\xe4\xdf5C\xde/\x82 @\xe8\xbb0\
u\x0d1G\x17&+\x87\x8e\xee\xbbc\xc3\x87\xc6J\
\xb9\xe3\xc7ox\xd3\xe5\xfb>\xf1\xb1\xf7\xf7\xbc\xf9\xfa\
M;\x1c\x86\xfd\xc9$\x06\x00\xd9F\x94|\xa5\x94\xfd\
S3O\xc6ytl\x8a\x98\xce\xa3\xc1\x9e\xcb\xa7Z\
\xd1\x9f\x12\xf1\x8cW\x88\xe8*\x00\x9b\x01t\x13Q\x05\
\xb0\xa2B\x5c\x89\xc0\x92\xc9gS\xcc\xeds!\xa6?\
~\xa9_FL\xcf \xa60 X\xec,\xc4\x94\xaa\
\x11\xea\x17\xe7\xa8\x88ic\xb3^\x11\xd3\xc6\xf0\x9b\xeb\
k\xcf(1\x15\x80\xaei\xd0*a\xd7\x0a\x07\x1dw\
\xe0 \xec\xa2\xaa\xfa\x0a\xf9$\xab'r\x22\x89\xacH\
\xe4\xe2\xbb\x1et\xcb\x927\xbb\xc0\xf7`\xda\x1a\x92q\
S\x88\xb0\xc8\x8b\xb9\x01/\x15g\xf9\xe1\x81\x83'7\
\xaf[x\xe07?\xfc\xc0\x8e\xdb\xb7\xbf\xa9\xa7\xa3\x15\
{\xe1\xa3?\x1e\x97:R\xb2\x7fR:\xd2\xb9>Q\
/\xb1\xe3o\x8a\x87\xf7%\x86\xa9:\x9d\x19B\xa0F\
\x7fJ\xa9{J\xe1/\x04\xb0\x16\xc0\xd6\x0aA]\x0f\
`1\x00r\xdd'\x09\x00\xdd\xc1gu\x8e\xd7#\xa6\
\x85\x00\xf8\xd1/\x22bj\xc4WR\xebj8N\x0c\
\xbc\xecB\x93Q\xd1\x18=5d5\xed\xa9\x11SE\
Lgh\x9a\x9d\xb2YEL/\x06\xca\xcd\xbb\x8f\x99\
%\xa6\x1atfD\x1aQ\xe9\xc2D)z\x0e.\xff\
\x9bK\x82J\x11\xd0H\x0e@\x1d\x9b\xc8\x14\x9fR\xf5\
\xd4N\x94\x0c\xf35\x94K\x1el\xdb\x86m\x92}^\
\x19\xae;\xc6Co,0\xb4R\xc12\xdd\xa1\xaeV\
\xf3\xf0=w\xdc\xb2\xf3\xfe{n\xe9Y\xbb\xdc\xdc\x13\
\x068\xc2\x8b\x18moGI\xe9H\x9bw\xde\xcd\xf7\
#\x9b\xd5\x87\xf6|\x07_\x9d\xff\x85!P\xe3\x7fJ\
\xe4\x93H\xe8\x12\x00\x1b\x00l\xab\x90\xd45\x15\xd2\xda\
R\x93\xde\x9f\x95\xb9~\xce\xc4\xf4}\x7f\x00#A\xc4\
\x94\xc9T>\x11Sz\xf0p\x16\x8bR{\xe3\x1a\xd3\
\x08\xb3\x89T\xfe\xd4\x0d\x06T\xc4\xf4\xc2\xe6Xu-\
EL\x1b\xc3o\xee\xae\x1d]W\xf5\x8a'\x1b\xd1\x98\
\x92,\xc7\x84Qys&\x22J\xc44\x88\x88i\xe5\
z\xe7T@/\x1b\x88\x121%\xd5\xb9\x09F.\xa4\
,\xea\xfc\xd6\xd1\xd1\x86\xa1\xc1\x13\xf0\xfd\x9c\x88;,\
p\xbd\xe1r\xb900\xbarE\xfa\xe8\xeb\xbb\xd7\xec\
\xf9\xad\x8f\xbe\xbfg\xf5\x8a\xf4\xce\xcev\x1c\x12Y\x0c\
\xa5RRG\xea+?\xd2\xb9;3\xe7\xc3\x91\xcf\xca\
\xc3z>\x00\xab\xceq\xe6\x118M\x7f\xda^\xd5\x9f\
V\xa2\xa7[\x00P\xba\xbf\xa3\x92\xfe\x9f\x15\xfd\xe9t\
\x11S\xae\x85\xb2\x85\xa0^\xe1\xa1\x8a\x98\xce\xfc\xfc\xa2\
=(bzqpn\xbe\xbd\x5c\x0cb\x0a\x98\xcc\x00\
\x13DDE%\x85\x1fEK\xe9z\xaf]\x88\x98\x12\
A%b\x1auy\x22\x83\xfc\x10^)#Z[\xed\
\xd0\xb1\x84\x97\xcf\x0f\x8e\x05\xfeH\xff\xd6\x0dK\xf6\xdd\
s\xcfM\xbd\xef\xba\xed\xba\xde\xae\x0e\xec7\x81\x93\xc9\
HGJ~\xa4JG\xda|\x93M\x1d\xd1i\x08(\
b\xaa\xa6\xc4\x9cF\xa0\xa6\xbd)\x11O*\x80\xa2B\
(\x22\xa4DL\xab\xfaS*\x98\xa2\xc2)\xe7b\xeb\
Og\x8c\x98V\xae\x5c^\xf5\x869\xcb(\xaa\x88i\
c\xd3[\x11\xd3\xc6\xf0\x9b{k\x9f\x9a\x818#b\
Z\xdb\xf8\x88*\xe9\xa7NXL\x19q\x8d\x8a\x9f\xa8\
\xa0\xb1\xb6\x99RT\xf4T]t\xbdR\x95_\xdd\x0f\
\xb5\xbb\x93\x0b\x09\x00\x8a\x22i\xe5\xbd\xc0\x1b\xcd3V\
\x1eX\xbbj\xd1\x81\xed\xb7\xbce\xc7\xed\xef\xba\xb1w\
\xf5\x0a\xec\xf5\x81\xbe\x00\xc8,T:\xd2\xb97\x0d\xe7\
\xf9\x11+b:\xcf'\xc0\xa5r\xfa\xa7\xe9O)\x85\
\xbf\xa8\xa2?\xad\x12\xd4Z\xfd)iT/\x8a\xfe\xb4\
\x9e\x8f)\xd9EI\x8di\x9dT\xfe\xe9\x11S\x1a7\
z\x80)b:\xb33X\x11\xd3\x99\xc5\xb7\xf9\xb6~\
\x1e\xc4\x94\x22\xea|j\x13\x90\xa9\xa4\x00\xd4\xab\x9e\xaa\
\xf2\x89\xa0J)\xbc\xf42\xa5\x14=U\xe7G\x05N\
\x86A\x9d\xdeB\x08\xd2\x9f\x0a\x1f\x10d\x17\xe5s\x81\
00\x91/z\xb9\x03\xc3\x9d\x1d\xfa\xe1\xb7\xddp\xdd\
\xae\x07\x1f\xbc\xab\xe7\x8a\xd7-\xd8M:R\xab\x84\x91\
\xb66\xd9F\x94\x0a\x9bT\x1b\xd1\xe6\x9bh\xea\x88\xa6\
@@\x11S5=.)\x04N\xd3\x9f\xa6k\xf4\xa7\
\x14=\xa5\x22)\xd2\x9f.\xa8\x14O\x11A\xa5k`\
\xc6\xae\x83s!\xa6?y\xa9\x1fwP\xf1S\x8d\xc6\
4t]0\x18\xf0\xb9\x09A\x9e0\xcc'7S\xaa\
\xd3\xaf\x14>0p\xa6!\x08\x95\xc6t&'\xb0\x22\
\xa63\x89\xee\xeco[\xafs\xe5O\x10\xcb\xc9\xb9\x1d\
\xf9\x0e_\xe8B\x84\xd34}\xe9M\xcaC\x22\xa2D\
Bc`\xcc$7QY\x91//}\xf8\xf2{L\
\xf3\x04\x0fs\x01\xf4\x92+Bw4p\x07\x8f\xbd\xff\
\xae\x1b\xf6\xdev\xe3\xd5=\xd7^\x7f\xc5\xce\x84\x8e\x03\
\xf00\xd4\xd2\x82|\xc5\xfeI\xb5\x11\xbd\xd0\xc1Q\xeb\
\xcd*\x02\x17~U\xcd\xeaa\xab\x9d+\x04\xa6F\xa0\
b/Ew{\xb2\x8f\x22\x9d)\xd9I\x91\xad\xd4e\
\x15\x9b)\xf2?\xad\xeaO+a\x8a\xe9G\xf5\xc2\x88\
i\x1c\xa1[\x96E\x0e\x93\x11SMV\xe9\x131E\
\x85\x98\x9e=j\xa3R\xf9\x8d\x8d\xa9\x22\xa6\x8d\xe1\xd7\
\xeck\xcf&1\xa5\x02'\xdb\xf0e\xb1\xa3\xc6L\x94\
K\x1c\xbeG:R2\xd97\xc0\x03\x1f\xba\x1e\x82\x89\
\xb2`Z\x81\xc7b\xbe\x0b\x91\xcd\xfa\xe1\xd8\x89m\xdd\
k^\xbb\xe3\x9do\xee}\xdb5[zW/l\x7f\
\xcdL\xe0D\x02\xc8*\x1di\xb3\xcf8u|\xe7\x82\
\x80\x22\xa6\xe7\x82\x92\xfa\xce\x9cD\xe04\xfd)\xd9K\
\x91\xfet\xf5i\xfa\xd3e\x00(\xb2:#\xfa\xd3\xf3\
#\xa6\xab\xc7\xab\xf2\xeb\x12S\x8dl\xb6\xab\x11SE\
Lgj\x82*b:S\xc86\xc7v\xeb\x13\xd3\xa9\
3\x12\x8dDL\x89\x98\x9a,\x90\x96P\xa6f#\xe6\
\xb4@\xd7\x1cxe\x1fn\xa9L\xed\xecE:\xed\x88\
\xc0b\x9bZE\x00\x00 \x00IDAT\x1f\xf5\xc3\
p8\x9f\xcf\x1f\x1bL\xb7\xf1\x03\x0f<\xf8\xce\x9d\x0f\
\xbd\xef\xee\x9e\x95K\x9d\xbd)\xe0X\x0c\xc8\x00\xb2\x8d\
\xa8\xf2#m\x8ei\xa5\x8e\xa2A\x04\x141m\x10@\
\xb5z\xf3#p\x9a\xfe\x94\xda\x9bV\xf5\xa7d/E\
?\xeb*\xfe\xa7\xf47\xb2\xa0\x8a\xca^\xa7a\x99i\
bJ\xad\x08\xa3V\x86\x93/*b\xda\xd8 *b\
\xda\x18~\xcd\xbe\xf6l\x12S\xd2\x96\x0a^\x86\xa5G\
]\x9b|7@\xe8\x85\xb2kS\x22\xee\xf0x\x0c\x01\
\x0f\xf2\xa5B\xf6\xf8\x08\xb4\xec\xe1[\xdfq\xd5\xee\x8f\
\xff\xd6\x83=\x1b\xd7\xa7v\xf9\xa1{\xa4\xc5\xb6\x87\xd3\
\x90:R\xd5F\xb4\xd9'\x9a:\xbe\xf3B`Z\x1e\
\xbe\xe7\xb5G\xf5e\x85\xc0,!P\xa3?\xa5\xe8(\
EI\x97N\xe2\x7f\xda5\x9d\xfa\xd3z\xc4\xb4H\xc5\
O\xe3\x1a\xd3\xd3#\xa6&|\xae\x9f\xa11\xd5\xa8\xfd\
\x8b&\xed\xf6e\x8flELgnB)b:s\
\xd86\xc3\x96\xcfNL#Mi=\x1f\xd3F\x22\xa6\
DLM\xc6a\x92\x90\x88\xca\x99|\x0f\xb6\xa5\x89\x98\
\xad\x85\xc5B\xa6<6|,\xd3\xdef\x1c\xbf\xe6\xea\
m{\x1f\xf9\xd0\xdd=\xd7]\xb7d\x07\x0bq\xc0\xb2\
0\xd8\x02\xa9#%\xfb'\xa5#m\x86\x89\xa4\x8ea\
Z\x11P\xc4tZ\xe1T\x1b\x9b\x0b\x08T\xf4\xa7\xf4\
8 \xfd)\xf9\x9f\x92\xde\x94\xda\x9bR\xf4\x94>\xe9\
\xdf\xf4{j\x7f\xda\x90\xfetJb\xca\x18\x8a\xd4\xf9\
\xa9\xd2\x92TK\xd4\x10\xd3\xb2\x17EQj\x89)\x0b\
a\x08\x06EL/\xde,S\xc4\xf4\xe2a=\x1b{\
j\x9c\x98J\xfazA\x87N\xc4\xb4+\x9d\xc0\xc8\xf0\
\x00t\x16\x8a\xae\xce\x16\x0eQ\xf2F\x87\xfbs\x8e\xe5\
\x9fX\xba8\xb5\xff#\x1f\xbc\xaf\xf7\xaa7n\xeeY\
\xb6\xc4z\xcd\x14\xe8\xefJH\x1d)\xb5\x11U~\xa4\
\x17\x84\xbaZi. paW\xd4\x5c83u\x8c\
\x0a\x81)\x10\x98D\x7fJ\x95\xfa\xb5\xfaS\xea$U\
\xd5\x9fRz\x9f\x08\xeay_/\x8a\x98\x96\xe0\xe5\x0e\
\xe2\xb1G\xef\xc6\xef<v\x0b\x18\x0b\x10\xb7\x00S\xe8\
`\x82AP\xf4w\x8a\xa5^\xc4j\xa6'\xb9\x22\xa6\
3\x8d\xf0\xecn\xff\xc2\x89i\xd4\x91)\x90\x81\xd5\xf3\
\xbe-\xc8\x93\xd6E\x88\xce\xd6\xb8p\x8b\xa3\x02\x9a\xeb\
[\x86W(\x97\x86\x07[[\xb5C\xb7\xbf\xf3-;\
\xef\xbf\xe7\xd6\x9e\xee\xf5\x89=\xf9\x12\x8e\x991\x8cv\
F:RJ\xdb\xd7qO\x9d]L\xd5\xde\x15\x02\x8d\
\x22paWT\xa3{U\xeb+\x04\x9a\x04\x81\x1a\xfd\
)\x91\xcf\xaa\xfe\x944\xa7U\xfd\xe9\xda\x8a\xfe\x94\xbc\
Q\xcf[\x7fz.\xc4\xf4\xc7/\xf5\xe1\xae\x87\xfe\x0b\
\x8c\xf8*Y\x85o;q\xf8^QFLCn@\
0Mz\x19R\xa4\x94,\xa3\xa2>\xd9\xaa*\xffb\
L!EL/\x06\xca\xb3\xb5\x0f\x01\xfd\x0c\x8ew\xaa\
^{\xb2\x17\xa3\x88\x92F\xa9~\xd91t|\xa9\xfc\
\x8e\x91\xfd}e;\xb5\x0d0\x98\x90]\x9e\xe8W$\
\xc4\xd1\xe1r\xdd\xcb\x84\xe9\x94Q*\x16FF\x02/\
s\xf47\xae\xbf|\xf7\xa3\x1f}\xf0\xd5\xeb\xae^\xb6\
K\x0bq\xb8T\xc6\xf0\x8aV\xd9FT\xe9Hgk\
\x9a\xa8\xfd^t\x04\x141\xbd\xe8\x90\xab\x1d6#\x02\
5\xedM\x89|R\x97(\x8a\x96R\xd4\x94\xfcO\xc9\
\xa4\x9f\xa2\xa9U\xfd)u\x99:'\xff\xd3z\xc4\xb4\
\x14\x02\xff\xf8\xd2Q\xbc\xef\xe1?\x80\x9e\x5c\x8dL\xc1\
\x840\x1d\x08V\x84eY\x08\x03C>\xe4\x18\x02\xd9\
\xeb%\xaa\xcb\xa2<\x1e\x97\xb6\xdc\xe2,\x9d\x9f\xaa\xf6\
\x8a\xe2,>\x8b\xa7\xafv\xb6\x18\x0c\x8bvZ\xd9\xf7\
\xa9#'\x0d\xfe\xa9\xbd7cHJ\xb3p\x81P\xe3\
\x08\x04\xe0\x056\x18w\xd1\x16W\x11S\xa1Y\xb04\
\x06\x83Q\x94L\xc0\x17\x0cen\x90e:\xb9~\xd1\
(\x9e\xf5\x92\xa8\xd7Y\xa8\x19\xaf\xa5f:\xa6\xa9#\
\xee\x02\x96\xc9\xa5\xbeS\x8e\x02E\xf09\x8b>\xc9\xef\
\x9e:\x85\xb2\xc8\xe8\xbe\xf62\xaa\xd8\xe1\xcb\x8eM\xc2\
\xf7\xe5\xb5\xa9\x9b\x1a\x9c\x98\x05\xd3\xb6\xe5\xban)@\
\xb9\xe4!f\xc5P\xc8\x15 B\x1f\x89T\x12\x96)\
\x90-d\x04\x0f\xcbaWZw\x91?4\xc6\xcb\x83\
\xc7_w\xc5\xd6\xbd\x1fz\xe4\xfd\xbd\xb7\xdc\xbc\xad\xd7\
$?R`\xa0\xd2F\xd4Wi\xfbf\x9aQ\xeaX\
.\x06\x02\x8a\x98^\x0c\x94\xd5>\xe6\x0c\x025\xfaS\
\xd2\x97V\xfdOIwJ\xfe\xa7\x9b*~\xa8\xa4?\
%}j]\xfdi\xbd\xe2\xa7\x12\x07~\xfa\xf3\xa3x\
\xdf\x07\xff\x13\xcc\xc4\x1a\x8c\x14\x1cp\xcb\x81\xd0\x8a0\
-\x03\xdc7\xa0s\x8a\x98rj\xa7-\xa3\xa7T\xf4\
D\xfd\xb4\xe5\xc3\xf3,\xccE\x11\xd3\xe9\x99r*b\
:=8\xce\xd6V\xea\x12S\x9d^\x0fx\xe5\x05\x8f\
Z\x8c\xd2E&\xaf\xb6\xe8\x90E\x94\x99\x88^\x08\xe9\
eP\x03\xa8\x91\x92|Y\xe4X\xda\xd1\x8e0\xf0\x10\
\x8a\x00\x1c!\xf2\xc5\x22\xca\xc52\xa0\x19H\xc6\x92\x08\
]\x1f\x89\x98\x8d\xb8c\xa3X\x18\x15\x85\xe2\x08O\xb5\
\xc6<\xa6\xf9\xf9\x13G{O\xbe\xe9\xb2E\xfb\x1f\xbc\
\xeb\xa6\x1d\xef\xbe\xfd\xb6\x9e\x8e\x85\xfa>\x00\xc7\xe3\x91\
\x1f)\xe9H\x95\xfd\xd3lM\x1c\xb5\xdfYE@\x11\
\xd3Y\x85_\xed\xbc\x19\x11\xa8\xd1\x9fRg(\xf2?\
\xa5H)u\x8c\xa2\xceQ\x14A\xa5\xf6\xa6T\xd1_\
\xf5?=k{\xd3\xf3#\xa6k1R\x88\x01\xa6\x8d\
\x90\x88\xa9m\xd6\x10\xd3`Z\x89\xe9\xb9\xe2\xae\x22\xa6\
S\xcb\xf9dKX\x0d(\x85\x1e\x98n!\x08\x80?\
\xff\xe2\x8b\xf8\xdc\x9f>\x0d3\xb5\x02#ErUP\
\x11\xd3s\x9do\xd3\xfd\xbdz\xc4\xd4\x94y\x8f3\xbb\
:UG\x9d\x9a\x81F\x8b\x06Q!\xa4\xf4}\x22\xa8\
\x1415\xc0\xe0\x95\xca2\xb2\x1aK\xb4\xc8,\x07\xf9\
\x92r?\x80\xa9\x0bh\xdcGP\xce\xa3X\xcc\xf0T\
\xd2\xf4[RVq,sr\xa8\xbd+y\xe8-\xbf\
q\xc5\xce\x8f}\xe0\xf6\xde\xf5+\xe2\xbbc-8Z\
\x04F\xdb\x81\x92\xd2\x91N\xf7,P\xdb\x9bk\x08(\
b:\xd7FL\x1d\xefEC\xa0\xc6^\x8a\x08*\xe9\
O\x17W<Ok\xfdO\x17V\xfeF\xdf9\xc3\xff\
\xf4\xdc\x88i_%b\xba\x1a\xa3\xf9\x18\x84\xa5\x88i\
u\x90U\xf1\xd3E\x9b\xee\x97\xe4\x8e\xa6\xecU/H\
\x8f\x13\x11OYO\xc4x\xc5\x1e\x8aK;6\x8a\x90\
\x06\x94\xcf\x9fDl!u\xa2\xa4#\xf5\x02\x18\xcc\x82\
`\xbal!\xaci\x86\xd4\xad\xf2\xd0\x03\xf7rH\xc5\
u\xc1\xfd\x5c\xe0X^9\x9f=9\xe2\xb9c\xc7\xde\
q\xf3[\xf6<\xf2\xe8\xc3\xaf\xbe\xfe\xf5\xa9\x9d\x1d6\
\x0e\xbb\xc0\xd0\x00PX\x07\xf8\xaa\xaf\xfd%9\x0d\xd5\
I\x9d'\x02\x8a\x98\x9e'`\xea\xeb\xf3\x0f\x81\x1a\xfd\
)\xf9\x9fV\xf5\xa7\xd4\xde\xb4\xaa?]U\x89\xaa&\
\x00\x9c\xa2?\xadKLC\xe0\xa7/U\x89\xe9\xda\x1a\
b\x9ao(bZ\x1d%e\xb0\xdf\xd8|U\xa9\xfc\
\xc6\xf0\x9b\xed\xb5\xeb\x11S\xca\xd3\xd3\xdb\xa4\xd0\xa8\xa8\
\x90\x08\xa9\x00e\x09\xe4\x7f3\x0e?$\x11u$\x9b\
\xa1\xf4}5z*\xc9\xac\x00x\xc9G\xba\xbd\x0b\xa6\
\x11\xc7\xf0\xd0(x\xbe\x04#\xee \x950\x84\x89r\
\x18\xb8\x03\x9ec\x94\xc7\xdc\xd2\xc9\xfe\x0d\xeb\x16\xef{\
\xf4\x91\x07z\xde\xf1\xb6\xd7\xefp\xe2\xd8oZ8\x91\
9\x86\xfc\xb2e\xd2\x8fT\xd9?\xcd\xf6dQ\xfbo\
\x1a\x04\x141m\x9a\xa1P\x07\xd2\xec\x08\xd4\xe8O\x89\
\x80\x92\xfe\xb4\xea\x7fJ\x04\xf5t\xfd)\xa5\xf7\xb5s\
\x22\xa6??\x8e\x87>\xf8\x7f\xc3L\xac\x96\xa9\xfc(\
b\xaa\x88i\x14\xc9\x9a\xdd[\x94\x22\xa6\xcd~UN\
}|S\x13S\x0d\x22\x04(\xd6)\x89\xa9F\xc44\
\x04\xa3\x1f\x8a\x88j\x02>\xa7\xda\xa3h\x91QRN\
)}M\x92RZ\xc2\xb2/\x0b\x9c(YB\xcd.\
L\xdd\x121\x13\xc2+\x8dx\xb9\xd1\xbe|k\xcc\x1f\
X\xb1$~\xe0\xfe\xfb\xb6\xef\xb8\xff\xfe\x9bz\xbaZ\
\xb1\xb7\x94\xc5\xf1 @f\xe1B\xa5#\x9d\xdb\xb3K\
\x1d\xfdL!0\xbbw\xfd\x99:+\xb5]\x85\xc0\x0c\
!Pc/E\x91Q\xd2\x9fR*\xbf\xaa?\xa5\x14\
?U\xf2/\xa9\xe8Om!\xc4Y\xf5\xa7!\x18\xca\
\x01U\xe5W\x89)iL\xed\x88\x982\xd2\x98\x1a\xe0\
\x81^)~:?\x8d\xe9\xf8\xc3\xb4R~\x7f\xa6\x8a\
nj\x80\xaa\xb1\xa1\xa9,\x13UU>\x15t+\x8d\
\xe9\x0c]j\xd3\xb2\xd9\xf3%\xa64\xdf5=\x8a\x9c\
R/\xfb\x90\x22\xa6\x95\x85\x8a\x0e5*\x86\xa2\xcfJ\
\xc4tag+\xb2\x99Q\xf8~\x08\xdb6\xb9\x06\x1e\
\x94\xf2\xc3E\x04\xf9\xe1\xa4\xe5\x1d\xbe\xe7\x8e\xb7\xed\xba\
\xeb\xf6\x1b_\xbd\xf2\x0d\xed\xbb\x83\x00Gx\x11#\xed\
\xedRGJ\x85M\xe7{YN\x0b&j#\x0a\x81\
fG@\x11\xd3f\x1f!u|M\x89@\x8d\xfe\xb4\
\xea\x7fJd\x94\xfcO)zJER\xe4\x7f\xbaP\
\x08A\xfe\xa7\x93\xeaO\xab\xc4\xf4\xa7/\x1d\xc7\xfbd\
\xc4\xf4Lb\x0a\x9f\x8c\xe8\xe9A\xa8\x88\xe9lL\x04\
\x151\x9d\x0d\xd4\xa7o\x9f\x17FL\xab\xfeh\x1ca\
\x18D\xf5\xf9\xe3\xfejDI5\x99\xd6\xd7\x11\xc0D\
\x19\x81\x9f\x13\xb1\x98\x13\x98\x96(\x9f<\xde\x97\x11\xde\
\xe8\xb1\x9b\xdfq\xfd\x9e\x0f\xbe\xef\xce\x9e7_\xbbt\
\xa7\xc9p\xd0n\xc1P\xa5\x8d(\x85`U\x1b\xd1\xe9\
\x1bb\xb5\xa5K\x10\x01EL/\xc1AU\xa7t\xf1\
\x10\xa8\xd1\x9fR>\xafV\x7fJ\xf6R\x9b\x85\x10\xa4\
?\xed\x04P\xd5\x9f\x8e;x\x131\xcd\xe4\x81\x9f\xbf\
|\x14\x1f\xfd\xad\xff\x01\x0f\x0b0VN\xcan2z\
\x0b\x97\x1a\xd3\xb0\xc4\xa6$\xa6\xa7\xfb\x8f\x9e\xeeOz\
\xaa\x018\x95s\x9c[\xa4\xb4\xfa\xad\xd3#\xa6\xb5\xfb\
\xa3}\xd1\xb1*\x1fSU\x95\x7f\xa1W\x5c\xa3R\x8d\
z/\x0eS\x1d\x17\x05E\x0d\x8d\x12\x1f\xb5\x95\xf9\x94\
\xa3\x8f\xf4\xa5\xb4x\xf9,\x12\xa9V\xd8v\x0c\xa5R\
\x09\xe5\xa2\x0b]\xd7\x11\xb3\xe3\xb0t_X\x18\xe3\x96\
Qv\x873\x03\xd9\xa2;r\xe2\xda\xab.\xdb\xf7\xa1\
\x0f\xdd\xdf{\xe3\x0d\xebzc6\xf6'L\x9cHD\
\xf6OJGz\xa1\x93D\xad7\xef\x10P\xc4t\xde\
\x0d\xb9:\xe1\x99@\xa0\xa2?\xa5\xa7\x1c\xf9\x9f\x12\x11\
%B\xba\x99s\xde\xcd\x18\xa3B\xa9\x15\x15\xe2Z\xf5\
?eDL)\x1d\xfe\xfd\x1f\x1e\xc2\xfb?\xfc\x9f\xc1\
\xec\x95\x08\xf4.\x14B\x80\xeby\xe9\xf0m\x1a-\x93\
\x12Si]SI'\xd6\x9e\x8f\x22\xa6\xd3;\xba\xf5\
\x88\x8fJ\xe57\x86\xf7l\x12S:rK;\xb5\xd3\
S\xed\xd9\x90\x9bi\x22\x11Cfd\x14a\xb1\x08+\
\xe6\xa0\xb3\xb3\x13\xb6i\x89l.#r#\xfd\xbe\x8d\
\x91|\xe8\x0f\x0e\xac\xdd\xb8\xe2\xe0\xdd\xf7\xde\xb6\xe3\xb6\
\xed7\xf4,\xea2\xf72\xa0\xcf\xca#\xd3\xd5%\xdb\
\x88*?\xd2\xc6\xa6\x89Z{\x9e!\xa0\x88\xe9<\x1b\
pu\xba3\x87@\x8d\xfe\xb4\xea\x7f:\xae?\xad\x10\
T\xf2?\xa5\x94\x7f+\xb57\x0d\xc1t\xce\xc0^\xfc\
\xc7\xc3\x92\x98\x06\xda\x12\x84\xfa\x22\x04\xa6\x89P/\xc2\
/\x15`\x9a\xa9\x0a1=\xd5`\xffl\xc4\xb4zv\
U\x82zz\xc4\xf4|\xcf\xbe\x1a1\x9d\xac3\x94\x8a\
\x98*\x8d\xe9\xf9\xce\xa7\xd3\xbf\xdfhm[c\x9d\xb1\
\x84\xec\xc85\xb1L\x90T\xd9\xf0\x8c^\xfeB\xb2\x83\
\xa2\x0eg\x9e\xec\xded\xe8\x82\x9b\x06\x0b\xfcr\xa9T\
,\x9c\x1c^\xb3\xc4>r\xcb;\xae\xd9\xf5\xce\xf7\xbc\
\xbdg\xeb\xa6E\xbb\x93i\x1c\xe6\xc0p\xdb\x84\x1fi\
\xbd$E\xa3\x10\xaa\xf5\x15\x02\x97\x1c\x02\x8a\x98^r\
C\xaaNh\xb6\x118M\x7fJ$\x94\xc8\xe8\xfa\x0a\
9%\xfd)\x15K-\x14`\xc9l\x09\xd6\xafzO\
h\x8f|\xfc\x8f\xd8H\xbe\x059\xaf\x05Z\xbc\x05z\
,@\xb9\x5c\x84\x81\x98$\xa6z\xd5O\xb1\xd2\xf9\x89\
\x88)E[\xa9Nc\xb2E\x11\xd3\xe9\x99\x05*b\
:=8\x9em+\xb3ML\xc9\x04\x7f\xfc!(\xed\
\xa0\xa8\xc0):Zj5\xda\xd6\x12\xc7\xf0@\x1f4\
\x16\x88\x05\x9d\xada\xe0g\xcbC\x03}\x99tk\xb2\
\xaf{\xf3\x8a\xbd\x8f>\xfc\xee\x9e7\xbcn\xfd\x8ee\
\xcbp\xd0\x05\x06\x86\x0f\x1d*\xacZ\xb5\x8a\xd2\xf6J\
G:\xb3SGm\xfd\x12F@\x11\xd3Kxp\xd5\
\xa9\xcd.\x02\xa7\xe9O\xa9\x8d\xe9r\x00\x1b+\x04u\
\x8b\x00[Y\xf0\xd1\xf9\xb3_\x1e\x8a\x7f\xf8c\x7fh\
\x96\xc2.-\xef\xa7\xe0\xc3\x84\x1e\xf7\x11\x08*\xaeH\
\x9eJLaHBZ\x8f\x98V\xcf<\x9c\xbaqQ\
]\x80\xb4\xa9\xfa\xb8+\x8d\xa9\xaa\xca\xaf;\x83\xa6\xfe\
B3\x10\xd3\xf1\x16\xa35\xc4\x94H)\xfd\xd8\x86\x10\
\x09GpSs\xbd\xdc\xd8\xf1l1\x7f\xf2\xc4\xfau\
\xcb\xf6?x\xff]\xbd\xf7\xdeu}og;^\x13\
\x05\xf4g\x13\xc8.\x8e\xda\x88*?\xd2\x06\xe7\x84Z\
]!\xa0\x88\xa9\x9a\x03\x0a\x81\x19D\xa0\xa6\xbd)\xe9\
O\xa9\x00\xaa\xaa?\xdd\xc29\xba]\x81\x8d\xcf\x7f\xef\
\xdf\x97}\xe0#\xff\xa5=\xd6\xba\xd1\xe1\xe6\x22#\xe7\
q&L\x17\x9a\xa9A\x0b\x9c\xa8\x02x\xbc\x03\x0d\x11\
S\x06A\xdde\x18?k\xc4T\x11\xd3\xe9\x19T\x15\
1\x9d\x1e\x1c\x9b6bj\x90\x1d\x14\x07\x84!\x0fQ\
\x17\x91G)C 4\xf8\xc2\xd6=\xbf\x5c\x18(\xb8\
\xa5\xc1\xc1E\x8b\xec\x83\xb7\xbf\xf3\xfa\x9d\x0f<\xf0\xae\
\x9e\xeeM]{\x0d\xe0Xa\x08\xa3\x9d\x9dRG\x1a\
\xb0\xa9\xbc\xd5f\x16F\xb5u\x85\xc0%\x85\x80\x22\xa6\
\x97\xd4p\xaa\x93iV\x04N\xd3\x9f\x92\x85\xd4\xc2\x10\
X\xeb\x06\xd8\xfa\xcb\x97\xfb\xba\x1f\xf9\xc4\x1f\xad\xcf\xb9\
m\x8bs~Kk\xa8;\x96\x11\xe7\xba\xcf}\x06\xcf\
\x90\x0f\xcdI\x89\xa9|\x90N-aS\x11\xd3\xc6f\
\x84\x22\xa6\x8d\xe1Wo\xedY\x8f\x98NJL9g\
\x08B\x1dn\xc9+\x0f\x8f\xb4\xa5\xc4\x91\xeb\x7fc\xeb\
\xee\x07\xee\x7fG\xcf\xf5W/\xdbi\x1a8\x92\x19;\
2\x9ck\xcd\x15\xb6b+\x11R\xa5#\xad7\xd0\xea\
\xef\x0a\x81\xf3@@\x11\xd3\xf3\x00K}U!\xd0(\
\x02\xa7\xe9O\xd3E\x1fK\x5c\x81\x0d\x9f\xfe\xec_t\
\xff\xec_\x8fl\xdd{`l\x8d\xdd\xba`AKG\
kr4\x933M#\xa9AP\xf9\x05-T'\xac\
\xcb\xe4:\xafT#U\x89)\xa9\xe3(\x82J\xfa8\
J\xf5k\x82\xbe\x0bP\xf1S\x8d\x8a.\xea\xa38\xbe\
D\x05U\xd5mW\xff+\xea\x03\x1e\xfdk\xaa \x90\
*~R\xc5O\x8d^\x0f\x93\x11\xd3\x89\x12$\x9a\xc1\
rf\x9fu7\xa7\xbe8T\xd6<\xc5s\xb4\xba*\
\xa7\xfeN\x13\xdb\xaapIM\x8f\xec\xa2\x22\xdb\xfc@\
hB\x10!uu\xe1ftV:\xbeaM\xd7\xbe\
\x87\x1f\xba\xa3\xe7\xf6w\xaf\xdba\xda8\xe0\xe6r'\
\xdd\x96\xe1\xfc*\xac\x22?R\x95\xb6ot\x02\xa8\xf5\
\x15\x02\x93 \xa0\x88\xa9\x9a\x16\x0a\x81Y@\xa0b/\
E]\xa1be\xa0\xbd\x1c`\xc5/_\xee\xdf\xf4\xc4\
\x13/^\xf6\xfc\xf7~\xb6)\x93\xe7+\x17,^\xd7\
9<\xea\xc7\x99\x1934\xc3\xd1(\x85\xef\x07\x1c\x5c\
\xf8\x80e\x90m\x0d\xf40D\xe8\xfb\x10a\x00\xcd`\
\xf2\x01\x1bR\xe3\x1a\xe80,\x1b\xa5\xa2'\x1f\xb9d\
\xcb\xa3i\x9al\xb3\xa8i\x0cL\x074\x92\x03\xf8\xc1\
\x19\xc4\xb4J\x07ja\x99\x8c\x1a\xd0\xf3\xdf\x0f\xa9\xaf\
8C\x12!tM \xd48\x02\x01x\x81\x0d\xc6]\
\xb4\xc5K\xf0r\x07\xf1\xd8\xa3w\xe3w\x1e\xbb\x05\x8c\
\x05\x88[\x80)\xa8q@$I\x98ji\xd4N\xa8\
\xd1\xa1U\x11\xd3z\x08Vi\xe4\xe4\xe4\xf1\x5c#\xa2\
\xd1kT\xe5e\xa8:%\x18\x87mP\xff\x0a\x0e\x1a\
\x07\xfa\x09\x11}F\xe3\xc2a\x9a\xba|\x8b\xa2\xc4\x81\
\xa0\xaeL\xa1&?\xa9u(I`l\xd3\x01\x17\x01\
\xc2\xd0\x85\xe0>4=\x80i\xd1\xef\xe9\xed\xcd\xc2\xd0\
\x80\x0b\xcd\x8e\x89x\x8cq\x03\x05\xaf0\xd6\x97G0\
r\xf2\xca\xcb\xd6\xbe\xf6\xf6\xb7\xbeq\xc7\xef~\xf6\xd6\
\x1e\x03x\xcd\x04\x8e#\xf2#%\x1d\xa9\xb2\x7f\xaa7\
-\xd4\xdf\x15\x02\x0d \xa0\x88i\x03\xe0\xa9U\x15\x02\
\x8d P\xab?\xcdE\xedM;\xc7F\xb0\xfa_~\
vx\xcb\xd7\x9ez\xa1\xfb\x87?yec)t\x96\
r-\xde\xa6\xdbI\xc7r\x12\x86fZ\xcc\x17@\x10\
\x86\x10\x9c#n\xda\x10\xf4\xdf\x22\x04Y2\x12\xf1\xe4\
\xe4\x83J\x0fj\xae\xc3\xf5#\x9a\x19\x11\xd3\xe8\xef\x1a\
\x85U\xf5\x90~\x0b\x11\x88S\x82\xa8\xd4\x07|\xb2E\
\x11\xd3\xc9GZ\xf9\x98N/1\xad\xbe\xa7T\x89\xaa\
eD\x11M\x22\xa2\xbc\x86\x94\xca\x7f3H+\xa7S\
\x97\xa8\xb2\x9e\x9c,\xa8[\x93Wv\xd1\x92\x88C\xd7\
\x19|\xaf\x08\xd3\x02\x92q\x0b\xaeW\xc4\xe0p\x06\xe9\
\x8ee<\x93\x1d\xf3C/S0Y~h\xe5\x12\xe7\
\xf0m\xefx\xd3\xcewo\xbf\xb6g\xfd\xca\x8e=+\
\xba\x8c\xa3\x00F1a\xff\xd4`9a#w\x0c\xb5\
\xaeB`~ \xa0\x88\xe9\xfc\x18gu\x96M\x8c@\
\xad\xfe\xb4\x00\xa4\x0a\x05,zuOf\xed\xafw\x1c\
\xdc\xf6\x95\xaf<\xbbm8\x1f\xae\xcb\xe6\xbc\xc5e_\
O\xe9z\xd26\xac\xb8\xe6\x07\x9cyn\x08\xc3p*\
)\xfb\xa8[\x0du\xa5\xd15\x13\xa4-\x0d\x03\x8a4\
QP6\xea\xce$\xfb\x803\x0e\xa6\x11\x89\xadP\xcd\
\xb0\xd2b\xf14|\xceE4\xa7\x22\xa6*\x95_\xef\
\xb2:\xf7\x88i5Z\x1a\xcd\xbc*15\x0c\xb2\x04\
\x8e\x88i\xf5\x87\xbeAQQ\x92\xa8\x88\xd0\xa8\xcc\xed\
\x10L\xe30\xb4\xca\xfc\xa69\xaf\x09\x10\xb1\xcde\xc6\
\xe4KX[k+B\xdf\xc3\xe8\xe8(l\xc7\x14\x8b\
\x17/\x08\x8e\xf6\xed-iFi\xd41\xf9\xd17]\
\xb3m\xcfG\x1e\xba\xab\xe7\xaa7,\xde\x994p(\
ec\x08@\x11\x80\xaft\xa4\xf5FZ\xfd]!0\
}\x08(b:}X\xaa-)\x04\x1aB\xa0\xaa?\
\x1d\x04\x9c$\x90.\x02K\xf7\xec)\xaf\xff\xea\xd7\x9f\
\xef\xfe\xce\xdf\xffhk.\x875N\xbc\xa3\xabX\xe2\
I\xdf\x85e\xc6ZY9\xd0\x99`DD9DP\
I\xcb\x93nN\xd3+\xfd\xbd+-\x17\xa9P\x8a\x85\
\xe3\xc4\x94i\xd1w\x05\xa7\xe2*m\x5c\xc97\xb5\xa2\
\xef\xd4\xd3\x8b\x88)\x07c\x9aJ\xe5\x87\x1e\x98n\x81\
\x86\xe0\xcf\xbf\xf8\x22>\xf7\xa7O\xc3L\xad\xc0HQ\
\x87\xd0,i\xe4N\xd1=]\x08\xf8\x82\xa1\xcc\x0dP\
=xD\xdc\xce\x1e\x84k\xcc@\xbe\xa1\xe98-+\
7JLu\xdd\x94/^\x8cG]\xd2\x08\x0f.A\
\xd1dF\x80\x87zDL5\x92\x92\x84\xd0\x0c\x1f\x06\
}V\xe6z\xa9\x90Cg{\x07t0\x8c\x0c\x0d\xc3\
s]\x91J\xc4\x09z7\x97;\x9e\xed\x5c \x8e\xaf\
]\xdd\xf1\xda{\xef{w\xcf\xed\xb7\x5c\xd3\xdb\xd6\x82\
\xfd\x00N&\x81\xbcj#:-S@mD!p\
\xde\x08(bz\xde\x90\xa9\x15\x14\x023\x8b@E\x7f\
j\x8c\x021\x0dh/\x05X\xf1\xf3\x9f\x1f\xda\xfc\xa5\
/=\xdd\xfd\xcf\xff\xf2\xeb\xcd`\xf1\x15q'\xdd\x91\
w\xf5\xb8\xaf\xa7\x0d\xae\xc74h\x0ca \xe0\x85\x1c\
\x82\x9e\xe0 \x11\xa95^7B\xf1%\x8aB1\xf8\
\xd1C\x9c\x05\xf2A\x0faB\xc0\x90\xe9\xfc\xda\xa2\xa7\
\x893<K\xec\x94QbUS\xc4\x94@\xd3\x80\x92\
\x22\xa6\x93^\x14\x13\x1a\xe1\xc9\xc9\xb7V-T\x1a\xd7\
\x1a\x9f\xdajW\xd3\x0c9/\xa5\xa3\x13\x91Q\xd2\x91\
V\x22\xa6T\xb2\x04\x8a\xf8\x13\xfb\xd5BIHI\xe7\
lh\x01t\xca\x1e0_\xbe\x08\xb8\xe5<x\xe0\x8b\
D\xcc\xe6\xb6\xc5\xfc\x90{y\xaf\x9c?)\xc2\xcc\x81\
\xc7\x1e\xbb\xb3\xf7\xdd\xb7]\xdd\xbba\xcd\xc2}\x0c8\
\x1e\x032JG:\xb3\xf77\xb5u\x85@=\x04\x14\
1\xad\x87\x90\xfa\xbbB`\x16\x10\xa8\xd5\x9f\xf6\xe5r\
I\xcdn\xe9\xf2\xcaX\xf3\xbd\xbf\xff\xc5\x96\xbf\xf9\xab\
\xafo\xdb{\xe0\xc8\xc6\x8e\x85k\x97\xf5g\xf5\xb4\xc7\
\x1d[7-\xc3r\x92L\x80t\xa5\x02\x9c\x1b\xd0\x0c\
\x13\x01\x09Ry\xb5.?\x84\x0e\x8a\x94\xd2\x03\xdc\x8f\
\xcaM\x18\x15\x97\x9c\xa9+\x9d\xa8IR\xc4t\xaa\xe1\
W\x1a\xd3\xa9/\x8es&\xa6r.V\xc9k\x8d[\
\x04E\xfeePY\xaf\x90R\x22\xa7\xf4o\x22\xa4\xf4\
\x19\xca\xe9K/^:\xcd~\x22\xa6\x08a\xb0@~\
\x16\xf2c\x10A\x81\xb7$\xad \x11\xd7\x8a\xc3C}\
C\x9a\xee\x1f~\xcf{\xb6\xef\xfa\xd8#\xf7\xf6to\
\xd2w\x07\xe5\xf2\x91\xb4\xe3\x8cTt\xa4T\xd8t.\
J\x96Y\xb8+\xa8]*\x04\xe6\x07\x02\x8a\x98\xce\x8f\
qVg9G\x11\xa8\xd1\x9f\xda\x87\x06\x0b\xa9D<\
\xb1\xc8u\xb1\xf6\xa9\xa7\xbe\xb7\xed\xf3\x7f\xf9\xd5nW\
_\xb4v0\xeb/\xf2<\xa4\xe2-\xed\xb6i'\xb5\
\xb2\xcb\x98/\x0c\x98V\x0c\x9eK\xa1&J\xeb\xcb\xa7\
9t\x11\x00\x94\xe6\x04\xb54%=\x9e%\xe3\xa8\xd5\
\xe5\xccNO\xa7F\xb0\xc6\xbf\xa8\x22\xa6\x12\x0aEL\
\xcf\x95\x98V\xbfwj\xe4t<bz\x0a1\x95\xc8\
VV\x88^\x9a\xc8&\x8d\xc8(EL#FJ\xc5\
M!4\x93\xdc\xf0C\xc9i\xa5\x99\x1a}\x8a@\xfa\
\xfb\xea\xc2\x17\xb6!\x02\x83\xb9\xe5\xb1\xec\xb1Q\xa0\xd0\
\xf7\xd6\xb7\xbc~\xf7G\x1e\xbd\xbf\xf7\x9a\xab\x96\xee\xd0\
\x0c\x1c\xb2\xb2\x18L\xa5P \x1d\xa9j#:Go\
\x92\xea\xb0/9\x04\x141\xbd\xe4\x86T\x9d\xd0\xa5\x88\
@M{S\xbbTB:[\xf2\x97\x8d\xe6\xb5\x8d\xbf\
\xf3{\x7f\xbcm\xd7\xfe\x81-\x03\x83\x995f\xac\xa5\
\xcb\xb4\xd2\xc9|Y\x98~h0\xcbia!7 \
\xc8:G\xa6A\xa3\x0a|Y\xc1/\x89\xa9\x80\xa6G\
-N\x151\x9d|\xd6(\xbb\xa8\xc6\xae\xa63\xed\xbe\
j\x89)\x93~\xbb\xd1R!\xa2\xa7\xa5\xf4\xab\xd1|\
\xe9BJ\xa4\xb4\xd264\x92\xe5\x0a\x98\xb1\xa8\xa7=\
\xa39\xcdC\xe9P\xa1\x09_\xe8a\xc0u\xe6\xba\xa1\
\x9b\xcdz\xeeX\xff\x15\xdd+^{\xf8\xe1;{o\
\xb9\xf5\x8a\xde\xd64\xf6{\xc0\x09\x0f\xc8.\x03\xa8\xaf\
\xbd\xf2#ml\x98\xd5\xda\x0a\x81iE@\x11\xd3i\
\x85SmL!0\xb3\x08T\xf5\xa7\x00\xe2.\xd0q\
\x22\x83\x15/\xbc\xb8k\xf37\x9f~\xae\xbbw\xd7k\
\x9b\xfc\xd0^\x19p\xa7\xbd\x14\x181\xa1\xc5\x0c\xc7I\
k\xa1,\x12\x89\xcc\xf9M]\x87\xc6\xa8\xe0\x89\xecw\
B\x14\xbd\xd2\xb8Y?\x1d\xf9\xe9I}\xb2\xd99#\
\x98%\x7f\xa14\xa6\x92N\xcds\x8d\xe9\x99\xc5M\xa7\
>R\xea\x11{\x9d\x22\xa1\x93\x12\xd3\x89\xeb\x88|z\
\xc9\xeb\xcc\xb1c\xd2\x06\xcd+\x97\xc1t\x1d\xc9dR\
\xda>\x19:\xa5\xf1\x03\x84AQ\x98\x08D2\xa6y\
\xc2\xcb\x172#\xc7\x06\xba\xda\x9d\x83w\xdeq\xeb\x8e\
\xfb\xef\xdd\xfe\xea\x9a5\xd6>f\xa2/\x042]\x90\
mD\x95\x1f\xe9\xcc\xde\xae\xd4\xd6\x15\x02\x17\x84\x80\x22\
\xa6\x17\x04\x9bZI!0{\x08\xd4\xe8O\xad\xfe~\
$[\x16\xa3kl\x14k\x1e\xff\xc6\x8f\xb7~\xf9\x89\
g\xbb\x07\x86\x0b\xeb\x9dX\xe7\xd2L\xc1O\xc7\xe3\x1d\
N\xd1\x85\x0e-\xc6,+\x09\xd7\x0dQ\xc8\x16aX\
\x0e\xda:\xd2\x18\x1e\x1bQ\xc4t\x8a\xa1\xacG\xac\x14\
1=\x1d\xbc\xe9'\xa6d\xa2O\x81T\xdf\xf7\xa5\x1d\
\x9am\xdb2B\xea\xba.8'\xf3\xfc\x12\x15\xf5\xf1\
t\x8b\x11h\xbcP\xca\x8e\xf6\x0d\xafZ\xd6~\xf8\xed\
o}\xd3\xae\xfb\xef~W\xef\x92%\xf1]m\x9d8\
\xcc\x81\x91\xb6\x09?R\xa5#\x9d\xbd[\x98\xda\xb3B\
`J\x04\x141U\x13D!0G\x11\xa8\xeaO\xfb\
\x01\xdb( eZX|\xf4p\xb8\xeeK_}f\
\xdb\xd3\xcf\xbf\xb8mx\xb8\xb8\xd6\x8a\xb5-\x82\x9eH\
iF\xd2\xe2\xb05\xd7e,\xf0\x19l+\x09;\x11\
\xc7pv\x14b\x92Z\x8fjF\x95\x88\xc0\xd9\x16e\
\x17\xa5\x22\xa6g\xb7\x83\x8a\x1e-\xf5\x88\xfd\xe9\xa9~\
\xea\xfdP\x1b\xa2\xb7\x0c\x1d~\xe0\x22\xf4\x5c\xe9\x80f\
\x9b&\x0cSC\xe0\xb9p\xbd\x12\x1c\xd3\x14\x9e\x97\x0b\
\xe3\x16\xca\x9c\xe72\x1a\xcf\xf6]{\xf5\xb6=\x0f\xdc\
\xb3\xbdg\xdbekv\xae[\x19?(\x80\x81\x96\xc8\
\xfeI\xe9H\xe7\xe8\xbdN\x1d\xf6\xfcB@\x11\xd3\xf9\
5\xde\xeal/A\x04\xaa\xfa\xd3\xa1!8z\x02m\
>\xb0\xec\x17\xbf8\xba\xe1\xd9o\xbf\xd0\xfd\xc4\x93\xdf\
\xde\x92J/^m:\xe9\xce\xb2\xa7'C\xee\x98\xa6\
\xd9\xc2\xfcPc\xd9\x5c\x09F\xdcA\xc8\xa8 Z\x93\
\x04Uv\xcc\xa9Y\xa8\x8d\xe9\xd4\xc4T\xb5$\x9d\xcf\
vQ3FLe\x89\x93@P\x1cC\x22\x9dD2\
\x1e\x87\xebf\x91\x1f\x1b\x03\x17\x1e\xe21[\xc4\x1d\x9d\
\x0f\x0d\xf6{\x8b\x17\xa6\xb3\xa5\xc2\xc8\x89\xb6Vk\xff\
\x07\x1e|O\xef{\xefz[\xcf\xb2Ex\x0d\xc0\x89\
,\x90]\x1c\xb5\x11U:\xd2K\xf0\xde\xa7N\xe9\xd2\
D@\x11\xd3Ks\x5c\xd5Y\xcdC\x04\xaa\xfa\xd3\xb1\
1$\x98\x83\x0e\xdd\xc6\xca\xa7\xbe\xf5\xca\xa6\xc7\xbf\xf1\
\x9d\xcb\xfe\xf9_~\xb5)\x99Z\xb4\xbc\xa5eI\xc7\
\xe0H)\x16\x04\x86\xde\xb1p\xa96\x9c-\x22d\x9a\
,B\xa1*\xfd\xe8s\x02\xbc\xf1\x88\xd6i\x84UF\
\xc3\xa4\xc1\xbe\x22\xa6\x8a\x98\x9e\xfdb\xab\xd7 `\x82\
\xd8F\x93.*\x86\xaa\xfaD\x90v4D\x22n\xc2\
`>\xdcr\x8eL\xf4\x85\xe3\xe8\x22\xf0\xcb~!;\
\x98\xef\xe8\xb0\x87J\xc5\xc1\x83\xef\xba\xf5\x1d;~\xfb\
\xb7>\xd8\xbbj9\xf6\xe4J8f\xc5\x90\xe9\x8ct\
\xa4\x01\xa3\x96gjQ\x08(\x04\xe6\x0c\x02\x8a\x98\xce\
\x99\xa1R\x07\xaa\x10\xa8\x8f@5\xbd\x7f\x080;r\
H\xfa6\x16\x0cg\xc9\xff\xf4\x9f\xb7~\xe1\xaf\xbe\xd6\
\xbd\xef\xb5\xe3\x1b\x16/\xdb\xb8$\xeet\xa4\x8f\xf4\x8f\
\xdaZ\xacM\xe7LgQ\xb5\xf3\xc4\xc2\xd9i\x91R\
EL'\x05_iL\xa7\x9e\x93\x17FL)ZJ\
/I\x02\xed\xed\x09\x0c\x0f\xf5#\xf4rH\xb7\xda\xdc\
\xd0\x83\xb0\x90\x1f)\xe9\x8c\x0f\xb7\xa5\xcc#\xdb\xb6\xad\
\xd8\xfd\xe1\x0f\xdd\xdd\xf3\xe6kV\xef\x0aC\x1c\xb6l\
\x0c\xa7\xa36\xa2DH\x95\x8e\xb4\xfe-C}C!\
\xd0t\x08(b\xdatC\xa2\x0eH!\xd08\x02\xd5\
\xf6\xa6\xfd\x80\xe5\x0d\x15[\x99\x19_R(`\xdd\xd7\
\x9f\xfaQ\xf7\x9f\x7f\xe1\xab[\x87\x07rk\xd7o\xbd\
ra\xffH\xd0\x12\xc2\xb2d_Q\xca\xe8W\xef\x08\
\xe3D\xb4\xe2#y\xc6\xefU\xc4\x94FI\x11\xd3\x0b\
%\xa6\x95\xe6\xb7\x95\xf7\x9f\xea\xc4\xab\xdaGU\x89)\
\x13.\x04/\x8a\xa4\xa3\x85\xb6\x1d\xba\xb9\xcc\xc9\x8c\x10\
\xa5\xe3oz\xd3\x1b\xf6\xdez\xf3u=\xf7\xdes\xf9\
\x8e\xb0\x80\x03\xa6\x89\x81\xc5-\xe3:R\x95\xb6o\xfc\
\x16\xa2\xb6\xa0\x10\x985\x04\x141\x9d5\xe8\xd5\x8e\x15\
\x023\x8f\xc0\xb8\xfe\x14pt\xa0\xadT\xc2\xf2\xdeW\
3\x1b\xbf\xf6\xb5g\xba\x9f|\xe6\x85-Vj\xe5\xaa\
\x90\xc5:!\xb4\x84\x80ar\x98\xe4n*;HI\
\xcb\xf2\xc9\xee\x10B\x93\xb6R\x14\x8e\xf2Cj\xfd\x08\
\xd8\xd4q\xa7\xd2!2\xe4\xf4{\x03,t\xd1\x16/\
\xc3\xcd\x1f\xc2'\x1f\xbd\x13\x9f~\xec\x16\x19\x09\x8b\xdb\
\x80)\xd8x\x1b\xd4\xa9P8\xd3\x07s\xe61\xab\xdd\
C\xbd\xe2\x9d\xf9ML#\x19\x07Y\x87MD\xdc+\
)y\x90\x1d\x19\xbd\xe9D\x9f\x91on\x94\xaa\x97\xff\
\xa6\xd6\xa2\x15\x9f\xfc\xc80?j\xfcD\x7f\x97\xa4\x14\
\xe4G\x1a\x88\xb8\x0d\x1e\x8f\x09/\x979\x91\x1b\x1b>\
|r\xcd\xea\xae\xfd\xf7\xdd\x7f\xfb\x8e\xdbn{[\xcf\
\xeae\xfa>\x0b\xe8\xef\x8cc\xac\xd2\xd7^\xd9?]\
\xdc\xcbC\xedM!0#\x08(b:#\xb0\xaa\x8d\
*\x04\x9a\x0b\x81\x8a\xfe\xd4\xac\xf8\x9fv\xf6\x1d/\xac\
<zdx\xcbc\xff\xdb\x1fvg\xcb\xe6\xc6B\x01\
\xcb\x03n\xb7\x0b=\x15\xe3,n\x94\x020\xdf\x17\x88\
\xb5$%\x05\xe5\x9c\x83\x8b\x00\x22\xe40\x98\x01\xed4\
\xffI\xd9\x1dR\xeaN\xa9#\x8f\x0c\xbe\xc2\x10.b\
V\xa9BL\xdfS!\xa6@\xc2\x02\x0cDf\xff\xd0\
\x9a\xfb\x16t\xc9\x13\xd33\xe4\x97\x95\xf18C\xba\x11\
e\xc5O\xef\x0c\x16\x8b\x99\xb2\xf2^\x08\xf2\xca\xa5V\
\xb8\x90s\x85\xba2qp\xb4\xa7[\x91/\x8d\xc1-\
\x15\xe5X\x1b\x9a)\xa3\xcc\xb2\xd8N7\x00fD\x8a\
R\xd96\x97\xd2\xf7\xe4\xb6\x1b\xc2\xd0C\x1e3\x02\xdf\
-\x0d\x15\xca\xf9\x13CK\x16\xc5\x0e\xbds\xfb\x0d\xbb\
\xee\xbf\xe7\xe6W/\xdf\xd6\xbe\xc7\x00\x8e\x16\x80Q\xa5\
#m\xae\xfb\x8c:\x1a\x85\xc0t \xd0\xdcO\x85\xe9\
8C\xb5\x0d\x85\x80B@\x22P\xd3\xde\xd4\xca\xe7\xf3\
\xc9\x82\x8f\x85\xba\x91\x5c\xf3?>\xff\xe4\xd6o|\xfd\
;\xddy\xd7Z\xef\xb4,[\x92\xc9\xa1\xb5\x14\x9av\
\xba}\xa1>2\x94a\xcc\xa6L?\x03\x0f}P\x95\
~\xcc2\xa1kd\xd9\xe3\x83\xb1\xc8N\xaaJJe\
\xebH\x00\xba\xa0\xf6\xa7\xe5\x0a1=\x82O~\xf4v\
\xfc\xcec\xb7B\xe3@\xc2\xae\x10S\x8a\x9dU\xd6o\
\xd6!R\xc4\xb4:2\x93\x11S\x8e\x98c\xc8/P\
\x03\x07\xea\xcc\xc4C&\x89\xa9$\xab\x08a\x9a\x9a\xac\
\xa2\xa7ncd=\xa6iF\x14e\x95\x14\xd7\x90\x11\
\xf7 \xa0m\x870u\x01S\xe3\x22\x0c\x0a\x01\xf7r\
%\xee\x8f\x8d\xdaz\xf1\xe8\xdbn|\xe3\xee\x07\xee\xb9\
\xa5\xe7\xda\xdfX\xbf+\x9d\xc0!\x01\x0c\xb5F:R\
_\xe9H\x9b\xf5\xcaQ\xc7\xa5\x10\xb8p\x04\x141\xbd\
p\xec\xd4\x9a\x0a\x819\x89@U\x7f\x0a\xc0\x1e*\xa2\
5\x1e\xc7\xe2\xde\x1d\xd9\x0d_\xf8\xab\xaft\xff\xc3\x0b\
/o\xf5\xd1\xb2F\xb3:\x17\x8efy\xd2\x8a\xb5[\
\x5ch\x9a\xe7\x93\xa9T\x08;f\xa1%a\xc3\x0f\xca\
\xc8gs\xd2\x0fU\x92\x0c\x0azU#\xa6\x92\x98R\
:\xb6\x84\x84Y\x82\x9b;\x8cO|\xec\x0e|\xe6\x93\
\xdbA>\x95\xe3\x11SEL\x11U\xa5\x9f\xbdh\xbc\
^\xf1\xd0lN@J\xb7\x93,\x83F^\x08\x0d\x01\
\xd7 \xb8.[\xe0R_0\x22\xa7\xdcw\xe9-\x84\
\x1a7U\x16M\x12S\x191\xa5\xbf\x07\x1eL\x93A\
c\x5c\x04A>\x14\xbc\xe8:1\x7f\xac\xb3\xd5\xecO\
\xb7\x9a\xfb\x1e\xfb\xcd\x87z\xd6\xaf[\xbac\xc3\xea\x96\
\xfd\x09\x0b'3@^\xb5\x11\x9d\xcdQW\xfbV\x08\
\xcc<\x02\x8a\x98\xce<\xc6j\x0f\x0a\x81\xa6D\xa0\xaa\
?\x1d\x19AL\x8bK\xff\xd3\x15\xff\xf4\xd2\xe1\x8d\x7f\
\xf7\xe5\xe7\xbb\xff\xe5\x17;7\xbb~b\x95awt\
\x86\xb0\xe3!7\xcc\x90C\xa3t\xbe\xae\x0b\xc4\xe26\
\x1c\xc7\xc1X\xa6$S\xf7\xa4\x17$\x1fT\xa2\xa3\xa4\
9$bj\x88\x0a1\xcd\x1f\xc4'>z\x17>\xf3\
\xd8\xbb\xa2\x88i5\x95\xaf\x88\xe9\x1c%\xa6\x11\xcb\xd4\
\xe0#n\x85T\x00\x1f\xa5\xf2\xb9\x01\xc1M\x84\xd2\x13\
7\x22\x9e\xa1[\x82\x14!KQr\x10\xad\xa7\x91\xa2\
\x04`\xa1\x87t\x8b%\xf2c\x03\x1c\x9a\xeb'\xe3z\
\x8e#7\x90n\xd5\xf7o\xbf\xe5\xba\x1d\xf7\xdcyK\
\xef\x96M\xa9\xbdq\xe0x\x0e\x18[\x18\xf9\x91*\x1d\
iS\xdeM\xd4A)\x04\xa6\x0f\x01EL\xa7\x0fK\
\xb5%\x85\xc0\x9cD\xa0\xaa?\xcdf\x91`)t\x0e\
\x8da\xd5s\xdf\xfd\xc5\xe6'\xbe\xf1\xbd\xcb^\xfe\xd5\
k\x1b5\xa3}Y\xb2uI[\x22\xd1\x11+\x96C\
c4\x93gL3\x90J\xb5\xa2\x5c.WHiT\
\xe4\x121\x0e\x22\xa6\x01\xf4J\xc4\xb4\x5c)~\xfa\xcc\
c\xb7\x8f\x13S\x9d\x91\xc6\x94\x8fK\x01\x9a\x15\xb8K\
>\x95/\x19#-\xd5\xd1;[\xf4\xb6\xfa\xa8\xa8j\
\x88\x01\x1d>bfY\x16*\x91\x84\x83\x0b\x03\x5c\x90\
\x86\xd4\x1cw\x22\x0d8\x07\xa3\xc28\x8d\x0a\xa5\x04\xa8\
\xb4I\x16Bq\x0e-,\xf1\xb8Y\x0a\x12\x96_(\
\x96F\x87u\xd3=|\xc3\xf5\xaf\xdf\xf9\x81\xf7\xdf\xd9\
\xf3\xba+\x17\xeff\xc0\xd1\xfc\xc8\xc8\xc8\xba\xf6\xf6\x92\
\xf2#m\xd6+D\x1d\x97B`\xfa\x11P\xc4t\xfa\
1U[T\x08\xcc9\x04N\xd1\x9f\x02-\x03'\xbd\
\x85\xd9\x12\xd6~\xf1o\xbe\xb1\xf5W\xbf>\xd0\xdd\xb3\
\xb3o]\x10\xc6\x97\xc4\xe3\x8bR\x9c\xc5\xed\xb2\xcbt\
?\xe4\xcc\xa1\xb2i&\xa2T~\xb5:\xbb\x121\x8d\
\x88i\x01\xe5\xfca|\xf2\xd1;\x10\x11S.#\xa6\
\x111\x85\x22\xa6\xb3\x9e\xca\xaf\xf5\xab\x95b\x8c\xb3\xcc\
\xddjQT\xa4)\xa5\x10\xa8\x0e\x0f\x8eA\xc44\x00\
\x97\xe5lT\x08eE$\xb5Rio\x18\x9a\xecg\
o\x1a\x0c\x96\x01\x84\x81\x8bR1/x\xe0\x05\xb6\xe6\
\x96\xdb\x93\xa5\xd1b\xb6\xef\xd8\xe5\x97m\xdc\xf3\xc8\xa3\
\x0f\xf5\xdc\xf8\xf6\x0d;\xb5\x10\x07\xcbnv\xdct\xb9\
\xf3\x00\x00\x1dWIDAThY*UPmD\
\xe7\xdc\xadD\x1d\xb0B\xa0a\x04\x141m\x18B\xb5\
\x01\x85\xc0\xa5\x83@\xad\xfe\xb4\x04\xa4\x8b\xc0\x92\x1f\xbd\
\xf8\xef\xeb\xbf\xf6\xf4\x0f\xbb\x7f\xfe\xb3}[3c\xc6\
\x1a\xdb^\xbc\xd0\xb4:\x93B\xb3\xcdRX\xd0B\x8d\
\xa8)\x11\xd3\x88\xb0Pj_\xa6\xf2\xe1\x22n\x96P\
\xce\x1f\xc4'?J\xc4t{%bJ\x16S\xa1\xa4\
.\xacbK\xd5\xac\x08^\xea\x11\xd3\xaao\xe8x\xd4\
t\xbcJ?\x8a\xa0\xca1\xad\xb8,\xc8_\x88\x1ab\
*\x02\xd8\xba'#\xa6\x82\x111\xa5\x1f\x22\xa5\x91\xe6\
\x98\x16\xdb\xd2\x11\xfa%\x18\x06\x91S!\xbcR\x96\x17\
r\xa3\xaec\xeb\xd9\xc5\xedf\xbf\x1e\xf6\xef\xfb\xc4\xc7\
\x1e\xe8\xbd\xe7\x9e\x9b{\x1d\x1b\xfb=\x0f'\x16&\x91\
\xab\xd8?)?\xd2f\xbd0\xd4q)\x04f\x10\x01\
ELg\x10\x5c\xb5i\x85\xc0\x5cE\xa0\x92\xde\xd7_\
\x1b\x19\x89-koo\x1f\x0d\xb0\xe2{\xcf\xf7lz\
\xfc\x89\x17\xbb_y\xf9\xd0\xe6R\xd9Yi\xc6Z:\
Y\xcc\x8a\x87\xe4\x0c\x05M\xa3nQB\x98`\xc2\x90\
EN\x1a\xbc\x9a\xe2\xa7\xdb\xf1\x99\xc7n\xa9\x14?U\
\x89)Y\x04\x11\xd19\xad\xcbT\x13\x81v\xe9\x13\xd3\
*\xd1$\x22ZI\xe7G\xaf\x19\x13\xc4T\x12\xd2\xc8\
\x02\xac\xfa\xe2A\x9f\x94\x92\xb75.%\x19\xd2&\xac\
\xd2-,zA\x89\xda\x89\xea\x1a\x87\xef\xe7\x84\xa9\xf9\
\x22f\x85\x9e[\x1e\xcb\x07n~p\xf9\xe2\xae\x03\x9b\
\xd6/\xdc\xf1\xc7\x7f\xf4\xe9\x9e\x94\xe3\xef\x8d\xa7\xcc\xbe\
\x18\xa4\x1f)\xb5\x11U:\xd2&\xba\x06\xd4\xa1(\x04\
.6\x02\x8a\x98^l\xc4\xd5\xfe\x14\x02s\x04\x81J\
\xf4\x94\xee\x11f\x16H0\xa0\xab\xef(V}\xff\xc5\
W\xb6|\xeb[?\xe8\xfe\xc5+;7.\x5c\xb5~\
Y\xb6\xc4\xdb\xca^\xe8\xe8F\xdc`,\xce\x02\x97!\
p\xc9\x93\xd2\x83\xad\x97\xc0\xdd\xe3\xf8\xcc\xa7\xde\x8b\xcf\
~\xfa\xad\x08\xa8H[\x94\xc0\xe0\xc1\xd4\x0dXfL\
\x11\xd3\x06\xaa\xf2\xeb5 \xa8G\xac\xb5\xf1\x08\xe8\xe4\
\xc4\xd40\x0cY\xc4D\x8eN\xd2! \xd2l\xc8\x19\
L\xfbnq\x92\xd2\xb34\x0c)j\xcaaY\x06L\
K\x83[\xce#\x9f\x1b\x82mq\xde\xde\xea\x04\xbe;\
R\x1c\x1a88\xdc\x9a\xd4\x8f\xdcv\xf3[w=p\
\xff\x9d=\xd7\xbeq\xc1.\xc7\xc0\x11\x07\x18\x01P\xd5\
\x91\xaa6\xa2s\xe4\xfe\xa0\x0eS!0S\x08(b\
:S\xc8\xaa\xed*\x04.\x11\x04N\xd7\x9f\x0e\x0e`\
\xd1\x8e\xde\xbdk\xff\xf5\xd5\xfd\xdb\xfe\xfb\x9f\xfc\xafn\
a\xb5\xaesb\xa9\xc5\x9a\xd1\x92*\x97\x0c\xcbs\x99\
n\x1b\x09\xd6\x9a\x88#\x9b\xe9CP\xea\xc3o\xff\xd6\
]\xf8\xec\xef\xdc&\xdd+\x931N~\x95\xd2P\x1d\
\xa0\x0am\x151=\xdbT\xa9g\x17\xd581=M\
czZ*\x9f\xbcGeu\xbd`\xf2\xb3\xca\xa1\xc9\
\xee\x89\xc6\xcd b\xcb\x05l\xc7\x80m\xeb\xf0\xfc\x02\
\x8a\xc5\x0cL=\x10--z\x98J\x18\xe5\xbe\xa3\xbb\
2&+\x1f{\xdb[\xae\xdcs\xff{\xb7\xf7^}\
\xe5\xa6\x1d\xc9\x04\x0eZ.\x06[&\xda\x88\x0aF\xd5\
QjQ\x08(\x04\xe6=\x02\x8a\x98\xce\xfb)\xa0\x00\
P\x08\x9c\x1b\x025\xfaS\xa7TBz\xb8\xe8/\xe9\
=\x90\xdd\xf0\xf8\xd7\x9f\xef\xfe\xee\xf3?\xd8Zt\x8d\
5\xadm+\xba\xc2\xc0J\x16r\x81\xa5q\xc1\xdaR\
&\xf3\xcb\xfdx\xec\xe3w\xe3\xd3\x9fz\xab\x8c\xba\x91\
'\xbb\xef\xe7Q.\x96\x90n\xedP\xc4t\x16#\xa6\
g\x8e|\xc4\x0d\xabtU\xd7#BZ\xfd\xa9\xfe%\
\xa2\x90\x0c\x1d\xad\x0bQ\xc8\xe5Q(\x8c@\xd3}\xa4\
ZL\xe18\x9c\x07n\xc6+\xe5\x87\xb2nq\xf8\xc4\
\xd5Wmy\xed\xee\xdb\xdf\xd1{\xe3[\xaf\xeaY\xb1\
\xc4\xdao\x9a\xe8O@\xeaH\xc9\xfeI\xe9H\xcf\xed\
\xf2S\xdfR\x08\xcc\x1b\x04\x141\x9d7C\xadNT\
!0=\x08T\xf4\xa7\xc6(\x10\xf3\xcah/\x95\xb1\
\xe2\xa7?\xdb\xbd\xe9o\xfe\xe6\x9b\x97\xbd\xfc\xef\xfb6\
'\xe2\x8bV\xc4\x9c\x8e\x8e\x5c&\x13\xb7Mnx\x85\
\xe3\xda\xc7?v\x17~\xfb\x93\xef\x91\xb6A\x898U\
\xe4\x07p\xdd2b\x94\x0aV\x11\xd3\xb3\x0e\xccLG\
L\xeb\x11S\xea\xf4\x15\x19\xe8G\x845\x8arG\x0b\
\x15Ny\x05\x17m\xad)0\xcd\x17\xd9\xdcI\xa1\x89\
\xa2\xdf\xdej\xe4\x0d\xb3<X.\x0c\x1f\xfc\xc8\xc3\xf7\
\xed\xbc\xe1\xda+z\xaez\xfd\xd2\xbd\xb1\x18\x8e\xe5\x07\
1\xda\xd5%\x09i\xa0\x22\xa4\xd3s=\xaa\xad(\x04\
.5\x04\x141\xbd\xd4FT\x9d\x8fB\xe0\x22 P\
\xab?\xed\xcb!\xe9\xd8\xe8\xca\x8ca\xf5\xb3\xcf\xfdb\
\xcb_\xfc\xcf\xc7\xbb\x0f\xed?\xb1a\xe9\xe2\xe5\xcbZ\
\x12f[!w\xdc~\xe4Cw\x18\xbf\xf9\xd1;Y\
\xe0\xe5\x91H\xe8\x88\x99\x06X\xb5\x98F\x11\xd3\xd9#\
\xa6\xa7g\xcf+\xe5\xf4T\xbcF~^\x91T\x80\x0a\
\x9c*\xfe\xb4\x14\xdde\xe4?K\xdd\x9b\x04\x12\xa6\x89\
|v\x84\xdb6\x0fS)\xa386zt$\xf4G\
\x8e\xdc|\xd3\xf5\xbb?\xf8\xd0]=\xd7_\xb3|\x17\
\x0c\x1c\x16\xc0p:j#J\x84T\xe9H/\xc25\
\xaav\xa1\x10\x98\xab\x08(b:WGN\x1d\xb7B\
\xa0\x09\x10\xa8\xd1\x9f\xda\x03\x05\xb4\x14\x8bX|\xb0?\
\xbf\xf6\x99\xa7_\xd8\xf6\xad'\x9f\xda\xa6\xeb|]\xb9\
0\xbc\xe8S\x9f|\x7f\xea\xb3\x9f~\xc8\x0eCj\xaa\
\xee2\xf8T\xc7\xaf\xc1\xb6\xa9\xf8\xa9y\x97z\xc5C\
\x9c\x88\x9c\x06\x94B\x0fL\xb7\x10\x04\xc0\x9f\x7f\xf1E\
|\xeeO\x9f\x86\x99Z\x81\x91\xa2\x0e\xa1Y\xb04\x06\
\x83Q\xabV\x01_0\x94\xb9\x01\xea\x99\xd4hK\xd2\
F5\xa6\x11\xe3\xacYj\x89i\xe5\xd7\xb2\xe0\x1e\x81\
4\xc8'\xffY\x12\x9aFf\xf9\x81\x08\x8a\x99p\xe9\
\x826\xb7T\x1a\xcd\x0c\x9e\xdc\xdf\xf7\xc67n\xd8\xfb\
\xd8'\x1f\xee\xb9\xf1\xcd\xebw\x0a\x1f\x07\x84\xc0\x80\xdb\
\x82\xfc*\xc0\x93\xa5SJG\xda\xbc\x93]\x1d\x99B\
\xa0I\x10P\xc4\xb4I\x06B\x1d\x86B`.#P\
mo:\x08Y\x88\x9f>9\x82e\x83\x03\x99\x0d\xbf\
\xff\x7f\xfe\xc7\xee\x03\xfbz\xb7<x\xdf;W\xff\xde\
\xef\xfd\xf6\x82\x84\xa3'5\x08S\x13\x8c\x09\xc1X\x94\
*n\xde\xe5\xd2&\xa6Q\xf4S\x06\xaee1S\xa5\
\xea\x9e\xac\xa0$_\xad\xda\xe4G\xd6OL\x0bel\
\x9bi!\x8d\x1e7\xe0{\xe9\x04\xcb\x1d=\xb8\xe3\xc4\
\x8a\xe5\x1d\xfb?\xf6\xd1\x07w\xdc}\xc75\xbd1\x07\
\xfb|\xa0\xdf\x8aclqDH\x95\xfdS\xf3Nq\
ud\x0a\x81\xa6C@\x11\xd3\xa6\x1b\x12u@\x0a\x81\
\xb9\x8b@U\x7f\x9a\xc9 \xee\xc6\xd0\xae\xfbX\xf9\x95\
/\x7fysgGj\xdb\x1dwn\xdf\xcc\xb8\xb7\xd2\
\xb1\xccv\x1e\x88\x18c\xbaaPk\xa0&^f\x94\
\x98\x12/\x94gO\xd1\xc7\xc89\xf4\xf4OJ\x97\xcb\
\xdf\x0b&;l\xd5~F\xa9\xf6\x89\x88'\x19\xdb\x9f\
\xba00~f\xa1{\xc5\xed\x89\x9a\xd5\xcb>\xf7\xd1\
B\x8d\x11\xc8\xd34\xf2*\x8d\x8c\xf7\xc9#*\xc4\xff\
\xdf\xde\x9d<\xc7q\x9ew\x1c\xffu\xf7\xac\x18\x80\x04\
).\xa2HJ\xdc\xb4\x98\x22E\xc9\xb1e\xcb\x8ae\
\xcb\x96d\xd2\x8b\xa8\x8d\x96eyK\xe5`\x1f\xe2C\
\x5c\xae\xca1\xe5\x8b\x13YKr\xb0\x1c\xcb.\x1fr\
J\xd9\x8e\x5c\x95\x9bUN*\xff\x83\xc1E\x14I\x91\
\x14H\x82\x1b\xd6\x01\x063\xbd\xa6\x9e\x9e\x19\x0a\x82\x22\
\x91j7\xc0\x01\xf8E\x95\x0aE\x00\xdd\xd3\xf3\xe9\x06\
\xf4\xab\xf7}\xde\xe7\xf5\x9cX\xae\x13\xa8\xe8F\x89\xeb\
\xf8\x89\xe7\x86\x81\x14\xcf\x14\x9d\xc6e'\x1c;\xf5\xf5\
\xa7\xf6\x1e\xfe\xfa\xd3\xfb\x87\xb6m\xab\x1c\xad\x164\x1c\
U5\xbe\xa6\xdd\x8f\x94:\xd2\x1e~\xb6\xb94\x04z\
U\x80`\xda\xabw\x86\xebB`\x89\x0a\xcc\xa9?-\
I\xea\xf7\xa5\xb5\x9e\xb4\xd5\x91\xee\x96\xe2\xddN\x92\xdc\
!\xb9\x1b%\x0d:\x8eS\x91m\xbb\xdeND=\xf7\
\xb1\xd0\xc1\xd4K\x87&\xdb5\x9c6\x8b\xfe\xc1\x9fm\
7%\xfb\xb9w?\xcb\x09Up\xdb\xdb\x88\xda\xd8f\
\xda\xe4\xbe;\xf2\x99\x86TWI\xf4\xfer\xce\xb4\x15\
i\xfa\xdd0\xdd\x91\xa95=%\xc5\x05\x95\xfa\x07U\
,\xd6\xe4\xfb\xb1\xe2\xc8vm*(\xf4\x1bJ\xa2\x86\
VT\x93d\xa0\xe6\x86Qst\xb6>unl\xb0\
V\x1e\xde\xbci\xf0\xe8\xaf_\xfd\xc9\xd0\xe0\xaa\xea\xe1\
\xc1\x95:U\x96F%\xd96\xa2\xd4\x91\xf6\xdc\x93\xcc\
\x05!\xb0t\x04z\xf2\x7f\x06K\x87\x8f+E\x00\x81\
\x0f\x12\x98[\x7f*i\x85\xa4\x0d\x92v\xc4q\xbc\xcb\
q\x9c]\x92\xb6;\x8ess\xe7{\x16b\xbb\xdb\x0b\
\xf5\x0c\xeab\x04S\xdb9)\xcb\x87\xed\xbcd;+\
Y0M\x9c\xeez\xf9\xcev\xa0\x89\xdb\xde\xf2\xf5\xca\
\x88\xe9\xbbc\xb1\xb1\x13\xb7\x1bT9\xb1\xc2\x89\xcbZ\
\xb1v\xad<\xb7\xa4\xf1\xf1\xba\xe4\x96u\xd3\x9a5i\
\xc3\xfc\x89\xf3g50XK<\xa7\x11%\xcd\xb1\xd6\
\xec\xd4\xc8d\xb98s\xee\x93\xf7\xddu\xec{\xdf~\
v\xe8\xe9'\xef=\xd4\x9a\x9a~\xbbX\xd4\x85\xfe\xfe\
~k\xff\x14\xd0\xfe)\xcb\x9d\xe4\x18\x04\x10\x98+@\
0\xe5y@\x00\x81\x05\x15\xe8\xd6\x9fJ\xb2\xd1\xd1A\
I\x9b$\xdd\x19\xc7\xf1n\xd7uwJ\xda*i\x8d\
\x8d\xaev:\xee\xa7\x99jA/\xea\x1aO\xde\xdb\xc1\
T\xf2:J\xefn\xc8\xd4\x0d\xb9\xed\xcfi\xd2O[\
=\xd9\x88j\xfbs\x1ae\xd3\xd1YW\x91\x9f(\x9a\
\xf5U\xae\xd5\xb4f\xedZ5[\x0d\x8d\x8e\x0cK%\
%\x9b7\xad\x8f+\xc50\x18\xbbx\xaa>=>|\
a\xcb\xe6\x95o\x1f\xd8\xff\xe8\xa1\x03O~eh\xc7\
\x96\xea\xb1F\xa0sk\xfa\xd2mD\xad\xfd\x13u\xa4\
\xd7\xf8L\xf1c\x08 \xf0\xe1\x02=\xf1\xc7\x9f\x9b\x84\
\x00\x02\xcb_\xa0[\x7f*\xa9O\x92u\xd6\xbfM\xd2\
\xc7$\xed\x96t\x97\xa4[;_\xb7\xa5\xfa6\xbd\x7f\
\xdd\xebO{?\x98\x16:\xd3\xff\xb6_},\x1b\x0d\
M'\xea\xd3zT\xab\x0d}\xef\x9f\xf8n\xc5i\x9c\
N\xfb{r\xa2\x92*\xa5\xaa\xc2\xd0\xd7LcB\x89\
|k\xe7\x15\x97\x8aA\x18\x87\x133\x8d\xc9\x0b\xa37\
\xaf\xed;\xf5\xe8\x17>u\xf8\xf9\xaf\x7fm\xe8\xbe=\
\xeb\x8f:\xa1\x86\xe3\x86\xc6V\xaf\xbe\xb2\x8d(;6\
-\xff__\xde!\x02\x8b&@0]4j^\x08\
\x01\x04\xe6L\xef\xdb^\xa46B\xbaN\xd26\xa5\xf5\
\xa7i@\xbdC\xd2-\x9d\x91\xd5\xf2\xf5\xae?]\xaa\
\xc1\xd4\xb6~\xb5\x80\xda\x0e\xa6\xdd\x1a\xd6\xf6W-\xef\
\xb7\xd7\xdb\x17\x14\xb5\x5c\x95\x8b%9\x0a\x14G\xf5\xa4\
X\xf6\xc3j9l6g/\x8cON\x9c\x19~\xe8\
\xc1\xddG\xff\xf6;\xcf\x0e}\xe5\xd1{\x0f\xc7\x91N\
5/M]\xde\xb4i\x85\xd5\x91\xda\xb4=\xed\x9f\xf8\
\x95F\x00\x81\xdc\x05\x08\xa6\xb9\x93rB\x04\x10\xb8\x9a\
\xc0\x9c\xedM\xad\xb6te\xa7\xfe\xf4\xf6N8\xb5\xe9\
\xfd\xed\x92\xac\xfet@6\xb1|\x9d\xeaO{?\x98\
\xbe+\xdd\x1e1\xb5\x7fw\xd7\xe7[\x9b\xa7\xf6\xa0s\
\xf7\x0f}\x92N\xe9w\x8e\xb1\x85Ta\xa2\xb0\xd5H\
*\x15E\xb5Z\xe2\xcf\xcc\x8cL\xc6\xd1\xf8\xc8\xc7w\
m=\xf6\xd0\xe7\xfe\xea\xe0\x8f\x7f\xf8\xc4!\xdf\xd7\x89\
\xc4\xd7\xf9\xf5\xfd\xe96\xa2\xd6\xfe\x89mD\xaf\xf6\x80\
\xf3}\x04\x10\xc8,@0\xcdL\xc7\x81\x08 \xf0\x97\
\x0a\xcc\xab?]%i\xb3\xd5\x9fJ\xb2\xc5Q6\x8a\
\xba\xa5S\x7fZ\xbb\x1e\xf5\xa7\xbd\x1dL?x\xf1\x93\
\xd5\x8f\xda\x82\x7f\x0b\xa6i\x03\xa8\xc4\xd2d\xfbn\xa5\
-\xf2\xad\xc6TA\xe2\xc63\xc9\xfa55\xdf\x0f\xa6\
\xa6G\xce\xbeuq\xed\xaa\xf2\xdb\x8f\xef\xff\xdc\xe1g\
\x9f\xd97\xb4\xfb\xceuo)\xd4\xd9\xb0\xaa\x89\xf5\xd4\
\x91\xfe\xa5\x8f:\xc7#\x80\xc05\x0a\x10L\xaf\x11\x8a\
\x1fC\x00\x81\x85\x13\xe8\xd4\x9f\xda\xf4~\xb7\xfe\xd4\x02\
\xa9\x8d\x9c\xda\xf4\xbe\x05U\x0b\xac\xab%Y\xfdi\xb7\
\xe1\xe6\xc2]PwP\xf1*\x9b\xd5\xffE;?Y\
pt\x13e]\x95\xdfn\x17\xd5\x9e\xb2o\xd7\x8c:\
JR\x1a7]\xd8d=O\x8b\x8e\xd7)\xd4m\xff\
\x9c\x1d\x93\xae\xcaw\x92\xd8sf\xc3Z\xa9\xd1\xb8p\
\xf6\xc8h\xb5\xe2\x9c\xde\xbb\xef\xf3G\xfe\xe6\xf9\xa7\x86\
\xee\x7f`\xc3\x9bE\xe9\x9dx\x5cc\xabV\xa5\xdb\x88\
\xda\xc2\xa6l\xad\x03\x16\xfc\x0e\xf1\x02\x08 \xb0\xdc\x04\
\x08\xa6\xcb\xed\x8e\xf2~\x10X\xa2\x02\xf3\xeaOm\x0a\
\x7f\xfd\x9c\xfaS\x1bA\xed\xd6\x9f\xda\xd4\xff\xa2\xd4\x9f\
.\xf4\x88i\xb1`{\xceg\xcc|N\x986\xc9O\
\xb7\x07u\x8ai(u\xecs\xec*\x0a\xa4\xc8\x0f4\
\xd0WU\xab1\xa30h\xaaRuU\xae\xd8\x92\xa8\
V\xd8\xf4gZ\xb1?6\xe1\x86g\x87\xbf\xf0\xd9{\
\xdf:\xf0\xf4\xd7\x86\x1e\xf8\xf4}\x87oZ\xad\x93\xa5\
\x92.\x0dH\xd3\xd4\x91.\xd1_$.\x1b\x81%.\
@0]\xe27\x90\xcbG`\xb9\x09\xcc\xa9?\xb5\xf0\
9\xbf\xfe\xd4\xa6\xf7\xad\xfe\xd4B\xab-\x9eZ\xd0\xfa\
\xd3\xde\x0e\xa6\xb1\x0a\x05\xc9\xae1\x08\xa5(r\xd2P\
\xea\xaa\xa8\x82\x8d\x94\xc6\x89\x8a^\xa2j\xc9Q\xa9\x14\
'\x81_\x8f'\xeb#\xadf\xab^/\xd7\x0a#k\
V\xea\xc4\xcf~\xf2wC\x9b7\xac8\xb8m\xeb\xa6\
\xe3\x83\x83:_\x93\xa6\xa8#]n\xbfQ\xbc\x1f\x04\
\x96\x96\x00\xc1ti\xdd/\xae\x16\x81\x1bF`N\xfd\
\xa9M\xdfw\xebO\xad\xad\x94M\xef[\x9b\xa9n\xfd\
\xa9M\xff[\x19@\xee\xed\xa5z:\x98Z*\xaf\x94\
\x95\xd8\x14\xbe\xed\x1ej\xdb\x96\x86\x89\x22?R\x14\xfa\
r\x22_\xb5\x92\x9b8\xf1LR\xad\xc6A\xc1\x9b\x9d\
\xaeO\x8f\x5c\x1aX\xe1\x9d|\xfc\x89/\x1f\xfa\xces\
O\x1c\xdcy\x87w\xb4(\x9d\xa9J\x13jo#J\
?\xd2\x1b\xe67\x8c7\x8a@o\x0a\x10L{\xf3\xbe\
pU\x08 \xd0\x11\x98S\x7fj\x0b\xa0\xac\x11\xbf\xf5\
?\x9d_\x7fj\xc15\xf7\xfa\xd3^\x0f\xa6\x8eSP\
\x10\x86\xe9\xca&\xcf\xf3\xe49\x89\xe2(\x94\xc2\x96\x8a\
\x0a\xe3\x81>'\xec+\x05\xb3S\xe3\xe7\xc6\xa2x\xfc\
\x9d/>\xf2\x89#?\xf8\xc1\xb7\x87\xf6\xecYwd\
vF\xef\x0c\xac\xd4\xe8\xa0\xd2:R\xb6\x11\xe57\x0e\
\x01\x04zB\x80`\xda\x13\xb7\x81\x8b@\x00\x81\x0f\x13\
\x98S\x7fjS\xf76\x85o\xad\xa4lJ\xbf\xdb\xff\
tG\xa7\xff\xa9m}\x9a[\xfdi\xaf\x07\xd3r\xb9\
O\xcdfSq\x10\xa8X\xf2\xd2-J\xdd\xd8O\xca\
n\x18U\xcbQ3nNLNM\x9c9{\xcf\xce\
Mo}\xff\xfb\xcf\x0d\xed\xdb\xfb\xf1CNAo\xfb\
\xad\xfa\xa5\x0d\x03\x03VGj\xed\x9f\xe8G\xca\xaf\x1f\
\x02\x08\xf4\x8c\x00\xc1\xb4gn\x05\x17\x82\x00\x02W\x13\
\x98W\x7fj\xdb\x9bZ3~\xeb\x7fj\x8b\xa3\xec?\
k\xd6oM\xfbm\xf1Twz?\xf3\xdf\xb9^\x0f\
\xa6V\xbb`m\xf3+\xd5R\xba\xb0)lN\xc7\xf5\
\x89\x0b~\xe4O\xd6\xfb\x8a\xfe\xf95\x83\xc5\x13\xdf\xfb\
\xe6\xfe\x83\xdfxv\xdf\xc1[\xd6\xe9X\xe2k\xa4V\
K\xebHm\x1bQ\xfa\x91^\xed\x81\xe3\xfb\x08 \xb0\
\xe8\x02\x99\xff`/\xfa\x95\xf2\x82\x08 \x80\xc0{\xa7\
\xf7m\xdbR\x9b\xbe\xb76R\xd6N\xca\xeaO\xef\xe9\
\xd4\x9f\xdat\xbfm{j\xd3\xff\xed\x1eJ\x19>z\
9\x98\xda\xfeM\xcd\xfa\xa4\xdc\xa2\x92\xbeZ))\x17\
\xe3 hN\xce$\xd1\xf4\xe5\x8d\xeb\xfaOn\xbbu\
\xd5\xe1\x9f\xfe\xe4\x1f\x866\x0c\xea\xe8\xba\xd5:#i\
\xbcSGj\xd3\xf6l#\x9a\xe1y\xe0\x10\x04\x10X\
x\x01\x82\xe9\xc2\x1b\xf3\x0a\x08 \xb0\x00\x02\x9d\xd1S\
\xfb\x1bf#\xa3\x16@\xd7v\x16D\xcd\xad?\xdd\xd4\
Y8U\xc9\xd2\xff\xf4j\xc1\xd4\x16\x1cY\x0b\xd1\xd9\
\xd0\x97\x0a\xa5tu\xfc\xab\xaf\xfd\xb7^\xfc\xd7?\xa8\
4\xb0Uc\x0dO\x89[V\xc1\x93\x0a\xae5\xba\x8f\
\x15\xc5R\xcbZ:%\xae\x8a\x9e5\xc0\xef\xb6\x8b\xea\
\xf6\x1a}\x7f\xfb\xa8\xb4]i\xfa\xf1n\xbevl_\
\xfbj\x9c\xf8\xad\xa90\xf4\xeb\xb3Q\xd8\x18\xeb\xab\xc4\
\xc3\xf7\xec\xde\xf1\xe6s\x07\xf6\x0e=\xf1\xe5=\x87\xab\
\x15\x9dN\xa4\xd1\x95\x92m#J\x1d\xe9\x02<\x87\x9c\
\x12\x01\x04\xf2\x15 \x98\xe6\xeb\xc9\xd9\x10@`\x91\x05\
\xe6\xd5\x9f\xda\x14~\xb7\xfe\xb4;\xbdoS\xfd\xf65\
k=e5\xaa6\xd2zM\x7f\xfb\xae\x16L\xe30\
\x92[\xf0\xd4\x8cZ\x92WQ+\x96^\xfd\xd5\xff\xea\
\xa7/\xfeVN\xf96\xb5\xe2\x15\x0a\xad\xe4\xd5\x8d\xd2\
\x9e\xa3\xae\xa2\xb6N\xe2)\xb6\x81\xdc\xd0\xae\xc4.%\
\x92\xe3\x06r\xbdD\xaeg[\x8a&i\xe0-y\x05\
\xf9~\xa0\xa0\xe5\xa7\x0b\x9c\x1c\xc7\x93'G\x9e[L\
J\x85f\xd4?0\xd3\xf2\xfd\x8b\x93I4{n\xc7\
\xb6\x8do=\xf1\xd5G\x0e\xee\xdf\xff\xf0\xa1\x8dkt\
bzZ\x17ono#j\xfb\xda3m\xbf\xc8\xcf\
%/\x87\x00\x02\xd9\x04\xae\xe9\x8fs\xb6Ss\x14\x02\
\x08 \xb0x\x02s\xeaOmt\xd4B\xe8\xc6NS\
~k/e\xa3\xa8\xdd\xfa\xd3n\xffS\xfb\xfb\xf7\xa1\
\x7f\x03\xaf%\x98\xdaj\xf8V\xd4R\x5cxo0u\
+[\xd4\x8a\x06\x15\xa9\xac\xd8\x0d;\xe14\x94\x97X\
\xf0\xb4\x06\xa4\xae\xe2\xc4\xaa\x0c\xd2\xa4\x9a\xee\xca\xe4\xb8\
\xa1\x5c'I\x9b\xe6\xdb\x0a{{\xfdJ\xa9\xa4j\xa5\
\x22/\x8e5S\x9fL\xea\xf5\xc9\xd8u\x1c\xbf\xbf/\
\x9e\x9e\x999va\xdb\xd6U'\xf6=\xf6\x85CO\
=\xbdw\xe8\x8e\xad+\x8e)\xd0HT\xd7\xe4\xfa\xf5\
i\x1d)\xed\x9f\x16\xef\x11\xe4\x95\x10@ \x07\x01\x82\
i\x0e\x88\x9c\x02\x01\x04zG\xa0\xd3^\xca\x12_\xb7\
\xfe\xf4\xd6N\xfdi\xb7\xffi\xb7\xfe\xd4\xfa\x9f~h\
\xfd\xe9\xd5\x82i\x14\xc4\xf2\x8an:b\x9a\x14*\xf2\
#\x1b1\xfd\x9ft\xc4\xb4P\xb9M\xadde;\x98\
z6b\x1a\xc8s\x22\x15l44\xb1)|O\x91\
\x93\xfe+\x0d\xa0\xed|\xda\xfel\xa3\xa2\xb6\xc1\xa8\xed\
\x0aU.&\x8a\xa2Y\x85\xad\xa9\xb8Zq\x82\x95+\
J\x8dVs\xf2\xf2\xe5\xd1\xd3\xa7\x9e\xde\xff\xf9#{\
\x1f\xfb\xeb\xa1\x87>{\xcf\x9b+\x064\x1cK\xe3\xab\
\xa5\xd9\xce\xb4=u\xa4\xbd\xf3Xr%\x08 p\x8d\
\x02\x04\xd3k\x84\xe2\xc7\x10@`\xe9\x08\xcc\xab?\xb5\
\x11R\xab?\xdd:\xa7\xff\xa9moj\xf5\xa7\xb6\xb2\
\xff\x03\xebO\xaf\x16L\xc3\xd0v_\x9a\x1fL\xff\xa4\
\x7fz\xe9\xf7*T6)\xd0\xa0b\x15\x15{\xb1\x1c\
7\x92\x97\x04\xe9\x88\xa8\x17\x17\x94\xb8\x8e\x12\xd7U\xe4\
\xb8JbG\x8a\xbd4\x97:q\xd2\xeeK\x9aD\x1a\
\xe8\xaf\xe8\xfc\xc8\xc9\xa4\xe8\xf9\xe1\x86\x0d\xb5\xe6\xec\xcc\
\xc8\xf8\xd4\xd4\xc8\xf0\x83\x0f\xdew\xf4[\xdf|\xf2\xcf\
_z\xf4\x9e#\xc5\xb2N\x95\xa4\xcb\x17\xa5\x99\x1dR\
\xc0\xbe\xf6K\xe79\xe5J\x11@\xe0\xfd\x02\x04S\x9e\
\x0a\x04\x10X\xb6\x02\xf3\xeaO\xad\xc7\xa9\xd5\x9aZ\xcf\
\xd3\xb9\xfdO\xedk\xdd\xfe\xa7\xb6\xba\xe8\xca\xdf\xc5\xab\
\x05\xd3 \x88\xd2\x11\xd3Vd\x8b\x9f*j\xc6\xd2/\
~\xf5\x86\xfe\xf9\xa5\xdf\xaaX\xbdM\xa1V*v\xac\
\xac\xd5\xa6\xe9m\x0a\xdfO\x0b\x5c\xbd\xd8\xb3\xec\xa9\xd0\
\xb3\xcf\x16L-\x90z\xe9HjZK\x1aG\xf2\x14\
&\xadf=\xbaym\xbf\x1f\x05c\x93c\x93'F\
\xee\xdaq\xd3\xb1\xe7\xbe\xf5\xf8\xd0\xbeG>sh\xf5\
M}'j%]\x98\x90\xea\x9b\xda\xfdH\xa9#]\
\xb6O2o\x0c\x81\x1bG\x80`z\xe3\xdck\xde)\
\x027\xac\xc0\xbc\xfaS\x1b%\xb5\xfa\xd3;;\xdb\x9b\
Z\xfd\xa9\x8d\xa6Z\xffS\x1b]\xb5U\xfei\xfd\xe9\
\xd5\x82i\xcb\x0f\xe5\x95<\x85q\xa0\xc4+\xab\x99X\
0\xfd\xa3^x\xe9\xf7*VoU\x18\xadP\xec\x96\
\x95X\xfd\xa8\x22\xb9n /\xb6\xd5\xf9n\x1aL\x03\
\xc7&\xec\xed\xc3\xf6\xb8\xb7\xe9{+E\xb5\xf5\xfaa\
\xe2*\xf0=\xb5\xa6'\xc7\xce^\xdc\xbc\xa9\xf6\xf6S\
\xcf<r\xe8\xd9g\x1e\x19\xda\xb1\xad\xf6VQ:7\
%M\x1c\x91Z\x9f\xa7\x8e\xf4\x86}\xaey\xe3\x08,\
G\x01\x82\xe9r\xbc\xab\xbc'\x04\x10\xf8\x7f\x05\xe6\xd5\
\x9fZ\x9fS\xab7\xfdX\xa79\xbf}\xb6zT\xfb\
z\xba\xbdi\xe7\xe7?P\xb3\x15\xf8\xef\x06S\xb7\xfa\
\x9e`Z\xea\xdb\xa2\x96\xdf\xaf\xc8))qb\xb9\xb6\
*\xdf\x09e\xad\x9f\x0aI\xbb1@#\x0a\xd2\x0eP\
\xf6\xbd\x82\x9bXp\x8d\x0b\xf2CO\xadFA\xad\xd1\
(\x9c9\xfd\x95}\x0f\x1d9\xf0\xe4cC\xbb\xee\xde\
\xf0\xe6@E\xefD\x15\x8dv\xeaHma\xd3\xfb{\
Kq\xef\x11@\x00\x81%,@0]\xc27\x8fK\
G\x00\x81\x8f.0\xa7\xfe\xd4\xe6\xd8\xad\xff\xa9\x8d\x94\
\xda\x88iwz\xdf\xeaOmDu0I\x12\xab?\
\xfd\xc0\xf6R\xadVK\xc5rA~\xe2Kn\x9ff\
m\xc4\xf4\xb57\xf4\xc2\xcb\xbfS\xa9\xbaM\xd3\xad\xaa\
b\x95\xd3U\xf6\xe9T\xbe\x13\xa8\x908*$6(\
+5\x82\x99\xf4\xeb\x9e\x17$\xc5\x82\x1f\x16\xdcV\xd3\
\xf5\x1a\x13E\xa7u\xc6Q\xe3\xe8\x0b?\xfd\xc7\x83\xbb\
\xef\xdczh\xeb\x96\xf2II\x97\x07$\xdbF\xd4\xda\
?\xb1\x8d\xe8G\xbf\xf5\x1c\x81\x00\x02K@\x80`\xba\
\x04n\x12\x97\x88\x00\x02\xf9\x0b\xcc\xa9?-wjL\
7t\xeaO\xbb\xfdO\xb7'I\xd2\xad?\xb5\x10\xfb\
\x9e\xfaS\xbb\xa20\xf4\xe5\x15\x1c\xf9q\xd8\xeec\x9a\
\xb8\xfa\xf9/\xff\xa4\x17\xfe\xe5\xf7\xaa\xd4v\xa4\xed\xa2\
\x1a\xcdD\xb1\x13\xab\xd6_V\xd9s\x14\xf8M\xc9w\
T*\xb8\x9a\xaa_JJ\xa50\xae\xf4%-\xc5S\
S\xad\xc6\xb9\xf3\x1b6\xae8\xfe\xfcs\xfb\x86\x9e\x7f\
\xf6\xc9\x83\xab\x07u\xa2(\x9d\xaf)\xddF\x94:\xd2\
\xfc\x1f\x03\xce\x88\x00\x02=&@0\xed\xb1\x1b\xc2\xe5\
 \x80\xc0\xe2\x0at\x02\xaa\xb5\x8d\xb2\xd1Q\xab?\xb5\
\xd5\xfaV\x7f\xba+I\x12\x1bE\xb5\xd1\xd45\xf3\xeb\
O\xa5XQ\xe8\xcb-\xb8i\x8di\xec\xf5]\x09\xa6\
/\xbe\xf2\xba\xca\xb5\x1d\x1a\x9d*\xa8T\xb5\x05P\x91\
Z\xb3\x93R\xd0T\xa9ZV\x7fy ):aR\
-\xfb\x81\x1f\x8cMON\x8c\x5c\xacV\x83\x93{\xbf\
\xf4\xa9\xc3\xdf\xfd\xceSC\xf7\xddw\xf3QG:\xbb\
Z\x9a\xe8l#J?\xd2\xc5},x5\x04\x10\xb8\
N\x02\x04\xd3\xeb\x04\xcf\xcb\x22\x80@o\x09\xcc\xa9?\
\xb5\xfe\xa6W\xeaO\xe38\xde\xed8\xce]\x9d\xfa\xd3\
\xd5\x92\xec\xfb\x9e\x14\xbb\x16L=\xaf\x1dL\x93B\x9f\
\x9a\xb1\xabW_\xfb\x93~\xf6\xf2\x1fT\xaem\xd7X\
\xddS\xa1\xd2/\xc7\x8b\x15'\xb3*\xb8\x91\xcaE/\
\xf6\xa2$\x0c\xfc\xfal\xd887V\xae\xf8\xa7?\xf3\
\x99=G\xbe\xfb\xdd\x03\x07\x1fz\xf0\x96#Q\xa4\xd3\
\xa5\x86FW\xad\xba\xd2\x8f\x94:\xd2\xdezT\xb8\x1a\
\x04\x10X@\x01\x82\xe9\x02\xe2rj\x04\x10XZ\x02\
s\xa6\xf7\xad\x08\xd4V\xe8[\xfd\xa9\xed\x18\xb5\xb3\x13\
P\xaf\xd4\x9fJq9\x09|\xcf)\xb8N7\x98\xfa\
\x91\xab\x9f\xa7\xc1\xf4uU\xfa\xb7\xc9\x8f\xfa5^o\
(vf\xb5jU5\xa9V\x15\xcd\xd6'\x9a3\xf5\
\xe9\x89\x82\xa6\xcf\xee\xbes\xfd\xb1o?\xff\xd5?\xef\
\x7f\xe2\x81C\x83+t2\x91.\x0e\xb4\xf7\xb5\xb7i\
{\xeaH\x97\xd6\xe3\xc3\xd5\x22\x80@\x0e\x02\x04\xd3\x1c\
\x109\x05\x02\x08,/\x819\xed\xa5\xac\xb6\xd4\xb67\
\xb5\xfa\xd3\xdb\xe38\xde\xe58\x8eM\xefo\x97\xe2\x9b\
\x93\xc0\x1fp\x0an)\x8c\x037)\xf49\x16L_\
}\xed\x0d\xbd\xf8\xf2\xeb\xaa\xf6\xdf\xa6\xc9\x19W\xe5j\
_R\xedO\xe2 \x98\xf4/\x9d?>\xe5$\xad\xf3\
\xf7\xde\xb3\xf3\xc4\x83\x9f\xdes\xf0G?|\xf2`\xc1\
\xd5\xf1\x95E\x8d\xd4ji\x1d\xa9m#J?\xd2\xe5\
\xf58\xf1n\x10@\xe0#\x08\x10L?\x02\x16?\x8a\
\x00\x027\x96\xc0\xbc\xfa\xd3U\x926K\xba\xa33z\
\xba3\x0a\xfd\xad\x9e\xe7\xac\x09\x92\xb0&\xafR\x0cB\
\xd7\xf9\xc5ko8?{\xe5\xb7\x16L\x93VPL\
\xe4&A\x18O\xce(\x19\xbf\xb4nm\xe5\xd4\x83\x0f\
\xdc{\xe8k_~\xec\xe0\x03\xf7o>:P\xd5\x99\
\xaa4\xde\xa9#\x0d\x1d[\xbe\xcf\x07\x02\x08 p\x03\
\x0b\x10Lo\xe0\x9b\xcf[G\x00\x81k\x13\x98S\x7f\
j\xed\xa5\xba\xf5\xa7;\x83\xa0\xb5\xdb-\xe8\xae(\x8e\
6\xcb\xeb[\x1dD\xaa\xfe\xe2\x97\x7f\xf4^z\xe5?\
\xd4W\xdb\x1c\xba\xc5\xfe\xe6\x85\xd1\x911\xd7\x9dz\xe7\
S\xf7\xdf\xfe\xe67\xbe\xf1\xd8\xd0\xa3\x0f\x7f\xe2\xc8\xfa\
\x95:\xdd\x94F\xcfH3wK\x16H\xa9#\xbd\xb6\
[\xc1O!\x80\xc02\x17 \x98.\xf3\x1b\xcc\xdbC\
\x00\x81|\x04\xe6\xd5\x9f\x0eX\xfdi\xab\xd5\xda^,\
zw\x87Q\xb8\xcb)T\xee\x08\x22m\xf8\xe5k\xff\
5\xf0\xf2+\xff\xae\xbe\xfe[\xeag\xce\x8c\x9c\xdb\xbd\
\xe7\xeec\xcf\x1c\xf8\xd2\xc1\xc7\xf7?xp\xd3-z\
\xbb^\xd7\x85\xd6\xa8\xa6\xb7lI\xfb\x912m\x9f\xcf\
\xed\xe1,\x08 \xb0L\x04\x08\xa6\xcb\xe4F\xf26\x10\
@`q\x04\xe6\xd4\x9f\x96\x1b\x8d\xc6\xca\xbe\xbe\xbe\x0d\
\xd3\xd3\xb3\xb7\xf7\xf5Ww\xc5\xa1v\xbe\xf4\xf2\xafo\
y\xf5\xdf~\xa3B\xa1v\xf6\xef\x7f\xf4\xe3#\xf7\x7f\
\xf2\xe3C\x1f\xbb{\xfd\xf1b\x9f\xce\xd5\xa5\xa9\xf5\xed\
:R\xda?-\xce\xed\xe2U\x10@`\x89\x09\x10L\
\x97\xd8\x0d\xe3r\x11@\xa07\x04\xe6\xd4\x9fV\x9b\xcd\
\xe6\xaaJ\xa5\xb2yb\xa2\xb9\xfd?\x7f\xf7\xfa\xa6\xe1\
\xe1\x11=\xfc\xc5\x87\xcfl\xde\xbc\xf9\xf8\xc6\x9b\xd6\x9d\
\xa9\x0c\xa6u\xa4\xb3\xd6\x93\x9f:\xd2\xde\xb8\x7f\x5c\x05\
\x02\x08\xf4\xa6\x00\xc1\xb47\xef\x0bW\x85\x00\x02KD\
\xa0S\x7fj\xed\xa5\xfa\x9a\xcd\xe6\xe0\xf0\xf0\xa8\xad\xe2\
\xd7\xed\xb7o\x9cT\xbbA~\xc3\xb6\x11\xa5\x8et\x89\
\xdcP.\x13\x01\x04\xae\xab\x00\xc1\xf4\xba\xf2\xf3\xe2\x08\
 \xb0\x1c\x04\xe6\xd4\x9f\xda\x0eR\xf6\x9f\x8e\x1fW\xb8\
c\x87B\xeaH\x97\xc3\x1d\xe6= \x80\xc0b\x09\x10\
L\x17K\x9a\xd7A\x00\x81e/\xd0\x09\xa8W\xde'\
\xd3\xf6\xcb\xfe\x96\xf3\x06\x11@ g\x01\x82i\xce\xa0\
\x9c\x0e\x01\x04\x10@\x00\x01\x04\x10@ \x9b\x00\xc14\
\x9b\x1bG!\x80\x00\x02\x08 \x80\x00\x02\x08\xe4,@\
0\xcd\x19\x94\xd3!\x80\x00\x02\x08 \x80\x00\x02\x08d\
\x13 \x98fs\xe3(\x04\x10@\x00\x01\x04\x10@\x00\
\x81\x9c\x05\x08\xa69\x83r:\x04\x10@\x00\x01\x04\x10\
@\x00\x81l\x02\x04\xd3ln\x1c\x85\x00\x02\x08 \x80\
\x00\x02\x08 \x90\xb3\x00\xc14gPN\x87\x00\x02\x08\
 \x80\x00\x02\x08 \x90M\x80`\x9a\xcd\x8d\xa3\x10@\
\x00\x01\x04\x10@\x00\x01\x04r\x16 \x98\xe6\x0c\xca\xe9\
\x10@\x00\x01\x04\x10@\x00\x01\x04\xb2\x09\x10L\xb3\xb9\
q\x14\x02\x08 \x80\x00\x02\x08 \x80@\xce\x02\x04\xd3\
\x9cA9\x1d\x02\x08 \x80\x00\x02\x08 \x80@6\x01\
\x82i67\x8eB\x00\x01\x04\x10@\x00\x01\x04\x10\xc8\
Y\x80`\x9a3(\xa7C\x00\x01\x04\x10@\x00\x01\x04\
\x10\xc8&@0\xcd\xe6\xc6Q\x08 \x80\x00\x02\x08 \
\x80\x00\x029\x0b\x10Ls\x06\xe5t\x08 \x80\x00\x02\
\x08 \x80\x00\x02\xd9\x04\x08\xa6\xd9\xdc8\x0a\x01\x04\x10\
@\x00\x01\x04\x10@ g\x01\x82i\xce\xa0\x9c\x0e\x01\
\x04\x10@\x00\x01\x04\x10@ \x9b\x00\xc14\x9b\x1bG\
!\x80\x00\x02\x08 \x80\x00\x02\x08\xe4,@0\xcd\x19\
\x94\xd3!\x80\x00\x02\x08 \x80\x00\x02\x08d\x13 \x98\
fs\xe3(\x04\x10@\x00\x01\x04\x10@\x00\x81\x9c\x05\
\x08\xa69\x83r:\x04\x10@\x00\x01\x04\x10@\x00\x81\
l\x02\x04\xd3ln\x1c\x85\x00\x02\x08 \x80\x00\x02\x08\
 \x90\xb3\x00\xc14gPN\x87\x00\x02\x08 \x80\x00\
\x02\x08 \x90M\x80`\x9a\xcd\x8d\xa3\x10@\x00\x01\x04\
\x10@\x00\x01\x04r\x16 \x98\xe6\x0c\xca\xe9\x10@\x00\
\x01\x04\x10@\x00\x01\x04\xb2\x09\x10L\xb3\xb9q\x14\x02\
\x08 \x80\x00\x02\x08 \x80@\xce\x02\x04\xd3\x9cA9\
\x1d\x02\x08 \x80\x00\x02\x08 \x80@6\x01\x82i6\
7\x8eB\x00\x01\x04\x10@\x00\x01\x04\x10\xc8Y\x80`\
\x9a3(\xa7C\x00\x01\x04\x10@\x00\x01\x04\x10\xc8&\
@0\xcd\xe6\xc6Q\x08 \x80\x00\x02\x08 \x80\x00\x02\
9\x0b\x10Ls\x06\xe5t\x08 \x80\x00\x02\x08 \x80\
\x00\x02\xd9\x04\x08\xa6\xd9\xdc8\x0a\x01\x04\x10@\x00\x01\
\x04\x10@ g\x01\x82i\xce\xa0\x9c\x0e\x01\x04\x10@\
\x00\x01\x04\x10@ \x9b\x00\xc14\x9b\x1bG!\x80\x00\
\x02\x08 \x80\x00\x02\x08\xe4,@0\xcd\x19\x94\xd3!\
\x80\x00\x02\x08 \x80\x00\x02\x08d\x13 \x98fs\xe3\
(\x04\x10@\x00\x01\x04\x10@\x00\x81\x9c\x05\x08\xa69\
\x83r:\x04\x10@\x00\x01\x04\x10@\x00\x81l\x02\x04\
\xd3ln\x1c\x85\x00\x02\x08 \x80\x00\x02\x08 \x90\xb3\
\x00\xc14gPN\x87\x00\x02\x08 \x80\x00\x02\x08 \
\x90M\x80`\x9a\xcd\x8d\xa3\x10@\x00\x01\x04\x10@\x00\
\x01\x04r\x16 \x98\xe6\x0c\xca\xe9\x10@\x00\x01\x04\x10\
@\x00\x01\x04\xb2\x09\x10L\xb3\xb9q\x14\x02\x08 \x80\
\x00\x02\x08 \x80@\xce\x02\x04\xd3\x9cA9\x1d\x02\x08\
 \x80\x00\x02\x08 \x80@6\x01\x82i67\x8eB\
\x00\x01\x04\x10@\x00\x01\x04\x10\xc8Y\x80`\x9a3(\
\xa7C\x00\x01\x04\x10@\x00\x01\x04\x10\xc8&@0\xcd\
\xe6\xc6Q\x08 \x80\x00\x02\x08 \x80\x00\x029\x0b\x10\
Ls\x06\xe5t\x08 \x80\x00\x02\x08 \x80\x00\x02\xd9\
\x04\x08\xa6\xd9\xdc8\x0a\x01\x04\x10@\x00\x01\x04\x10@\
 g\x01\x82i\xce\xa0\x9c\x0e\x01\x04\x10@\x00\x01\x04\
\x10@ \x9b\x00\xc14\x9b\x1bG!\x80\x00\x02\x08 \
\x80\x00\x02\x08\xe4,@0\xcd\x19\x94\xd3!\x80\x00\x02\
\x08 \x80\x00\x02\x08d\x13 \x98fs\xe3(\x04\x10\
@\x00\x01\x04\x10@\x00\x81\x9c\x05\xfe\x0f\xec\xb1c\xec\
\xe2\xb3L\xbc\x00\x00\x00\x00IEND\xaeB`\x82\
\
\x00\x01N\xa0\
\x89\
PNG\x0d\x0a\x1a\x0a\x00\x00\x00\x0dIHDR\x00\
\x00\x08y\x00\x00\x07\xb4\x08\x06\x00\x00\x00\xcf\xe8\x5c\xe8\
\x00\x00\x00\x09pHYs\x00\x00.#\x00\x00.#\
\x01x\xa5?v\x00\x00\x05\x1ciTXtXML\
:com.adobe.xmp\x00\x00\
\x00\x00\x00<?xpacket beg\
in=\x22\xef\xbb\xbf\x22 id=\x22W5M\
0MpCehiHzreSzNTc\
zkc9d\x22?> <x:xmpm\
eta xmlns:x=\x22ado\
be:ns:meta/\x22 x:x\
mptk=\x22Adobe XMP \
Core 5.6-c145 79\
.163499, 2018/08\
/13-16:40:22    \
    \x22> <rdf:RDF \
xmlns:rdf=\x22http:\
//www.w3.org/199\
9/02/22-rdf-synt\
ax-ns#\x22> <rdf:De\
scription rdf:ab\
out=\x22\x22 xmlns:xmp\
=\x22http://ns.adob\
e.com/xap/1.0/\x22 \
xmlns:dc=\x22http:/\
/purl.org/dc/ele\
ments/1.1/\x22 xmln\
s:photoshop=\x22htt\
p://ns.adobe.com\
/photoshop/1.0/\x22\
 xmlns:xmpMM=\x22ht\
tp://ns.adobe.co\
m/xap/1.0/mm/\x22 x\
mlns:stEvt=\x22http\
://ns.adobe.com/\
xap/1.0/sType/Re\
sourceEvent#\x22 xm\
p:CreatorTool=\x22A\
dobe Photoshop C\
C 2019 (Windows)\
\x22 xmp:CreateDate\
=\x222019-05-30T12:\
40:06+07:00\x22 xmp\
:ModifyDate=\x22201\
9-05-30T12:42:38\
+07:00\x22 xmp:Meta\
dataDate=\x222019-0\
5-30T12:42:38+07\
:00\x22 dc:format=\x22\
image/png\x22 photo\
shop:ColorMode=\x22\
3\x22 photoshop:ICC\
Profile=\x22sRGB IE\
C61966-2.1\x22 xmpM\
M:InstanceID=\x22xm\
p.iid:5174b70d-a\
2cf-624f-98ba-c7\
141dc1b322\x22 xmpM\
M:DocumentID=\x22xm\
p.did:5174b70d-a\
2cf-624f-98ba-c7\
141dc1b322\x22 xmpM\
M:OriginalDocume\
ntID=\x22xmp.did:51\
74b70d-a2cf-624f\
-98ba-c7141dc1b3\
22\x22> <xmpMM:Hist\
ory> <rdf:Seq> <\
rdf:li stEvt:act\
ion=\x22created\x22 st\
Evt:instanceID=\x22\
xmp.iid:5174b70d\
-a2cf-624f-98ba-\
c7141dc1b322\x22 st\
Evt:when=\x222019-0\
5-30T12:40:06+07\
:00\x22 stEvt:softw\
areAgent=\x22Adobe \
Photoshop CC 201\
9 (Windows)\x22/> <\
/rdf:Seq> </xmpM\
M:History> </rdf\
:Description> </\
rdf:RDF> </x:xmp\
meta> <?xpacket \
end=\x22r\x22?>\x84\xf2\xdc\xb9\x00\x01I\
*IDATx\x9c\xec\xdd\x7fl\xdd\xf5\x9d\xef\xf9\
w\x9c\xaf\xed8m|\x9c\xc5\x8e\x8b\xf2\xcbD\x071\
\xa3|E\xd82\xa9\x90\xd2+\xa7pY\x95\xb9\xb9\x80\
\xc2?\x9b\xb6;1\x04]\xe8T\x10\xa3V\x1c]\x8d\
\xaa\x1cf\xef2\xe3\xbf0\xdf\x7f\xee\xf6JwI\xf8\
s\xd4\xd2 \xb5\xd3A*\xba\x09R\xd1\xdc\xd9)\x1b\
\xa4Y\xd0(\x91pZMG\xe6dw|\xa4i\x9c\
\x16-\xd9?\x0e\x99\xa1-?\xf2\xc3\xf6\xe7|\xcey\
<$\xffC\x12\x9f\xd7\x1f\x08Y\xe8\x99\xf7g\xdd\xe5\
\xcb\x97\x03\x00\x00\x00\x00\x00\x00\x00\x80\xee6\x90z\x00\
\x00\x00\x00\x00\x00\x00\x00\x00\x9fN\xe4\x01\x00\x00\x00\x00\
\x00\x00\x00\x90\x01\x91\x07\x00\x00\x00\x00\x00\x00\x00@\x06\
D\x1e\x00\x00\x00\x00\x00\x00\x00\x00\x19\x10y\x00\x00\x00\
\x00\x00\x00\x00\x00d@\xe4\x01\x00\x00\x00\x00\x00\x00\x00\
\x90\x01\x91\x07\x00\x00\x00\x00\x00\x00\x00@\x06D\x1e\x00\
\x00\x00\x00\x00\x00\x00\x00\x19\x10y\x00\x00\x00\x00\x00\x00\
\x00\x00d@\xe4\x01\x00\x00\x00\x00\x00\x00\x00\x90\x01\x91\
\x07\x00\x00\x00\x00\x00\x00\x00@\x06D\x1e\x00\x00\x00\x00\
\x00\x00\x00\x00\x19\x10y\x00\x00\x00\x00\x00\x00\x00\x00d\
@\xe4\x01\x00\x00\x00\x00\x00\x00\x00\x90\x01\x91\x07\x00\x00\
\x00\x00\x00\x00\x00@\x06D\x1e\x00\x00\x00\x00\x00\x00\x00\
\x00\x19\x10y\x00\x00\x00\x00\x00\x00\x00\x00d@\xe4\x01\
\x00\x00\x00\x00\x00\x00\x00\x90\x01\x91\x07\x00\x00\x00\x00\x00\
\x00\x00@\x06D\x1e\x00\x00\x00\x00\x00\x00\x00\x00\x19\x10\
y\x00\x00\x00\x00\x00\x00\x00\x00d@\xe4\x01\x00\x00\x00\
\x00\x00\x00\x00\x90\x01\x91\x07\x00\x00\x00\x00\x00\x00\x00@\
\x06D\x1e\x00\x00\x00\x00\x00\x00\x00\x00\x19\x10y\x00\x00\
\x00\x00\x00\x00\x00\x00d@\xe4\x01\x00\x00\x00\x00\x00\x00\
\x00\x90\x01\x91\x07\x00\x00\x00\x00\x00\x00\x00@\x06D\x1e\
\x00\x00\x00\x00\x00\x00\x00\x00\x19\x10y\x00\x00\x00\x00\x00\
\x00\x00\x00d@\xe4\x01\x00\x00\x00\x00\x00\x00\x00\x90\x01\
\x91\x07\x00\x00\x00\x00\x00\x00\x00@\x06D\x1e\x00\x00\x00\
\x00\x00\x00\x00\x00\x19\x10y\x00\x00\x00\x00\x00\x00\x00\x00\
d@\xe4\x01\x00\x00\x00\x00\x00\x00\x00\x90\x01\x91\x07\x00\
\x00\x00\x00\x00\x00\x00@\x06D\x1e\x00\x00\x00\x00\x00\x00\
\x00\x00\x19\x10y\x00\x00\x00\x00\x00\x00\x00\x00d@\xe4\
\x01\x00\x00\x00\x00\x00\x00\x00\x90\x01\x91\x07\x00\x00\x00\x00\
\x00\x00\x00@\x06D\x1e\x00\x00\x00\x00\x00\x00\x00\x00\x19\
\x10y\x00\x00\x00\x00\x00\x00\x00\x00d@\xe4\x01\x00\x00\
\x00\x00\x00\x00\x00\x90\x01\x91\x07\x00\x00\x00\x00\x00\x00\x00\
@\x06D\x1e\x00\x00\x00\x00\x00\x00\x00\x00\x19\x10y\x00\
\x00\x00\x00\x00\x00\x00\x00d@\xe4\x01\x00\x00\x00\x00\x00\
\x00\x00\x90\x01\x91\x07\x00\x00\x00\x00\x00\x00\x00@\x06D\
\x1e\x00\x00\x00\x00\x00\x00\x00\x00\x19\x10y\x00\x00\x00\x00\
\x00\x00\x00\x00d@\xe4\x01\x00\x00\x00\x00\x00\x00\x00\x90\
\x01\x91\x07\x00\x00\x00\x00\x00\x00\x00@\x06D\x1e\x00\x00\
\x00\x00\x00\x00\x00\x00\x19\x10y\x00\x00\x00\x00\x00\x00\x00\
\x00d@\xe4\x01\x00\x00\x00\x00\x00\x00\x00\x90\x01\x91\x07\
\x00\x00\x00\x00\x00\x00\x00@\x06D\x1e\x00\x00\x00\x00\x00\
\x00\x00\x00\x19\x10y\x00\x00\x00\x00\x00\x00\x00\x00d@\
\xe4\x01\x00\x00\x00\x00\x00\x00\x00\x90\x01\x91\x07\x00\x00\x00\
\x00\x00\x00\x00@\x06D\x1e\x00\x00\x00\x00\x00\x00\x00\x00\
\x19\x10y\x00\x00\x00\x00\x00\x00\x00\x00d@\xe4\x01\x00\
\x00\x00\x00\x00\x00\x00\x90\x01\x91\x07\x00\x00\x00\x00\x00\x00\
\x00@\x06D\x1e\x00\x00\x00\x00\x00\x00\x00\x00\x19\x10y\
\x00\x00\x00\x00\x00\x00\x00\x00d@\xe4\x01\x00\x00\x00\x00\
\x00\x00\x00\x90\x01\x91\x07\x00\x00\x00\x00\x00\x00\x00@\x06\
D\x1e\x00\x00\x00\x00\x00\x00\x00\x00\x19\x10y\x00\x00\x00\
\x00\x00\x00\x00\x00d@\xe4\x01\x00\x00\x00\x00\x00\x00\x00\
\x90\x01\x91\x07\x00\x00\x00\x00\x00\x00\x00@\x06D\x1e\x00\
\x00\x00\x00\x00\x00\x00\x00\x19\x10y\x00\x00\x00\x00\x00\x00\
\x00\x00d@\xe4\x01\x00\x00\x00\x00\x00\x00\x00\x90\x01\x91\
\x07\x00\x00\x00\x00\x00\x00\x00@\x06D\x1e\x00\x00\x00\x00\
\x00\x00\x00\x00\x19\x10y\x00\x00\x00\x00\x00\x00\x00\x00d\
@\xe4\x01\x00\x00\x00\x00\x00\x00\x00\x90\x01\x91\x07\x00\x00\
\x00\x00\x00\x00\x00@\x06D\x1e\x00\x00\x00\x00\x00\x00\x00\
\x00\x19\x10y\x00\x00\x00\x00\x00\x00\x00\x00d@\xe4\x01\
\x00\x00\x00\x00\x00\x00\x00\x90\x01\x91\x07\x00\x00\x00\x00\x00\
\x00\x00@\x06D\x1e\x00\x00\x00\x00\x00\x00\x00\x00\x19\x10\
y\x00\x00\x00\x00\x00\x00\x00\x00d@\xe4\x01\x00\x00\x00\
\x00\x00\x00\x00\x90\x01\x91\x07\x00\x00\x00\x00\x00\x00\x00@\
\x06D\x1e\x00\x00\x00\x00\x00\x00\x00\x00\x19\x10y\x00\x00\
\x00\x00\x00\x00\x00\x00d@\xe4\x01\x00\x00\x00\x00\x00\x00\
\x00\x90\x01\x91\x07\x00\x00\x00\x00\x00\x00\x00@\x06D\x1e\
\x00\x00\x00\x00\x00\x00\x00\x00\x19\x10y\x00\x00\x00\x00\x00\
\x00\x00\x00d@\xe4\x01\x00\x00\x00\x00\x00\x00\x00\x90\x01\
\x91\x07\x00\x00\x00\x00\x00\x00\x00@\x06D\x1e\x00\x00\x00\
\x00\x00\x00\x00\x00\x19\x10y\x00\x00\x00\x00\x00\x00\x00\x00\
d@\xe4\x01\x00\x00\x00\x00\x00\x00\x00\x90\x01\x91\x07\x00\
\x00\x00\x00\x00\x00\x00@\x06D\x1e\x00\x00\x00\x00\x00\x00\
\x00\x00\x19\x10y\x00\x00\x00\x00\x00\x00\x00\x00d@\xe4\
\x01\x00\x00\x00\x00\x00\x00\x00\x90\x01\x91\x07\x00\x00\x00\x00\
\x00\x00\x00@\x06D\x1e\x00\x00\x00\x00\x00\x00\x00\x00\x19\
\x10y\x00\x00\x00\x00\x00\x00\x00\x00d@\xe4\x01\x00\x00\
\x00\x00\x00\x00\x00\x90\x01\x91\x07\x00\x00\x00\x00\x00\x00\x00\
@\x06D\x1e\x00\x00\x00\x00\x00\x00\x00\x00\x19\x10y\x00\
\x00\x00\x00\x00\x00\x00\x00d@\xe4\x01\x00\x00\x00\x00\x00\
\x00\x00\x90\x01\x91\x07\x00\x00\x00\x00\x00\x00\x00@\x06D\
\x1e\x00\x00\x00\x00\x00\x00\x00\x00\x19\x10y\x00\x00\x00\x00\
\x00\x00\x00\x00d@\xe4\x01\x00\x00\x00\x00\x00\x00\x00\x90\
\x01\x91\x07\x00\x00\x00\x00\x00\x00\x00@\x06D\x1e\x00\x00\
\x00\x00\x00\x00\x00\x00\x19\x10y\x00\x00\x00\x00\x00\x00\x00\
\x00d@\xe4\x01\x00\x00\x00\x00\x00\x00\x00\x90\x01\x91\x07\
\x00\x00\x00\x00\x00\x00\x00@\x06D\x1e\x00\x00\x00\x00\x00\
\x00\x00\x00\x19\x10y\x00\x00\x00\x00\x00\x00\x00\x00d@\
\xe4\x01\x00\x00\x00\x00\x00\x00\x00\x90\x01\x91\x07\x00\x00\x00\
\x00\x00\x00\x00@\x06D\x1e\x00\x00\x00\x00\x00\x00\x00\x00\
\x19\x10y\x00\x00\x00\x00\x00\x00\x00\x00d@\xe4\x01\x00\
\x00\x00\x00\x00\x00\x00\x90\x01\x91\x07\x00\x00\x00\x00\x00\x00\
\x00@\x06D\x1e\x00\x00\x00\x00\x00\x00\x00\x00\x19\x10y\
\x00\x00\x00\x00\x00\x00\x00\x00d@\xe4\x01\x00\x00\x00\x00\
\x00\x00\x00\x90\x01\x91\x07\x00\x00\x00\x00\x00\x00\x00@\x06\
D\x1e\x00\x00\x00\x00\x00\x00\x00\x00\x19(R\x0f\x00\x00\
\x00\x00\x88\x88(\xca\xea\x8e\x88\x98\x1f\xfb\x9f\xff\xa7m\
\xeb\x06\x8bG[\x8d\xfa\xa9\xc4\x93\x00\x00\x00\x00\xba\xca\
\xba\xcb\x97/\xa7\xde\x00\x00\x00\x00\xf4\xb1\xa2\xac\xc6\x22\
b>\x22\x0eGDl\xfe_\xfe\xf0\xca/\xbd\x1c\x11\
\xb3\xadF}!\xc5.\x00\x00\x00\x80n#\xf2\x00\x00\
\x00\x00\x92)\xca\xaa\x19\x11\xb3\x11Q\xbb\xf2\xcf>\x14\
yDD\xb4\xa3\x13\x80\xcc\xb7\x1a\xf5\xa55\x1b\x06\x00\
\x00\x00\xd0\x85D\x1e\x00\x00\x00\xc0\x9a+\xcaj\x7fD\
\x1c\x8f\x88\x9d\xbf\xfdk\xbf\x15y\x5cq>\x22\x9a\xad\
F\xfd\xf8j\xee\x02\x00\x00\x00\xe8f\x22\x0f\x00\x00\x00\
`\xcd\x14e5\x15\x9d\xb8c\xfa\xe3~\xcf\xc7D\x1e\
W\x9c\x8e\xce\x13.gVr\x17\x00\x00\x00@\x0eD\
\x1e\x00\x00\x00\xc0\xaa+\xcaj,\x22\x9a\x11q\xf4\xd3\
~\xef\xa7D\x1eW\x9c\x88N\xec\xb1t#\xbb\x00\x00\
\x00\x00r2\x90z\x00\x00\x00\x00\xd0\xdb\x8a\xb2\x9a\x89\
\x88\x85\xb8\x8a\xc0\xe3\x1a\x1c\x8e\x88\x85\x89\xb9s\xcd\x15\
\xfc\x9e\x00\x00\x00\x00]\xcd%\x0f\x00\x00\x00`U\x14\
e\xb5?\x22\xe6#b\xcf\xb5\xfc\xb9\xab\xbc\xe4\xf1a\
\xe7\xa3s\xd5\xe3\xe4\xb5\xfeA\x00\x00\x00\x80\x9c\x88<\
\x00\x00\x00\x80\x15U\x94\xd5Tt\xe2\x8e\x07\xae\xe7\xcf\
_G\xe4q\xc5\xe9\x88\x98i5\xea\x0b\xd7\xfb\x0d\x00\
\x00\x00\x00\xba\x99\xc8\x03\x00\x00\x00X\x11EY\x8dE\
\xc4lD\x1c\xbb\x91\xefs\x03\x91\xc7\x15\xcfGD\xb3\
\xd5\xa8/\xdd\xe87\x02\x00\x00\x00\xe8&\x03\xa9\x07\x00\
\x00\x00\x00\xf9+\xcaj&\x22\xce\xc4\x0d\x06\x1e+\xe4\
hD,L\xcc\x9d\x9bM=\x04\x00\x00\x00`%\xb9\
\xe4\x01\x00\x00\x00\x5c\xb7\xa2\xac\xf6GD3\x22\xa6W\
\xea{\xae\xc0%\x8f\x0f;\x1f\x9d'\x5cN\xad\xe47\
\x05\x00\x00\x00HA\xe4\x01\x00\x00\x00\x5c\xb3\xa2\xac\xa6\
\xa2\x13w\x1c^\xe9\xef\xbd\xc2\x91\xc7\x15/G\xc4l\
\xabQ_X\x8do\x0e\x00\x00\x00\xb0\x16D\x1e\x00\x00\
\x00\xc05)\xca\xaa\x19\x11\xb3\x11Q[\x8d\xef\xbfJ\
\x91\xc7\x15\xcfD\xc4|\xabQ_Z\xcd\x0f\x01\x00\x00\
\x00X\x0d\x22\x0f\x00\x00\x00\xe0\xaa\x14e\xf5`D\xcc\
G\xc4\xce\xd5\xfc\x9cU\x8e<\x22\x22\xda\xd1\xb9\xeaq\
|\xb5?\x08\x00\x00\x00`%\x89<\x00\x00\x00\x80O\
T\x94\xd5\x1d\xd1\x89;\xa6\xd7\xe2\xf3\xd6 \xf2\xb8\xe2\
tD4[\x8d\xfa\xa9\xb5\xfa@\x00\x00\x00\x80\x1b!\
\xf2\x00\x00\x00\x00>RQVc\xd1\x89;\x0e\xaf\xe5\
\xe7\xaea\xe4q\xc5\x89\xe8\xc4\x1e\x0bk\xfd\xc1\x00\x00\
\x00\x00\xd7B\xe4\x01\x00\x00\x00\xfc\x8e\xa2\xacf#\xa2\
\x19\x11\xb5\xb5\xfe\xec\x04\x91GD\xe7\x09\x97\xf9\x88\x98\
o5\xeaK)\x06\x00\x00\x00\x00|\x1a\x91\x07\x00\x00\
\x00\xf0/\x8a\xb2\xda\x1f\x11\xc7#bg\xaa\x0d\x89\x22\
\x8f+\xceG\xc4l\xabQ?\x99r\x04\x00\x00\x00\xc0\
G\x11y\x00\x00\x00\x00Q\x94\xd5Tt\xe2\x8e\xe9\xb4\
K\x92G\x1eW\x9c\x8eN\xecq&\xf5\x10\x00\x00\x00\
\x80+D\x1e\x00\x00\x00\xd0\xc7\x8a\xb2\x1a\x8b\x88\xd9\x88\
8\x96v\xc9\xbf\xea\x92\xc8\xe3\x8a\x13\xd1\x89=\x96R\
\x0f\x01\x00\x00\x00\x18H=\x00\x00\x00\x00H\xa3(\xab\
\x99\x88X\x88.\x0a<\xba\xd0\xe1\x88X\x98\x98;\xd7\
L=\x04\x00\x00\x00\xc0%\x0f\x00\x00\x00\xe83EY\
\xed\x8f\x88\xf9\x88\xd8\x93v\xc9G\xeb\xb2K\x1e\x1fv\
>\x22fZ\x8d\xfa\xa9\xd4C\x00\x00\x00\x80\xfe$\xf2\
\x00\x00\x00\x80>Q\x94\xd5Tt\xe2\x8e\x07\xd2.\xf9\
d]\x1cy\x5cq::\xb1\xc7B\xea!\x00\x00\x00\
@\x7f\x11y\x00\x00\x00@\x8f+\xcaj,\x22f?\
\xf8\xaa\xa5\xdcr52\x88<\xaex>\x22\x9a\xadF\
})\xf5\x10\x00\x00\x00\xa0?\x0c\xa4\x1e\x00\x00\x00\x00\
\xac\x9e\xa2\xacf\x22\xe2LD\x1c\x8b\x0c\x02\x8f\xcc\x1c\
\x8d\x88\x85\x89\xb9s\xb3\xa9\x87\x00\x00\x00\x00\xfd\xc1%\
\x0f\x00\x00\x00\xe8AEY\xed\x8f\x88fDL\xa7]\
r\xed2\xba\xe4\xf1aoF\xc4l\xabQ?\x95z\
\x08\x00\x00\x00\xd0\xbbD\x1e\x00\x00\x00\xd0C>x\x9a\
e>\x22\x0e\xa7]r\xfd2\x8d<\xaex9:\xb1\
\xc7B\xea!\x00\x00\x00@\xef\xf1\x5c\x0b\x00\x00\x00\xf4\
\x88\xa2\xac\x9a\x11\xb1\x10\x19\x07\x1e=\xe0\x81\x88xg\
b\xee\x5csb\xee\xdcX\xea1\x00\x00\x00@oq\
\xc9\x03\x00\x00\x002W\x94\xd5\x83\xd1\xb9\xde\xb13\xed\
\x92\x95\x91\xf9%\x8f\x0f;\x1f\x11\xcdV\xa3~<\xf5\
\x10\x00\x00\x00\xa07\x88<\x00\x00\x00 SEY\xdd\
\x11\x9d\xb8c:\xed\x92\x95\xd5C\x91\xc7\x15\xa7\xa3\x13\
{\x9cJ=\x04\x00\x00\x00\xc8\x9b\xc8\x03\x00\x00\x002\
S\x94\xd5XD4#\xe2h\xda%\xab\xa3\x07#\x8f\
+ND'\xf6XH=\x04\x00\x00\x00\xc8\xd3@\xea\
\x01\x00\x00\x00\xc0\xd5+\xcaj6\x22\x16\xa2G\x03\x8f\
\x1ew8\x22\xceL\xcc\x9dk\xa6\x1e\x02\x00\x00\x00\xe4\
\xc9%\x0f\x00\x00\x00\xc8@QV\xfb#\xe2xD\xec\
L\xbbd\xf5\xf5\xf0%\x8f\x0f;\x1f\x11\xb3\xadF\xfd\
d\xea!\x00\x00\x00@>D\x1e\x00\x00\x00\xd0\xc5\x8a\
\xb2\x9a\x8a\x88\xf9\x88x \xed\x92\xb5\xd3'\x91\xc7\x15\
\xa7\xa3\x13{\x9cI=\x04\x00\x00\x00\xe8~\x22\x0f\x00\
\x00\x00\xe8BEY\x8dE\xc4lD\x1cK\xbbd\xed\
\xf5Y\xe4q\xc5\x89\xe8\xc4\x1eK\xa9\x87\x00\x00\x00\x00\
\xddk \xf5\x00\x00\x00\x00\xe07\x15e5\x13\x11\x0b\
\xd1\x87\x81G\x1f;\x1c\x11\x0b\x13s\xe7fS\x0f\x01\
\x00\x00\x00\xba\x97K\x1e\x00\x00\x00\xd0%\x8a\xb2\xda\x1f\
\x9d\xa7Y\xf6\xa4]\x92V\x9f^\xf2\xf8\xb0\xf3\x111\
\xd3j\xd4O\xa5\x1e\x02\x00\x00\x00t\x17\x91\x07\x00\x00\
\x00$V\x94\xd5TD4\xa3s\xcd\xa1\xef\x89<\xfe\
\xc5\xe9\xe8\xc4\x1e\x0b\xa9\x87\x00\x00\x00\x00\xddA\xe4\x01\
\x00\x00\x00\x89\x14e5\x16\x11\xb3\x1f|\xd5Rn\xe9\
&\x22\x8f\xdf\xf1|D4[\x8d\xfaR\xea!\x00\x00\
\x00@Z\x03\xa9\x07\x00\x00\x00@?*\xcaj&\x22\
\xceD\xc4\xb1\x10x\xf0\xc9\x8eF\xc4\xc2\xc4\xdc\xb9\x99\
\xd4C\x00\x00\x00\x80\xb4\x5c\xf2\x00\x00\x00\x805T\x94\
\xd5\x1d\x111\x1f\x11\xd3i\x97t/\x97<>\xd1\x9b\
\x111\xdbj\xd4O\xa5\x1e\x02\x00\x00\x00\xac=\x91\x07\
\x00\x00\x00\xac\x81\x0f\x9ef\x99\x8f\x88\xc3i\x97t?\
\x91\xc7Uy9:\xb1\xc7B\xea!\x00\x00\x00\xc0\xda\
\x11y\x00\x00\x00\xc0*+\xca\xaa\x19\x11\xb3\xe1Y\x96\
\xab\x22\xf2\xb8j\xed\xe8\x84C\xf3\xadF})\xed\x14\
\x00\x00\x00`-\x88<\x00\x00\x00`\x95\x14e\xb5?\
\x22\x8eG\xc4\xce\xb4K\xf2\x22\xf2\xb8f\xe7#\xa2\xd9\
j\xd4\x8f\xa7\x1e\x02\x00\x00\x00\xac.\x91\x07\x00\x00\x00\
\xac\xb0\xa2\xac\xa6\xa2\x13wL\xa7]\x92'\x91\xc7u\
;\x1d\x9d\xd8\xe3T\xea!\x00\x00\x00\xc0\xea\x10y\x00\
\x00\x00\xc0\x0a)\xcaj,\x22\x9a\x11q4\xed\x92\xbc\
\x89<n\xd8\x89\x88\x98\xf5\x84\x0b\x00\x00\x00\xf4\x9e\x81\
\xd4\x03\x00\x00\x00\xa0\x17\x14e5\x1b\x11\x0b!\xf0 \
\xbd\xc3\x11\xb101w\xae\x99z\x08\x00\x00\x00\xb0\xb2\
\x5c\xf2\x00\x00\x00\x80\x1bP\x94\xd5\xfe\x88\x98\x8f\x88=\
i\x97\xf4\x0e\x97<V\xd4\xf9\xe8\x5c\xf58\x99z\x08\
\x00\x00\x00p\xe3D\x1e\x00\x00\x00p\x1d\x8a\xb2\x9a\x8a\
N\xdc\xf1@\xda%\xbdG\xe4\xb1*NG'\xf68\
\x93z\x08\x00\x00\x00p\xfdD\x1e\x00\x00\x00p\x0d\x8a\
\xb2\x1a\x8b\x88\xd9\x888\x96vI\xef\x12y\xac\xaa\xe7\
#\xa2\xd9j\xd4\x97R\x0f\x01\x00\x00\x00\xae\xdd@\xea\
\x01\x00\x00\x00\x90\x8b\xa2\xacf\x22b!\x04\x1e\xe4\xeb\
hD,L\xcc\x9d\x9bM=\x04\x00\x00\x00\xb8v.\
y\x00\x00\x00\xc0\xa7(\xcaj\x7fD4#b:\xed\
\x92\xfe\xe0\x92\xc7\x9a9\x1f\x113\xadF\xfdT\xea!\
\x00\x00\x00\xc0\xd5\x11y\x00\x00\x00\xc0\xc7(\xcaj*\
:q\xc7\xe1\xb4K\xfa\x8b\xc8c\xcd\x9d\x8eN\xec\xb1\
\x90z\x08\x00\x00\x00\xf0\xc9D\x1e\x00\x00\x00\xf0[\x8a\
\xb2\x1a\x8b\x88\xd9\x0f\xbej)\xb7\xf4#\x91G2\xcf\
D\xc4|\xabQ_J=\x04\x00\x00\x00\xf8h\x03\xa9\
\x07\x00\x00\x00@7)\xca\xea\xc1\x888\x13\x11\xc7B\
\xe0A\x7f9\x16\x11\x0b\x13s\xe7fR\x0f\x01\x00\x00\
\x00>\x9aK\x1e\x00\x00\x00\x10\x11EY\xdd\x11\x11\xf3\
\x111\x9dv\x09.yt\x857#b\xb6\xd5\xa8\x9f\
J=\x04\x00\x00\x00\xf8W\x22\x0f\x00\x00\x00\xfa\xda\x07\
O\xb3\xccG\xc4\xe1\xb4K\xb8B\xe4\xd1UNDD\
\xb3\xd5\xa8/\xa4\x1e\x02\x00\x00\x00\x88<\x00\x00\x00\xe8\
cEY\xcdFD3<\xcb\xd2UD\x1e]\xa7\x1d\
\x9d\x10j\xbe\xd5\xa8/\xa5\x9d\x02\x00\x00\x00\xfdM\xe4\
\x01\x00\x00@\xdf)\xcaj\x7fD\x1c\x8f\x88\x9di\x97\
\xf0QD\x1e]\xeb|t\xaez\x1cO=\x04\x00\x00\
\x00\xfa\x95\xc8\x03\x00\x00\x80\xbeQ\x94\xd5Tt\xe2\x8e\
\xe9\xb4K\xf8$\x22\x8f\xaew:\x22f[\x8d\xfa\x99\
\xd4C\x00\x00\x00\xa0\xdf\x88<\x00\x00\x00\xe8yEY\
\x8dE\xe7Y\x96\xa3i\x97p5D\x1e\xd98\x11\x9d\
\xd8c)\xf5\x10\x00\x00\x00\xe8\x17\x03\xa9\x07\x00\x00\x00\
\xc0j*\xcaj&\x22\x16B\xe0\x01+\xedpD,\
L\xcc\x9dk\xa6\x1e\x02\x00\x00\x00\xfd\xc2%\x0f\x00\x00\
\x00zRQV\xfb#b>\x22\xf6\xa4]\xc2\xb5r\
\xc9#K\xe7\xa3s\xd5\xe3d\xea!\x00\x00\x00\xd0\xcb\
D\x1e\x00\x00\x00\xf4\x94\xa2\xac\xa6\xa2\x13w<\x90v\
\x09\xd7K\xe4\x91\xb5\xd3\x111\xd3j\xd4\x17R\x0f\x01\
\x00\x00\x80^$\xf2\x00\x00\x00\xa0'\x14e5\x16\x11\
\xb3\x11q,\xed\x12n\x94\xc8\xa3'<\x1f\x11\xcdV\
\xa3\xbe\x94z\x08\x00\x00\x00\xf4\x92\x81\xd4\x03\x00\x00\x00\
\xe0F\x15e5\x13\x11gB\xe0\x01\xdd\xe2hD,\
L\xcc\x9d\x9bM=\x04\x00\x00\x00z\x89K\x1e\x00\x00\
\x00d\xab(\xab\xfd\x11\xd1\x8c\x88\xe9\xb4KXI.\
y\xf4\x9c7#b\xb6\xd5\xa8\x9fJ=\x04\x00\x00\x00\
r'\xf2\x00\x00\x00 ;EYME'\xee8\x9c\
v\x09\xabA\xe4\xd1\xb3^\x8eN\xec\xb1\x90z\x08\x00\
\x00\x00\xe4J\xe4\x01\x00\x00@V\x8a\xb2jF\xc4l\
D\xd4\x92\x0ea\xd5\x88<z\xde3\x111\xdfj\xd4\
\x97R\x0f\x01\x00\x00\x80\xdc\x88<\x00\x00\x00\xc8BQ\
V\x0fF\xc4|D\xecL\xbb\x84\xd5&\xf2\xe8\x0b\xed\
\xe8\x5c\xf58\x9ez\x08\x00\x00\x00\xe4D\xe4\x01\x00\x00\
@W+\xca\xea\x8e\xe8\xc4\x1d\xd3i\x97\xb0VD\x1e\
}\xe5tD4[\x8d\xfa\xa9\xd4C\x00\x00\x00 \x07\
\x22\x0f\x00\x00\x00\xbaRQVc\x11\xd1\x8c\x88\xa3i\
\x97\xb0\xd6D\x1e}\xe9Dtb\x8f\x85\xd4C\x00\x00\
\x00\xa0\x9b\x89<\x00\x00\x00\xe8:EY\xcdF'\xf0\
\xa8\xa5]B\x0a\x22\x8f\xbe\xd5\x8e\xce\xd5\x9e\xf9V\xa3\
\xbe\x94v\x0a\x00\x00\x00t'\x91\x07\x00\x00\x00]\xa3\
(\xab\xfd\x11q<\x22v\xa6]BJ\x22\x8f\xbew\
>\x22f[\x8d\xfa\xc9\xd4C\x00\x00\x00\xa0\xdb\x88<\
\x00\x00\x00H\xae(\xab\xa9\xe8\xc4\x1d\xd3i\x97\xd0\x0d\
D\x1e|\xe0ttb\x8f3\xa9\x87\x00\x00\x00@\xb7\
\x10y\x00\x00\x00\x90LQVc\x111\x1b\x11\xc7\xd2\
.\xa1\x9b\x88<\xf8-'\xa2\x13{,\xa5\x1e\x02\x00\
\x00\x00\xa9\x0d\xa4\x1e\x00\x00\x00@\x7f*\xcaj&\x22\
\x16B\xe0\x01|\xb2\xc3\x11\xb101w\xae\x99z\x08\
\x00\x00\x00\xa4\xe6\x92\x07\x00\x00\x00k\xaa(\xab\xfd\x11\
1\x1f\x11{\xd2.\xa1[\xb9\xe4\xc1'8\x1f\x113\
\xadF\xfdT\xea!\x00\x00\x00\x90\x82\xc8\x03\x00\x00\x80\
5Q\x94\xd5Tt\xe2\x8e\x07\xd2.\xa1\xdb\x89<\xb8\
\x0a\xa7\xa3\x13{,\xa4\x1e\x02\x00\x00\x00kI\xe4\x01\
\x00\x00\xc0\xaa*\xcaj,\x22f?\xf8\xaa\xa5\xdcB\
\x1eD\x1e\x5c\x83\xe7#\xa2\xd9j\xd4\x97R\x0f\x01\x00\
\x00\x80\xb50\x90z\x00\x00\x00\x00\xbd\xab(\xab\x99\x88\
8\x13\x11\xc7B\xe0\x01\xac\xbc\xa3\x11\xb101wn\
&\xf5\x10\x00\x00\x00X\x0b.y\x00\x00\x00\xb0\xe2\x8a\
\xb2\xba#:O\xb3L\xa7]B\x8e\x5c\xf2\xe0:\xbd\
\x19\x11\xb3\xadF\xfdT\xea!\x00\x00\x00\xb0ZD\x1e\
\x00\x00\x00\xac\x98\x0f\x9ef\x99\x8f\x88\xc3i\x97\x903\
\x91\x077\xe8\xe5\xe8\xc4\x1e\x0b\xa9\x87\x00\x00\x00\xc0J\
\xf3\x5c\x0b\x00\x00\x00+\xa2(\xabfD,\x84\xc0\x03\
H\xeb\x81\x88xgb\xee\x5csb\xee\xdcX\xea1\
\x00\x00\x00\xb0\x92\x5c\xf2\x00\x00\x00\xe0\x86\x14e\xf5`\
t\xaew\xecL\xbb\x84^\xe1\x92\x07+\xe8|D4\
[\x8d\xfa\xf1\xd4C\x00\x00\x00`%\x88<\x00\x00\x00\
\xb8.EYME\xc4\xf1\x88\x98N\xbb\x84^#\xf2\
`\x15\x9c\x8eN\xecq*\xf5\x10\x00\x00\x00\xb8\x11\x22\
\x0f\x00\x00\x00\xaeIQVc\x11\xd1\x8c\x88\xa3i\x97\
\xd0\xabD\x1e\xac\xa2\x13\xd1\x89=\x16R\x0f\x01\x00\x00\
\x80\xeb1\x90z\x00\x00\x00\x00\xf9(\xcaj6\x22\x16\
B\xe0\x01\xe4\xe9pD\x9c\x99\x98;\xd7L=\x04\x00\
\x00\x00\xae\x87K\x1e\x00\x00\x00|\xaa\xa2\xac\xf6G\xe7\
i\x96\x9di\x97\xd0\x0f\x5c\xf2`\x8d\x9c\x8f\x88\xd9V\
\xa3~2\xf5\x10\x00\x00\x00\xb8Z\x22\x0f\x00\x00\x00>\
VQVS\x111\x1f\x11\x0f\xa4]B?\x11y\xb0\
\xc6NG'\xf68\x93z\x08\x00\x00\x00|\x1a\x91\x07\
\x00\x00\x00\xbf\xa3(\xab\xb1\x88\x98\x8d\x88ci\x97\xd0\
\x8fD\x1e$r\x22:\xb1\xc7R\xea!\x00\x00\x00\xf0\
q\x06R\x0f\x00\x00\x00\xa0\xbb\x14e5\x13\x11\x0b!\
\xf0\x00\xfa\xcb\xe1\x88X\x98\x98;7\x9bz\x08\x00\x00\
\x00|\x1c\x97<\x00\x00\x00\x88\x88\x88\xa2\xac\xf6G\xe7\
i\x96=i\x97\xd0\xef\x5c\xf2\xa0\x0b\x9c\x8f\x88\x99V\
\xa3~*\xf5\x10\x00\x00\x00\xf80\x91\x07\x00\x00@\x9f\
+\xcaj*\x22\x9a\xd1\xf9[\xec\x90\x9c\xc8\x83.r\
::\xb1\xc7B\xea!\x00\x00\x00\x10!\xf2\x00\x00\x00\
\xe8[EY\x8dE\xc4\xec\x07_\xb5\x94[\xe0\xc3D\
\x1et\xa1g\x22b\xbe\xd5\xa8/\xa5\x1e\x02\x00\x00@\
\x7f\x1bH=\x00\x00\x00\x80\xb5W\x94\xd5\x83\x11q&\
\x22\x8e\x85\xc0\x03\xe0\xd3\x1c\x8b\x88\x85\x89\xb9s3\xa9\
\x87\x00\x00\x00\xd0\xdf\x5c\xf2\x00\x00\x00\xe8#EY\xdd\
\x11\x11\xf3\x111\x9dv\x09|<\x97<\xe8roF\
\xc4l\xabQ?\x95z\x08\x00\x00\x00\xfdG\xe4\x01\x00\
\x00\xd0\x07>x\x9ae>\x22\x0e\xa7]\x02\x9fN\xe4\
A&^\x8eN\xec\xb1\x90z\x08\x00\x00\x00\xfdC\xe4\
\x01\x00\x00\xd0\xe3\x8a\xb2jF\xc4lx\x96\x85L\x88\
<\xc8H;:\x01\xdd|\xabQ_J;\x05\x00\x00\
\x80~ \xf2\x00\x00\x00\xe8QEY\xed\x8f\x88\xe3\x11\
\xb13\xed\x12\xb86\x22\x0f2t>\x22\x9a\xadF\xfd\
x\xea!\x00\x00\x00\xf46\x91\x07\x00\x00@\x8f)\xca\
j*:q\xc7t\xda%p}D\x1ed\xectt\
b\x8fS\xa9\x87\x00\x00\x00\xd0\x9bD\x1e\x00\x00\x00=\
\xa2(\xab\xb1\x88hF\xc4\xd1\xb4K\xe0\xc6\x88<\xe8\
\x01'\x22b\xd6\x13.\x00\x00\x00\xac\xb4\x81\xd4\x03\x00\
\x00\x00\xb8qEY\xcdF\xc4B\x08<\x00\xba\xc1\xe1\
\x88X\x98\x98;\xd7L=\x04\x00\x00\x80\xde\xe2\x92\x07\
\x00\x00@\xc6\x8a\xb2\xda\x1f\x11\xf3\x11\xb1'\xed\x12X\
9.y\xd0c\xceG\xe7\xaa\xc7\xc9\xd4C\x00\x00\x00\
\xc8\x9f\xc8\x03\x00\x00 CEYME'\xeex \
\xed\x12Xy\x22\x0fz\xd4\xe9\x88\x98i5\xea\x0b\xa9\
\x87\x00\x00\x00\x90/\x91\x07\x00\x00@F\x8a\xb2\x1a\x8b\
\x88\xd9\x888\x96v\x09\xac\x1e\x91\x07=\xee\xf9\x88h\
\xb6\x1a\xf5\xa5\xd4C\x00\x00\x00\xc8\xcf@\xea\x01\x00\x00\
\x00\x5c\x9d\xa2\xacf\x22b!\x04\x1e\x009;\x1a\x11\
\x0b\x13s\xe7fS\x0f\x01\x00\x00 ?.y\x00\x00\
\x00t\xb9\xa2\xac\xf6GD3\x22\xa6\xd3.\x81\xb5\xe1\
\x92\x07}\xe4|t\x9ep9\x95z\x08\x00\x00\x00y\
\x10y\x00\x00\x00t\xa9\xa2\xac\xa6\xa2\x13w\x1cN\xbb\
\x04\xd6\x96\xc8\x83>\xf4rD\xcc\xb6\x1a\xf5\x85\xd4C\
\x00\x00\x00\xe8n\x22\x0f\x00\x00\x80.T\x94U3\x22\
f#\xa2\x96t\x08$ \xf2\xa0\x8f=\x13\x11\xf3\xad\
F})\xf5\x10\x00\x00\x00\xba\x93\xc8\x03\x00\x00\xa0\x8b\
\x14e\xf5`D\xccG\xc4\xce\xb4K \x1d\x91\x07}\
\xae\x1d\x9d\xab\x1e\xc7S\x0f\x01\x00\x00\xa0\xfb\x88<\x00\
\x00\x00\xba@QVwD'\xee\x98N\xbb\x04\xd2\x13\
y@DD\xbc\x19\x9d\xd8\xe3T\xea!\x00\x00\x00t\
\x0f\x91\x07\x00\x00@BEY\x8dE'\xee8\x9cv\
\x09t\x0f\x91\x07\xfc\x86\x13\x11\xd1l5\xea\x0b\xa9\x87\
\x00\x00\x00\x90\x9e\xc8\x03\x00\x00 \x91\xa2\xacf#\xa2\
\x19\x11\xb5\xb4K\xa0\xbb\x88<\xe0w\xb4\xa3\x13\x04\xce\
\xb7\x1a\xf5\xa5\xb4S\x00\x00\x00HI\xe4\x01\x00\x00\xb0\
\xc6\x8a\xb2\xda\x1f\x11\xc7#bg\xda%\xd0\x9dD\x1e\
\xf0\xb1\xceG\xe7\xaa\xc7\xf1\xd4C\x00\x00\x00HC\xe4\
\x01\x00\x00\xb0F\x8a\xb2\x9a\x8aN\xdc1\x9dv\x09t\
7\x91\x07|\xaa\xd3\x111\xdbj\xd4\xcf\xa4\x1e\x02\x00\
\x00\xc0\xda\x12y\x00\x00\x00\xac\xb2\xa2\xac\xc6\xa2\xf3,\
\xcb\xd1\xb4K \x0f\x22\x0f\xb8j'\xa2\x13{,\xa5\
\x1e\x02\x00\x00\xc0\xda\x18H=\x00\x00\x00\xa0\x97\x15e\
5\x13\x11\x0b!\xf0\x00`\xe5\x1d\x8e\x88\x85\x89\xb9s\
\xcd\xd4C\x00\x00\x00X\x1b.y\x00\x00\x00\xac\x82\xa2\
\xac\xf6G\xc4|D\xecI\xbb\x04\xf2\xe3\x92\x07\x5c\x97\
\xf3\x111\xd3j\xd4O\xa5\x1e\x02\x00\x00\xc0\xea\x11y\
\x00\x00\x00\xac\xa0\xa2\xac\xa6\xa2\x13w<\x90v\x09\xe4\
K\xe4\x017\xe4ttb\x8f\x85\xd4C\x00\x00\x00X\
y\x22\x0f\x00\x00\x80\x15P\x94\xd5XD\xcc~\xf0U\
K\xb9\x05r'\xf2\x80\x15\xf1|D4[\x8d\xfaR\
\xea!\x00\x00\x00\xac\x9c\x81\xd4\x03\x00\x00\x00rW\x94\
\xd5LD\x9c\x89\x88c!\xf0\x00\xa0;\x1c\x8d\x88\x85\
\x89\xb9s\xb3\xa9\x87\x00\x00\x00\xb0r\x5c\xf2\x00\x00\x00\
\xb8NEY\xed\x8f\x88fDL\xa7]\x02\xbd\xc5%\
\x0fXqoF\xc4l\xabQ?\x95z\x08\x00\x00\x00\
7F\xe4\x01\x00\x00p\x8d>x\x9ae>\x22\x0e\xa7\
]\x02\xbdI\xe4\x01\xab\xe6\xe5\xe8\xc4\x1e\x0b\xa9\x87\x00\
\x00\x00p}<\xd7\x02\x00\x00p\x0d\x8a\xb2jF\xc4\
B\x08<\x00\xc8\xcf\x03\x11\xf1\xce\xc4\xdc\xb9\xe6\xc4\xdc\
\xb9\xb1\xd4c\x00\x00\x00\xb8v.y\x00\x00\x00\x5c\x85\
\xa2\xac\x1e\x8c\xce\xf5\x8e\x9di\x97@\xefs\xc9\x03\xd6\
D;:W=\x8e\xa7\x1e\x02\x00\x00\xc0\xd5\x13y\x00\
\x00\x00|\x82\xa2\xac\xee\x88N\xdc1\x9dv\x09\xf4\x0f\
\x91\x07\xac\xa9\xd3\x11\xd1l5\xea\xa7R\x0f\x01\x00\x00\
\xe0\xd3\x89<\x00\x00\x00>BQVc\x11\xd1\x8c\x88\
\xa3i\x97@\xff\x11y@\x12'\xa2\x13{,\xa4\x1e\
\x02\x00\x00\xc0\xc7\x13y\x00\x00\x00\xfc\x96\xa2\xacf\xa3\
\x13x\xd4\xd2.\x81\xfe$\xf2\x80d\xda\xd1\xb9^5\
\xdfj\xd4\x97\xd2N\x01\x00\x00\xe0\xa3\x88<\x00\x00\x00\
>P\x94\xd5\xfe\x888\x1e\x11;\xd3.\x81\xfe&\xf2\
\x80\xe4\xceG\xc4l\xabQ?\x99z\x08\x00\x00\x00\xbf\
I\xe4\x01\x00\x00\xf4\xbd\xa2\xac\xa6\xa2\x13wL\xa7]\
\x02D\x88<\xa0\x8b\x9c\x8eN\xecq&\xf5\x10\x00\x00\
\x00:D\x1e\x00\x00@\xdf*\xcaj,\x22f#\xe2\
X\xda%\xc0\x87\x89<\xa0\xeb\x9c\x88N\xec\xb1\x94z\
\x08\x00\x00@\xbf\x1bH=\x00\x00\x00 \x85\xa2\xacf\
\x22b!\x04\x1e\x00\xf0i\x0eG\xc4\xc2\xc4\xdc\xb9\xd9\
\xd4C\x00\x00\x00\xfa\x9dK\x1e\x00\x00@_)\xcaj\
\x7fD\xccG\xc4\x9e\xb4K\x80\x8f\xe3\x92\x07t\xb5\xf3\
\x111\xd3j\xd4O\xa5\x1e\x02\x00\x00\xd0\x8fD\x1e\x00\
\x00@_(\xcaj*\x22\x9a\xd1\xf9\xdb\xc8@\x17\x13\
y@\x16NG'\xf6XH=\x04\x00\x00\xa0\x9f\x88\
<\x00\x00\x80\x9eV\x94\xd5XD\xcc~\xf0UK\xb9\
\x05\xb8:\x22\x0f\xc8\xca\xf3\x11\xd1l5\xeaK\xa9\x87\
\x00\x00\x00\xf4\x83\x81\xd4\x03\x00\x00\x00VKQV3\
\x11q&\x22\x8e\x85\xc0\x03\x00V\xc3\xd1\x88X\x98\x98\
;7\x93z\x08\x00\x00@?p\xc9\x03\x00\x00\xe89\
EY\xdd\x11\x11\xf3\x111\x9dv\x09p=\x5c\xf2\x80\
l\xbd\x19\x11\xb3\xadF\xfdT\xea!\x00\x00\x00\xbdJ\
\xe4\x01\x00\x00\xf4\x8c\x0f\x9ef\x99\x8f\x88\xc3i\x97\x00\
7B\xe4\x01\xd9{9:\xb1\xc7B\xea!\x00\x00\x00\
\xbd\xc6s-\x00\x00@O(\xca\xaa\x19\x11\x0b!\xf0\
\x00\x80\xd4\x1e\x88\x88w&\xe6\xce5'\xe6\xce\x8d\xa5\
\x1e\x03\x00\x00\xd0K\x5c\xf2\x00\x00\x00\xb2V\x94\xd5\x83\
\xd1\xb9\xde\xb13\xed\x12`\xa5\xb8\xe4\x01=\xe5|D\
4[\x8d\xfa\xf1\xd4C\x00\x00\x00z\x81\xc8\x03\x00\x00\
\xc8RQVS\x11q<\x22\xa6\xd3.\x01V\x9a\xc8\
\x03z\xd2\xe9\xe8\xc4\x1e\xa7R\x0f\x01\x00\x00\xc8\x99\xc8\
\x03\x00\x00\xc8JQVc\x11\xd1\x8c\x88\xa3i\x97\x00\
\xabE\xe4\x01=\xedDtb\x8f\x85\xd4C\x00\x00\x00\
r4\x90z\x00\x00\x00\xc0\xd5*\xcaj6\x22\x16B\
\xe0\x01\x00\xb9:\x1c\x11g&\xe6\xce5S\x0f\x01\x00\
\x00\xc8\x91K\x1e\x00\x00@\xd7+\xcaj\x7ft\x9ef\
\xd9\x99v\x09\xb0\x16\x5c\xf2\x80\xbeq>\x22f[\x8d\
\xfa\xc9\xd4C\x00\x00\x00r!\xf2\x00\x00\x00\xbaVQ\
VS\x111\x1f\x11\x0f\xa4]\x02\xac%\x91\x07\xf4\x9d\
\xd3\xd1\x89=\xce\xa4\x1e\x02\x00\x00\xd0\xedD\x1e\x00\x00\
@\xd7)\xcaj,\x22f#\xe2X\xda%@\x0a\x22\
\x0f\xe8[\xcfGD\xb3\xd5\xa8/\xa5\x1e\x02\x00\x00\xd0\
\xad\x06R\x0f\x00\x00\x00\xf8\xb0\xa2\xacf\x22b!\x04\
\x1e\x00\xd0o\x8eF\xc4\xc2\xc4\xdc\xb9\xd9\xd4C\x00\x00\
\x00\xba\x95K\x1e\x00\x00@W(\xcaj\x7fD4#\
b:\xed\x12 5\x97<\x80\x888\x1f\x113\xadF\
\xfdT\xea!\x00\x00\x00\xddD\xe4\x01\x00\x00$U\x94\
\xd5Tt\xe2\x8e\xc3i\x97\x00\xddB\xe4\x01|\xc8\xe9\
\xe8\xc4\x1e\x0b\xa9\x87\x00\x00\x00t\x03\x91\x07\x00\x00\x90\
DQVc\x111\xfb\xc1W-\xe5\x16\xa0\xbb\x88<\
\x80\x8f\xf0LD\xcc\xb7\x1a\xf5\xa5\xd4C\x00\x00\x00R\
\x1aH=\x00\x00\x00\xe8?EY=\x18\x11g\x22\xe2\
X\x08<\x00\x80Ow,\x22\x16&\xe6\xce\xcd\xa4\x1e\
\x02\x00\x00\x90\x92K\x1e\x00\x00\xc0\x9a)\xca\xea\x8e\x88\
\x98\x8f\x88\xe9\xb4K\x80n\xe6\x92\x07\xf0)\xde\x8c\x88\
\xd9V\xa3~*\xf5\x10\x00\x00\x80\xb5&\xf2\x00\x00\x00\
V\xdd\x07O\xb3\xccG\xc4\xe1\xb4K\x80\x1c\x88<\x80\
\xab\xf4rtb\x8f\x85\xd4C\x00\x00\x00\xd6\x8a\xc8\x03\
\x00\x00XUEY5#b6<\xcb\x02\x5c%\x91\
\x07p\x0d\xda\xd1\x09I\xe7[\x8d\xfaR\xda)\x00\x00\
\x00\xabO\xe4\x01\x00\x00\xac\x8a\xa2\xac\xf6G\xc4\xf1\x88\
\xd8\x99v\x09\x90\x1b\x91\x07p\x1d\xceGD\xb3\xd5\xa8\
\x1fO=\x04\x00\x00`5\x89<\x00\x00\x80\x15U\x94\
\xd5Tt\xe2\x8e\xe9\xb4K\x80\x5c\x89<\x80\x1bp:\
:O\xb8\x9cI=\x04\x00\x00`5\x88<\x00\x00\x80\
\x15Q\x94\xd5XD4#\xe2h\xda%@\xeeD\x1e\
\xc0\x0a8\x11\x9d\xd8c)\xf5\x10\x00\x00\x80\x954\x90\
z\x00\x00\x00\x90\xbf\xa2\xacf#b!\x04\x1e\x00@\
w8\x1c\x11\x0b\x13s\xe7\x9a\xa9\x87\x00\x00\x00\xac$\
\x97<\x00\x00\x80\xebV\x94\xd5\xfe\x88\x98\x8f\x88=i\
\x97\x00\xbd\xc4%\x0f`\x85\x9d\x8f\xceU\x8f\x93\xa9\x87\
\x00\x00\x00\xdc(\x91\x07\x00\x00p\xcd\x8a\xb2\x9a\x8aN\
\xdc\xf1@\xda%@/\x12y\x00\xab\xe4tD\xcc\xb4\
\x1a\xf5\x85\xd4C\x00\x00\x00\xae\x97\xc8\x03\x00\x00\xb8j\
EY\x8dE\xc4lD\x1cK\xbb\x04\xe8e\x22\x0f`\
\x95=\x1f\x11\xcdV\xa3\xbe\x94z\x08\x00\x00\xc0\xb5\x1a\
H=\x00\x00\x00\xc8CQV3\x11q&\x04\x1e\x00\
@\xde\x8eF\xc4\xc2\xc4\xdc\xb9\xd9\xd4C\x00\x00\x00\xae\
\x95K\x1e\x00\x00\xc0'*\xcaj\x7fD4#b:\
\xed\x12\xa0_\xb8\xe4\x01\xac\xa1\xf3\xd1y\xc2\xe5T\xea\
!\x00\x00\x00WC\xe4\x01\x00\x00|\xa4\xa2\xac\xa6\xa2\
\x13w\x1cN\xbb\x04\xe87\x22\x0f \x81\x97#b\xb6\
\xd5\xa8/\xa4\x1e\x02\x00\x00\xf0ID\x1e\x00\x00\xc0\xef\
(\xca\xaa\x19\x11\xb3\x11QK:\x04\xe8K\x22\x0f \
\xa1g\x22b\xbe\xd5\xa8/\xa5\x1e\x02\x00\x00\xf0QD\
\x1e\x00\x00\xc0\xbf(\xca\xea\xc1\x88\x98\x8f\x88\x9di\x97\
\x00\xfdL\xe4\x01$\xd6\x8e\xceU\x8f\xe3\xa9\x87\x00\x00\
\x00\xfc6\x91\x07\x00\x00\x10EY\xdd\x11\x9d\xb8c:\
\xed\x12\x00\x91\x07\xd05\xde\x8cN\xecq*\xf5\x10\x00\
\x00\x80+D\x1e\x00\x00\xd0\xc7\x8a\xb2\x1a\x8bN\xdcq\
8\xed\x12\x80\x7f%\xf2\x00\xba\xcc\x89\x88h\xb6\x1a\xf5\
\x85\xd4C\x00\x00\x00D\x1e\x00\x00\xd0\xa7\x8a\xb2\x9a\x8d\
\x88fD\xd4\xd2.\x01\xf8M\x22\x0f\xa0\x0b\xb5\xa3\x13\
\xc6\xce\xb7\x1a\xf5\xa5\xb4S\x00\x00\x80~&\xf2\x00\x00\
\x80>S\x94\xd5\xfe\x888\x1e\x11;\xd3.\x01\xf8h\
\x22\x0f\xa0\x8b\x9d\x8f\xce\x13.'S\x0f\x01\x00\x00\xfa\
\x93\xc8\x03\x00\x00\xfaDQVS\xd1\x89;\xa6\xd3.\
\x01\xf8d\x22\x0f \x03\xa7\xa3\x13{\x9cI=\x04\x00\
\x00\xe8/\x22\x0f\x00\x00\xe8qEY\x8dE\xc4lD\
\x1cK\xbb\x04\xe0\xea\x88<\x80\x8c\x9c\x88N\xec\xb1\x94\
z\x08\x00\x00\xd0\x1f\x06R\x0f\x00\x00\x00VOQV\
3\x11\xb1\x10\x02\x0f\x00\x80\xd5p8\x22\x16&\xe6\xce\
5S\x0f\x01\x00\x00\xfa\x83K\x1e\x00\x00\xd0\x83\x8a\xb2\
\xda\x1f\x11\xf3\x11\xb1'\xed\x12\x80k\xe7\x92\x07\x90\xa9\
\xf3\x111\xd3j\xd4O\xa5\x1e\x02\x00\x00\xf4.\x91\x07\
\x00\x00\xf4\x90\xa2\xac\xa6\xa2\x13w<\x90v\x09\xc0\xf5\
\x13y\x00\x99;\x1d\x9d\xd8c!\xf5\x10\x00\x00\xa0\xf7\
\x88<\x00\x00\xa0\x07\x14e5\x16\x11\xb3\x1f|\xd5R\
n\x01\xb8Q\x22\x0f\xa0G<\x1f\x11\xcdV\xa3\xbe\x94\
z\x08\x00\x00\xd0;\x06R\x0f\x00\x00\x00nLQV\
3\x11q&\x22\x8e\x85\xc0\x03\x00\xa0[\x1c\x8d\x88\x85\
\x89\xb9s\xb3\xa9\x87\x00\x00\x00\xbd\xc3%\x0f\x00\x00\xc8\
TQV\xfb#\xa2\x19\x11\xd3i\x97\x00\xac,\x97<\
\x80\x1e\xf4fD\xcc\xb6\x1a\xf5S\xa9\x87\x00\x00\x00y\
\x13y\x00\x00@f>x\x9ae>\x22\x0e\xa7]\x02\
\xb0:D\x1e@\x0f{9:\xb1\xc7B\xea!\x00\x00\
@\x9e<\xd7\x02\x00\x00\x19)\xca\xaa\x19\x11\x0b!\xf0\
\x00\x00\xc8\xd1\x03\x11\xf1\xce\xc4\xdc\xb9\xe6\xc4\xdc\xb9\xb1\
\xd4c\x00\x00\x80\xfc\xb8\xe4\x01\x00\x00\x19(\xca\xea\xc1\
\xe8\x5c\xef\xd8\x99v\x09\xc0\xeas\xc9\x03\xe8\x13\xed\xe8\
\x5c\xf58\x9ez\x08\x00\x00\x90\x0f\x91\x07\x00\x00t\xb1\
\xa2\xac\xee\x88N\xdc1\x9dv\x09\xc0\xda\x11y\x00}\
\xe6tD4[\x8d\xfa\xa9\xd4C\x00\x00\x80\xee'\xf2\
\x00\x00\x80.T\x94\xd5XD4#\xe2h\xda%\x00\
kO\xe4\x01\xf4\xa9\x13\xd1\x89=\x16R\x0f\x01\x00\x00\
\xba\xd7@\xea\x01\x00\x00\xc0o*\xcaj6\x22\x16B\
\xe0\x01\x00\xd0O\x0eG\xc4\x99\x89\xb9s\xcd\xd4C\x00\
\x00\x80\xee\xe5\x92\x07\x00\x00t\x89\xa2\xac\xf6G\xc4\xf1\
\x88\xd8\x99v\x09@Z.y\x00\xc4\xf9\x88\x98m5\
\xea'S\x0f\x01\x00\x00\xba\x8b\xc8\x03\x00\x00\x12+\xca\
j*\x22\xe6#\xe2\x81\xb4K\x00\xba\x83\xc8\x03\xe0_\
\x9c\x8eN\xecq&\xf5\x10\x00\x00\xa0;\x88<\x00\x00\
 \x91\xa2\xac\xc6\x22b6\x22\x8e\xa5]\x02\xd0]D\
\x1e\x00\xbf\xe3Dtb\x8f\xa5\xd4C\x00\x00\x80\xb4\x06\
R\x0f\x00\x00\x80~T\x94\xd5LD,\x84\xc0\x03\x00\
\x80Ow8\x22\x16&\xe6\xce\xcd\xa6\x1e\x02\x00\x00\xa4\
\xe5\x92\x07\x00\x00\xac\xa1\xa2\xac\xf6G\xe7i\x96=i\
\x97\x00t/\x97<\x00>\xd1\xf9\x88\x98i5\xea\xa7\
R\x0f\x01\x00\x00\xd6\x9e\xc8\x03\x00\x00\xd6@QVS\
\x11\xd1\x8c\xce\xdf\xc2\x04\xe0\x13\x88<\x00\xae\xca\xe9\xe8\
\xc4\x1e\x0b\xa9\x87\x00\x00\x00kG\xe4\x01\x00\x00\xab\xa8\
(\xab\xb1\x88\x98\xfd\xe0\xab\x96r\x0b@.D\x1e\x00\
\xd7\xe4\xf9\x88h\xb6\x1a\xf5\xa5\xd4C\x00\x00\x80\xd57\
\x90z\x00\x00\x00\xf4\xaa\xa2\xacf\x22\xe2LD\x1c\x0b\
\x81\x07\x00\x00\xab\xe3hD,L\xcc\x9d\x9bI=\x04\
\x00\x00X}.y\x00\x00\xc0\x0a+\xca\xea\x8e\x88\x98\
\x8f\x88\xe9\xb4K\x00\xf2\xe4\x92\x07\xc0u{3\x22f\
[\x8d\xfa\xa9\xd4C\x00\x00\x80\xd5!\xf2\x00\x00\x80\x15\
\xf2\xc1\xd3,\xf3\x11q8\xed\x12\x80\xbc\x89<\x00n\
\xd8\xcb\xd1\x89=\x16R\x0f\x01\x00\x00V\x96\xc8\x03\x00\
\x00V@QV\xcd\x88\x98\x0d\xcf\xb2\x00\xdc0\x91\x07\
\xc0\x8ahG'@\x9eo5\xeaKi\xa7\x00\x00\x00\
+E\xe4\x01\x00\x007\xa0(\xab\x07\xa3\xf3?\xcfw\
\xa6]\x02\xd0;D\x1e\x00+\xea|D4[\x8d\xfa\
\xf1\xd4C\x00\x00\x80\x1b'\xf2\x00\x00\x80\xebP\x94\xd5\
TD\x1c\x8f\x88\xe9\xb4K\x00z\x8f\xc8\x03`U\x9c\
\x8eN\xecq*\xf5\x10\x00\x00\xe0\xfa\x89<\x00\x00\xe0\
\x1a\x14e5\x16\x11\xcd\x888\x9av\x09@\xef\x12y\
\x00\xac\xaa\x13\x111\xeb\x09\x17\x00\x00\xc8\xd3@\xea\x01\
\x00\x00\x90\x8b\xa2\xacf#b!\x04\x1e\x00\x00\xe4\xeb\
pD,L\xcc\x9dk\xa6\x1e\x02\x00\x00\x5c;\x97<\
\x00\x00\xe0S\x14e\xb5?\x22\xe6#bO\xda%\x00\
\xfd\xc1%\x0f\x805s>:W=N\xa6\x1e\x02\x00\
\x00\x5c\x1d\x91\x07\x00\x00|\x8c\xa2\xac\xa6\xa2\x13w<\
\x90v\x09@\x7f\x11y\x00\xac\xb9\xd3\xd1\x89=\xce\xa4\
\x1e\x02\x00\x00|2\x91\x07\x00\x00\xfc\x96\xa2\xac\xc6\x22\
b6\x22\x8e\xa5]\x02\xd0\x9fD\x1e\x00\xc9<\x1f\x11\
\xcdV\xa3\xbe\x94z\x08\x00\x00\xf0\xd1\x06R\x0f\x00\x00\
\x80nR\x94\xd5LD,\x84\xc0\x03\x00\x80\xfes4\
\x22\x16&\xe6\xce\xcd\xa6\x1e\x02\x00\x00|4\x97<\x00\
\x00 \x22\x8a\xb2\xda\x1f\x11\xcd\x88\x98N\xbb\x04\x00\x97\
<\x00\xba\xc2\xf9\x88\x98i5\xea\xa7R\x0f\x01\x00\x00\
\xfe\x95\xc8\x03\x00\x80\xbeV\x94\xd5Tt\xe2\x8e\xc3i\
\x97\x00p\x85\xc8\x03\xa0\xab\x9c\x8eN\xec\xb1\x90z\x08\
\x00\x00 \xf2\x00\x00\xa0O\x15e5\x16\x11\xb3\x1f|\
\xd5Rn\x01\xe07\x89<\x00\xba\xd23\x111\xdfj\
\xd4\x97R\x0f\x01\x00\x80~6\x90z\x00\x00\x00\xac\xb5\
\xa2\xac\x1e\x8c\x883\x11q,\x04\x1e\x00\x00p5\x8e\
E\xc4\xc2\xc4\xdc\xb9\x99\xd4C\x00\x00\xa0\x9f\xb9\xe4\x01\
\x00@\xdf(\xca\xea\x8e\x88\x98\x8f\x88\xe9\xb4K\x00\xf8\
$.y\x00t\xbd7#b\xb6\xd5\xa8\x9fJ=\x04\
\x00\x00\xfa\x8d\xc8\x03\x00\x80\x9e\xf7\xc1\xd3,\xf3\x11q\
8\xed\x12\x00\xae\x86\xc8\x03 \x1b'\x22\xa2\xd9j\xd4\
\x17R\x0f\x01\x00\x80~!\xf2\x00\x00\xa0\xa7\x15e5\
\x1b\x11\xcd\xf0,\x0b@6D\x1e\x00YiG'\xa8\
\x9eo5\xeaKi\xa7\x00\x00@\xef\x13y\x00\x00\xd0\
\x93\x8a\xb2\xda\x1f\x11\xc7#bg\xda%\x00\x5c+\x91\
\x07@\x96\xceG\xe7\xaa\xc7\xf1\xd4C\x00\x00\xa0\x97\x89\
<\x00\x00\xe8)EYME'\xee\x98N\xbb\x04\x80\
\xeb%\xf2\x00\xc8\xda\xe9\x88\x98m5\xeagR\x0f\x01\
\x00\x80^$\xf2\x00\x00\xa0'\x14e5\x16\x9dgY\
\x8e\xa6]\x02\xc0\x8d\x12y\x00\xf4\x84\x13\xd1\x89=\x96\
R\x0f\x01\x00\x80^2\x90z\x00\x00\x00\xdc\xa8\xa2\xac\
f\x22b!\x04\x1e\x00\x00\xd0-\x0eG\xc4\xc2\xc4\xdc\
\xb9f\xea!\x00\x00\xd0K\x5c\xf2\x00\x00 [EY\
\xed\x8f\x88\xf9\x88\xd8\x93v\x09\x00+\xc9%\x0f\x80\x9e\
s>:W=N\xa6\x1e\x02\x00\x00\xb9\x13y\x00\x00\
\x90\x9d\xa2\xac\xa6\xa2\x13w<\x90v\x09\x00\xabA\xe4\
\x01\xd0\xb3NG\xc4L\xabQ_H=\x04\x00\x00r\
%\xf2\x00\x00 \x1bEY\x8dE\xc4lD\x1cK\xbb\
\x04\x80\xd5$\xf2\x00\xe8y\xcfGD\xb3\xd5\xa8/\xa5\
\x1e\x02\x00\x00\xb9\x19H=\x00\x00\x00\xaeFQV3\
\x11q&\x04\x1e\x00\x00\x90\xbb\xa3\x11\xb101wn\
6\xf5\x10\x00\x00\xc8\x8dK\x1e\x00\x00t\xb5\xa2\xac\xf6\
GD3\x22\xa6\xd3.\x01`\xad\xb8\xe4\x01\xd0W\xce\
G\xe7\x09\x97S\xa9\x87\x00\x00@\x0eD\x1e\x00\x00t\
\xa5\xa2\xac\xa6\xa2\x13w\x1cN\xbb\x04\x80\xb5&\xf2\x00\
\xe8K/G\xc4l\xabQ_H=\x04\x00\x00\xba\x99\
\xc8\x03\x00\x80\xaeS\x94U3\x22f#\xa2\x96t\x08\
\x00I\x88<\x00\xfa\xda3\x111\xdfj\xd4\x97R\x0f\
\x01\x00\x80n$\xf2\x00\x00\xa0k\x14e\xf5`D\xcc\
G\xc4\xce\xb4K\x00HI\xe4\x01\xd0\xf7\xda\xd1\xb9\xea\
q<\xf5\x10\x00\x00\xe86\x22\x0f\x00\x00\x92+\xca\xea\
\x8e\xe8\xc4\x1d\xd3i\x97\x00\xd0\x0dD\x1e\x00|\xe0t\
D4[\x8d\xfa\xa9\xd4C\x00\x00\xa0[\x88<\x00\x00\
H\xa6(\xab\xb1\x88hF\xc4\xd1\xb4K\x00\xe8&\x22\
\x0f\x00~\xcb\x89\xe8\xc4\x1e\x0b\xa9\x87\x00\x00@j\x22\
\x0f\x00\x00\x92(\xcaj6:\x81G-\xed\x12\x00\xba\
\x8d\xc8\x03\x80\x8f\xd0\x8e\xce\xf5\xbf\xf9V\xa3\xbe\x94v\
\x0a\x00\x00\xa4#\xf2\x00\x00`M\x15e\xb5?\x22\x8e\
G\xc4\xce\xb4K\x00\xe8V\x22\x0f\x00>\xc1\xf9\x88\x98\
m5\xea'S\x0f\x01\x00\x80\x14D\x1e\x00\x00\xac\x89\
\xa2\xac\xa6\xa2\x13wL\xa7]\x02@\xb7\x13y\x00p\
\x15NG'\xf68\x93z\x08\x00\x00\xac\xa5\x22\xf5\x00\
\x00\x00\xfa\xc6;\xa9\x07\x00\x00\x00=c:\x22\xfe\xaf\
\x88X\x97z\x08\x00\x00\xac\xa5\x81\xd4\x03\x00\x00\x00\x00\
\x00\x00\x00\x00\xf8t\x22\x0f\x00\x00\x00\x00\x00\x00\x00\x80\
\x0c\x88<\x00\x00\x00\x00\x00\x00\x00\x002 \xf2\x00\x00\
\x00\x00\x00\x00\x00\x00\xc8\x80\xc8\x03\x00\x00\x00\x00\x00\x00\
\x00 \x03\x22\x0f\x00\x00\x00\x00\x00\x00\x00\x80\x0c\x88<\
\x00\x00\x00\x00\x00\x00\x00\x002 \xf2\x00\x00\x00\x00\x00\
\x00\x00\x00\xc8\x80\xc8\x03\x00\x00\x00\x00\x00\x00\x00 \x03\
\x22\x0f\x00\x00\x00\x00\x00\x00\x00\x80\x0c\x88<\x00\x00\x00\
\x00\x00\x00\x00\x002 \xf2\x00\x00\x00\x00\x00\x00\x00\x00\
\xc8\x80\xc8\x03\x00\x00\x00\x00\x00\x00\x00 \x03\x22\x0f\x00\
\x00\x00\x00\x00\x00\x00\x80\x0c\x88<\x00\x00\x00\x00\x00\x00\
\x00\x002 \xf2\x00\x00\x00\x00\x00\x00\x00\x00\xc8\x80\xc8\
\x03\x00\x00\x00\x00\x00\x00\x00 \x03\x22\x0f\x00\x00\x00\x00\
\x00\x00\x00\x80\x0c\x88<\x00\x00\x00\x00\x00\x00\x00\x002\
 \xf2\x00\x00\x00\x00\x00\x00\x00\x00\xc8\x80\xc8\x03\x00\x00\
\x00\x00\x00\x00\x00 \x03\x22\x0f\x00\x00\x00\x00\x00\x00\x00\
\x80\x0c\x88<\x00\x00\x00\x00\x00\x00\x00\x002 \xf2\x00\
\x00\x00\x00\x00\x00\x00\x00\xc8\x80\xc8\x03\x00\x00\x00\x00\x00\
\x00\x00 \x03\x22\x0f\x00\x00\x00\x00\x00\x00\x00\x80\x0c\x88\
<\x00\x00\x00\x00\x00\x00\x00\x002 \xf2\x00\x00\x00\x00\
\x00\x00\x00\x00\xc8\x80\xc8\x03\x00\x00\x00\x00\x00\x00\x00 \
\x03\x22\x0f\x00\x00\x00\x00\x00\x00\x00\x80\x0c\x88<\x00\x00\
\x00\x00\x00\x00\x00\x002 \xf2\x00\x00\x00\x00\x00\x00\x00\
\x00\xc8\x80\xc8\x03\x00\x00\x00\x00\x00\x00\x00 \x03\x22\x0f\
\x00\x00\x00\x00\x00\x00\x00\x80\x0c\x88<\x00\x00\x00\x00\x00\
\x00\x00\x002 \xf2\x00\x00\x00\x00\x00\x00\x00\x00\xc8\x80\
\xc8\x03\x00\x00\x00\x00\x00\x00\x00 \x03\x22\x0f\x00\x00\x00\
\x00\x00\x00\x00\x80\x0c\x88<\x00\x00\x00\x00\x00\x00\x00\x00\
2 \xf2\x00\x00\x00\x00\x00\x00\x00\x00\xc8\x80\xc8\x03\x00\
\x00\x00\x00\x00\x00\x00 \x03\x22\x0f\x00\x00\x00\x00\x00\x00\
\x00\x80\x0c\x88<\x00\x00\x00\x00\x00\x00\x00\x002 \xf2\
\x00\x00\x00\x00\x00\x00\x00\x00\xc8\x80\xc8\x03\x00\x00\x00\x00\
\x00\x00\x00 \x03\x22\x0f\x00\x00\x00\x00\x00\x00\x00\x80\x0c\
\x88<\x00\x00\x00\x00\x00\x00\x00\x002 \xf2\x00\x00\x00\
\x00\x00\x00\x00\x00\xc8\x80\xc8\x03\x00\x00\x00\x00\x00\x00\x00\
 \x03\x22\x0f\x00\x00\x00\x00\x00\x00\x00\x80\x0c\x88<\x00\
\x00\x00\x00\x00\x00\x00\x002 \xf2\x00\x00\x00\x00\x00\x00\
\x00\x00\xc8\x80\xc8\x03\x00\x00\x00\x00\x00\x00\x00 \x03\x22\
\x0f\x00\x00\x00\x00\x00\x00\x00\x80\x0c\x88<\x00\x00\x00\x00\
\x00\x00\x00\x002 \xf2\x00\x00\x00\x00\x00\x00\x00\x00\xc8\
\x80\xc8\x03\x00\x00\x00\x00\x00\x00\x00 \x03\x22\x0f\x00\x00\
\x00\x00\x00\x00\x00\x80\x0c\x88<\x00\x00\x00\x00\x00\x00\x00\
\x002 \xf2\x00\x00\x00\x00\x00\x00\x00\x00\xc8\x80\xc8\x03\
\x00\x00\x00\x00\x00\x00\x00 \x03\x22\x0f\x00\x00\x00\x00\x00\
\x00\x00\x80\x0c\x88<\x00\x00\x00\x00\x00\x00\x00\x002 \
\xf2\x00\x00\x00\x00\x00\x00\x00\x00\xc8\x80\xc8\x03\x00\x00\x00\
\x00\x00\x00\x00 \x03\x22\x0f\x00\x00\x00\x00\x00\x00\x00\x80\
\x0c\x88<\x00\x00\x00\x00\x00\x00\x00\x002 \xf2\x00\x00\
\x00\x00\x00\x00\x00\x00\xc8\x80\xc8\x03\x00\x00\x00\x00\x00\x00\
\x00 \x03\x22\x0f\x00\x00\x00\x00\x00\x00\x00\x80\x0c\x88<\
\x00\x00\x00\x00\x00\x00\x00\x002 \xf2\x00\x00\x00\x00\x00\
\x00\x00\x00\xc8\x80\xc8\x03\x00\x00\x00\x00\x00\x00\x00 \x03\
\x22\x0f\x00\x00\x00\x00\x00\x00\x00\x80\x0c\x88<\x00\x00\x00\
\x00\x00\x00\x00\x002 \xf2\x00\x00\x00\x00\x00\x00\x00\x00\
\xc8\x80\xc8\x03\x00\x00\x00\x00\x00\x00\x00 \x03\x22\x0f\x00\
\x00\x00\x00\x00\x00\x00\x80\x0c\x88<\x00\x00\x00\x00\x00\x00\
\x00\x002 \xf2\x00\x00\x00\x00\x00\x00\x00\x00\xc8\x80\xc8\
\x03\x00\x00\x00\x00\x00\x00\x00 \x03\x22\x0f\x00\x00\x00\x00\
\x00\x00\x00\x80\x0c\x88<\x00\x00\x00\x00\x00\x00\x00\x002\
 \xf2\x00\x00\x00\x00\x00\x00\x00\x00\xc8\x80\xc8\x03\x00\x00\
\x00\x00\x00\x00\x00 \x03\x22\x0f\x00\x00\x00\x00\x00\x00\x00\
\x80\x0c\x88<\x00\x00\x00\x00\x00\x00\x00\x002 \xf2\x00\
\x00\x00\x00\x00\x00\x00\x00\xc8\x80\xc8\x03\x00\x00\x00\x00\x00\
\x00\x00 \x03\x22\x0f\x00\x00\x00\x00\x00\x00\x00\x80\x0c\x88\
<\x00\x00\x00\x00\x00\x00\x00\x002 \xf2\x00\x00\x00\x00\
\x00\x00\x00\x00\xc8\x80\xc8\x03\x00\x00\x00\x00\x00\x00\x00 \
\x03\x22\x0f\x00\x00\x00\x00\x00\x00\x00\x80\x0c\x88<\x00\x00\
\x00\x00\x00\x00\x00\x002 \xf2\x00\x00\x00\x00\x00\x00\x00\
\x00\xc8\x80\xc8\x03\x00\x00\x00\x00\x00\x00\x00 \x03\x22\x0f\
\x00\x00\x00\x00\x00\x00\x00\x80\x0c\x88<\x00\x00\x00\x00\x00\
\x00\x00\x002 \xf2\x00\x00\x00\x00\x00\x00\x00\x00\xc8\x80\
\xc8\x03\x00\x00\x00\x00\x00\x00\x00 \x03\x22\x0f\x00\x00\x00\
\x00\x00\x00\x00\x80\x0c\x88<\x00\x00\x00\x00\x00\x00\x00\x00\
2 \xf2\x00\x00\x00\x00\x00\x00\x00\x00\xc8\x80\xc8\x03\x00\
\x00\x00\x00\x00\x00\x00 \x03\x22\x0f\x00\x00\x00\x00\x00\x00\
\x00\x80\x0c\x88<\x00\x00\x00\x00\x00\x00\x00\x002 \xf2\
\x00\x00\x00\x00\x00\x00\x00\x00\xc8\x80\xc8\x03\x00\x00\x00\x00\
\x00\x00\x00 \x03\x22\x0f\x00\x00\x00\x00\x00\x00\x00\x80\x0c\
\x88<\x00\x00\x00\x00\x00\x00\x00\x002 \xf2\x00\x00\x00\
\x00\x00\x00\x00\x00\xc8\x80\xc8\x03\x00\x00\x00\x00\x00\x00\x00\
 \x03\x22\x0f\x00\x00\x00\x00\x00\x00\x00\x80\x0c\x88<\x00\
\x00\x00\x00\x00\x00\x00\x002 \xf2\x00\x00\x00\x00\x00\x00\
\x00\x00\xc8\x80\xc8\x03\x00\x00\x00\x00\x00\x00\x00 \x03\x22\
\x0f\x00\x00\x00\x00\x00\x00\x00\x80\x0c\x88<\x00\x00\x00\x00\
\x00\x00\x00\x002 \xf2\x00\x00\x00\x00\x00\x00\x00\x00\xc8\
\x80\xc8\x03\x00\x00\x00\x00\x00\x00\x00 \x03\x22\x0f\x00\x00\
\x00\x00\x00\x00\x00\x80\x0c\x88<\x00\x00\x00\x00\x00\x00\x00\
\x002 \xf2\x00\x00\x00\x00\x00\x00\x00\x00\xc8\x80\xc8\x03\
\x00\x00\x00\x00\x00\x00\x00 \x03\x22\x0f\x00\x00\x00\x00\x00\
\x00\x00\x80\x0c\x88<\x00\x00\x00\x00\x00\x00\x00\x002 \
\xf2\x00\x00\x00\x00\x00\x00\x00\x00\xc8\x80\xc8\x03\x00\x00\x00\
\x00\x00\x00\x00 \x03\x22\x0f\x00\x00\x00\x00\x00\x00\x00\x80\
\x0c\x88<\x00\x00\x00\x00\x00\x00\x00\x002 \xf2\x00\x00\
\x00\x00\x00\x00\x00\x00\xc8\x80\xc8\x03\x00\x00\x00\x00\x00\x00\
\x00 \x03\x22\x0f\x00\x00\x00\x00\x00\x00\x00\x80\x0c\x88<\
\x00\x00\x00\x00\x00\x00\x00\x002 \xf2\x00\x00\x00\x00\x00\
\x00\x00\x00\xc8\x80\xc8\x03\x00\x00\x00\x00\x00\x00\x00 \x03\
\x22\x0f\x00\x00\x00\x00\x00\x00\x00\x80\x0c\x88<\x00\x00\x00\
\x00\x00\x00\x00\x002 \xf2\x00\x00\x00\x00\x00\x00\x00\x00\
\xc8\x80\xc8\x03\x00\x00\x00\x00\x00\x00\x00 \x03\x22\x0f\x00\
\x00\x00\x00\x00\x00\x00\x80\x0c\x88<\x00\x00\x00\x00\x00\x00\
\x00\x002 \xf2\x00\x00\x00\x00\x00\x00\x00\x00\xc8\x80\xc8\
\x03\x00\x00\x00\x00\x00\x00\x00 \x03\x22\x0f\x00\x00\x00\x00\
\x00\x00\x00\x80\x0c\x88<\x00\x00\x00\x00\x00\x00\x00\x002\
 \xf2\x00\x00\x00\x00\x00\x00\x00\x00\xc8\x80\xc8\x03\x00\x00\
\x00\x00\x00\x00\x00 \x03\x22\x0f\x00\x00\x00\x00\x00\x00\x00\
\x80\x0c\x88<\x00\x00\x00\x00\x00\x00\x00\x002 \xf2\x00\
\x00\x00\x00\x00\x00\x00\x00\xc8\x80\xc8\x03\x00\x00\x00\x00\x00\
\x00\x00 \x03\x22\x0f\x00\x00\x00\x00\x00\x00\x00\x80\x0c\x88\
<\x00\x00\x00\x00\x00\x00\x00\x002 \xf2\x00\x00\x00\x00\
\x00\x00\x00\x00\xc8\x80\xc8\x03\x00\x00\x00\x00\x00\x00\x00 \
\x03\x22\x0f\x00\x00\x00\x00\x00\x00\x00\x80\x0c\x88<\x00\x00\
\x00\x00\x00\x00\x00\x002 \xf2\x00\x00\x00\x00\x00\x00\x00\
\x00\xc8\x80\xc8\x03\x00\x00\x00\x00\x00\x00\x00 \x03\x22\x0f\
\x00\x00\x00\x00\x00\x00\x00\x80\x0c\x88<\x00\x00\x00\x00\x00\
\x00\x00\x002 \xf2\x00\x00\x00\x00\x00\x00\x00\x00\xc8\x80\
\xc8\x03\x00\x00\x00\x00\x00\x00\x00 \x03\x22\x0f\x00\x00\x00\
\x00\x00\x00\x00\x80\x0c\x88<\x00\x00\x00\x00\x00\x00\x00\x00\
2 \xf2\x00\x00\x00\x00\x00\x00\x00\x00\xc8\x80\xc8\x03\x00\
\x00\x00\x00\x00\x00\x00 \x03\x22\x0f\x00\x00\x00\x00\x00\x00\
\x00\x80\x0c\x88<\x00\x00\x00\x00\x00\x00\x00\x002 \xf2\
\x00\x00\x00\x00\x00\x00\x00\x00\xc8\x80\xc8\x03\x00\x00\x00\x00\
\x00\x00\x00 \x03\x22\x0f\x00\x00\x00\x00\x00\x00\x00\x80\x0c\
\x88<\x00\x00\x00\x00\x00\x00\x00\x002 \xf2\x00\x00\x00\
\x00\x00\x00\x00\x00\xc8\x80\xc8\x03\x00\x00\x00\x00\x00\x00\x00\
 \x03\x22\x0f\x00\x00\x00\x00\x00\x00\x00\x80\x0c\x88<\x00\
\x00\x00\x00\x00\x00\x00\x002 \xf2\x00\x00\x00\x00\x00\x00\
\x00\x00\xc8\x80\xc8\x03\x00\x00\x00\x00\x00\x00\x00 \x03\x22\
\x0f\x00\x00\x00\x00\x00\x00\x00\x80\x0c\x88<\x00\x00\x00\x00\
\x00\x00\x00\x002 \xf2\x00\x00\x00\x00\x00\x00\x00\x00\xc8\
\x80\xc8\x03\x00\x00\x00\x00\x00\x00\x00 \x03\x22\x0f\x00\x00\
\x00\x00\x00\x00\x00\x80\x0c\x88<\x00\x00\x00\x00\x00\x00\x00\
\x002 \xf2\x00\x00\x00\x00\x00\x00\x00\x00\xc8\x80\xc8\x03\
\x00\x00\x00\x00\x00\x00\x00 \x03\x22\x0f\x00\x00\x00\x00\x00\
\x00\x00\x80\x0c\x88<\x00\x00\x00\x00\x00\x00\x00\x002 \
\xf2\x00\x00\x00\x00\x00\x00\x00\x00\xc8\x80\xc8\x03\x00\x00\x00\
\x00\x00\x00\x00 \x03\x22\x0f\x00\x00\x00\x00\x00\x00\x00\x80\
\x0c\x88<\x00\x00\x00\x00\x00\x00\x00\x002 \xf2\x00\x00\
\x00\x00\x00\x00\x00\x00\xc8\x80\xc8\x03\x00\x00\x00\x00\x00\x00\
\x00 \x03\x22\x0f\x00\x00\x00\x00\x00\x00\x00\x80\x0c\x88<\
\x00\x00\x00\x00\x00\x00\x00\x002 \xf2\x00\x00\x00\x00\x00\
\x00\x00\x00\xc8\x80\xc8\x03\x00\x00\x00\x00\x00\x00\x00 \x03\
\x22\x0f\x00\x00\x00\x00\x00\x00\x00\x80\x0c\x88<\x00\x00\x00\
\x00\x00\x00\x00\x002 \xf2\x00\x00\x00\x00\x00\x00\x00\x00\
\xc8\x80\xc8\x03\x00\x00\x00\x00\x00\x00\x00 \x03\x22\x0f\x00\
\x00\x00\x00\x00\x00\x00\x80\x0c\x88<\x00\x00\x00\x00\x00\x00\
\x00\x002 \xf2\x00\x00\x00\x00\x00\x00\x00\x00\xc8\x80\xc8\
\x03\x00\x00\x00\x00\x00\x00\x00 \x03\x22\x0f\x00\x00\x00\x00\
\x00\x00\x00\x80\x0c\x88<\x00\x00\x00\x00\x00\x00\x00\x002\
 \xf2\x00\x00\x00\x00\x00\x00\x00\x00\xc8\x80\xc8\x03\x00\x00\
\x00\x00\x00\x00\x00 \x03\x22\x0f\x00\x00\x00\x00\x00\x00\x00\
\x80\x0c\x88<\x00\x00\x00\x00\x00\x00\x00\x002 \xf2\x00\
\x00\x00\x00\x00\x00\x00\x00\xc8\x80\xc8\x03\x00\x00\x00\x00\x00\
\x00\x00 \x03\x22\x0f\x00\x00\x00\x00\x00\x00\x00\x80\x0c\x88\
<\x00\x00\x00\x00\x00\x00\x00\x002 \xf2\x00\x00\x00\x00\
\x00\x00\x00\x00\xc8\x80\xc8\x03\x00\x00\x00\x00\x00\x00\x00 \
\x03\x22\x0f\x00\x00\x00\x00\x00\x00\x00\x80\x0c\x88<\x00\x00\
\x00\x00\x00\x00\x00\x002 \xf2\x00\x00\x00\x00\x00\x00\x00\
\x00\xc8\x80\xc8\x03\x00\x00\x00\x00\x00\x00\x00 \x03\x22\x0f\
\x00\x00\x00\x00\x00\x00\x00\x80\x0c\x88<\x00\x00\x00\x00\x00\
\x00\x00\x002 \xf2\x00\x00\x00\x00\x00\x00\x00\x00\xc8\x80\
\xc8\x03\x00\x00\x00\xe8\x1a\x9bG\x87\xdb[F\x06\xfe\xdf\
\xd4;\x00\x00\x00\x00\xba\x91\xc8\x03\x00\x00\x00Hnh\
p\xfd\xf2\xd3G\xeel\xb7^\x7f\xac\xf6\x7f?\xb9\xeb\
\x7fh~i\xfc\xd2\xd0\xfau\xcb\xa9w\x01\x00\x00\x00\
t\x13\x91\x07\x00\x00\x00\x90\xd4\xfdw\xefZ\xfc\xc5k\
\x8f\x8e<\xfb\xd4\xbe\xda\x95\x7f\xf6\x8d/\x8cmx\xeb\
\x89[F\xbez\xfb\xe8\x85\x94\xdb\x00\x00\x00\x00\xba\x89\
\xc8\x03\x00\x00\x00Hb\xf7\xad7-\xbe\xfa\xc2\xc1x\
\xa9:09\xb6i\xf8w~\xbd6<\x10\xf3\xf7m\
\x19\x7f\xe3\xf1\x9d\xb1{\xcb\xb0\xd8\x03\x00\x00\x00\xe8{\
E\xea\x01\x00\x00\x00@\x7f\xd9<:\xdc\xfe\xf3o~\
q\xe8\xc8C\xbb'\xaf\xe6\xf7o\xaf\x0d\xc6\xa9\x87\xb7\
\x8f\xff\xe4g\xcb1\xf3\xfd\x7fl/]z\xbf\xf6\xe9\
\x7f\x0a\x00\x00\x00\xa0\xf7\xb8\xe4\x01\x00\x00\x00\xac\x89\xc1\
b\xe0\xe2\xd3G\xeel\x9f}e\xa6v\xe4\xa1\xdd#\
\xd7\xfa\xe7\xf7\xed\x18\x89\xb3Gw\xd5\x9e\xbcks{\
h\xfd\xba\xe5\xd5\xd8\x08\x00\x00\x00\xd0\xcd\xd6]\xbe|\
9\xf5\x06\x00\x00\xfa@QV~\xf0\x04\xe8c\xd3{\
\xb7]\xf8\xaf\xff\xe9\xdf\x8eOm\x1d]\x91\xef\xd7\xfe\
\xd5\xfb\xf1\xc4\x0f\x17\x17\x7ft\xf6\x97Wu\x0d\x04\x80\
\xde\xd4j\xd4\xd7\xa5\xde\x00\x00\x00k\xc9s-\x00\x00\
\x00\xc0\xaa\xd9\xfe\xb9M\x17\x8e\xff\xd9\xbd\xe3\xd3{\xb7\
\x8d\xaf\xe4\xf7\xad\x0d\x0f\xc4\x8b\x07o\x9e\xfc\xbbw\x7f\
\x15\x7f\xfc\x83\xc5\xc5\xb7[\xbf\x16{\x00\x00\x00\x00=\
\xcfs-\x00\x00\x00\xc0\x8a\x1b\x1eZ\x7f\xe9;\xcf\xdc\
\xb3\xfc\xce\x8f\x1f\x1e\x9f\xde\xbbm\xd5>\xa7\xdc2\x1c\
\xaf=\xb2c\xf2\x85\x07?wql\xc3@{\xd5>\
\x08\x00\x00\x00\xa0\x0b\xb8\xe4\x01\x00\x00\x00\xac\xa8\xa7\x8f\
\xdc\xd9~\xfa\xd1?\xa8\x8dm\x1a^\xb3\xcf<p\xdb\
g7\xfe\x9b\xa9\x8dQ\xfd\xf5?\xb5\xff\xf3\xdf,\x0d\
\xbe\xf7\xfe\xe5\x8dk\xf6\xe1\x00\x00\x00\x00kd\xdd\xe5\
\xcb\x9eF\x07\x00`\xf5\x15e\xe5\x07O\x80\x1ew\xfb\
m\xe3\x17^\xaa\x0e\x8cOm\x1dM\xba\xe3\xe7\xed\xf7\
\xe2O^\xbd\xb0\xf8\xa3\xb3\xbf\xf4\x84\x0b@\x8fk5\
\xea\xebRo\x00\x00\x80\xb5\xe4\xb9\x16\x00\x00\x00\xe0\x86\
l\x1e\x1dn\xbf\xfa\xc2\xc1x\xe3{_I\x1exD\
Dl\xaf\x0d\xc6\x8b\x07o\x9e<yhk\xfc\xfe\xc4\
\xd0b\xea=\x00\x00\x00\x00+E\xe4\x01\x00\x00\x00\x5c\
\x97\xa1\xc1\xf5\xcbs\xdf\xfa\xe2\xa5\xd6\xeb\x8f\xd5\xa6\xf7\
nK=\xe7w\xec\xdb1\x12\xaf=\xb2c\xf2\xb9/\
oY\x1eZ\xbf\xeeR\xea=\x00\x00\x00\x007J\xe4\
\x01\x00\x00\x00\x5c\xb3G\x0e\xee\xbe\xf0\x8b\xd7\x1e\x1d\xf9\
\xe6\xcc\xe77\xa4\xde\xf2i\xbe\xb6gt\xe4\xad'n\
\xd9\xf0\xe4]\x9b\xdb\xa9\xb7\x00\x00\x00\x00\xdc\x08\x91\x07\
\x00\x00\x00p\xd5v\xdfz\xd3\xe2O\xbf{(\xfe\xcb\
\x9f\xde3>\xb6i8\xf5\x9c\xabV\x1b\x1e\x88oO\
\xdfT{\xe3\xf1\x9d\xb1o\xc7\xc8\x85\xd4{\x00\x00\x00\
\x00\xaeG\x91z\x00\x00\x00\x00\xd0\xfd6\x8f\x0e\xb7\xbf\
\xf3\xcc=\x83\x07\xef\xadO\xa6\xder#\xb6\xd7\x06\xe3\
\xe4\xa1\xad\xe3?\xf9\xd9r\xcc|\xff\x1f\xdbK\x97\xde\
\xaf\xa5\xde\x04\x00\x00\x00p\xb5\x5c\xf2\x00\x00\x00\x00>\
\xd6`1p\xf1\xe9#w\xb6[\xaf?V;xo\
}c\xea=+e\xdf\x8e\x918{tW\xad\xf9\xa5\
\xf1KC\xeb\xd7-\xa7\xde\x03\x00\x00\x00p5D\x1e\
\x00\x00\x00\xc0G\xba\xff\xee]\x8bo\xff\xf0\x8f6>\
\xfb\xd4\xbe\x9e\xbdv\xf1\x8d/\x8cmx\xeb\x89[F\
\xbez\xfb\xa8'\x5c\x00\x00\x00\x80\xae'\xf2\x00\x00\x00\
\x00~\xc3\xee[oZ|\xf5\x85\x83\xf1Ru`r\
j\xebh\xea9\xab\xae6<\x10\xf3\xf7m\x19\x7f\xe3\
\xf1\x9d\xb1{\xcb\xb0\xd8\x03\x00\x00\x00\xe8ZE\xea\x01\
\x00\x00\x00@w\xd8<:\xdc\xfe\xf3o~q\xe8\xc8\
C\xbb'SoIa{m0N=\xbc}\xfc\x07\
\x7f\xff\xcf\x17\x9f\xfa\xabw\xdf[\xba\xf4~\xcf^0\
\x01\x00\x00\x00\xf2\xe4\x92\x07\x00\x00\x00\x10O\x1f\xb9\xb3\
}\xf6\x95\x99\xda\x91\x87v\x8f\xa4\xde\x92\xda\x81\xdb>\
\xbb\xf1\xec\xd1]\xb5'\xef\xda\xdc\x1eZ\xbfn9\xf5\
\x1e\x00\x00\x00\x80+D\x1e\x00\x00\x00\xd0\xc7\xa6\xf7n\
\xbbp\xee\x95\x99x\xf6\xa9}\xb5\xb1M\xc3\xa9\xe7t\
\x95oO\xdfT{\xeb\x89[F\xee\xbb\xf53\x8b\xa9\
\xb7\x00\x00\x00\x00Dx\xae\x05\x00\x00\x00\xfa\xd2\xf6\xcf\
m\xbap\xfc\xcf\xee\x1d\x9f\xde\xbbm<\xf5\x96nV\
\x1b\x1e\x88\x17\x0f\xde<\xf9w\xef\xfe*\xfe\xf8\x07\x8b\
\x8bo\xb7~\xdd\x97O\xd9\x00\x00\x00\x00\xdd\xc1%\x0f\
\x00\x00\x00\xe8#\xc3C\xeb/}\xe7\x99{\x96\xdf\xf9\
\xf1\xc3\xe3\xd3{\xb7\xa5\x9e\x93\x8dr\xcbp\xbc\xf6\xc8\
\x8e\xc9\xe7\xbe\xbceyl\xc3@;\xf5\x1e\x00\x00\x00\
\xa0?\x89<\x00\x00\x00\xa0O<rp\xf7\x85\x7f8\
\xfd\xe8\x86#\x0f\xed\x1eI\xbd%W_\xdb3:\xf2\
\xb7\x8fO\xd5\x9e\xbcks{p`\xdd\xc5\xd4{\x00\
\x00\x00\x80\xfe\xb2\xee\xf2\xe5\xcb\xa97\x00\x00\xd0\x07\x8a\
\xb2\xf2\x83'@\x22\xb7\xdf6~\xe1\xa5\xea\xc0\xf8\xd4\
\xd6\xd1\xd4Sz\xca\xcf\xdb\xef\xc5\x13\x7f\xf9\xee\x85\x9f\
\xfcl\xd9\x937\x00\x89\xb4\x1a\xf5u\xa97\x00\x00\xc0\
Zr\xc9\x03\x00\x00\x00z\xd4\xe6\xd1\xe1\xf6\xab/\x1c\
\x8c7\xbe\xf7\x15\x81\xc7*\xd8^\x1b\x8c\x93\x87\xb6\x8e\
\x9f<\xb45\xb6\x8e\x16\x17R\xef\x01\x00\x00\x00z\x9f\
\xc8\x03\x00\x00\x00z\xcc\xd0\xe0\xfa\xe5\xb9o}\xf1R\
\xeb\xf5\xc7j\xd3{\xb7\xa5\x9e\xd3\xf3\xf6\xed\x18\x893\
_\x9f\x1a\x7f\xee\xcb[\x96\x87\xd6\xaf\xbb\x94z\x0f\x00\
\x00\x00\xd0\xbbD\x1e\x00\x00\x00\xd0C\xee\xbf{\xd7\xe2\
/^{t\xe4\x9b3\x9f\xdf\x90zK\xbf\xf9\xda\x9e\
\xd1\x91\xb7\x9e\xb8e\xc3\x93wmn\xa7\xde\x02\x00\x00\
\x00\xf4&\x91\x07\x00\x00\x00\xf4\x80\xdd\xb7\xde\xb4\xf8\xd3\
\xef\x1e\x8a\x97\xaa\x03\x93c\x9b\x86S\xcf\xe9[\xb5\xe1\
\x81\xf8\xf6\xf4M\xb57\x1e\xdf\x19\xbb\xb7\x0c{\xc2\x05\
\x00\x00\x00XQE\xea\x01\x00\x00\x00\xc0\xf5\xdb<:\
\xdc\xfe\xce3\xf7\x0c\x1e\xbc\xb7>\x99z\x0b\xffj{\
m0N=\xbc}\xfc'?[\x8e\x99\xef\xffc{\
\xe9\xd2\xfb\xb5\xd4\x9b\x00\x00\x00\x80\xfc\xb9\xe4\x01\x00\x00\
\x00\x19\x1a,\x06.>}\xe4\xce\xf6\xd9Wfj\x07\
\xef\xadoL\xbd\x87\x8f\xb6o\xc7H\x9c=\xba\xab\xd6\
\xfc\xd2\xf8\xa5\xa1\xf5\xeb\x96S\xef\x01\x00\x00\x00\xf2&\
\xf2\x00\x00\x00\x80\xcc\xdc\x7f\xf7\xae\xc5\xb7\x7f\xf8G\x1b\
\x9f}j_\xcd\xd3,y\xf8\xc6\x17\xc66\xbc\xf5\xc4\
-#_\xbd}\xd4\x13.\x00\x00\x00\xc0u\x13y\x00\
\x00\x00@&v\xdfz\xd3\xe2\xab/\x1c\x8c\x97\xaa\x03\
\x93S[GS\xcf\xe1\x1a\xd5\x86\x07b\xfe\xbe-\xe3\
\xff\xed\xe1\xed\xf1\xfb\x13C\x8b\xa9\xf7\x00\x00\x00\x00\xf9\
)R\x0f\x00\x00\x00\x00>\xd9\xf0\xd0\xfaK\xd5\x9f\xec\
\xbf|\xe4\xa1\xdd\x93\xa9\xb7p\xe3\xca-\xc3\xf1\xda#\
;&\x7f\xf0\xf7\xff|\xf1\xa9\xbfz\xf7\xbd\xa5K\xef\
\xd7Ro\x02\x00\x00\x00\xf2\xe0\x92\x07\x00\x00\x00t\xb1\
\xa7\x8f\xdc\xd9\xfe\x87\xd3\x8fn8\xf2\xd0\xee\x91\xd4[\
XY\x07n\xfb\xec\xc6\xb3Gw\xd5\x9e\xbcks{\
h\xfd\xba\xe5\xd4{\x00\x00\x00\x80\xee'\xf2\x00\x00\x00\
\x80.4\xbdw\xdb\x85s\xaf\xcc\xc4\xb3O\xed\xab\x8d\
m\x1aN=\x87U\xf4\xed\xe9\x9bjo=q\xcb\xc8\
}\xb7~\xc6\x13.\x00\x00\x00\xc0'\x12y\x00\x00\x00\
@\x17\xd9\xfe\xb9M\x17^}\xe1`\xbc\xfa\xc2\xc1\xf1\
\xa9\xad\xa3\xa9\xe7\xb0Fj\xc3\x03\xf1\xe2\xc1\x9b'O\
\x1e\xda\x1a\xbf?1$\xf6\x00\x00\x00\x00>\x92\xc8\x03\
\x00\x00\x00\xba\xc0\xd0\xe0\xfa\xe5\xb9o}\xf1\xd2;?\
~x|z\xef\xb6\xd4sHd\xdf\x8e\x91x\xed\x91\
\x1d\x93\xcf}y\xcb\xf2\xd8\x86\x81v\xea=\x00\x00\x00\
@w\x11y\x00\x00\x00@b\x8f\x1c\xdc}\xe1\x17\xaf\
=:\xf2\xcd\x99\xcfoH\xbd\x85\xee\xf0\xb5=\xa3#\
\x7f\xfb\xf8T\xed\xc9\xbb6\x0b=\x00\x00\x00\x80\x7f\xb1\
\xee\xf2\xe5\xcb\xa97\x00\x00\xd0\x07\x8a\xb2\xf2\x83'\xc0\
o\xb9\xfd\xb6\xf1\x0b/U\x07<\xcb\xc2'\xfay\xfb\
\xbdx\xe2/\xdf\xbd\xf0\x93\x9f-\x8f\xa7\xde\x02\xd0m\
Z\x8d\xfa\xba\xd4\x1b\x00\x00`-\xb9\xe4\x01\x00\x00\x00\
kl\xf3\xe8p\xfb/\x9e\xfb\xc3\x8bo|\xef+\x02\
\x0f>\xd5\xf6\xda`\x9c<\xb4u\xfc\xe4\xa1\xad\xb1u\
\xb4\xb8\x90z\x0f\x00\x00\x00\x90\x8e\xc8\x03\x00\x00\x00\xd6\
\xc8\xd0\xe0\xfa\xe5\xa7\x8f\xdc\xd9n\xbd\xfeX\xed\xe0\xbd\
\xf5\x8d\xa9\xf7\x90\x97};F\xe2\xcc\xd7\xa7\xc6\x9f\xfb\
\xf2\x96\xe5\xa1\xf5\xeb.\xa5\xde\x03\x00\x00\x00\xac=\x91\
\x07\x00\x00\x00\xac\x81\xfb\xef\xde\xb5\xf8\x8b\xd7\x1e\x1dy\
\xf6\xa9}\xb5\xd4[\xc8\xdb\xd7\xf6\x8c\x8e\xbc\xf5\xc4-\
\x1b\xbez\xfb\xa8\xab\x1e\x00\x00\x00\xd0gD\x1e\x00\x00\
\x00\xb0\x8av\xdfz\xd3\xe2O\xbf{(^\xaa\x0eL\
\x8em\x1aN=\x87\x1eQ\x1b\x1e\x88\xf9\xfb\xb6\x8c\xbf\
\xf1\xf8\xce\xd8\xbdeX\xec\x01\x00\x00\x00}B\xe4\x01\
\x00\x00\x00\xab`\xf3\xe8p\xfb;\xcf\xdc\xb3\xfc\xe6\xf7\
\xbf:\xb9\xe7\xf7&R\xcf\xa1Gm\xaf\x0d\xc6\xa9\x87\
\xb7\x8f\x9f<\xb45\xc66\x0c\xb4S\xef\x01\x00\x00\x00\
V\x97\xc8\x03\x00\x00\x00V\xd0`1p\xf1\xe9#w\
\xb6\xcf\xbe2S;\xf2\xd0\xee\x91\xd4{\xe8\x0f\xfbv\
\x8c\xc4\xd9\xa3\xbbj\xcd/\x8d_\x1aZ\xbfn9\xf5\
\x1e\x00\x00\x00`u\x88<\x00\x00\x00`\x85\xdc\x7f\xf7\
\xae\xc5\xb7\x7f\xf8G\x1b\x9f}j_\xcd\xd3,\xa4\xf0\
\x8d/\x8cmx\xeb\x89[F\xee\xbb\xf53\x8b\xa9\xb7\
\x00\x00\x00\x00+\xafH=\x00\x00\x00\x00r\xb7\xfds\
\x9b.\x1c\xff\xb3{\xc7\xa7\xf7n\x9bL\xbd\x05j\xc3\
\x03\xf1\xe2\xc1\x9b'\xff\xee\xdd_\xc5\x1f\xff`q\xf1\
\xed\xd6\xaf\xfd{\x09\x00\x00\x00=\xc2%\x0f\x00\x00\x00\
\xb8N\xc3C\xeb/}\xe7\x99{\x96\xdf\xf9\xf1\xc3\xe3\
\xd3{\xb7\xa5\x9e\x03\xbf\xa1\xdc2\x1c\xaf=\xb2c\xf2\
\x85\x07?wql\xc3@;\xf5\x1e\x00\x00\x00\xe0\xc6\
\x89<\x00\x00\x00\xe0:<}\xe4\xce\xf6?\x9c~t\
\xc3\x91\x87v\x8f\xa4\xde\x02\x9f\xe4\xc0m\x9f\xddx\xf6\
\xe8\xae\xda\x93wmn\x0f\x0e\xac\xbb\x98z\x0f\x00\x00\
\x00p\xfdD\x1e\x00\x00\x00p\x0d\xa6\xf7n\xbbp\xee\
\x95\x99x\xf6\xa9}\xb5\xb1M\xc3\xa9\xe7\xc0U\xfb\xf6\
\xf4M\xb5\xff\xfe\x1fvl\xbc\xef\xd6\xcf,\xa6\xde\x02\
\x00\x00\x00\x5c\x9f\x22\xf5\x00\x00\x00\x00\xc8\xc1\xe6\xd1\xe1\
\xf6w\x9f\xffw\xb5\xe9\xbd\xdb\xc6So\x81\xeb\xb5\xbd\
6\x18/\x1e\xbcy\xf2'?[\x8e\xff\xf8\xe3\xd6\xe2\
\xdb\xad_O\xa6\xde\x04\x00\x00\x00\x5c=\x97<\x00\x00\
\x00\xe0\x13\x0c\x0d\xae_\x9e\xfb\xd6\x17/\xb5^\x7f\xac\
6\xbdw[\xea9\xb0\x22\xf6\xed\x18\x89\xd7\x1e\xd91\
\xf9\xdc\x97\xb7,\x0f\xad_w)\xf5\x1e\x00\x00\x00\xe0\
\xea\x88<\x00\x00\x00\xe0c<rp\xf7\x85_\xbc\xf6\
\xe8\xc87g>\xbf!\xf5\x16X\x0d_\xdb3:\xf2\
\xd6\x13\xb7lx\xf2\xae\xcd\xed\xd4[\x00\x00\x00\x80O\
'\xf2\x00\x00\x00\x80\xdf\xb2\xfb\xd6\x9b\x16\x7f\xfa\xddC\
\xf1_\xfe\xf4\x9e\xf1\xb1M\xc3\xa9\xe7\xc0\xaa\xaa\x0d\x0f\
\xc4\xb7\xa7o\xaa\xbd\xf1\xf8\xce\xd8\xb7c\xe4B\xea=\
\x00\x00\x00\xc0\xc7\x13y\x00\x00\x00\xc0\x076\x8f\x0e\xb7\
\xff\xe2\xb9?\xbc\xf8\xe6\xf7\xbf:\xb9\xe7\xf7&R\xcf\
\x815\xb5\xbd6\x18'\x0fm\x1d?yhkl\x1d\
-\xc4\x1e\x00\x00\x00\xd0\x85D\x1e\x00\x00\x00\xf4\xbd\xa1\
\xc1\xf5\xcbO\x1f\xb9\xb3\xddz\xfd\xb1\xda\xc1{\xeb\x1b\
S\xef\x81\x94\xf6\xed\x18\x893_\x9f\x1ao~i\xfc\
\xd2\xd0\xfau\xcb\xa9\xf7\x00\x00\x00\x00\xffJ\xe4\x01\x00\
\x00@_\xbb\xff\xee]\x8b\xbfx\xed\xd1\x91g\x9f\xda\
WK\xbd\x05\xba\xc97\xbe0\xb6\xe1\xad'n\x19\xf9\
\xea\xed\xa3\xaez\x00\x00\x00@\x97\x10y\x00\x00\x00\xd0\
\x97v\xdfz\xd3\xe2\xab/\x1c\x8c\x97\xaa\x03\x93c\x9b\
\x86S\xcf\x81\xaeT\x1b\x1e\x88\xf9\xfb\xb6\x8c\xbf\xf1\xf8\
\xce\xd8\xbdeX\xec\x01\x00\x00\x00\x89\x15\xa9\x07\x00\x00\
\x00\xc0Z\xda<:\xdc\xfe\xf3o~q\xe8\xc8C\xbb\
'So\x81\x5cl\xaf\x0d\xc6\xa9\x87\xb7\x8f\xff\xe4g\
\xcb1\xf3\xfd\x7fl/]z\xdf\xe5\x1b\x00\x00\x00H\
\xc0%\x0f\x00\x00\x00\xfa\xc2`1p\xf1\xe9#w\xb6\
\xcf\xbe2S;\xf2\xd0\xee\x91\xd4{ G\xfbv\x8c\
\xc4\xd9\xa3\xbbjO\xde\xb5\xb9=\xb4~\xddr\xea=\
\x00\x00\x00\xd0o\xd6]\xbe|9\xf5\x06\x00\x00\xfa@\
QV~\xf0\x04\x92\x99\xde\xbb\xed\xc2\x7f\xfdO\xffv\
|j\xebh\xea)\xd03\xda\xbfz?\x9e\xf8\xe1\xe2\
\xe2\x8f\xce\xfe\xd2U\x1c \x99V\xa3\xbe.\xf5\x06\x00\
\x00XK\x9ek\x01\x00\x00\xa0gm\xff\xdc\xa6\x0b\xc7\
\xff\xec\xde\xf1\xe9\xbd\xdb\xc6So\x81^S\x1b\x1e\x88\
\x17\x0f\xde<\xf9w\xef\xfe*\xfe\xf8\x07\x8b\x8bo\xb7\
~-\xf6\x00\x00\x00\x80U\xe6\xb9\x16\x00\x00\x00z\xce\
\xf0\xd0\xfaK\xdfy\xe6\x9e\xe5w~\xfc\xf0\xf8\xf4\xde\
m\xa9\xe7@O+\xb7\x0c\xc7k\x8f\xec\x98|\xe1\xc1\
\xcf]\x1c\xdb0\xd0N\xbd\x07\x00\x00\x00z\x99K\x1e\
\x00\x00\x00\xf4\x94\xa7\x8f\xdc\xd9~\xfa\xd1?\xa8\x8dm\
\x1aN=\x05\xfa\xca\x81\xdb>\xbb\xf1\xdfLm\x8c\xea\
\xaf\xff\xa9\xfd\x9f\xfffi\xf0\xbd\xf7/oL\xbd\x09\
\x00\x00\x00z\xcd\xba\xcb\x97=\x8d\x0e\x00\xc0\xea+\xca\
\xca\x0f\x9e\xc0\xaa\xba\xfd\xb6\xf1\x0b/U\x07\xc6\xa7\xb6\
\x8e\xa6\x9e\x02}\xef\xe7\xed\xf7\xe2O^\xbd\xb0\xf8\xa3\
\xb3\xbf\xf4\x84\x0b\xb0\xaaZ\x8d\xfa\xba\xd4\x1b\x00\x00`\
-y\xae\x05\x00\x00\x80\xacm\x1e\x1dn\xbf\xfa\xc2\xc1\
x\xe3{_\x11x@\x97\xd8^\x1b\x8c\x17\x0f\xde<\
y\xf2\xd0\xd6\xd8:Z\x5cH\xbd\x07\x00\x00\x00z\x85\
\xc8\x03\x00\x00\x80,\x0d\x0d\xae_\x9e\xfb\xd6\x17/\xb5\
^\x7f\xac6\xbdw[\xea9\xc0G\xd8\xb7c$\xce\
|}j\xfc\xb9/oY\x1eZ\xbf\xeeR\xea=\x00\
\x00\x00\x90;\x91\x07\x00\x00\x00\xd9\xb9\xff\xee]\x8b\xbf\
x\xed\xd1\x91o\xce|~C\xea-\xc0\xa7\xfb\xda\x9e\
\xd1\x91\xb7\x9e\xb8e\xc3\x93wmn\xa7\xde\x02\x00\x00\
\x009\x13y\x00\x00\x00\x90\x8d\xdd\xb7\xde\xb4\xf8\xd3\xef\
\x1e\x8a\x97\xaa\x03\x93c\x9b\x86S\xcf\x01\xaeAmx\
 \xbe=}S\xed\x8d\xc7w\xc6\xbe\x1d#\x9ep\x01\
\x00\x00\x80\xebP\xa4\x1e\x00\x00\x00\x00\x9ff\xf3\xe8p\
\xfb;\xcf\xdc3x\xf0\xde\xfad\xea-\xc0\x8d\xd9^\
\x1b\x8c\x93\x87\xb6\x8e\xff\xe4g\xcb1\xf3\xfd\x7fl/\
]z\xbf\x96z\x13\x00\x00\x00\xe4\xc2%\x0f\x00\x00\x00\
\xba\xd6`1p\xf1\xe9#w\xb6[\xaf?V;x\
o}c\xea=\xc0\xca\xd9\xb7c$\xce\x1e\xddUk\
~i\xfc\xd2\xd0\xfau\xcb\xa9\xf7\x00\x00\x00@\x0eD\
\x1e\x00\x00\x00t\xa5\xfb\xef\xde\xb5\xf8\xf6\x0f\xffh\xe3\
\xb3O\xed\xf3\xb7\xfc\xa1\x87}\xe3\x0bc\x1b\xdez\xe2\
\x96\x91\xaf\xde>\xea\x09\x17\x00\x00\x00\xf8\x14\x22\x0f\x00\
\x00\x00\xba\xca\xee[oZ|\xf5\x85\x83\xf1Ru`\
rj\xebh\xea9\xc0\x1a\xa8\x0d\x0f\xc4\xfc}[\xc6\
\xdfx|g\xec\xde2,\xf6\x00\x00\x00\x80\x8fQ\xa4\
\x1e\x00\x00\x00\x00\x11\x11\x9bG\x87\xdb\x7f\xfe\xcd/\x0e\
\x1dyh\xf7d\xea-@\x1a\xdbk\x83q\xea\xe1\xed\
\xe3?\xf8\xfb\x7f\xbe\xf8\xd4_\xbd\xfb\xde\xd2\xa5\xf7]\
\xf2\x01\x00\x00\x80\x0fq\xc9\x03\x00\x00\x80\xe4\x9e>r\
g\xfb\xec+3\xb5#\x0f\xed\x1eI\xbd\x05H\xef\xc0\
m\x9f\xddx\xf6\xe8\xae\xda\x93wmn\x0f\xad_\xb7\
\x9cz\x0f\x00\x00\x00t\x0b\x91\x07\x00\x00\x00\xc9L\xef\
\xddv\xe1\xdc+3\xf1\xecS\xfbjc\x9b\x86S\xcf\
\x01\xba\xcc\xb7\xa7o\xaa\xbd\xf5\xc4-#\xf7\xdd\xfa\x99\
\xc5\xd4[\x00\x00\x00\xa0\x1b\x88<\x00\x00\x00Xs\xdb\
?\xb7\xe9\xc2\xab/\x1c\x8cW_88>\xb5u4\
\xf5\x1c\xa0\x8b\xd5\x86\x07\xe2\xc5\x837O\x9e<\xb45\
~\x7fbH\xec\x01\x00\x00@_\x13y\x00\x00\x00\xb0\
f\x86\x87\xd6_\xfa\xce3\xf7,\xbf\xf3\xe3\x87\xc7\xa7\
\xf7nK=\x07\xc8\xc8\xbe\x1d#\xf1\xda#;&\x9f\
\xfb\xf2\x96\xe5\xb1\x0d\x03\xed\xd4{\x00\x00\x00 \x05\x91\
\x07\x00\x00\x00k\xe2\x91\x83\xbb/\xfc\xc3\xe9G7\x1c\
yh\xf7H\xea-@\xbe\xbe\xb6gt\xe4o\x1f\x9f\
\xaa=y\xd7\xe6\xf6\xe0\xc0\xba\x8b\xa9\xf7\x00\x00\x00\xc0\
ZZw\xf9\xf2\xe5\xd4\x1b\x00\x00\xe8\x03EY\xf9\xc1\
\x13\xfa\xd4\xed\xb7\x8d_x\xa9:\xe0Y\x16`\xc5\xfd\
\xbc\xfd^<\xf1\x97\xef^\xf8\xc9\xcf\x96\xc7So\x01\
\xd2h5\xea\xebRo\x00\x00\x80\xb5\xe4\x92\x07\x00\x00\
\x00\xabb\xf3\xe8p\xfb\xd5\x17\x0e\xc6\x1b\xdf\xfb\x8a\xc0\
\x03X\x15\xdbk\x83q\xf2\xd0\xd6\xf1\x93\x87\xb6\xc6\xd6\
\xd1\xe2B\xea=\x00\x00\x00\xb0\xdaD\x1e\x00\x00\x00\xac\
\xa8\xa1\xc1\xf5\xcbO\x1f\xb9\xb3\xddz\xfd\xb1\xda\xf4\xde\
m\xa9\xe7\x00}`\xdf\x8e\x918\xf3\xf5\xa9\xf1\xe7\xbe\
\xbceyh\xfd\xbaK\xa9\xf7\x00\x00\x00\xc0j)R\
\x0f\x00\x00\x00\xa0w\xdc\x7f\xf7\xae\xc5\xff\xe3\x7f\xbbw\
rl\xd3\xf0H\xea-@\xff\xf9\xda\x9e\xd1\x91\x7f\xff\
{\x9f\x8d\xea\xaf\xff\xa9]\xfd\xf5?\xd5R\xef\x01\x00\
\x00\x80\x95\xe6\x92\x07\x00\x00\x007l\xf7\xad7-\xfe\
\xf4\xbb\x87\xe2\xa5\xea\xc0\xe4\xd8\xa6\xe1\xd4s\x80>V\
\x1b\x1e\x88oO\xdfT{\xe3\xf1\x9d\xb1{\xcb\xb0'\
\x5c\x00\x00\x00\xe8).y\x00\x00\x00p\xdd6\x8f\x0e\
\xb7\xbf\xf3\xcc=\x83\x07\xef\xadO\xa6\xde\x02\xf0a\xdb\
k\x83q\xea\xe1\xed\xe3?\xf9\xd9r\xcc|\xff\x1f\xdb\
K\x97\xdew\xd9\x03\x00\x00\x80\xec\xb9\xe4\x01\x00\x00\xc0\
5\x1b,\x06.>}\xe4\xce\xf6\xd9Wfj\x07\xef\
\xadoL\xbd\x07\xe0\xe3\xec\xdb1\x12g\x8f\xee\xaa5\
\xbf4~ih\xfd\xba\xe5\xd4{\x00\x00\x00\xe0F\x88\
<\x00\x00\x00\xb8&\xf7\xdf\xbdk\xf1\xed\x1f\xfe\xd1\xc6\
g\x9f\xdaW\xf34\x0b\x90\x8bo|al\xc3[O\
\xdc2\xf2\xd5\xdbG=\xe1\x02\x00\x00@\xb6D\x1e\x00\
\x00\x00\x5c\x95\xdd\xb7\xde\xb4\xf8\xea\x0b\x07\xe3\xa5\xea\xc0\
\xe4\xd4\xd6\xd1\xd4s\x00\xaeYmx \xe6\xef\xdb2\
\xfe\xdf\x1e\xde\x1e\xbf?1\xb4\x98z\x0f\x00\x00\x00\x5c\
\xab\x22\xf5\x00\x00\x00\x00\xba\xdb\xf0\xd0\xfaK\xd5\x9f\xec\
\xbf|\xe4\xa1\xdd\x93\xa9\xb7\x00\xac\x84r\xcbp\xbc\xf6\
\xc8\x8e\xc9\x1f\xfc\xfd?_|\xea\xaf\xde}o\xe9\xd2\
\xfb\xb5\xd4\x9b\x00\x00\x00\xe0j\xb8\xe4\x01\x00\x00\xc0\xc7\
z\xfa\xc8\x9d\xed\x7f8\xfd\xe8\x86#\x0f\xed\x1eI\xbd\
\x05`\xa5\x1d\xb8\xed\xb3\x1b\xcf\x1e\xddU{\xf2\xae\xcd\
\xed\xc1\x81u\x17S\xef\x01\x00\x00\x80O#\xf2\x00\x00\
\x00\xe0wL\xef\xddv\xe1\xdc+3\xf1\xecS\xfbj\
c\x9b\x86S\xcf\x01XU\xdf\x9e\xbe\xa9\xf6\xdf\xff\xc3\
\x8e\x8d\xf7\xdd\xfa\x19O\xb8\x00\x00\x00\xd0\xd5<\xd7\x02\
\x00\x00\xc0\xbf\xd8<:\xdc\xfe\xee\xf3\xff\xae6\xbdw\
\xdbx\xea-\x00ki{m0^<x\xf3\xe4O\
~\xb6\x1c\xff\xf1\xc7\xad\xc5\xb7[\xbf\xf6D\x15\x00\x00\
\x00]\xc7%\x0f\x00\x00\x00bhp\xfd\xf2\xdc\xb7\xbe\
x\xa9\xf5\xfac\xb5\xe9\xbd\xdbR\xcf\x01Hf\xdf\x8e\
\x91x\xed\x91\x1d\x93\xcf}y\xcb\xf2\xd8\x86\x81v\xea\
=\x00\x00\x00\xf0a\x22\x0f\x00\x00\x80>\xf7\xc8\xc1\xdd\
\x17~\xf1\xda\xa3#\xdf\x9c\xf9\xfc\x86\xd4[\x00\xba\xc5\
\xd7\xf6\x8c\x8e\xfc\xed\xe3S\xb5'\xef\xda,\xf4\x00\x00\
\x00\xa0k\xac\xbb|\xf9r\xea\x0d\x00\x00\xf4\x81\xa2\xac\
\xfc\xe0\x09]\xe6\xf6\xdb\xc6/\xbcT\x1d\x18\x9f\xda:\
\x9az\x0a@W\xfby\xfb\xbdx\xe2/\xdf\xbd\xf0\x93\
\x9f-{\xca\x0a\xbaL\xabQ_\x97z\x03\x00\x00\xac\
%\x97<\x00\x00\x00\xfa\xcc\xe6\xd1\xe1\xf6_<\xf7\x87\
\x17\xdf\xf8\xdeW\x04\x1e\x00Wa{m0N\x1e\xda\
:~\xf2\xd0\xd6\xd8:Z\x5cH\xbd\x07\x00\x00\x80\xfe\
%\xf2\x00\x00\x00\xe8\x13C\x83\xeb\x97\x9f>rg\xbb\
\xf5\xfac\xb5\x83\xf7\xd67\xa6\xde\x03\x90\x9b};F\
\xe2\xcc\xd7\xa7\xc6\x9f\xfb\xf2\x96\xe5\xa1\xf5\xeb.\xa5\xde\
\x03\x00\x00@\xff\x11y\x00\x00\x00\xf4\x81\xfb\xef\xde\xb5\
\xf8\x8b\xd7\x1e\x1dy\xf6\xa9}\xb5\xd4[\x00r\xf7\xb5\
=\xa3#o=q\xcb\x86\xaf\xde>\xea\xaa\x07\x00\x00\
\x00kJ\xe4\x01\x00\x00\xd0\xc3v\xdfz\xd3\xe2O\xbf\
{(^\xaa\x0eL\x8em\x1aN=\x07\xa0g\xd4\x86\
\x07b\xfe\xbe-\xe3o<\xbe3vo\x19\x16{\x00\
\x00\x00\xb0&D\x1e\x00\x00\x00=h\xf3\xe8p\xfb;\
\xcf\xdc\xb3\xfc\xe6\xf7\xbf:\xb9\xe7\xf7&R\xcf\x01\xe8\
Y\xdbk\x83q\xea\xe1\xed\xe3'\x0fm\x8d\xb1\x0d\x03\
\xed\xd4{\x00\x00\x00\xe8m\x22\x0f\x00\x00\x80\x1e2X\
\x0c\x5c|\xfa\xc8\x9d\xed\xb3\xaf\xcc\xd4\x8e<\xb4{$\
\xf5\x1e\x80~\xb1o\xc7H\x9c=\xba\xab\xd6\xfc\xd2\xf8\
\xa5\xa1\xf5\xeb\x96S\xef\x01\x00\x00\xa07\x89<\x00\x00\
\x00z\xc4\xfdw\xefZ|\xfb\x87\x7f\xb4\xf1\xd9\xa7\xf6\
\xd5<\xcd\x02\x90\xc67\xbe0\xb6\xe1\xad'n\x19\xb9\
\xef\xd6\xcf,\xa6\xde\x02\x00\x00@\xef)R\x0f\x00\x00\
\x00\xe0\xc6l\xff\xdc\xa6\x0b\xc7\xff\xec\xde\xf1\xe9\xbd\xdb\
&So\x01 \xa26<\x10/\x1e\xbcy\xf2\xef\xde\
\xfdU\xfc\xf1\x0f\x16\x17\xdfn\xfd\xda\x7f\x9f\x01\x00\x00\
X\x11.y\x00\x00\x00djxh\xfd\xa5\xef<s\
\xcf\xf2;?~x|z\xef\xb6\xd4s\x00\xf8-\xe5\
\x96\xe1x\xed\x91\x1d\x93/<\xf8\xb9\x8bc\x1b\x06\xda\
\xa9\xf7\x00\x00\x00\x90?\x97<\x00\x00\x002\xf4\xf4\x91\
;\xdbO?\xfa\x07\x9ee\x01\xc8\xc0\x81\xdb>\xbb\xf1\
\xdfLm\x8c\xea\xaf\xff\xa9\xfd\x9f\xfffi\xf0\xbd\xf7\
/oL\xbd\x09\x00\x00\x80<\xad\xbb|\xf9r\xea\x0d\
\x00\x00\xf4\x81\xa2\xac\xfc\xe0\x09+\xe0\xf6\xdb\xc6/\xbc\
T\x1d\x18\x9f\xda:\x9az\x0a\x00\xd7\xe1\xe7\xed\xf7\xe2\
O^\xbd\xb0\xf8\xa3\xb3\xbf\xf4\x84\x0b\xac\x80V\xa3\xbe\
.\xf5\x06\x00\x00XK\x9ek\x01\x00\x00\xc8\xc0\xe6\xd1\
\xe1\xf6\xab/\x1c\x8c7\xbe\xf7\x15\x81\x07@\xc6\xb6\xd7\
\x06\xe3\xc5\x837O\x9e<\xb45~\x7fbh1\xf5\
\x1e\x00\x00\x00\xf2\x22\xf2\x00\x00\x00\xe8bC\x83\xeb\x97\
\xe7\xbe\xf5\xc5K\xad\xd7\x1f\xabM\xef\xdd\x96z\x0e\x00\
+d\xdf\x8e\x91x\xed\x91\x1d\x93\xcf}y\xcb\xf2\xd0\
\xfau\x97R\xef\x01\x00\x00 \x0f\x22\x0f\x00\x00\x80.\
\xf5\xc8\xc1\xdd\x17~\xf1\xda\xa3#\xdf\x9c\xf9\xfc\x86\xd4\
[\x00X\x1d_\xdb3:\xf2\xd6\x13\xb7lx\xf2\xae\
\xcd\xed\xd4[\x00\x00\x00\xe8~\x22\x0f\x00\x00\x80.\xb3\
\xfb\xd6\x9b\x16\x7f\xfa\xddC\xf1_\xfe\xf4\x9e\xf1\xb1M\
\xc3\xa9\xe7\x00\xb0\xcaj\xc3\x03\xf1\xed\xe9\x9bjo<\
\xbe3\xf6\xed\x18\xb9\x90z\x0f\x00\x00\x00\xddK\xe4\x01\
\x00\x00\xd0%6\x8f\x0e\xb7\xff\xe2\xb9?\xbc\xf8\xe6\xf7\
\xbf:\xb9\xe7\xf7&R\xcf\x01`\x8dm\xaf\x0d\xc6\xc9\
C[\xc7O\x1e\xda\x1a[G\x0b\xb1\x07\x00\x00\x00\xbf\
C\xe4\x01\x00\x00\x90\xd8\xd0\xe0\xfa\xe5\xa7\x8f\xdc\xd9n\
\xbd\xfeX\xed\xe0\xbd\xf5\x8d\xa9\xf7\x00\x90\xd6\xbe\x1d#\
q\xe6\xebS\xe3\xcd/\x8d_\x1aZ\xbfn9\xf5\x1e\
\x00\x00\x00\xba\x87\xc8\x03\x00\x00 \xa1\xfb\xef\xde\xb5\xf8\
\x8b\xd7\x1e\x1dy\xf6\xa9}\xb5\xd4[\x00\xe8.\xdf\xf8\
\xc2\xd8\x86\xb7\x9e\xb8e\xe4\xab\xb7\x8f\xba\xea\x01\x00\x00\
@D\x88<\x00\x00\x00\x92\xd8}\xebM\x8b\xaf\xbep\
0^\xaa\x0eL\x8em\x1aN=\x07\x80.U\x1b\x1e\
\x88\xf9\xfb\xb6\x8c\xbf\xf1\xf8\xce\xd8\xbdeX\xec\x01\x00\
\x00\xd0\xe7\x8a\xd4\x03\x00\x00\x00\xfa\xc9\xe6\xd1\xe1\xf6\x9f\
\x7f\xf3\x8bCG\x1e\xda=\x99z\x0b\x00\xf9\xd8^\x1b\
\x8cS\x0fo\x1f\xff\xc1\xdf\xff\xf3\xc5\xa7\xfe\xea\xdd\xf7\
\x96.\xbd\xef\x02\x14\x00\x00@\x1f\x12y\x00\x00\x00\xac\
\x81\xc1b\xe0\xe2S\x87\xff\xc7\xf7\x9e~\xf4\x0fj.\
w\x00p\xbd\x0e\xdc\xf6\xd9\x8d\x07n\xfbl\xfc\xaf\xa7\
\xff\x9f\xf6\xff\xfe\x7f.\x0d\xfd\xfa\xff\xbb<\x92z\x13\
\x00\x00\x00kg\xdd\xe5\xcb\x97So\x00\x00\xa0\x0f\x14\
e\xe5\x07O\xfa\xd6\xf4\xdem\x17\xfe\xeb\x7f\xfa\xb7\xe3\
S[GSO\x01\xa0\x87\xb4\x7f\xf5~<\xf1\xc3\xc5\
\xc5\x1f\x9d\xfd\xa5\xebP\xf4\xadV\xa3\xbe.\xf5\x06\x00\
\x00XK.y\x00\x00\x00\xac\x92\xed\x9f\xdbt\xe1\xf8\
\x9f\xdd;>\xbdw\xdbx\xea-\x00\xf4\x9e\xda\xf0@\
\xbcx\xf0\xe6\xc9\xbf{\xf7W\xf1\xc7?X\x5c|\xbb\
\xf5k\xb1\x07\x00\x00@\x8f\x1bH=\x00\x00\x00\xa0\xd7\
\x0c\x0f\xad\xbf\xf4\x9dg\xeeY~\xe7\xc7\x0f\x8fO\xef\
\xdd\x96z\x0e\x00=\xae\xdc2\x1c\xaf=\xb2c\xf2\xb9\
/oY\x1e\xdb0\xd0N\xbd\x07\x00\x00\x80\xd5#\xf2\
\x00\x00\x00XA\x8f\x1c\xdc}\xe1\x1fN?\xba\xe1\xc8\
C\xbbGRo\x01\xa0\xbf|m\xcf\xe8\xc8\xdf>>\
U{\xf2\xae\xcd\xed\xc1\x81u\x17S\xef\x01\x00\x00`\
\xe5\xad\xbb|\xd9\xd3\xe8\x00\x00\xac\xbe\xa2\xac\xfc\xe0I\
O\xbb\xfd\xb6\xf1\x0b/U\x07\xc6\xa7\xb6\x8e\xa6\x9e\x02\
\x00\xf1\xf3\xf6{\xf1'\xaf^X\xfc\xd1\xd9_z\xc2\
\x85\x9e\xd6j\xd4\xd7\xa5\xde\x00\x00\x00k\xc9%\x0f\x00\
\x00\x80\x1b\xb0yt\xb8\xfd\xea\x0b\x07\xe3\x8d\xef}E\
\xe0\x01@\xd7\xd8^\x1b\x8c\x17\x0f\xde<y\xf2\xd0\xd6\
\xd8:Z\x5cH\xbd\x07\x00\x00\x80\x95!\xf2\x00\x00\x00\
\xb8\x0eC\x83\xff?{\xff\x1fdu}\xe7\xfb\xbeo\
qAKB\xf7joz\xc9\xc4F\xbb\x83\xc9E\x8e\
k\x80D\x89\x9em\x0e\xcd\xe0f\x9fd\xc6kS\xb8\
\xff\xd8f\x224\x90:\xc9h\x09h\xa6\xa2\xe7\x92\x01\
B\xc5l\xd7\xde5\xa2\xdf)\x9d\x93]\xa5\x80\xf1f\
\xa6N\x0d\x08\x96\x93\xecl\x86_]\xdbT\x18Ml\
\x18F\xe0\xb8\x94\xf6\x07\xe4 }g\xd34\x09B\xbc\
\xf1\xfe\xd1\xe2\xc4\xdf\xfc\xe8\xee\xcf\xfa\xf1xTYI\
4\xc2\xb3b\x1a\x91~\xf5\xe7}\xe1\x89\xd2\x9f\x7f\xe9\
\x8d#?\xfbF\xbec\xfa\x84\xd49\x00\xf0\x81\xae\xbf\
|l\xf4\xfcY{\xcb\xea/_rb\xcc\x85\x17\xbc\
\x91\xba\x07\x00\x00\x80\xf3c\xe4\x01\x00\x00p\x96n\x9a\
5\xf1\xf0\xa1\xee\xaf\x8f\xfdV\xd7\x17.J\xdd\x02\x00\
g\xe2kS\x9b\xc6>\x7f\xc7g.Z|\xdd\xc5\xfd\
\xa9[\x00\x00\x008wF\x1e\x00\x00\x00g\xe8\xaa\xcf\
}\xea\xf0/\xfe\xee\x96\xd8\x90\xdd8\xbe\xb9\xb1!u\
\x0e\x00\x9c\x95|\xc3\xa8\xf8\x8b\x8eO\xe5\x7f\xf9\xcd\xb6\
\xb8\xfe\xf2\xb1N\xb8\x00\x00\x00T\xa1\x5c\xea\x00\x00\x00\
\x80JwqSC\xff\x0f\xbe{\xc3\xe8\xb9\xb3?;\
>u\x0b\x00\x9c\xaf\xcb\xf2\xa3c\xe3-\xad-O\xbf\
r\x22\xba\x9e\xf8U\xff\xd17~\x97O\xdd\x04\x00\x00\
\xc0\x99\xf1\x92\x07\x00\x00\xc0\x87\x18\x9d\x1b\xf5\x9bo/\
\xba\xba\xff\xc8\xcf\xbe\x91\x9f;\xfb\xb3\x9fH\xdd\x03\x00\
C\xe9\xfa\xcb\xc7\xc6\x0bK&\xe6W\xfeQ\xcb\x1bc\
.\xbc\xe0D\xea\x1e\x00\x00\x00>\x9e\x91\x07\x00\x00\xc0\
\x07\xb8i\xd6\xc4\xc3{\xff~\xde'\xbe\x7f\xe7\xf5\xbe\
\xba\x19\x80\x9av\xfb\x17\x9b/z\xfe\x8e\xcf\x8c\xfd\xd3\
)MN\xb8\x00\x00\x00T8#\x0f\x00\x00\x80\xdfs\
\xd5\xe7>ux\xcb\x9a\xb9\xb1!\xbbq|{kS\
\xea\x1c\x00\x18\x11\xf9\x86Q\xf1\xc0W.i\xd9\xb6\xe0\
\xb2\x98\x5c\x18s8u\x0f\x00\x00\x00\x1f,\x97:\x00\
\x00\x00\xa0\x124\x8c\xb9\xf0\x8dl\xd9\xcc\xb7\x16\xdd|\
\xd5\xf8\xd4-\x00\x90J\xf1\x92\x86\xe8^x\xf9\xf8\xa7\
\xf6\x1f\xff\xcd\x9d\xff\xf5\xf5\xdf\x1e}\xe3w^\xb4\x02\
\x00\x00\xa8 ^\xf2\x00\x00\x00\xea\xde\xb7\x17]\xdd\x7f\
p\xc7\xd7/Zt\xf3UcS\xb7\x00@%\xb8q\
\xd2\xb8O\xbc\xb0db~\xf1u\x17\xf7\x8f\xb9\xf0\x82\
\x13\xa9{\x00\x00\x00\x18d\xe4\x01\x00\x00\xd4\xad\x8e\xe9\
\x13\xfa\xca?\xed\x8a\xef\xdfy}\xbe\xb9\xb1!u\x0e\
\x00T\x9c\xbf\xe8\xf8T\xfe\xf9;>3\xf6+\x9f\xfb\
\xa4\x13.\x00\x00\x00\x15\xc0\xc8\x03\x00\x00\xa8;\x97\xfd\
Ac\xdf\x965sc\xcb\x9a\xb9-\xed\xadM\xa9s\
\x00\xa0\xa2\xe5\x1bF\xc5cs?=~\xe3-\xad1\
\xb90\xc6\xd8\x03\x00\x00 !#\x0f\x00\x00\xa0n\x8c\
\x19}\xe1\x89\xd2\x9f\x7f\xe9\x8d\x03\xff\xb0\xa0\xa5c\xfa\
\x84\xd49\x00PU\xae\xbf|lt/\xbc|\xfc\xea\
/_r\xa2\xf9\xa2Q\xfd\xa9{\x00\x00\x00\xea\x91\x91\
\x07\x00\x00P\x17\x16\xce\xbd\xaa\xefP\xf7\xd7\xc7~\xab\
\xeb\x0b\x17\xa5n\x01\x80j\xf6\xb5\xa9Mc\x9f\xfdf\
{~\xf1u\x17\xf7\x8f\x1eu\xc1oR\xf7\x00\x00\x00\
\xd4\x93\x0b\xdez\xeb\xad\xd4\x0d\x00\x00\xd4\x81\x5c1\xf3\
\x13O\x92\x982\xa9\xa5oCv\xa3\xb3,\x000\x0c\
^\xed\xffm\xdc\xf1\xe3\xd7\xfb\x9e~\xe5DK\xea\x16\
\xea\xd3\x91\xbb?{A\xea\x06\x00\x00\x18I^\xf2\x00\
\x00\x00j\xd2\xc5M\x0d\xfd[\xd6\xcc\x8d_\xae\xff\xaa\
\x81\x07\x00\x0c\x93\xcb\xf2\xa3c\xe3-\xad-\x1boi\
\x8d\xd6\xa6\x5c_\xea\x1e\x00\x00\x80Zg\xe4\x01\x00\x00\
\xd4\x941\xa3/<\xf1\xedEW\xf7\x1f\xf9\xd97\xf2\
\x1d\xd3'\xa4\xce\x01\x80\xbap\xfd\xe5c\xa3\xe7\xcf\xda\
[V\x7f\xf9\x92\x13c.\xbc\xe0\x8d\xd4=\x00\x00\x00\
\xb5*\x97:\x00\x00\x00`\xa8\xdc4k\xe2\xe1G\xef\
\x9d=\xbe\xb9\xb1al\xea\x16\x00\xa8G_\x9b\xda4\
\xf6\xffu\xe5\xb8\xc8~\xfe?\xfa\xb3\x9f\xff\x8f|\xea\
\x1e\x00\x00\x80Z\xe3%\x0f\x00\x00\xa0\xea]\xf5\xb9O\
\x1d\xfe\xc5\xdf\xdd\x12\x1b\xb2\x1b\xc7776\xa4\xce\x01\
\x80\xba\x96o\x18\x15\x7f\xd1\xf1\xa9\xfc/\xbf\xd9\x16W\
]\xd2\xe0\x84\x0b\x00\x00\xc0\x10\xf2\x92\x07\x00\x00P\xb5\
.nj\xe8\xff\xc1wo\x18=w\xf6g\xc7\xa7n\
\x01\x00\xde\xed\xb2\xfc\xe8\xd8\xbe\xe0\xb2\x96\xa7_9\x11\
]O\xfc\xaa\xff\xe8\x1b\xbf\xf3\xb2\x07\x00\x00\xc0y\xf2\
\x92\x07\x00\x00PuF\xe7F\xfd\xe6\xdb\x8b\xae\xee\x7f\
\xe1\xa7]\xf9\xb9\xb3?\xfb\x89\xd4=\x00\xc0\x87\xbb\xfe\
\xf2\xb1\xf1\xc2\x92\x89\xf9\x95\x7f\xd4\xf2\xc6\x98\x0b/8\
\x91\xba\x07\x00\x00\xa0\x9a\x19y\x00\x00\x00U\xe5\xa6Y\
\x13\x0f\xef\xfd\xfby\x9f\xf8\xfe\x9d\xd7\xe7\x9df\x01\x80\
\xeaq\xfb\x17\x9b/z\xfe\x8e\xcf\x8c\xfd\xca\xe7>y\
8u\x0b\x00\x00@\xb5r\xae\x05\x00\x00\xa8\x0a\x97\xfd\
Ac\xdf\xda\xff8\xbb\xa5c\xfa\x04\xa7Y\x00\xa0J\
\xe5\x1bF\xc5cs?=~\xcf\xeb'\xe3\xb6\xa7\x0e\
\x1f\xde{\xe4\x94\xbf\xaf\x03\x00\x00\x9c\x05/y\x00\x00\
\x00\x15\xada\xcc\x85o\xfc\xe0\xbb7\x9c8\xf0\x0f\x0b\
Z:\xa6OH\x9d\x03\x00\x0c\x81\xe2%\x0d\xd1\xbd\xf0\
\xf2\xf1k\xe6\xfc\xc1o\x9a/\x1a\xd5\x9f\xba\x07\x00\x00\
\xa0Z\x18y\x00\x00\x00\x15\xeb\xdb\x8b\xae\xee?\xb8\xe3\
\xeb\x17-\xba\xf9\xaa\xb1\xa9[\x00\x80\xa1w\xe3\xa4q\
\x9fxa\xc9\xc4\xfc\xe2\xeb.\xee\x1f=\xea\x82\xdf\xa4\
\xee\x01\x00\x00\xa8tF\x1e\x00\x00@\xc5\xe9\x98>\xa1\
\xaf\xfc\xd3\xae\xf8\xfe\x9d\xd7\xe7\x9b\x1b\x1bR\xe7\x00\x00\
\xc3\xec/:>\x95\xdf\xf9\xbf]\xfe\x89\xaf|\xee\x93\
\x87S\xb7\x00\x00\x00T\xb2\x5c\xea\x00\x00\x00\x80\xd3.\
nj\xe8\xff\xbb\x07\xff$\xdf1}BK\xea\x16\x00\
`d]\x96\x1f\x1d\x8f\xcd\xfd\xf4\xf8\xa7_9\x11\xff\
\xfb?\x1c9\xbc\xf7\xc8\xa9\xf1\xa9\x9b\x00\x00\x00*\x8d\
\x97<\x00\x00\x80\xe4\xc6\x8c\xbe\xf0D\xe9\xcf\xbf\xf4\xc6\
\x91\x9f}#\xdf1}B\xea\x1c\x00 \xa1\xeb/\x1f\
\x1b\xdd\x0b/\x1f\xbf\xfa\xcb\x97\x9ch\xbehT\x7f\xea\
\x1e\x00\x00\x80Jb\xe4\x01\x00\x00$\xb5p\xeeU}\
\x87\xba\xbf>\xf6[]_\xb8(u\x0b\x00P9\xbe\
6\xb5i\xec\xb3\xdfl\xcf/\xbe\xeebC\x0f\x00\x00\
\x80\xb7]\xf0\xd6[o\xa5n\x00\x00\xa0\x0e\xe4\x8a\x99\
\x9fx\xf2.S&\xb5\xf4m\xc8nliomJ\
\x9d\x02\x00T\xb8W\xfb\x7f\x1bw\xfc\xf8\xf5\xbe\xa7_\
9\xe1\xa4\x1b\xefr\xe4\xee\xcf^\x90\xba\x01\x00\x00F\
\x92\x97<\x00\x00\x80\x11uqSC\xff\xff\xb9\xfa\x8f\
\x7f\xf3\xcb\xf5_5\xf0\x00\x00\xce\xc8e\xf9\xd1\xb1\xf1\
\x96\xd6\x96\x8d\xb7\xb4FkS\xae/u\x0f\x00\x00@\
*F\x1e\x00\x00\xc0\x88\x183\xfa\xc2\x13\xdf^tu\
\xff\x91\x9f}#?w\xf6g?\x91\xba\x07\x00\xa8>\
\xd7_>6z\xfe\xac\xbde\xf5\x97/91\xe6\xc2\
\x0bN\xa4\xee\x01\x00\x00\x18iF\x1e\x00\x00\xc0\xb0\xbb\
i\xd6\xc4\xc3\x87\xba\xbf>\xf6\xfbw^\x9fO\xdd\x02\
\x00T\xbf\xafMm\x1a\xfb\xfc\x1d\x9f\x19\xfb\xa7S\x9a\
\xbc\xea\x01\x00\x00\xd4\x15#\x0f\x00\x00`\xd8\x5c\xf5\xb9\
O\x1d\xfe\xc5\xdf\xdd\x12\x1b\xb2\x1b\xc7776\xa4\xce\
\x01\x00jH\xbeaT<\xf0\x95KZ~\xf9\xcd\xb6\
\xb8\xea\x92\x06c\x0f\x00\x00\xa0.\x18y\x00\x00\x00C\
\xee\xe2\xa6\x86\xfe\x1f|\xf7\x86\x13\xbb\x9e\xf8\xd3\xf1S\
\xaf,\xa4\xce\x01\x00j\xd8e\xf9\xd1\xb1}\xc1e-\
\x1boi\x8d\xe6\x8bF\xf5\xa7\xee\x01\x00\x00\x18NF\
\x1e\x00\x00\xc0\x90\x19\x9d\x1b\xf5\x9bo/\xba\xba\xff\x85\
\x9fv\xe5\x17\xdd|\xd5\xd8\xd4=\x00@\xfd\xb8\xfe\xf2\
\xb1\xf1\xc2\x92\x89\xf9\xc5\xd7]\xdc?\xe6\xc2\x0bN\xa4\
\xee\x01\x00\x00\x18\x0e\x17\xbc\xf5\xd6[\xa9\x1b\x00\x00\xa8\
\x03\xb9b\xe6'\x9e5\xaec\xfa\x84\xbeG\xbe\xf7o\
[\xda[\x9bR\xa7\x00\x00u\xae\xff\xe4\xef\xe2\x8e\xbf\
?|\xf8'/\xfcz|\xea\x16\x86\xd7\x91\xbb?{\
A\xea\x06\x00\x00\x18I\xb9\xd4\x01\x00\x00@u\xbb\xec\
\x0f\x1a\xfb\xd6\xfe\xc7\xd9-\x1d\xd3'\xb4\xa4n\x01\x00\
\x88\x88\xc87\x8c\x8a\xc7\xe6~z\xfc\x9e\xd7O\xc6m\
O\x1d>\xbc\xf7\xc8)c\x0f\x00\x00\xa0&8\xd7\x02\
\x00\x00\x9c\x93\x861\x17\xbe\xf1\x83\xef\xdep\xe2\xc0?\
,h\xe9\x98>!u\x0e\x00\xc0\xfb\x14/i\x88\xee\
\x85\x97\x8f_3\xe7\x0f~\xd3|\xd1\xa8\xfe\xd4=\x00\
\x00\x00\xe7\xcbK\x1e\x00\x00\xc0Y\xfb\xf6\xa2\xab\xfb\xbf\
\xfd\xf5k\xf2\xcd\x8d\x0d\xa9S\x00\x00>\xd6\x8d\x93\xc6\
}\xe2\x7fi\xffDd?\xff\x1f\xfd\x7f\xfd\x8fGG\
\xff\xf6wo}\x22u\x13\x00\x00\xc0\xb9\xb8\xe0\xad\xb7\
\x9cF\x07\x00`\xf8\xe5\x8a\x99\x9fx\xd6\x80)\x93Z\
\xfa6d7\xb6\xb4\xb76\xa5N\x01\x008'\xaf\xf6\
\xff6\x96m\xe9;\xfc\x93\x17~\xed\x84K\x0d8r\
\xf7g/H\xdd\x00\x00\x00#\xc9\xb9\x16\x00\x00\xe0c\
]\xdc\xd4\xd0\xbfe\xcd\xdc\xf8\xe5\xfa\xaf\x1ax\x00\x00\
U\xed\xb2\xfc\xe8xl\xee\xa7\xc7o\xbc\xa55&\x17\
\xc6\x1cN\xdd\x03\x00\x00p6\x8c<\x00\x00\x80\x0f5\
f\xf4\x85'J\x7f\xfe\xa57\x8e\xfc\xec\x1b\xf9\x8e\xe9\
\x13R\xe7\x00\x00\x0c\x99\xeb/\x1f\x1b\xdd\x0b/\x1f\xbf\
\xfa\xcb\x97\x9c\x18s\xe1\x05o\xa4\xee\x01\x00\x008\x13\
F\x1e\x00\x00\xc0\x07Z8\xf7\xaa\xbeC\xdd_\x1f\xfb\
\xad\xae/\x5c\x94\xba\x05\x00`\xb8|mj\xd3\xd8\xe7\
\xef\xf8\xccE\x8b\xaf\xbb\xb8?u\x0b\x00\x00\xc0\xc71\
\xf2\x00\x00\x00\xde\xe5\xaa\xcf}\xea\xf0/\xfe\xee\x96\xf8\
/\xabnhinlH\x9d\x03\x000\xec\xf2\x0d\xa3\
\xe2/:>\x95\xff\xe57\xdb\xe2\xfa\xcb\xc7\xf6\xa5\xee\
\x01\x00\x00\xf80\xb9\xd4\x01\x00\x00@e\xb8\xb8\xa9\xa1\
\xff\x07\xdf\xbda\xf4\xdc\xd9\x9f\x1d\x9f\xba\x05\x00 \x85\
\xcb\xf2\xa3c\xe3-\xad-O\xbfr\x22\xba\x9e\xf8U\
\xff\xd17~\x97O\xdd\x04\x00\x00\xf0\xfb\xbc\xe4\x01\x00\
\x00un\xcc\xe8\x0bO|{\xd1\xd5\xfdG~\xf6\x8d\
\xfc\xdc\xd9\x9f\xfdD\xea\x1e\x00\x80\xd4\xae\xbf|l\xbc\
\xb0db~\xe5\x1f\xb5\xbc1\xe6\xc2\x0bN\xa4\xee\x01\
\x00\x008\xcd\xc8\x03\x00\x00\xea\xd8M\xb3&\x1e>\xd4\
\xfd\xf5\xb1\xdf\xbf\xf3z_\xa5\x0a\x00\xf0\x1e\xb7\x7f\xb1\
\xf9\xa2\xe7\xef\xf8\xcc\xd8?\x9d\xd2\xe4\x84\x0b\x00\x00P\
\x11\x8c<\x00\x00\xa0\x0e]\xf5\xb9O\x1d\xde\xb2fn\
l\xc8n\x1c\xdf\xdc\xd8\x90:\x07\x00\xa0b\xe5\x1bF\
\xc5\x03_\xb9\xa4\xe5\x97\xdfl\x8b\xab.i0\xf6\x00\
\x00\x00\x92\xca\xa5\x0e\x00\x00\x00F\xce\xc5M\x0d\xfd\xf7\
}\xebKc\x16\xdd|\xd5\xf8\xd4-\x00\x00\xd5\xe4\xb2\
\xfc\xe8\xd8\xbe\xe0\xb2\x96\xa7\xf6\x1f\xff\xcd\x9d\xff\xf5\xf5\
\xdf\x1e}\xe3w^B\x03\x00\x00F\x9c\x97<\x00\x00\
\xa0N|{\xd1\xd5\xfd/\xfc\xb4+\xbf\xe8\xe6\xab\xc6\
\xa6n\x01\x00\xa8V7N\x1a\xf7\x89\x17\x96L\xcc/\
\xbe\xee\xe2\xfe1\x17^p\x22u\x0f\x00\x00P_\x8c\
<\x00\x00\xa0\xc6uL\x9f\xd0W\xfeiW|\xff\xce\
\xeb\xf3N\xb3\x00\x00\x0c\x8d\xbf\xe8\xf8T\xfe\xf9;>\
3\xf6+\x9f\xfb\xe4\xe1\xd4-\x00\x00@\xfdp\xae\x05\
\x00\x00j\xd4e\x7f\xd0\xd8\xb7\xf6?\xcen\xe9\x98>\
\xa1%u\x0b\x00@-\xca7\x8c\x8a\xc7\xe6~z\xfc\
\x9e\xd7O\xc6mO\x1d>\xbc\xf7\xc8)'\xf1\x00\x00\
\x80a\xe5%\x0f\x00\x00\xa81\x0dc.|\xe3\x07\xdf\
\xbd\xe1\xc4\x81\x7fX\xd0\xd21}B\xea\x1c\x00\x80\x9a\
W\xbc\xa4!\xba\x17^>~\xf5\x97/9\xd1|\xd1\
\xa8\xfe\xd4=\x00\x00@\xed2\xf2\x00\x00\x80\x1a\xb2p\
\xeeU}\x07w|\xfd\xa2E7_56u\x0b\x00\
@\xbd\xf9\xda\xd4\xa6\xb1\xcf~\xb3=\xbf\xf8\xba\x8b\xfb\
G\x8f\xba\xe07\xa9{\x00\x00\x80\xdas\xc1[o\xbd\
\x95\xba\x01\x00\x80:\x90+f~\xe29\x8c\xa6Lj\
\xe9\xdb\x90\xdd\xd8\xd2\xde\xda\x94:\x05\x00\x80\x88x\xb5\
\xff\xb7\xb1lK\xdf\xe1\x9f\xbc\xf0k'\x5c\x86\xd1\x91\
\xbb?{A\xea\x06\x00\x00\x18I^\xf2\x00\x00\x80*\
vqSC\xff\x965s\xe3\x97\xeb\xbfj\xe0\x01\x00\
PA.\xcb\x8f\x8e\xc7\xe6~z\xfc\xc6[Z\xa3\xb5\
)\xd7\x97\xba\x07\x00\x00\xa8\x0dF\x1e\x00\x00P\x85\xc6\
\x8c\xbe\xf0D\xe9\xcf\xbf\xf4\xc6\x91\x9f}#\xdf1}\
B\xea\x1c\x00\x00>\xc4\xf5\x97\x8f\x8d\x9e?koY\
\xfd\xe5KN\x8c\xb9\xf0\x827R\xf7\x00\x00\x00\xd5\xcd\
\xc8\x03\x00\x00\xaa\xccM\xb3&\x1e>\xd4\xfd\xf5\xb1\xdf\
\xea\xfa\xc2E\xa9[\x00\x0083_\x9b\xda4\xf6\xf9\
;>s\xd1\xe2\xeb.\xeeO\xdd\x02\x00\x00T/#\
\x0f\x00\x00\xa8\x12W}\xeeS\x87\x7f\xf1w\xb7\xc4\x86\
\xec\xc6\xf1\xcd\x8d\x0d\xa9s\x00\x008K\xf9\x86Q\xf1\
\x17\x1d\x9f\xca\xff\xf2\x9bmq\xd5%\x0dN\xb8\x00\x00\
\x00g-\x97:\x00\x00\x00\xf8h\x1775\xf4\xff\xe0\
\xbb7\x8c\x9e;\xfb\xb3\xe3S\xb7\x00\x00p\xfe.\xcb\
\x8f\x8e\xed\x0b.ky\xfa\x95\x13\xd1\xf5\xc4\xaf\xfa\x8f\
\xbe\xf1\xbb|\xea&\x00\x00\xa0:x\xc9\x03\x00\x00*\
\xd4\xe8\xdc\xa8\xdf|{\xd1\xd5\xfd/\xfc\xb4+?w\
\xf6g?\x91\xba\x07\x00\x80\xa1u\xfd\xe5c\xe3\x85%\
\x13\xf3+\xff\xa8\xe5\x8d1\x17^p\x22u\x0f\x00\x00\
P\xf9\x8c<\x00\x00\xa0\x02\xdd4k\xe2\xe1\xbd\x7f?\
\xef\x13\xdf\xbf\xf3\xfa\xbc\xd3,\x00\x00\xb5\xed\xf6/6\
_\xf4\xfc\x1d\x9f\x19\xfb\xa7S\x9a\x9cp\x01\x00\x00>\
\x92\x91\x07\x00\x00T\x90\xab>\xf7\xa9\xc3[\xd6\xcc\x8d\
\x0d\xd9\x8d\xe3\xdb[\x9bR\xe7\x00\x000B\xf2\x0d\xa3\
\xe2\x81\xaf\x5c\xd2\xb2m\xc1e1\xb90\xe6p\xea\x1e\
\x00\x00\xa02\xe5R\x07\x00\x00\x00\x11\x0dc.|#\
[6\xf3\xadE7_5>u\x0b\x00\x00\xe9\x14/\
i\x88\xee\x85\x97\x8f\x7fj\xff\xf1\xdf\xdc\xf9__\xff\
\xed\xd17~\x97O\xdd\x04\x00\x00T\x0e/y\x00\x00\
@b\xdf^tu\xff\xc1\x1d_\xbfh\xd1\xcdW\x8d\
M\xdd\x02\x00@e\xb8q\xd2\xb8O\xbc\xb0db~\
\xf1u\x17\xf7\x8f\xb9\xf0\x82\x13\xa9{\x00\x00\x80\xca`\
\xe4\x01\x00\x00\x89tL\x9f\xd0W\xfeiW|\xff\xce\
\xeb\xf3\xcd\x8d\x0d\xa9s\x00\x00\xa8@\x7f\xd1\xf1\xa9\xfc\
\xf3w|f\xecW>\xf7I'\x5c\x00\x00\x00#\x0f\
\x00\x00\x18i\x97\xfdAc\xdf\x965sc\xcb\x9a\xb9\
-\xed\xadM\xa9s\x00\x00\xa8p\xf9\x86Q\xf1\xd8\xdc\
O\x8f\xdfxKkL.\x8c1\xf6\x00\x00\x80:f\
\xe4\x01\x00\x00#d\xcc\xe8\x0bO\x94\xfe\xfcKo\x1c\
\xf8\x87\x05-\x1d\xd3'\xa4\xce\x01\x00\xa0\xca\x5c\x7f\xf9\
\xd8\xe8^x\xf9\xf8\xd5_\xbe\xe4D\xf3E\xa3\xfaS\
\xf7\x00\x00\x00#\xcf\xc8\x03\x00\x00F\xc0\xc2\xb9W\xf5\
\x1d\xea\xfe\xfa\xd8ou}\xe1\xa2\xd4-\x00\x00T\xb7\
\xafMm\x1a\xfb\xec7\xdb\xf3\x8b\xaf\xbb\xb8\x7f\xf4\xa8\
\x0b~\x93\xba\x07\x00\x00\x189\x17\xbc\xf5\xd6[\xa9\x1b\
\x00\x00\xa8\x03\xb9bV\x97?\xf1\x9c2\xa9\xa5oC\
v\xa3\xb3,\x00\x00\x0c\x8bW\xfb\x7f\x1bw\xfc\xf8\xf5\
\xbe\xa7_9\xd1\x92\xba%\x85#w\x7f\xf6\x82\xd4\x0d\
\x00\x000\x92\xbc\xe4\x01\x00\x00\xc3\xe0\xe2\xa6\x86\xfe-\
k\xe6\xc6/\xd7\x7f\xd5\xc0\x03\x00\x80asY~t\
l\xbc\xa5\xb5e\xe3-\xad\xd1\xda\x94\xebK\xdd\x03\x00\
\x00\x0c/#\x0f\x00\x00\x18BcF_x\xe2\xdb\x8b\
\xae\xee?\xf2\xb3o\xe4;\xa6OH\x9d\x03\x00@\x9d\
\xb8\xfe\xf2\xb1\xd1\xf3g\xed-\xab\xbf|\xc9\x891\x17\
^\xf0F\xea\x1e\x00\x00`x\x18y\x00\x00\xc0\x10\xb9\
i\xd6\xc4\xc3\x87\xba\xbf>\xf6\xfbw^\x9fO\xdd\x02\
\x00@}\xfa\xda\xd4\xa6\xb1\xcf\xdf\xf1\x99\x8b\xfetJ\
\x93W=\x00\x00\xa0\x06\x19y\x00\x00\xc0y\xba\xeas\
\x9f:\xfc\x8b\xbf\xbb%6d7\x8eonlH\x9d\
\x03\x00@\x9d\xcb7\x8c\x8a\x07\xberI\xcb/\xbf\xd9\
\x16W]\xd2`\xec\x01\x00\x005\xc4\xc8\x03\x00\x00\xce\
\xd1\xc5M\x0d\xfd?\xf8\xee\x0d'v=\xf1\xa7\xe3\xa7\
^YH\x9d\x03\x00\x00\xefrY~tl_pY\
\xcb\xc6[Z\xa3\xf9\xa2Q\xfd\xa9{\x00\x00\x80\xf3g\
\xe4\x01\x00\x00gitn\xd4o\xbe\xbd\xe8\xea\xfe\x17\
~\xda\x95_t\xf3UcS\xf7\x00\x00\xc0G\xb9\xfe\
\xf2\xb1\xf1\xc2\x92\x89\xf9\x95\x7f\xd4\xf2\xc6\x98\x0b/8\
\x91\xba\x07\x00\x008wF\x1e\x00\x00p\x16n\x9a5\
\xf1\xf0\xde\xbf\x9f\xf7\x89\xef\xdfy}\xdei\x16\x00\x00\
\xaa\xc9\xed_l\xbe\xe8\xf9;>3\xf6+\x9f\xfb\xe4\
\xe1\xd4-\x00\x00\xc0\xb9\xc9\xa5\x0e\x00\x00\x80jp\xd9\
\x1f4\xf6\xad\xfd\x8f\xb3[:\xa6O\x18\x9f\xba\x05\x00\
\x00\xceU\xbeaT<6\xf7\xd3\xe3\xf7\xbc~2n\
{\xea\xf0\xe1\xbdGN\xf9\xf9-\x00\x00T\x11/y\
\x00\x00\xc0Gh\x18s\xe1\x1b?\xf8\xee\x0d'\x0e\xfc\
\xc3\x82\x96\x8e\xe9\x13R\xe7\x00\x00\xc0\x90(^\xd2\x10\
\xdd\x0b/\x1f\xbff\xce\x1f\xfc\xa6\xf9\xa2Q\xfd\xa9{\
\x00\x00\x803c\xe4\x01\x00\x00\x1f\xe2\xdb\x8b\xae\xee?\
\xb8\xe3\xeb\x17-\xba\xf9\xaa\xb1\xa9[\x00\x00`8\xdc\
8i\xdc'^X21\xbf\xf8\xba\x8b\xfbG\x8f\xba\
\xe07\xa9{\x00\x00\x80\x8ff\xe4\x01\x00\x00\xef\xd11\
}B_\xf9\xa7]\xf1\xfd;\xaf\xcf776\xa4\xce\
\x01\x00\x80a\xf7\x17\x1d\x9f\xca\xef\xfc\xdf.\xff\xc4W\
>\xf7\xc9\xc3\xa9[\x00\x00\x80\x0f\x97K\x1d\x00\x00\x00\
\x95\xe2\xe2\xa6\x86\xfe\xbf{\xf0O\xf2\x1d\xd3'\xb4\xa4\
n\x01\x00\x80\x91vY~t<6\xf7\xd3\xe3\x9f~\
\xe5D\xfc\xef\xffp\xe4\xf0\xde#\xa7\xc6\xa7n\x02\x00\
\x00\xde\xcdK\x1e\x00\x00\xd4\xbd1\xa3/<Q\xfa\xf3\
/\xbdq\xe4g\xdf\xc8wL\x9f\x90:\x07\x00\x00\x92\
\xba\xfe\xf2\xb1\xd1\xbd\xf0\xf2\xf1\xab\xbf|\xc9\x891\x17\
^\xf0F\xea\x1e\x00\x00\xe0_\x19y\x00\x00P\xd7\x16\
\xce\xbd\xaa\xefP\xf7\xd7\xc7~\xab\xeb\x0b\x17\xa5n\x01\
\x00\x80J\xf2\xb5\xa9Mc\x9f\xbf\xe33\x17-\xbe\xee\
\xe2\xfe\xd4-\x00\x00\xc0\xa0\x0b\xdez\xeb\xad\xd4\x0d\x00\
\x00\xd4\x81\x5c1\xab\xa8\x9fxN\x99\xd4\xd2\xb7!\xbb\
\xb1\xa5\xbd\xb5)u\x0a\x00\x00T\xbcW\xfb\x7f\x1bw\
\xfc\xf8\xf5\xbe\xa7_9QQ\xa7\x0d\x8f\xdc\xfd\xd9\x0b\
R7\x00\x00\xc0H\xf2\x92\x07\x00\x00u\xe5\xe2\xa6\x86\
\xfe\xffs\xf5\x1f\xff\xe6\x97\xeb\xbfj\xe0\x01\x00\x00g\
\xe8\xb2\xfc\xe8\xd8xKk\xcb\xc6[Z\xa3\xb5)\xd7\
\x97\xba\x07\x00\x00\xea\x95\x91\x07\x00\x00ua\xcc\xe8\x0b\
O|{\xd1\xd5\xfdG~\xf6\x8d\xfc\xdc\xd9\x9f\xfdD\
\xea\x1e\x00\x00\xa8F\xd7_>6z\xfe\xac\xbde\xe5\
\x1f\xb5\xbc1\xe6\xc2\x0bN\xa4\xee\x01\x00\x80zc\xe4\
\x01\x00@\xcd\xbbi\xd6\xc4\xc3\x87\xba\xbf>\xf6\xfbw\
^\x9fO\xdd\x02\x00\x00\xb5\xe0\xf6/6_\xf4\xfc\x1d\
\x9f\x19\xfb\xa7S\x9a\xbc\xea\x01\x00\x00#\xc8\xc8\x03\x00\
\x80\x9au\xd5\xe7>ux\xcb\x9a\xb9\xb1!\xbbq|\
scC\xea\x1c\x00\x00\xa8)\xf9\x86Q\xf1\xc0W.\
i\xf9\xe57\xdb\xe2\xaaK\x1a\x8c=\x00\x00`\x04\xe4\
R\x07\x00\x00\xc0P\xbb\xb8\xa9\xa1\xff\xbeo}i\xcc\
\xa2\x9b\xaf\x1a\x9f\xba\x05\x00\x00j\xdde\xf9\xd1\xb1}\
\xc1e-O\xbfr\x22\xba\x9e\xf8U\xff\xd17~\xe7\
\x05=\x00\x00\x18&^\xf2\x00\x00\xa0f\x8c\xce\x8d\xfa\
\xcd\xb7\x17]\xdd\xff\xc2O\xbb\xf2\x8bn\xbejl\xea\
\x1e\x00\x00\xa8'\xd7_>6^X21\xbf\xf8\xba\
\x8b\xfb\xc7\x5cx\xc1\x89\xd4=\x00\x00P\x8b.x\xeb\
\xad\xb7R7\x00\x00P\x07r\xc5lX\x7f\xe2\xd91\
}B\xdf#\xdf\xfb\xb7-\xed\xadM\xc3\xf9\xdd\x00\x00\
\x00g\xa0\xff\xe4\xef\xe2\x8e\xbf?|\xf8'/\xfcz\
X_\xd7;r\xf7g/\x18\xceo\x1f\x00\x00*\x8d\
s-\x00\x00T\xb5\xcb\xfe\xa0\xb1o\xed\x7f\x9c\xdd\xd2\
1}BK\xea\x16\x00\x00`P\xbeaT<6\xf7\
\xd3\xe3\xf7\xbc~2n{\xea\xf0\xe1\xbdGN9\xa5\
\x08\x00\x00C\xc0\xb9\x16\x00\x00\xaaR\xc3\x98\x0b\xdf\xf8\
\xc1wo8q\xe0\x1f\x16\xb4tL\x9f\x90:\x07\x00\
\x00\xf8\x00\xc5K\x1a\xa2{\xe1\xe5\xe3\xd7\xcc\xf9\x83\xdf\
4_4\xaa?u\x0f\x00\x00T;/y\x00\x00P\
u\xbe\xbd\xe8\xea\xfeo\x7f\xfd\x9a|scC\xea\x14\
\x00\x00\xe0\x0c\xdc8i\xdc'\xfe\x97\xf6OD\xf6\xf3\
\xff\xd1\xff\xd7\xffxt\xf4o\x7f\xf7\xd6'R7\x01\
\x00@5\xba\xe0\xad\xb7\x86\xf54:\x00\x00DDD\
\xae\x98\x9d\xf7O<\xa7Lj\xe9\xdb\x90\xdd\xd8\xd2\xde\
\xda4\x14I\x00\x00@\x02\xaf\xf6\xff6\x96m\xe9;\
\xfc\x93\x17~}\xde'\x5c\x8e\xdc\xfd\xd9\x0b\x86\xa2\x09\
\x00\x00\xaa\x85s-\x00\x00T\xbc\x8b\x9b\x1a\xfa\xb7\xac\
\x99\x1b\xbf\x5c\xffU\x03\x0f\x00\x00\xa8r\x97\xe5G\xc7\
cs?=~\xe3-\xad\xd1\xda\x94\xebK\xdd\x03\x00\
\x00\xd5\xc4\xc8\x03\x00\x80\x8a5f\xf4\x85'J\x7f\xfe\
\xa57\x8e\xfc\xec\x1b\xf9\x8e\xe9\x13R\xe7\x00\x00\x00C\
\xe8\xfa\xcb\xc7F\xcf\x9f\xb5\xb7\xac\xfe\xf2%'\xc6\x5c\
x\xc1\x1b\xa9{\x00\x00\xa0\x1a\x18y\x00\x00P\x91n\
\x9a5\xf1\xf0\xa1\xee\xaf\x8f\xfdV\xd7\x17.J\xdd\x02\
\x00\x00\x0c\x9f\xafMm\x1a\xfb\xfc\x1d\x9f\xb9h\xf1u\
\x17\xf7\xa7n\x01\x00\x80Jg\xe4\x01\x00@E\xb9\xea\
s\x9f:\xfc\x8b\xbf\xbb%6d7\x8eonlH\
\x9d\x03\x00\x00\x8c\x80|\xc3\xa8\xf8\x8b\x8eO\xe5\x7f\xf9\
\xcd\xb6\xb8\xfe\xf2\xb1N\xb8\x00\x00\xc0\x87\xc8\xa5\x0e\x00\
\x00\x80\x88\x88\x8b\x9b\x1a\xfa\x7f\xf0\xdd\x1bF\xcf\x9d\xfd\
\xd9\xf1\xa9[\x18\x19\xab\x1e\xde\x99:\x81\x0a4uR\
K47}\xf0\xc0\xab\xed\xd2\xa6hom\x1a\xe1\x22\
\xea\xc9\x8eg^\x8b\x1d\xcf\x1cL\x9d1\x22:\xa6\xb7\
\x86Sh\xb5\xe7\xe8\xc0\xc9\xc8~\xd8\x93:\xa3ju\
\xce\x9a\x18S\xaf,\xa4\xce\xa8{\x97\xe5G\xc7\xc6[\
Z[\x9e~\xe5Dt=\xf1\xab\xfe\xa3o\xfc.\x9f\
\xba\x09\x00\x00*\x89\x91\x07\x00\x00I\x8d\xce\x8d\xfa\xcd\
\x9d\xf3?\xff\xdb\xef\xdfy\xbd_\xbc\xad3F\x1e\x0c\
\x85\xb6K\x1b\xa3\xed\xd2\x7f\x1d~\xb4\xb7\xbe{\x08\xd2\
1\xbd5\x22\x22\x9a\x1b\x1b|\xe2\x8e\x8f\xb5\xe3\x99\x83\
u\xf3c\xd3\xf2\xdb\xae5\xf2\xa81G\x07N\xc6\xac\
\xae\xf5\xb1{\xbf\x07\x10\xce\xc5M\xb3&\xc6\xf2\xdb\xae\
M\x9d\xc1\xef\xb9\xfe\xf2\xb1\xf1\xc2\x92\x89\xf9\x87\xfe\xf1\
\xe8\x1b\xdf\xef\xfe\xff\xbeu\xea\xff\xf7\xd6\xd8\xd4M\x00\
\x00P\x09\x8c<\x00\x00H\xe6\xa6Y\x13\x0f\xdf\x7f\xf7\
\x8c\xf1\xbe2\x1f8W/\x1f\x1a\x88\x97\x0f\x0d\xbc\xf3\
\x9f\xbb\x9f\xfd\xf8W\x18\xa6Lj\x89\xe6\xc6\x86w\x06\
!\x83/\x844\xc6\xd4+\x0b\xe1L\x14P\xad\x16.\
\xdbl\xe0q\x8e\xa6Lj\x89G\xef\x9d\x9d:\x83\x0f\
q\xfb\x17\x9b/\xfa\xda\xd4\xa6X\xb1\xb5\xaf\xef\xff\xb3\
\xfbXK\xea\x1e\x00\x00H\xcd\xc8\x03\x00\x80\x11w\xd5\
\xe7>u8\xfb\x7fw\x8c\xef\x98>\xc1i\x16`\xc4\
\x9d\xfe$\xe8\x87\x0dBf\x5c\xd3\x1a\xed\xadM1\xf5\
\xcaBL\xbb\xb2\xc5k\x07@\xc5[\xb8ls<\xb9\
\xf5\xa5\xd4\x19Ui\xca\xa4\x96\xd8\xba\xf6f#\xbf\x0a\
\x97o\x18\x15\x0f|\xe5\x92\x96o\xfd\x9b\x8b\xe3\xd6\x0d\
\xffw\xdf?\xbf~\xd2\xd8\x03\x00\x80\xbae\xe4\x01\x00\
\xc0\x88\xb9\xb8\xa9\xa1\xff\xbeo}i\xcc\xa2\x9b\xaf2\
\xee\x00*V\xf7\xb3\x07\x07\x07 \x9b\xf6\xbe\xf3\xfb\xa6\
Lj\x89\x99\xd3'D\xc7\xf4\xd6\xe8\xf8\xe2\x04\x9f\x0c\
\x04*\xc6]\xf7u\xc7c\xbf\xf7\xe3\x15g\xce\xc0\xa3\
\xfa\x5c\x96\x1f\x1d\xdb\x17\x5c\xd6\xf2\xd4\xfe\xe3\xbf\xb9\xf3\
\xbf\xbe\xfe\xdb\xa3o\xfc\xce\xc9G\x00\x00\xea\x8e\x91\x07\
\x00\x00\xc3\xaeP*\xcf\xfc\xc6\xd7>?p\xef\xed_\
\xcc\xfbEt\xa0\x1a\xed\xde\xdf\x17\xbb\xf7\xf7E\xf6x\
OD\x0c~bp\xce\x0dWD\xe7\xac\x891\xf5\xca\
B\xda8\xa0n\xad\xdb\xb8\xf7\x9d\x1f\x978;\x06\x1e\
\xd5\xed\xc6I\xe3>q\xe3\xa4qq\xd7\xfa\x97\x07r\
\xc5\xac\xeb\xcd=\x8b\xd7\xa6n\x02\x00\x80\x91b\xe4\x01\
\x00\xc0\xb0)\x94\xca\xed\x11\xb16\x22:\xbe\xfa\xd5k\
\xfc\x22:P3N\x8f>V=\xbc3\xda.m\x8c\
\xceYW\xc4\xfc9\x93\x0d>\x80\x11\xb3n\xe3\xdeX\
\xf4\x9d\xcd\xa93\xaaR\xdb\xa5\x8d\x06\x1e5\xa2\xf3\xf2\
\x0b\x1b\xb3\x885\xb9b\xd6\x15\x11+\xdf\xdc\xb3x{\
\xe2$\x00\x00\x18v\xa3R\x07\x00\x00P{\x0a\xa5r\
s\xa1T~ \x22\x0eDDG\xe2\x1c\x80a\xf5\xf2\
\xa1\x81\xc8\x1e\xef\x89\xab\xff\xfd\xdf\xc4\x15\xffnM<\
\xf8\xc3\x9e8:p2u\x16P\xc3v\xed;b\xe0\
q\x8e\xf2\xe3\xc6\xc4\x86\xecF\x03\x8f\xda\xd3\x11\x11\xdb\
r\xc5lm\xae\x985\xa7\x8e\x01\x00\x80\xe1d\xe4\x01\
\x00\xc0\x90*\x94\xcaK#\xa27\x22\x96\xa4-\x01\x18\
y/\x1f\x1a\x88o\x95\xba\xa3\xe5\x7f\xfeA,\x5c\xb6\
9v<\xf3Z\xea$\xa0\xc6\xec\xdaw$fu\xad\
O\x9dQ\x95\xf2\xe3\xc6\xc4\xd6\xb57{u\xa9\xb6\xcd\
\x8f\x88\xde\x5c1[\x99\xb8\x03\x00\x00\x86\x8d\x91\x07\x00\
\x00C\xa2P*\xcf,\x94\xca=\x11\xb1:\x22\xf2\x89\
s\x00\x92{l\xd3\xde\xb8a\xc1\x86\x98\xd5\xb5\xde\xd8\
\x03\x18\x12\xbd\x07\x8f\xc5\xac\xae\xf5\xd1\x7f\xfcT\xea\x94\
\xaac\xe0QW\xf2\x11\xb1\x22W\xcczs\xc5lN\
\xea\x18\x00\x00\x18jF\x1e\x00\x00\x9c\x97B\xa9\xdc^\
(\x957F\xc4\xb6\x88\x98\x9a8\x07\xa0\xe2t?{\
\xd0\xd8\x038oG\x07N\xc6\xdc\xc5O\x19x\x9c\x03\
\x03\x8f\xba\xd5\x16\x11O\xe4\x8a\xd9\xf6\x5c1kO\x1d\
\x03\x00\x00C\xc5\xc8\x03\x00\x80sR(\x95\x9b\x0b\xa5\
\xf2\xca\x888\x10\x11\x9d\x89s\x00*\x9e\xb1\x07p\xae\
\x8e\x0e\x9c\x8cY]\xebc\xf7\xfe\xbe\xd4)U\xc9\xc0\
\xa3\xeeuD\xc4\x81\x5c1{ W\xcc\x9aS\xc7\x00\
\x00\xc0\xf92\xf2\x00\x00\xe0\xac\x15J\xe5\xae\x88\xe8\x89\
\x88\x15iK\x00\xaa\xcf\xe9\xb1\xc7\xdc\xc5OE\xef\xc1\
c\xa9s\x80*0\xf7\x8e\xa7\x0c<\xce\xd1#\xdf\x9b\
m\xe0\xc1iK\x22\xa27W\xcc\x96\xa6\x0e\x01\x00\x80\
\xf3a\xe4\x01\x00\xc0\x19+\x94\xca3\x0b\xa5\xf2\xf6\x88\
X\x13\x83\xcf\x1f\x03p\x8e\x9e\xdc\xfaR\x5c}\xf3\x8f\
b\xd5\xc3;S\xa7\x00\x15l\xe1\xb2\xcd\xd1\xfd\xec\xc1\
\xd4\x19U\xe9\x91\xef\xcd\x8e\xf9s&\xa7\xce\xa0\xb2\xe4\
#bu\xae\x98\xf5\xe6\x8a\xd9\xcc\xd41\x00\x00p.\
\x8c<\x00\x00\xf8X\x85R\xb9\xbdP*\xaf\x8d\x88m\
1\xf8\xdc1\x00C\xa0\xff\xf8\xa9X\xf5\xf0\xce\xf8\xc2\
\xcd?\x8a]\xfb\x8e\xa4\xce\x01*\xcc\xc2e\x9b\xe3\xb1\
M{SgT%\x03\x0f>F[Dl\xcb\x15\xb3\
\x8d\xb9b\xd6\x9e:\x06\x00\x00\xce\x86\x91\x07\x00\x00\x1f\
\xa9P*\xaf\x8c\xc1\xd3,\xf3\xd3\x96\x00\xd4\xae\xdd\xfb\
\xfb\xe2\xea\x7f\xff7^\xf5\x00\xde\xb1n\xe3^\x03\x8f\
sd\xe0\xc1Y\xe8\x8c\x88\x03\xb9b\xb62W\xcc\x9a\
S\xc7\x00\x00\xc0\x990\xf2\x00\x00\xe0\x03\x15J\xe59\
\x85R\xb97\x22V\xc4\xe0\xb3\xc6\x00\x0c\xb3\xd3\xafz\
\xf4\x1e<\x96:\x05Hh\xdd\xc6\xbd\xb1\xe8;\x9bS\
gT\xa5\xbf\xbc{\x86\x81\x07\xe7bED\xf4\xe6\x8a\
YW\xea\x10\x00\x00\xf88F\x1e\x00\x00\xbcK\xa1T\
\x9eV(\x95\xb7G\xc4\x131\xf8\x8c1\x00#h\xf7\
\xfe\xbe\xb8\xfa\xe6\x1f\xc5\xa6-/\xa6N\x01\x12\xd8\xf1\
\xcck\x06\x1e\xe7h^\xe7\xe4Xr\xeb\xb4\xd4\x19T\
\xaf|D\xac\xc9\x15\xb3\x9e\x5c1\x9b\x99:\x06\x00\x00\
>\x8c\x91\x07\x00\x00\x11\x11Q(\x95\x9b\x0b\xa5\xf2\xda\
\x88x.\x22:\x12\xe7\x00\xd4\xb5\xfe\xe3\xa7\xe2\xe6%\
\x7f\x1fw\xdd\xd7\x9d:\x05\x18A\xbb\xf6\x1d\x89\xb9w\
<\x95:\xa3*\xcd\xeb\x9c\x1c\x8f\xde;;u\x06\xb5\
ajDl\xcb\x15\xb3\xb5\xb9b\xd6\x9e:\x06\x00\x00\
\xde\xcb\xc8\x03\x00\x80(\x94\xcaK#\xa27\x22\xe6\xa7\
-\x01\xe0\xf7e\x8f\xf7\xc4\xdc\xc5O\xc5\xd1\x81\x93\xa9\
S\x80a\xb6k\xdf\x91\x98\xd5\xb5>\xfa\x8f\x9fJ\x9d\
Ru\x0c<\x18&\xf3#\xa2'W\xccV\xe6\x8aY\
s\xea\x18\x00\x008\xcd\xc8\x03\x00\xa0\x8e\x15J\xe5\x99\
\x85R\xb97\x22V\xc7\xe0\xf3\xc4\x00T\x98'\xb7\xbe\
\x14\xb3\xba\xd6\x1bz@\x0d;:p2\x16,\xdbl\
\xe0q\x0e\x0c<\x18f\xf9\x88X\x11\x83c\x8f\xae\xc4\
-\x00\x00\x10\x11F\x1e\x00\x00u\xa9P*\xb7\x17J\
\xe5\xed\x11\xb1-\x22\xda\x12\xe7\x00\xf01v\xef\xef\x8b\
\xabo\xfeQ\xec\xdaw$u\x0a0\xc4\x8e\x0e\x9c\x8c\
Y]\xebc\xf7\xfe\xbe\xd4)U\xe7\xa6Y\x13\x0d<\
\x18)m\x11\xb1&W\xcc\xb6\xe7\x8a\xd9\xb4\xd41\x00\
\x00\xd47#\x0f\x00\x80:R(\x95\x9b\x0b\xa5\xf2\x03\
\x11q \x22:\x12\xe7\x00p\x16^>4\x10\xb3\xba\
\xd6\x1bz@\x8d1\xf087S&\xb5\x18x\x90B\
GD<\x97+fk\x9dp\x01\x00 \x15#\x0f\x00\
\x80:Q(\x95\xbb\x22\xa27\x22\x96\xa4-\x01\xe0\x5c\
\xf5\x1f?e\xe8\x015d\xe1\xb2\xcd\x06\x1e\xe7`\xca\
\xa4\x96\xd8\xba\xf6\xe6hnlH\x9dB\xfd\x9a\x1f\x11\
\xbd\xb9b\xb62q\x07\x00\x00u\xc8\xc8\x03\x00\xa0\xc6\
\x15J\xe5\x99\x85R\xb9'\x22\xd6\xc4\xe0Mi\x00\xaa\
\x98\xa1\x07\xd4\x86\x85\xcb6\xc7c\x9b\xf6\xa6\xce\xa8:\
\x06\x1eT\x90|D\xac\xc8\x15\xb3\xde\x5c1\x9b\x99:\
\x06\x00\x80\xfaa\xe4\x01\x00P\xa3\x0a\xa5r{\xa1T\
\xde\x18\x11\xdb\x22bj\xe2\x1c\x00\x86\x90\xa1\x07T\xb7\
\x07\x7f\xd8c\xe0q\x0e\x0c<\xa8Pm\x11\xb1-W\
\xcc\xb6\xe7\x8aY{\xea\x18\x00\x00j\x9f\x91\x07\x00@\
\x8d)\x94\xca\xcd\x85RyeD\xf4DDg\xda\x1a\
\x00\x86K\xff\xf1S1w\xf1Sqt\xe0d\xea\x14\
\xe0,\xac\xdb\xb87\xbeU\xeaN\x9dQu\xda.m\
4\xf0\xa0\xd2uD\xc4\x81\x5c1{ W\xcc\x9aS\
\xc7\x00\x00P\xbb\x8c<\x00\x00jH\xa1T\xee\x8a\xc1\
q\xc7\x8ap\x9a\x05\xa0\xe6\xbd|h fu\xad7\
\xf4\x80*\xb1i\xcb\x8b\xb1\xe8;\x9bSgT\x9d\xfc\
\xb81\xb1!\xbb\xd1\xc0\x83j\xb1$\x22zs\xc5l\
i\xea\x10\x00\x00j\x93\x91\x07\x00@\x0d(\x94\xca3\
\x0b\xa5\xf2\xf6\x88X\x13\x83\xcf\x05\x03P'v\xef\xef\
\x8b\x85\xcb|\xd2\x18*\xdd\xae}G|\xac\x9e\x83\xfc\
\xb81\xb1u\xed\xcd1\xf5\xcaB\xea\x148\x1b\xf9\x88\
X\x9d+f=\xb9b63u\x0c\x00\x00\xb5\xc5\xc8\
\x03\x00\xa0\x8a\xbd}\x9aemDl\x8b\xc1\xe7\x81\x01\
\xa8COn})\xee\xba\xcf\xf9\x07\xa8T\xbb\xf6\x1d\
\x89Y]\xeb\xa3\xff\xf8\xa9\xd4)U\xc5\xc0\x83\x1a0\
5\x22\xb6\xe5\x8a\xd9\xc6\x5c1kO\x1d\x03\x00@m\
0\xf2\x00\x00\xa8R\x85RyeD\xf4F\xc4\xfc\xb4\
%\x00T\x82\xec\xf1\x9eX\xb7qo\xea\x0c\xe0=\x8e\
\x0e\x9c\x8c\xb9\x8b\x9f2\xf08K\x06\x1e\xd4\x98\xce\x88\
8\x90+f+s\xc5\xac9u\x0c\x00\x00\xd5\xcd\xc8\
\x03\x00\xa0\xca\x14J\xe59\x85R\xb97\x22V\xc4\xe0\
3\xc0\x00\x10\x11\x11w\xdd\xb7#v\xed;\x92:\x03\
x\xdb\xd1\x81\x931\xabk}\xbc|h uJ\xd5\
1\xf0\xa0F\xad\x88\x88\xde\x5c1\xebJ\x1d\x02\x00@\
\xf52\xf2\x00\x00\xa8\x12\x85RyZ\xa1T\xde\x1e\x11\
ODD[\xe2\x1c\x00*P\xff\xf1S\xb1`\xd9\xe6\
8:p2u\x0a\xd4\xbd\xd3\x03\x8f\xdd\xfb\xfbR\xa7\
T\x9dG\xbe7\xdb\xc0\x83Z\x96\x8f\x885\xb9b\xb6\
=W\xccf\xa6\x8e\x01\x00\xa0\xfa\x18y\x00\x00T\xb8\
B\xa9\xdc\x5c(\x95\x1f\x88\x88\xe7\x22\xa2#q\x0e\x00\
\x15n\xf7\xfe\xbeX\xf5\xd0\xce\xd4\x19P\xf7\xee\xba\xaf\
\xdb\xc0\xe3\x1c<\xf2\xbd\xd91\x7f\xce\xe4\xd4\x190\x12\
:\x22b[\xae\x98\xad\xcd\x15\xb3\xf6\xd41\x00\x00T\
\x0f#\x0f\x00\x80\x0aV(\x95\x97FDoD,I\
[\x02@5\xc9\x1e\xef\x89\x1d\xcf\xbc\x96:\x03\xea\xd6\
\xc2e\x9b\xe3\xb1M{SgT\x1d\x03\x0f\xea\xd4\xfc\
\x88\xe8\xc9\x15\xb3\x95\xb9b\xd6\x9c:\x06\x00\x80\xcag\
\xe4\x01\x00P\x81\x0a\xa5\xf2\xccB\xa9\xdc\x1b\x11\xabc\
\xf09_\x008+s\xefx\xca\xd9\x16H`\xd5\xc3\
;\x0d<\xce\x81\x81\x07u.\x1f\x11+bp\xec1\
'q\x0b\x00\x00\x15\xce\xc8\x03\x00\xa0\x82\x14J\xe5\xf6\
B\xa9\xbc=\x22\xb6ED[\xe2\x1c\x00\xaaX\xff\xf1\
Sq\xd7}\xdd\xa93\xa0\xae\xac\xdb\xb87V=\xec\
\x5c\xd2\xd9\xfa\xcb\xbbg\x18x\xc0\xa0\xb6\x88x\x22W\
\xcc\xb6\xe7\x8a\xd9\xb4\xd41\x00\x00T&#\x0f\x00\x80\
\x0aP(\x95\x9b\x0b\xa5\xf2\xca\x888\x10\x83\xb7\x99\x01\
\xe0\xbc=\xb6i\xaf\xb3-0B\xd6m\xdc\x1b\x8b\xbe\
\xb39uF\xd5\x99\xd799\x96\xdc:-u\x06T\
\x9a\x8e\x88x.W\xcc\xd6:\xe1\x02\x00\xc0{\x19y\
\x00\x00$V(\x95\xbb\x22\xa27\x06\x9f\xe7\x05\x80!\
\xb5p\x99O:\xc3p\xdb\xb5\xefH\xdcu\xdf\x8e\xd4\
\x19Ug^\xe7\xe4x\xf4\xde\xd9\xa93\xa0\x92\xcd\x8f\
\x88\xde\x5c1[\x9a:\x04\x00\x80\xcaa\xe4\x01\x00\x90\
H\xa1T\x9eY(\x95{\x22bM\x0c\xde`\x06\x80\
!\xf7\xf2\xa1\x01\xe7#`\x18\xed\xdaw$fu\xad\
\x8f\xfe\xe3\xa7R\xa7T\x15\x03\x0f8c\xf9\x88X\x9d\
+f\xbd\xb9b63u\x0c\x00\x00\xe9\x19y\x00\x00\
\x8c\xb0B\xa9\xdc^(\x95\xd7F\xc4\xb6\x88\x98\x9a8\
\x07\x80:\xf0\xe0c\xcfE\xef\xc1c\xa93\xa0\xe6\x1c\
\x1d8i\xe0q\x0e\x0c<\xe0\x9c\xb4E\xc4\xb6\x5c1\
\xdb\x9e+f\xed\xa9c\x00\x00H\xc7\xc8\x03\x00`\x84\
\x14J\xe5\xe6B\xa9\xbc2\x22zb\xf0\xd9]\x00\x18\
\x11\xfd\xc7Oy\xcd\x03\x86\x98\x81\xc7\xb9\xb9i\xd6D\
\x03\x0f8?\x1d\x11q W\xcc\x1e\xc8\x15\xb3\xe6\xd4\
1\x00\x00\x8c<#\x0f\x00\x80\x11P(\x95\xbbbp\
\xdc\xb1\x22\x9cf\x01 \x81\xc76\xed\xf5\x9a\x07\x0c\x91\
\xd3\x03\x8f\xdd\xfb\xfbR\xa7T\x95)\x93Z\x0c<`\
\xe8,\x89\x88\xde\x5c1\xebJ\x1d\x02\x00\xc0\xc82\xf2\
\x00\x00\x18F\x85RyZ\xa1T\xde\x1e\x11kb\xf0\
y]\x00Hf\xe1\xb2\xcd\xa9\x13\xa0&,\x5c\xb6\xd9\
\xc0\xe3,M\x99\xd4\x12[\xd7\xde\x1c\xcd\x8d\x0d\xa9S\
\xa0\x96\xe4#bM\xae\x98\xf5\xe4\x8a\xd9\xcc\xd41\x00\
\x00\x8c\x0c#\x0f\x00\x80a\xf0\xf6i\x96\xb5\x11\xf1\x5c\
\x0c>\xa7\x0b\x00\xc9u?{0v\xed;\x92:\x03\
\xaa\xda\xc2e\x9b\xe3\xc9\xad/\xa5\xce\xa8*\x06\x1e0\
\xec\xa6F\xc4\xb6\x5c1\xdb\x98+f\xed\xa9c\x00\x00\
\x18^F\x1e\x00\x00C\xacP*\xaf\x8c\x88\xde\x88\x98\
\x9f\xb6\x04\x00\xde\xef\xc1\x1f\xf6\xa4N\x80\xaau\xd7}\
\xdd\xf1\xd8\xa6\xbd\xa93\xaa\x8a\x81\x07\x8c\xa8\xce\x888\
\x90+f+s\xc5\xac9u\x0c\x00\x00\xc3\xc3\xc8\x03\
\x00`\x88\x14J\xe59\x85R\xb97\x22V\xc4\xe0\xb3\
\xb9\x00Pq\x1e\xdb\xb47z\x0f\x1eK\x9d\x01Ug\
\xdd\xc6\xbd\x91=\xde\x93:\xa3\xaa\xe4\xc7\x8d1\xf0\x80\
4VDDO\xae\x98u\xa5\x0e\x01\x00`\xe8\x19y\
\x00\x00\x9c\xa7B\xa9\xdc^(\x95\xb7G\xc4\x13\x11\xd1\
\x968\x07\x00>V\xe65\x0f8+\xeb6\xee\x8dE\
\xdf\xd9\x9c:\xa3\xaa\x18x@rm\x11\xb1&W\xcc\
\xb6\xe7\x8a\xd9\xcc\xd41\x00\x00\x0c\x1d#\x0f\x00\x80s\
T(\x95\x9b\x0b\xa5\xf2\x03\x11q \x22:\x12\xe7\x00\
\xc0\x19[\xb7\xf1\xf9\xd4\x09P5v\xed;b\xe0q\
\x96N\x0f<\xa6^YH\x9d\x02\x0c\xfe\xb3\xea\xb6\x5c\
1[\x9b+f\xed\xa9c\x00\x008\x7fF\x1e\x00\x00\
\xe7\xa0P*/\x8d\x88\xde\x88X\x92\xb6\x04\x00\xce^\
\xff\xf1S\xb1n\xe3\xde\xd4\x19P\xf1v\xed;\x12\xb3\
\xba\xd6\xa7\xce\xa8*\x06\x1eP\xb1\xe6\xc7\xe0\x09\x97\x95\
\x89;\x00\x008O\xb9\xd4\x01\x00\x00\xd5\xa4P*\xcf\
\x8c\x88\x07\x22bj\xda\x12\xa0\x9a\xbc\xb9gq\xea\x84\
a\xb7\xe3\x99\xd7\xce\xe9\xcf\xeb\xd9\xd7\x17\xfd\x03'?\
\xe4\x8f\x1d\x89\xa3\xc7\xfe\xf5\x8f\xed\xdaw$\xfa\x8f\x9f\
:\xa7\xef\x87\xf7[\xb7\xf1\xf9\x98?gr\xea\x0c\xa8\
X\xbd\x07\x8f\xc5\xac\xae\xf5~\xdc9\x0b\x06\x1eP\xf1\
\xf2\x11\xb1\x22W\xcc\xba\x22b\xe9\x9b{\x16oL\x9b\
\x03\x00\xc0\xb90\xf2\x00\x008\x03\x85R\xb9=\x06\xc7\
\x1d\x9diK\x00*S\xc7\xf4\x09#\xf6\xe7\xf5\x1e<\
\x16/\x1f:\x16=\xfb\xfab\xd7\xbe#\xd1\xb3\xefH\
\xec\xde\xdfwN\xdf\x7f=\xeb~\xf6`\xf4\x1e<\x16\
\xed\xadM\xa9S\xa0\xe2\x1c\x1d8\x19s\x17?e\xe0\
q\x966\xfc\xd5\x8d\x06\x1eP\x1d\xda\x22\xe2\x89\x5c1\
\xdb\x11\x83c\x8f\x9e\xc4=\x00\x00\x9c\x05#\x0f\x00\x80\
\x8fP(\x95\x9b#biD\xacH[\x02\xc0i\xed\
\xadM\xd1\xde\xda\xf4\xae\x81\xc8\xd1\x81\x93\xb1\xe3\x1f_\
\x8b\x1d\xcf\x1c\x8cM[_\x8c\x97\x0f\x0d$,\xac\x1e\
\x9b\xb6\xbe\x14Kn\x9d\x96:\x03*\xca\xd1\x81\x931\
\xabk\xbd\xf1\xd8Yz\xe4{\xb3\xcfy\xf0\x07$\xd3\
\x11\x11\xcf\xe5\x8a\xd9\x83\x11\xb1\xf2\xcd=\x8b\x8f&\xee\
\x01\x00\xe0\x0c\x8cJ\x1d\x00\x00P\xa9\x0a\xa5rWD\
\xf4\x86\x81\x07@\xc5knl\x88\xce\x1b\xae\x88\xfb\xef\
\x99\x11/\xfe\xb7\x05\xf1\x8b\xbf\xbb%\xe6uN\x8e\xfc\
\xb81\xa9\xd3*\xda\xba\x8d\xcf\xa7N\x80\x8a3\xf7\x8e\
\xa7\x0c<\xce\xd2#\xdf\x9b\xed\xfc\x13T\xb7%\x11\xd1\
\x9b+fKS\x87\x00\x00\xf0\xf1\x8c<\x00\x00\xde\xa3\
P*\xcf,\x94\xca\xdb#bM\x0c\xde,\x06\xa0\xca\
L\xbd\xb2\x10\x8f\xde;;^\xdc\xbc \xfe\xf2\xee\x19\
\xd1vic\xea\xa4\x8a\xb4{\x7f_\x1c\x1d8\x99:\
\x03*\xc6\xc2e\x9b\xa3\xfb\xd9\x83\xa93\xaa\x8a\x81\x07\
\xd4\x8c|D\xac\xce\x15\xb3\xde\x5c1\x9b\x99:\x06\x00\
\x80\x0fg\xe4\x01\x00\xf0\xb6B\xa9\xdc^(\x95\xd7F\
\xc4\xb6\x18|\xb6\x16\x80*\xd7\xdc\xd8\x10Kn\x9d\x16\
/\xfe\xb7\x05\xb1\xfc\xb6k\xbd\xec\xf1\x016my)\
u\x02T\x84\x85\xcb6\xc7c\x9b\xf6\xa6\xce\xa8*\x06\
\x1eP\x93\xda\x22b[\xae\x98m\xcf\x15\xb3\xf6\xd41\
\x00\x00\xbc\x9f\x91\x07\x00P\xf7\x0a\xa5rs\xa1T^\
\x19\x11=\x111?m\x0d\x00\xc3e\xf9m\xd7\xc6\x8b\
\x9b\x17\xc4M\xb3&\xa6N\xa9(;\x9ey-u\x02\
$\xb7n\xe3^\x03\x8f\xb3\xb4\xfc\xb6k\x0d<\xa0\xb6\
uD\xc4\x81\x5c1[\x99+f\xcd\xa9c\x00\x00\xf8\
WF\x1e\x00@]+\x94\xcasbp\xdc\xb1\x22\x9c\
f\x01\xa8y\xcd\x8d\x0d\xb1!\xbb1\x1e\xf9\xdel\xaf\
z\xbc\xcd\xc8\x83z\xb7n\xe3\xdeX\xf4\x9d\xcd\xa93\
\xaa\xca\xbc\xce\xc9\xb1\xfc\xb6kSg\x00#cED\
\xf4\xe6\x8aYW\xea\x10\x00\x00\x06\x19y\x00\x00u\xa9\
P*O+\x94\xca\xdb#\xe2\x89\x18|\x8e\x16\x80:\
2\x7f\xce\xe4\xd8\xba\xf6\xe6\x982\xa9%uJr/\
\x1f\x1a\x88\xde\x83\xc7Rg@\x12;\x9ey\xcd\xc0\xe3\
,\xcd\xeb\x9c\x1c\x8f\xde;;u\x060\xb2\xf2\x11\xb1\
&W\xcczr\xc5lf\xea\x18\x00\x80zg\xe4\x01\
\x00\xd4\x95\xb7O\xb3\xac\x8d\x88\xe7b\xf0\xf9Y\x00\xea\
\xd4\xd4+\x0b\x86\x1eo\xdb\xb5\xefH\xea\x04\x18q\xbb\
\xf6\x1d\x89\xb9w<\x95:\xa3\xaa\x18x@\xdd\x9b\x1a\
\x11\xdbr\xc5lc\xae\x98\xb5\xa7\x8e\x01\x00\xa8WF\
\x1e\x00@\xdd(\x94\xca+#\xa27\x22\xe6\xa7-\x01\
\xa0R476\x18zD\xc4\xae\xfd}\xa9\x13`D\
\xed\xdaw$fu\xad\x8f\xfe\xe3\xa7R\xa7T\x0d\x03\
\x0f\xe0\xf7tFDO\xae\x98\xad\xcc\x15\xb3\xe6\xd41\
\x00\x00\xf5\xc6\xc8\x03\x00\xa8y\x85Ryf\xa1T\xee\
\x8d\xc1[\xc2\xf9\xc49\x00T\x98\xd3C\x8f\xb6K\x1b\
S\xa7$\xb3\xfd\x1f_K\x9d\x00#\xe6\xe8\xc0\xc9\x98\
\xbb\xf8)\x03\x8f\xb30\xe3\x9aV\x03\x0f\xe0\xbd\xf21\
\xf8\xcf\xd8=\xb9b\xd6\x95\xb8\x05\x00\xa0\xae\x18y\x00\
\x005\xabP*\xb7\x17J\xe5\xed\x11\xb1-\x22\xda\x12\
\xe7\x00P\xc1\x9a\x1b\x1bbCvc\xe4\xc7\x8dI\x9d\
\x92\x84s-\xd4\x8b\xa3\x03'cV\xd7\xfax\xf9\xd0\
@\xea\x94\xaa1eRKl\xf8\xab\x1bSg\x00\x95\
\xab-\x22\xd6\xe4\x8a\xd9\xf6\x5c1\x9b\x96:\x06\x00\xa0\
\x1e\x18y\x00\x005\xa7P*7\x17J\xe5\x07\x22\xe2\
@Dt$\xce\x01\xa0JL\xbd\xb2\x10\xcbo\xbf.\
uF\x12^4\xa0^\xcc\xeaZ\x1f\xbb\x9d':c\
S&\xb5\xc4\xd6\xb57GscC\xea\x14\xa0\xf2u\
D\xc4s\xb9b\xb6\xd6\x09\x17\x00\x80\xe1e\xe4\x01\x00\
\xd4\x94B\xa9\xdc\x15\x11\xbd\x11\xb1$m\x09\x00\xd5h\
\xc9\xad\xd3b\xc65\xad\xa93\x92\xd8\xf1\x8c\x93-\xd4\
\xb6\x85\xcb6\x1bx\x9c\x05\x03\x0f\xe0\x1c\xcd\x8f\x88\xde\
\x5c1[\x99\xb8\x03\x00\xa0f\x19y\x00\x005\xa1P\
*\xcf,\x94\xca=\x11\xb1&\x06o\x03\x03\xc09y\
\xf4\xde\xd9uy\xb6\xe5\xe8\xb1\x93\xa9\x13`\xd8,\x5c\
\xb69\x1e\xdb\xb47uF\xd50\xf0\x00\xceS>\x22\
V\xe4\x8aYo\xae\x98\xcdI\x1d\x03\x00Pk\x8c<\
\x00\x80\xaaV(\x95\xdb\x0b\xa5\xf2\xc6\x88\xd8\x16\x11S\
\x13\xe7\x00P\x03\xda[\x9bb\xc9\xbc\xcf\xa7\xce\x18q\
\xbb\xbcp@\x8dz\xf0\x87=\x06\x1eg!?n\x8c\
\x81\x070T\xda\x22\xe2\x89\x5c1\xdb\x9e+f\xed\xa9\
c\x00\x00j\x85\x91\x07\x00P\x95\x0a\xa5rs\xa1T\
^\x19\x11\x07\x22\xa23q\x0e\x005f\xf1\xad\xd3\xea\
\xf25\x0f\xa85\xeb6\xee\x8do\x95\xbaSgT\x0d\
\x03\x0f`\x98tD\xc4\x81\x5c1{ W\xcc\x9aS\
\xc7\x00\x00T;#\x0f\x00\xa0\xea\x14J\xe5\xae\x88\xe8\
\x89\x88\x15iK\x00\xa8U\xcd\x8d\x0du\xf7\x9a\xc7\xf6\
\x7f|-u\x02\x0c\xa9M[^\x8cE\xdf\xd9\x9c:\
\xa3j\x9c\x1exL\xbd\xb2\x90:\x05\xa8]K\x22\xa2\
7W\xcc\x96\xa6\x0e\x01\x00\xa8fF\x1e\x00@\xd5(\
\x94\xca3\x0b\xa5\xf2\xf6\x88X\x13\x83\xcf\xbe\x02\xc0\xb0\
\x99\xd799u\x02p\x8ev\xed;\x12\x0b\x97\x19x\
\x9c)\x03\x0f`\x04\xe5#bu\xae\x98\xf5\xe6\x8a\xd9\
\xcc\xd41\x00\x00\xd5\xc8\xc8\x03\x00\xa8x\x85R\xb9\xbd\
P*\xaf\x8d\x88m1\xf8\xcc+\x00\x0c\xbb\xf6\xd6\xa6\
\xb8i\xd6\xc4\xd4\x19\xc0Y\xda\xb5\xefH\xcc\xeaZ\x1f\
\xfd\xc7O\xa5N\xa9\x0a\x06\x1e@\x22m\x11\xb1-W\
\xcc6\xe6\x8aY{\xea\x18\x00\x80jb\xe4\x01\x00T\
\xb4B\xa9\xbc2\x06O\xb3\xccO[\x02@=\xea\x9c\
uE\xea\x04\xe0,\x1c\x1d8i\xe0q\x966\xfc\xd5\
\x8d\x06\x1e@J\x9d\x11q W\xccV\xe6\x8aYs\
\xea\x18\x00\x80j`\xe4\x01\x00T\xa4B\xa9<\xa7P\
*\xf7F\xc4\x8a\x18|\xce\x15\x00F\x5c\xe7\x0d\xf5\xf3\
\x92G\xf7\xb3\x07S'\xc0y1\xf08{\x8f|o\
vtL\x9f\x90:\x03 b\xf0\x9f\xfd{s\xc5\xac\
+u\x08\x00@\xa53\xf2\x00\x00*J\xa1T\x9eV\
(\x95\xb7G\xc4\x131\xf8|+\x00$\xd3\xdc\xd8\x10\
S&\xb5\xa4\xce\x00>\xc6\xe9\x81\xc7\xee\xfd}\xa9S\
\xaa\xc6#\xdf\x9b\x1d\xf3\xe7LN\x9d\x01\xf0\xfb\xf2\x11\
\xb1&W\xcczr\xc5lf\xea\x18\x00\x80Je\xe4\
\x01\x00T\x84B\xa9\xdc\x5c(\x95\xd7F\xc4s\x11\xd1\
\x918\x07\x00\xde1\xd3W\xb9C\xc5\xbb\xeb\xben\x03\
\x8f\xb3`\xe0\x01T\xb8\xa9\x11\xb1-W\xcc\xd6\xe6\x8a\
Y{\xea\x18\x00\x80Jc\xe4\x01\x00$W(\x95\x97\
FDoD\xccO[\x02\x00\xef\xd71\xbd5u\x02\
\xf0\x11\x16.\xdb\x1c\x8fm\xda\x9b:\xa3j\x18x\x00\
Ud~D\xf4\xe4\x8a\xd9\xca\x5c1kN\x1d\x03\x00\
P)\x8c<\x00\x80d\x0a\xa5\xf2\xccB\xa9\xdc\x1b\x11\
\xabc\xf0YV\x00\xa88\xed\xadM\xa9\x13\x80\x0f\xb1\
\xea\xe1\x9d\x06\x1ega\xf9m\xd7\x1ax\x00\xd5&\x1f\
\x11+bp\xec1'q\x0b\x00@E\xc8\xa5\x0e\x00\
\x00\xeaO\xa1Tn\x8f\x88\xb5\xe1,\x0b\x00U`\xea\
\x95\x85\xd4\x09\xc0\x07X\xb7qo\xaczxg\xea\x8c\
\xaa1\xafsr,\xbf\xed\xda\xd4\x19\x00\xe7\xaa-\x22\
\x9e\xc8\x15\xb3\x1d\x11\xb1\xf4\xcd=\x8b{\x12\xf7\x00\x00\
$\xe3%\x0f\x00`\xc4\x14J\xe5\xe6B\xa9\xbc2\x22\
\x0e\x84\x81\x07\x00U\xa4\xed\xd2\xc6\xd4\x09\xc3n\xca\xa4\
\x96\xd4\x09p\xc6\xd6m\xdc\x1b\x8b\xbe\xb39uF\xd5\
\x98\xd799\x1e\xbdwv\xea\x0c\x80\xa1\xd0\x11\x11\xcf\
\xe5\x8a\xd9Z'\x5c\x00\x80ze\xe4\x01\x00\x8c\x88B\
\xa9\xdc\x15\x11\xbd1\xf8\xcc*\x00T\x95\xb6Kk\xff\
dKscC\xea\x048#\xbb\xf6\x1d\x89\xbb\xee\xdb\
\x91:\xa3j\x18x\x005j~D\xf4\xe6\x8a\xd9\xca\
\xc4\x1d\x00\x00#\xce\xb9\x16\x00`X\x15J\xe5\x99\x11\
\xf1@DLM[\x02\x00@\xb5\xdb\xb5\xefH\xcc\xea\
Z\x1f\xfd\xc7O\xa5N\xa9\x0a\x06\x1e@\x8d\xcbG\xc4\
\x8a\x5c1\xeb\x8a\x88\xae7\xf7,\xde\x9e6\x07\x00`\
dx\xc9\x03\x00\x18\x16\x85R\xb9\xbdP*o\x8c\x88\
ma\xe0\x01@\x95\x9bve!u\x02\xd4\xbd\xde\x83\
\xc7\x0c<\xce\xc2\x8ckZ\x0d<\x80z\xd1\x16\x11\xdb\
r\xc5l{\xae\x98\xb5\xa7\x8e\x01\x00\x18n^\xf2\x00\
\x00\x86T\xa1Tn\x8e\x88\xa5o\xff\x96O\xd9\x02\x00\
C\xa5\xb9\xa9\xf6O\x99\xcc\xfc\xe2\x84\xd4\x09\xf0\xa1\x8e\
\x0e\x9c\x8c\xb9\x8b\x9f2\xf08CS&\xb5\xc4\x86\xbf\
\xba1u\x06\xc0H\xeb\x88\x88\x03\xb9b\xf6`D\xac\
|s\xcf\xe2\xa3\x89{\x00\x00\x86\x85\x97<\x00\x80!\
S(\x95\xbb\x22\xa2'\x22V\x84\x81\x07\x00\x00C\xe0\
\xe8\xc0\xc9\x98\xd5\xb5>v\xef\xefK\x9dR\x15\xa6L\
j\x89\xadko\x8e\xe6\xc6\xda\x1f\xa7\x01|\x88%\x11\
\xd1\x9b+fKS\x87\x00\x00\x0c\x07/y\x00\x00\xe7\
\xadP*\xcf\x8c\x88\x951\xf8U3\x00@\x15j\xbb\
\xb4)u\x02|\xa0\x85\xcb6\x1bx\x9c!\x03\x0f\x80\
w\xe4#bu\xae\x98uE\xc4\xd27\xf7,\xde\x9e\
6\x07\x00`\xe8\x18y\x00\x00\xe7\xec\xed\xd3,\x0fD\
\xc4\xfc\xb4%\x00\xc0\xf9jomL\x9d\x00\xef\xb3p\
\xd9\xe6xr\xebK\xa93\xaa\x82\x81\x07\xc0\x07\x9a\x1a\
\x11\xdbr\xc5lS\x0c\x8e=z\x13\xf7\x00\x00\x9c7\
\xe7Z\x00\x80sR(\x95WFDo\x18x\x00P\
\x07\xb6\xff\xe3k\xa9\x13\x86\xdd\xd4+\x0b\xa9\x13\xe0]\
\xee\xba\xaf;\x1e\xdb\xb47uFU\xc8\x8f\x1bc\xe0\
\x01\xf0\xd1:#\xe2@\xae\x98\xad\xcc\x15\xb3\xe6\xd41\
\x00\x00\xe7\xc3\xc8\x03\x008+\x85RyN\xa1T\xee\
\x8d\x88\x151\xf8\xfc)\x00P\xe5\xf2\xe3\xc6\xf8\xe40\
\x15e\xdd\xc6\xbd\x91=\xde\x93:\xa3*\x18x\x00\x9c\
\x95\x15\x11\xd1\xfb\xf6\x19\x17\x00\x80\xaa\xe4\x5c\x0b\x00p\
F\x0a\xa5\xf2\xb4\x18<\xcd\xd2\x91\xb6\x04\x00F\xde\xd1\
\x81\x93\xa9\x13\x86\x95W<\xa8$\xeb6\xee\x8dE\xdf\
\xd9\x9c:\xa3*\x9c\x1ex\xf8\x18\x068+\xf9\x88X\
\xf3\xf6\xd0c\xe5\x9b{\x16oO\x9b\x03\x00pv\x8c\
<\x00\x80\x8fT(\x95\x9b#beD,I[\x02\
\x00\xe9\xec\xde\xdf\x97:aXM\xf3\x09b*\xc4\xae\
}G\x0c<\xce\x90\x81\x07\xc0y\xeb\x88\x88m\xb9b\
\xb6.\x06\xc7\x1e\xbd\x89{\x00\x00\xce\x88s-\x00\xc0\
\x87*\x94\xcaK#\xa27\x0c<\x00\xa8c\xbd\x07\x8f\
\xa5N\x18v>IL%\xd8\xb5\xefH\xcc\xeaZ\x9f\
:\xa3*\x18x\x00\x0c\xa9\xf9\x11\xd1\x93+f+\x13\
w\x00\x00\x9c\x11/y\x00\x00\xefS(\x95gF\xc4\
\xda\x88hK[\x02\x00\xe9\xed\xdaw$u\xc2\xb0\xeb\
\x98\xde\x9a:\x81:wz\xe0\xd1\x7f\xfcT\xea\x94\xaa\
\xb0\xe1\xafn4\xf0\x00\x18Z\xf9\x88X\xf1\xf6\x09\x97\
\xa5o\xeeY\xbc1m\x0e\x00\xc0\x873\xf2\x00\x00\xde\
Q(\x95\xdb#\xe2\x81\x88\xe8L[\x02\x00\x95cW\
\x8d\x9fj\xc9\x8f\x1b\x13\xed\xadM\xa93\xa8cG\x07\
N\xc6\x82e\x9b\x0d<\xce\xd0#\xdf\x9b\x1d\x1d\xd3'\
\xa4\xce\x00\xa8Um\x11\xf1D\xae\x98\xed\x88\xc1\xb1G\
O\xe2\x1e\x00\x80\xf71\xf2\x00\x00\xa2P*7G\xc4\
\xd2\x88X\x91\xb6\x04\x00*\xcf\xf6\x7f|-u\xc2\xb0\
\xea\xf8\xa2O\x16\x93\xce\xd1\x81\x931\xabk}\xec\xae\
\xf11\xd5Py\xe4{\xb3c\xfe\x9c\xc9\xa93\x00\xea\
AGD<\x97+f\xebbp\xecq4q\x0f\x00\
\xc0;F\xa5\x0e\x00\x00\xd2*\x94\xca]\x11\xd1\x1b\x06\
\x1e\x00\xf0>G\x07NF\xf7\xb3\x07Sg\x0c\xab\xce\
YW\xa4N\xa0\x8e\xcd\xbd\xe3)\x03\x8f3d\xe0\x01\
\x90\xc4\xfc\x88\xe8\xcd\x15\xb3\xa5\xa9C\x00\x00N\xf3\x92\
\x07\x00\xd4\xa9B\xa9<3\x06O\xb3LM[\x02\x00\
\x95k\xd3\x96\x97R'\x0c\xbb\x8e\xe9\xad\xa9\x13\xa8S\
\x0b\x97m\xae\xf9\x11\xd5P1\xf0\x00H*\x1f\x11\xab\
\xdf\x1ezt\xbd\xb9g\xf1\xf6\xb49\x00@\xbd3\xf2\
\x00\x80:S(\x95\xdb#be\x0c~5\x0a\x00\xf0\
\x116m}1u\xc2\xb0\x9a2\xa9%\xda[\x9bR\
gP\x87\x16.\xdb\x1c\x8fm\xda\x9b:\xa3*,\xbf\
\xedZ\x03\x0f\x80\xca\xd0\x16\x11\xdbr\xc5lG\x0c\x8e\
=z\x13\xf7\x00\x00u\xca\xc8\x03\x00\xeaD\xa1Tn\
\x8e\x88\xa5o\xff\x96O\xd9\x02\x00\xd5\xa0\xf7\xe0\xb1x\
rkm\xbf\xe41\x7f\xce\xff\x94:\x81:\xb4n\xe3\
^\x03\x8f34\xafsr,\xbf\xed\xda\xd4\x19\x00\xbc\
[GD\x1c\xc8\x15\xb3\x07#b\xe5\x9b{\x16\x1fM\
\xdc\x03\x00\xd4\x99Q\xa9\x03\x00\x80\xe1W(\x95\xbb\x22\
\xa2'\x22V\x84\x81\x07\x00\x9c\x91\xec\x87=\xa9\x13\x86\
]\xe7\xac\x89\xa9\x13\xa83\xeb6\xee\x8dE\xdf\xd9\x9c\
:\xa3*\xcc\xeb\x9c\x1c\x8f\xde;;u\x06\x00\x1fn\
ID\xf4\xe6\x8aYW\xea\x10\x00\xa0\xbex\xc9\x03\x00\
jX\xa1T\x9e\x16\x11\x0f\xc4\xe0W\x99\x00\x00g\xe8\
\xe8\xc0\xc9X\xb7\xf1\xf9\xd4\x19\xc3\xca\xa9\x16F\xda\x8e\
g^3\xf08C\x06\x1e\x00U#\x1f\x11kr\xc5\
liD,}s\xcf\xe2\xedis\x00\x80z`\xe4\
\x01\x005\xe8\xed\xd3,\x0fD\xc4\xfc\xb4%\x00P\x9d\
\xb2\x1f\xf6D\xff\xf1S\xa93\x86\x95S-\x8c\xa4]\
\xfb\x8e\xc4\xdc;\x9eJ\x9dQ\x15\x0c<\x00\xaa\xd2\xd4\
\x88\xd8\x96+f\x9bbp\xec\xd1\x9b\xb8\x07\x00\xa8a\
\xce\xb5\x00@\x8d)\x94\xca+#\xa27\x0c<\x00\xe0\
\x9c\xf4\x1e<\x16\xab\x1e\xde\x99:c\xd8\xcd\x9f39\
u\x02ub\xd7\xbe#1\xabk}\xcd\x0f\xa7\x86\xc2\
\x8ckZ\x0d<\x00\xaa[gD\xf4\xe4\x8a\xd9\xca\x5c\
1kN\x1d\x03\x00\xd4&#\x0f\x00\xa8\x11\x85Ry\
f\xa1T\xee\x8d\x88\x151\xf8\x5c(\x00p\x0e\x16.\
\xab\xfds\x12\xf3:'GscC\xea\x0c\xea\xc0\xd1\
\x81\x931w\xf1S\x06\x1eg`\xca\xa4\x96\xd8\xf0W\
7\xa6\xce\x00\xe0\xfc\xe5c\xf0\xd7fzr\xc5\xac+\
q\x0b\x00P\x83\x9ck\x01\x80*W(\x95\xdb#b\
mDt\xa4-\x01\x80\xea\xb7\xea\xe1\x9d\xd1\xfd\xec\xc1\
\xd4\x19\xc3\xce+\x1e\x8c\x84\xa3\x03'cV\xd7\xfax\
\xf9\xd0@\xea\x94\x8a7eRKl]{\xb3\xf1\x15\
@mi\x8b\x885o\x0f=V\xbe\xb9g\xf1\xf6\xb4\
9\x00@\xad0\xf2\x00\x80*U(\x95\x9b#be\
D,I[\x02\x00\xb5a\xc73\xaf\xd5\xc5\x99\x96\x19\
\xd7\xb4F\xc7\xf4\x09\xa93\xa8\x03\xb3\xba\xd6\xc7\xee\xfd\
}\xa93*\x9e\x81\x07@\xcd\xeb\x88\x88m\xb9b\xb6\
.\x22\x96\xbe\xb9g\xf1\xd1\xc4=\x00@\x95s\xae\x05\
\x00\xaaP\xa1T^\x1a\x11\xbda\xe0\x01\x00Cb\xd7\
\xbe#1\xf7\x8e\xa7Rg\x8c\x88\xf9s\xfe\xa7\xd4\x09\
\xd4\x81\x85\xcb6\x1bx\x9c\x01\x03\x0f\x80\xba2?\x22\
zs\xc5le\xe2\x0e\x00\xa0\xcay\xc9\x03\x00\xaaH\
\xa1T\x9e\x19\x11\x0fD\xc4\xd4\xb4%\x00P;N\x9f\
\x94\xe8?~*u\xca\xb0k\xbb\xb4\xd1\xa9\x16\x86\xdd\
\xc2e\x9b\xe3\xb1M{SgT\xbc\xfc\xb81\x06\x1e\
\x00\xf5'\x1f\x11+\xde>\xe1\xb2\xf4\xcd=\x8b7\xa6\
\xcd\x01\x00\xaa\x91\x91\x07\x00T\x81B\xa9\xdc\x1e\x83\xe3\
\x8e\xce\xb4%\x00P[v\xed;\x12s\x17?U\x17\
\x03\x8f\x88\x88\xe5\xb7]\x97:\x81\x1a\xf7\xe0\x0f{\x0c\
<\xce\x80\x81\x07@\xddk\x8b\x88'r\xc5lG\x0c\
\x8e=z\x12\xf7\x00\x00U\xc4\xc8\x03\x00*X\xa1T\
n\x8e\x88\xa5\x11\xb1\x22m\x09\x00\xd4\x9e]\xfb\x8e\xd4\
\xcd\x0b\x1e\x11\x83g!\xbc\xe2\xc1pZ\xb7qo|\
\xab\xd4\x9d:\xa3\xe2\x9d\x1exL\xbd\xb2\x90:\x05\x80\
\xf4:\x22\xe2\xb9\x5c1{0\x22V\xbe\xb9g\xf1\xd1\
\xc4=\x00@\x15\x18\x95:\x00\x00\xf8`\x85R\xb9+\
\x22z\xc3\xc0\x03\x00\x86\xdc\xba\x8d{\xebj\xe0\x11\x11\
\xb1\xfa\x9e\x19\xa9\x13\xa8a\x9b\xb6\xbc\x18\x8b\xbe\xb39\
uF\xc53\xf0\x00\xe0C,\x89\x88\xde\x5c1[\x9a\
:\x04\x00\xa8|^\xf2\x00\x80\x0aS(\x95gF\xc4\
\xca\x18\xfcj\x0e\x00`\x08\x1d\x1d8\x19w\xdd\xd7]\
w\xe7$f\x5c\xd3\x1a\x1d\xd3'\xa4\xce\xa0F\xed\xda\
w$\x16.3\xf0\xf88\x06\x1e\x00|\x8c|D\xac\
~{\xe8\xd1\xf5\xe6\x9e\xc5\xdb\xd3\xe6\x00\x00\x95\xca\xc8\
\x03\x00*D\xa1Tn\x8f\xc1q\xc7\xfc\xb4%\x00P\
\x9b6my1\xee*u\xc7\xcb\x87\x06R\xa7\x8c\xb8\
G\xef\x9d\x9d:\x81\x1aUog\x8f\xce\xc7\x86\xbf\xba\
\xd1\xc0\x03\x803\xd1\x16\x11\xdbr\xc5lG\x0c\x8e=\
z\x13\xf7\x00\x00\x15\xc6\xc8\x03\x00\x12+\x94\xca\xcd\x11\
\xb1\xf4\xed\xdf\xf2)[\x00\xa0\x16\xed\xdaw$\xee\xbc\
\xaf;\xba\x9f=\x98:%\x89\xe5\xb7]\x1b\xed\xadM\
\xa93\xa8AG\x07N\x1ax\x9c\xa1G\xbe7\xdbk\
:\x00\x9c\xad\x8e\x888\x90+f\xdf\x8d\x88\x07\xde\xdc\
\xb3\xf8h\xe2\x1e\x00\xa0B\x8cJ\x1d\x00\x00\xf5\xacP\
*\xcf\x89\x88\x9e\x88X\x11\x06\x1e\x000\xa4v<\xf3\
Z,\x5c\xb69\xae\xfe\xf7\x7fS\xb7\x03\x8f\xb6K\x1b\
c\xf1\xad\xd3RgP\x83\x0c<\xce\xdc#\xdf\x9b\x1d\
\xf3\xe7LN\x9d\x01@\xf5Z\x11\x11\xbd\xb9b\xd6\x95\
:\x04\x00\xa8\x0c^\xf2\x00\x80\x04\x0a\xa5\xf2\xb4\x88x\
 \x06\xbf*\x03\x00\x18\x22G\x07N\xc6\xa6-/\xc5\
\x83?|.v\xef\xefK\x9d\x93\xdc\xa3\xf7\xce\x8e\xe6\
\xc6\x86\xd4\x19\xd4\x98\xd3\x03\x0f\x1fc\x1f\xcf\xc0\x03\x80\
!\x92\x8f\x885\xb9b\xb64\x22\x96\xbe\xb9g\xf1\xf6\
\xb49\x00@JF\x1e\x000\x82\xde>\xcd\xf2@D\
\xccO[\x02\x00\xb5\xa3\xf7\xe0\xb1\xd8\xf1\xcc\xc1\xd8\xb4\
\xf5\xc5xr\xebK\xa9s*\xc6\xe2\xafMs\x1e\x82\
aq\xd7}\xdd\x06\x1eg\xc0\xc0\x03\x80a05\x22\
\xb6\xe5\x8a\xd9\xba\x88X\xf9\xe6\x9e\xc5\xbd\x89{\x00\x80\
\x04\x8c<\x00`\x84\x14J\xe5\xa5\x11\xb12\x9ce\x01\
\x80\xf3\xb2k\xdf\x91\xe8\xd9\xd7\x17;\x9ey-z\xf6\
\x1d\xf1\xc9\xe6\x0f\xd0vic,\xbf\xfd\xda\xd4\x19\xd4\
\xa0\x85\xcb6\xc7c\x9b\xf6\xa6\xce\xa8\x0a\xd3\xaelI\
\x9d\x00@\xed\x9a\x1f\x11sr\xc5\xec\x81\x88x\xe0\xcd\
=\x8b\x8f\xa6\xcd\x01\x00F\x92\x91\x07\x00\x0c\xb3B\xa9\
<3\x22\xd6FD[\xda\x12\x00\xa8\x5c\xbb\xf6\x1d\x89\
\xa3\x03'\xdf\xf9\xcfG\x8f\x9d\x8c]o\x8f7\x8e\x1e\
;\x19=\xfb\x8e\xc4\xcb\x87\x8e\xc5\xcb\x87\x06R%V\
\x95\x0d\xd9\x8d\xce\xb40\xe4V=\xbc\xd3\xc0\xe3,,\
X\xb69~\xb9\xfe\xab\xa93\x00\xa8]\xf9\x88X\x11\
\x11]\xb9b\xb6\xf2\xcd=\x8b\xd7&\xee\x01\x00F\x88\
\x91\x07\x00\x0c\x93B\xa9\xdc\x1e\x83\xe3\x8e\x8e\xb4%\x00\
\xa46\xabk}\xea\x84\xa4\x8e\x0e\x9c\xf4\xda\xc6\x08\xfa\
\xcb\xbbg\xc4\xd4+\x0b\xa93\xa81\xeb6\xee\x8dU\
\x0f\xefL\x9dQUv\xef\xef\x8bU\x0f\xef\x8c\xe5\xb7\
yU\x07\x80a\xd5\x16\x11kr\xc5\xac+\x22\x96\xbe\
\xb9gqO\xda\x1c\x00`\xb8\x19y\x00\xc0\x10+\x94\
\xca\xcd1x\x96eI\xda\x12\x00*E\xf7\xb3\x07S\
'P'n\x9a51\x96\xdc:-u\x065f\xdd\
\xc6\xbd\xb1\xe8;\x9bSgT\xa5\x07\x1f{.\xe6u\
N\x8e\xf6\xd6\xa6\xd4)\x00\xd4\xbe\x8e\x88x.W\xcc\
\xd6\xc5\xe0\xd8\xe3h\xe2\x1e\x00`\x98\x8cJ\x1d\x00\x00\
\xb5\xa4P*wEDo\x18x\x00\x00#l\xca\xa4\
\x96x\xf4\xde\xd9\xa93\xa81\xbb\xf6\x1d1\xf08\x0f\
\xfd\xc7O\xc5\xc2e\xfe\xf7\x03`D\xcd\x8f\x88\xde\x5c\
1[\x99\xb8\x03\x00\x18&F\x1e\x000\x04\x0a\xa5\xf2\
\xccB\xa9\xdc\x13\x11kb\xf0&*\x00\xc0\x88\xc9\x8f\
\x1b\x13\x1b\xb2\x1b\xa3\xb9\xb1!u\x0a5d\xd7\xbe#\
u\x7fnj(t?{0\xd6m\xdc\x9b:\x03\x80\
\xfa\x92\x8f\x88\x15\xb9b\xd6\x9b+fsR\xc7\x00\x00\
C\xcb\xc8\x03\x00\xceC\xa1Tn/\x94\xca\x1b#b\
[DLM\x9c\x03\x00\xd4\xa1\xfc\xb81\xb1u\xed\xcd\
\xceA0\xa4z\x0f\x1e\x8bY]\xeb\xa3\xff\xf8\xa9\xd4\
)5\xe1\xae\xfbv\xc4\xd1\x81\x93\xa93\x00\xa8?m\
\x11\xf1D\xae\x98m\xcf\x15\xb3\xf6\xd41\x00\xc0\xd00\
\xf2\x00\x80sP(\x95\x9b\x0b\xa5\xf2\xca\x888\x10\x11\
\x9d\x89s\x00\x80:v\xff=\x1d1\xf5\xcaB\xea\x0c\
j\xc8\xd1\x81\x931w\xf1S\x06\x1eC\xc8\xd9\x16\x00\
\x12\xeb\x88\x88\x03\xb9b\xf6@\xae\x985\xa7\x8e\x01\x00\
\xce\x8f\x91\x07\x00\x9c\xa5B\xa9\xdc\x15\x11=\x11\xb1\x22\
m\x09\x00P\xef\x1e\xf9\xde\xec\x98?gr\xea\x0cj\
\xc8\xd1\x81\x931\xabk}\xec\xde\xdf\x97:\xa5\xe6<\
\xb9\xf5\xa5\xd8\xf1\xcck\xa93\x00\xa8oK\x22\xa27\
W\xcc\x96\xa6\x0e\x01\x00\xce\x9d\x91\x07\x00\x9c\xa1B\xa9\
<\xb3P*o\x8f\x8851\xf8\xdc%\x00@2\x06\
\x1e\x0c\x87\x85\xcb6\x1bx\x0c\xa3\x85\xcb6;\xdb\x02\
@j\xf9\x88X\x9d+f\xbd\xb9b63u\x0c\x00\
p\xf6\x8c<\x00\xe0c\x14J\xe5\xf6B\xa9\xbc6\x22\
\xb6\xc5\xe0\xf3\x96\x00\x00I\x19x0\x1c\x16.\xdb\x1c\
On})uFM{\xf9\xd0@\xaczhg\xea\
\x0c\x00\x88\x18\xfc\x02\xa6m\xb9b\xb61W\xcc\xdaS\
\xc7\x00\x00g\xce\xc8\x03\x00>B\xa1T^\x19\x83\xa7\
Y\xe6\xa7-\x01\x00\x18d\xe0\xc1p\xb8\xeb\xbe\xeex\
l\xd3\xde\xd4\x19u!{\xbc\xc7\xd9\x16\x00*Ig\
D\x1c\xc8\x15\xb3\x95\xb9b\xd6\x9c:\x06\x00\xf8xF\
\x1e\x00\xf0\x01\x0a\xa5\xf2\x9cB\xa9\xdc\x1b\x11+b\xf0\
\x19K\x00\x80\xa4\xf2\xe3\xc6\xc4\x965s\x0d<\x18r\
\xeb6\xee\x8d\xec\xf1\x9e\xd4\x19u\xe5\xce\xfb\xbaS'\
\x00\xc0{\xad\x88\x88\xde\x5c1\xebJ\x1d\x02\x00|4\
#\x0f\x00\xf8=\x85RyZ\xa1T\xde\x1e\x11O\xc4\
\xe0\xb3\x95\x00\x00\xc9\xb5]\xda\x18[\xd7\xde\x1c\x1d\xd3\
'\xa4N\xa1\xc6\xac\xdb\xb87\x16}gs\xea\x8c\xba\
\xb3{\x7f_\xacz\xd8\xd9\x16\x00*N>\x22\xd6\xe4\
\x8a\xd9\xf6\x5c1\x9b\x99:\x06\x00\xf8`F\x1e\x00\x10\
\x11\x85R\xb9\xb9P*?\x10\x11\xcfEDG\xe2\x1c\
\x00\x80w\xcc\xb8\xa65~\xb1\xfe\xab1\xf5\xcaB\xea\
\x14j\xcc\x8eg^3\xf0Hh\xd5\xc3;\xa3\xf7\xe0\
\xb1\xd4\x19\x00\xf0A:\x22b[\xae\x98\xad\xcd\x15\xb3\
\xf6\xd41\x00\xc0\xbb\x19y\x00P\xf7\x0a\xa5\xf2\xd2\x88\
\xe8\x8d\x88%iK\x00\x00\xdem\xf1\xd7\xa6\xc5\xd6\xb5\
7GscC\xea\x14jL\xcf\xbe#1\xf7\x8e\xa7\
Rg\xd4\xbd\x85\xcb\x8cl\x00\xa8h\xf3#\xa2'W\
\xccV\xe6\x8aYs\xea\x18\x00`\x90\x91\x07\x00u\xab\
P*\xcf,\x94\xca\xbd\x11\xb1:\x06\x9f\xa3\x04\x00\xa8\
\x08\xf9qcb\xfd\x83\x7f\x12\xf7\xdf3#u\x0a5\
\xea\xc9\xad/E\xff\xf1S\xa93\xea^\xf7\xb3\x07\xe3\
\xc1\x1f\xf6\xa4\xce\x00\x80\x8f\x92\x8f\x88\x1518\xf6\x98\
\x93\xb8\x05\x00\x08#\x0f\x00\xeaP\xa1Tn/\x94\xca\
\xdb#b[D\xb4%\xce\x01\x00x\x97\x9bfM\x8c\
\x177/\x88\xce\x1b\xaeH\x9d\x02\x8c\x80U\x0f\xfd\xdc\
\xd9\x16\x00\xaaA[D<\x91+f\xdbs\xc5lZ\
\xea\x18\x00\xa8gF\x1e\x00\xd4\x8dB\xa9\xdc\x5c(\x95\
WF\xc4\x81\x18\xbc-\x0a\x00P1\xf2\xe3\xc6\xc4#\
\xdf\x9b\x1d\x1b\xb2\x1b\x9dg\x81:\xd2\x7f\xfcT\xdcU\
\xeaN\x9d\x01\x00g\xaa#\x22\x9e\xcb\x15\xb3\xb5N\xb8\
\x00@\x1aF\x1e\x00\xd4\x85B\xa9\xdc\x15\x11\xbd1\xf8\
\xbc$\x00@E\x99\xd799^\xdc\xbc \xe6\xcf\x99\
\x9c:\x05H\xe0\xc9\xad/\xc5\xa6-/\xa6\xce\x00\x80\
\xb31?\x22zs\xc5le\xe2\x0e\x00\xa8;\xb9\xd4\
\x01\x000\x9c\x0a\xa5\xf2\xcc\x88x \x22\xa6\xa6-\x01\
\x00x\xbf)\x93Zb\xf5=3\xa2c\xfa\x84\xd4)\
@b\x0b\x97m\x8e\x17\xbf8\xc1K>\x00T\x93|\
D\xac\xc8\x15\xb3\xae\x88\xe8zs\xcf\xe2\xedis\x00\
\xa0>x\xc9\x03\x80\x9aT(\x95\xdb\x0b\xa5\xf2\xc6\x88\
\xd8\x16\x06\x1e\x00@\x85i\xbb\xb41\x1e\xf9\xde\xec\xf8\
\xe5\xfa\xaf\x1ax\x00\x111x\xb6e\xd5C;Sg\
\x00\xc0\xb9h\x8b\x88m\xb9b\xb6=W\xcc\xdaS\xc7\
\x00@\xad\xf3\x92\x07\x005\xa5P*7G\xc4\xd2\xb7\
\x7f\xcb\xa7l\x01\x00x\xaf\xb6K\x1bc\xf9m\xd79\
\xcb\x02|\xa0\xec\xf1\x9e\xe8\xbca\xa2\xf1\x17\x00\xd5\xaa\
#\x22\x0e\xe4\x8a\xd9\x83\x11\xb1\xf2\xcd=\x8b\x8f&\xee\
\x01\x80\x9a\xe4%\x0f\x00jF\xa1T\xee\x8a\x88\x9e\x88\
X\x11\x06\x1e\x00@\x85\x992\xa9%\xb6\xac\xb9\xd9\xc0\
\x03\xf8H\x0b\x97mN\x9d\x00\x00\xe7kID\xf4\xbe\
}\xc6\x05\x00\x18bF\x1e\x00T\xbdB\xa9<\xadP\
*o\x8f\x8851\xf8<$\x00@\xc5\xd9\xbd\xbf/\
>\xfb\xbf\xae\x8d+\xfe\xdd\x9a\xb8\xeb\xbe\xee\xe8=x\
,u\x12P\x81^>4\x10\xab\x1ev\xb6\x05\x80\xaa\
\x97\x8f\x885\xb9b\xd6\x93+f3S\xc7\x00@-\
1\xf2\x00\xa0j\x15J\xe5\xe6B\xa9\xbc6\x22\x9e\x8b\
\xc1\xe7 \x01\x00*\xde\xcb\x87\x06\x22{\xbc'>\xfb\
\xbf\xae\x8d/\xdc\xfc\xa3x\xf0\x87=qt\xe0d\xea\
,\xa0\x82\xaczxg\xec\xdaw$u\x06\x00\x0c\x85\
\xa9\x11\xb1-W\xcc6\xe6\x8aY{\xea\x18\x00\xa8\x05\
F\x1e\x00T\xa5B\xa9\xbc2\x22z#b~\xda\x12\
\x00\x80s\xb7{\x7f_|\xab\xd4\x1d-\xff\xf3\x0fb\
\xee\xe2\xa7b\xd3\x96\x17S'\x01\x15b\x81\xb3-\x00\
\xd4\x96\xce\x888\x90+f+s\xc5\xac9u\x0c\x00\
T3#\x0f\x00\xaaJ\xa1T\x9eS(\x95{#b\
E\x0c>\xfb\x08\x00P\x13\x9e\xdc\xfaR\xdc\xbc\xe4\xef\
\xe3\x8a\x7f\xb7\xc6\xeb\x1e@\xec\xde\xdf\x17\x0f\xfe\xb0'\
u\x06\x00\x0c\xb5\x15\x11\xd1\x93+f]\xa9C\x00\xa0\
Z\x19y\x00P\x15\x0a\xa5r{\xa1T\xde\x1e\x11O\
DD[\xe2\x1c\x00\x80a\xf3\xf2\xa1\x81\xf8V\xa9;\
\xae\x98\xbd&V=\xbc\xd3\xd8\x03\xea\xd8\xaa\x87~\x1e\
\xbd\x07\x8f\xa5\xce\x00\x80\xa1\xd6\x16\x11kr\xc5l{\
\xae\x98\xcdL\x1d\x03\x00\xd5\xc6\xc8\x03\x80\x8aV(\x95\
\x9b\x0b\xa5\xf2\x03\x11q \x22:\x12\xe7\x00\x00\x8c\x98\
\xfe\xe3\xa7b\xd5\xc3;\x8d=\xa0\x8e\xf5\x1f?\x15\x0b\
\x9dm\x01\xa0vuD\xc4\xb6\x5c1[\x9b+f\xed\
\xa9c\x00\xa0Z\x18y\x00P\xb1\x0a\xa5\xf2\xd2\x88\xe8\
\x8d\x88%iK\x00\x00\xd21\xf6\x80\xfa\xd6\xfd\xec\xc1\
\xd8\xb4\xe5\xc5\xd4\x19\x000\x9c\xe6\xc7\xe0\x09\x97\x95\x89\
;\x00\xa0*\x18y\x00Pq\x0a\xa5\xf2\xccB\xa9\xdc\
\x1b\x11\xab#\x22\x9f8\x07\x00\xa0\x22\xfc\xfe\xd8\xe3\xc1\
\x1f\xf6\xa4\xce\x01F\xd0\xc2e\x9b\x0d\xbc\x00\xa8u\xf9\
\x88X\x91+f\xbd\xb9b6'u\x0c\x00T2#\
\x0f\x00*F\xa1Tn/\x94\xca\x1b#b[\x0c\xde\
\xe6\x04\x00\xe0=\xfa\x8f\x9f\x8ao\x95\xba\xe3\x0b7\xff\
(v<\xf3Z\xea\x1c`\x04\xf4\x1f?\x15w\xdd\xd7\
\x9d:\x03\x00FB[D<\x91+f\xdbs\xc5l\
Z\xea\x18\x00\xa8DF\x1e\x00$W(\x95\x9b\x0b\xa5\
\xf2\xca\x888\x10\x11\x9d\x89s\x00\x00\xaa\xc2\xee\xfd}\
q\xc3\x82\x0d\xbe\xc2\x1f\xea\xc4c\x9b\xf6\x1av\x01P\
O:\x22\xe2\xb9\x5c1[\x9b+f\xcd\xa9c\x00\xa0\
\x92\x18y\x00\x90T\xa1T\xee\x8a\x88\xde\x88X\x91\xb6\
\x04\x00\xa0:=\xb6io\x5c1{Ml\xda\xf2b\
\xea\x14`\x98\x19u\x01P\x87\xe6GDo\xae\x98-\
M\x1d\x02\x00\x95\xc2\xc8\x03\x80$\x0a\xa5\xf2\xccB\xa9\
\xdc\x13\x11kb\xf0\xe6&\x00\x00\xe7\xa8\xff\xf8\xa9\xb8\
y\xc9\xdf\xc7]\xf7u\xfb\x040\xd4\xb0\x97\x0f\x0d\xc4\
\xaa\x87v\xa6\xce\x00\x80\x91\x96\x8f\x88\xd5\xb9b\xd6\x9b\
+f3S\xc7\x00@jF\x1e\x00\x8c\xa8B\xa9\xdc\
^(\x95\xd7F\xc4\xb6\x88\x98\x9a8\x07\x00\xa0\xa6d\
\x8f\xf7\xc4\xac\xae\xf5\xb1k\xdf\x91\xd4)\xc00\xc9\x1e\
\xef\xf11\x0e@\xbdj\x8b\x88m\xb9b\xb6=W\xcc\
\xdaS\xc7\x00@*F\x1e\x00\x8c\x88B\xa9\xdc\x5c(\
\x95WFDO\x0c>\xb3\x08\x00\xc00\xd8\xbd\xbf/\
fu\xad\x8fu\x1b\xf7\xa6N\x01\x86\xc9\x82e\x9bS\
'\x00@J\x1d\x11q W\xccV\xe6\x8aYs\xea\
\x18\x00\x18iF\x1e\x00\x0c\xbbB\xa9<'\x06\xc7\x1d\
+\xc2i\x16\x00\x80a\xd7\x7f\xfcT,\xfa\xce\xe6X\
\xe8\x13\xc1P\x93v\xef\xef\x8bU\x0f;\xdb\x02@\xdd\
[\x11\x11\xbd\xb9b\xd6\x95:\x04\x00F\x92\x91\x07\x00\
\xc3\xa6P*O+\x94\xca\xdb#\xe2\x89\x18|N\x11\
\x00\x80\x11\xf4\xd8\xa6\xbd1\xabk}\x1c\x1d8\x99:\
\x05\x18b\x0f>\xf6\x5c\xf4\x1e<\x96:\x03\x00R\xcb\
G\xc4\x9a\x5c1\xeb\xc9\x15\xb3\x99\xa9c\x00`$\x18\
y\x000\xe4\xde>\xcd\xb26\x22\x9e\x8b\xc1\xe7\x13\x01\
\x00H\xa4\xfb\xd9\x83\x86\x1eP\x83\xfa\x8f\x9f\xf2Z\x0f\
\x00\xfc\xab\xa9\x11\xb1-W\xcc6\xe6\x8aY{\xea\x18\
\x00\x18NF\x1e\x00\x0c\xa9B\xa9\xbc2\x22z#b\
~\xda\x12\x00\x00N\xdb\xbd\xbf/\xae\xbe\xf9G\xb1k\
\xdf\x91\xd4)\xc0\x10\xea~\xf6`\xac\xdb\xb87u\x06\
\x00T\x92\xce\x88\xe8\xc9\x15\xb3\x95\xb9b\xd6\x9c:\x06\
\x00\x86\x83\x91\x07\x00C\xa2P*\xcf,\x94\xca\xbd1\
x\x0b3\x9f8\x07\x00\x80\xf7x\xf9\xd0@\xcc\xeaZ\
o\xe8A\xd5\x9b2\xa9%f\x5c\xd3\x9a:\xa3b\xdc\
u\xdf\x0e/\xf5\x00\xc0\xbb\xe5c\xf0\xd7({r\xc5\
\xac+q\x0b\x00\x0c9#\x0f\x00\xceK\xa1Tn/\
\x94\xca\xdb#b[D\xb4%\xce\x01\x00\xe0#\xf4\x1f\
?e\xe8AU\x9b2\xa9%\xb6\xae\xbd9\x1e\xbdw\
v\xea\x94\x8a\xe1l\x0b\x00|\xa8\xb6\x88X\x93+f\
\xdbs\xc5lf\xea\x18\x00\x18*F\x1e\x00\x9c\x93B\
\xa9\xdc\x5c(\x95\x1f\x88\x88\x03\x11\xd1\x918\x07\x00\x80\
3d\xe8A\xb5:=\xf0hnl\x88\xf6\xd6\xa6X\
\xfc\xb5i\xa9\x93*\xc6\x93[_\x8aM[^L\x9d\
\x01\x00\x95\xaa#\x22\xb6\xe5\x8a\xd9Z'\x5c\x00\xa8\x05\
F\x1e\x00\x9c\xb5B\xa9\xbc4\x22z#bI\xda\x12\
\x00\x00\xceE\xff\xf1S\xb1`\xd9f'\x1e\xa8\x1a\xbf\
?\xf08m\xf9\xed\xd7F~\xdc\x98\x84U\x95\xe5\xae\
R\xb7\x8fi\x00\xf8h\xf3#\xa27W\xccV&\xee\
\x00\x80\xf3b\xe4\x01\xc0\x19+\x94\xca3\x0b\xa5rO\
D\xac\x8e\xc1\xdb\x96\x00\x00T\xa9\xdd\xfb\xfbbV\xd7\
z\x9f\x14\xa6\xe2}\xd0\xc0#\x22\xa2\xb9\xb1!\x96\xdf\
~]\xa2\xaa\xca\xf3\xf2\xa1\x81X\xf5\xd0\xce\xd4\x19\x00\
P\xe9\xf2\x11\xb1\x22W\xcczs\xc5lN\xea\x18\x00\
8\x17F\x1e\x00|\xacB\xa9\xdc^(\x957F\xc4\
\xb6\x88\x98\x9a8\x07\x00\x80!\xb2{\x7f_,\x5c\xb6\
9u\x06|\xa8\xfc\xb81\xb1\xe6\xde\xd9\xef\x1bx\x9c\
\xb6\xe4\xd6i\xd1vi\xe3\x08WU\xae\xec\xf1\x9e\xd8\
\xf1\xcck\xa93\x00\xa0\x1a\xb4E\xc4\x13\xb9b\xb6=\
W\xcc\xa6\xa5\x8e\x01\x80\xb3a\xe4\x01\xc0\x87*\x94\xca\
\xcd\x85RyeD\x1c\x88\x88\xce\xc49\x00\x00\x0c\x83\
'\xb7\xbe\x14w\xdd\xd7\x9d:\x03\xde'?nLl\
]{sL\xbd\xb2\xf0\x91\xff\xbdG\xef\x9d=BE\
\xd5\xe1N\x1f\xcf\x00p6:\x22\xe2\xb9\x5c1{ \
W\xcc\x9aS\xc7\x00\xc0\x990\xf2\x00\xe0\x03\x15J\xe5\
\xae\x88\xe8\x8d\x88\x15iK\x00\x00\x18n\xd9\xe3=\xb1\
i\xcb\x8b\xa93\xe0\x1dg:\xf0\x88\x88\xe8\x98>!\
n\x9a5q\x04\xaa\xaa\xc3\xee\xfd}\xb1\xeaag[\
\x00\xe0,-\x89\x88\xde\x5c1[\x9a:\x04\x00>\x8e\
\x91\x07\x00\xefR(\x95g\x16J\xe5\xed\x11\xb1&\x06\
oT\x02\x00P\x07\x16.\xdb\x1c\xbd\x07\x8f\xa5\xce\x80\
\xb3\x1ax\x9cv\xff\xdd3\x86\xb1\xa8\xfa\xaczx\xa7\
\x8fg\x008{\xf9\x88X\x9d+f\xbd\xb9b63\
u\x0c\x00|\x18#\x0f\x00\x22\x22\xa2P*\xb7\x17J\
\xe5\xb5\x11\xb1-\x06\x9f)\x04\x00\xa0\x8e\xf4\x1f?\x15\
s\x17?\x95:\x83:w.\x03\x8f\x88\x88\xf6\xd6\xa6\
X~\xdb\xb5\xc3TU\x9d\x16.\xdb\x9c:\x01\x00\xaa\
U[Dl\xcb\x15\xb3\x8d\xb9b\xd6\x9e:\x06\x00\xde\
+\x97:\x00\x80\xf4\x0a\xa5\xf2\xca\x88X\x1a^\xee\x00\
\x80a\xf1\xe6\x9e\xc5\xa9\x13\x92\xd8\xf1\xcck\x1f\xfa\xc7\
\x8e\x1e;\x19\xbb\xf6\xf7\xbd\xef\xf7\xf5\xec;\xf2\xce\x7f\
~\xf9\xd0\xb1x\xf9\xd0\xc0\xb0\xf5\xf1~\xa7\xcf<\xf8\
d9)\x9c\xeb\xc0\xe3\xb4\xc5\xb7N\x8b\x07\x1f{.\
\xfa\x8f\x9f\x1a\xe2\xb2\xea\xd4\xfd\xec\xc1x\xf0\x87=\xb1\
\xe4\xd6i\xa9S\x00\xa0ZuFDg\xae\x98}7\
\x22\x1exs\xcf\xe2\xa3\x89{\x00 \x22\x8c<\x00\xea\
Z\xa1T\x9e\x13\x11\x0f\xc4\xe0:\x1d\x00`HuL\
\x9f\xf0\x91\x7f\xbc\xf3\x86+\xce\xf8\xdb\xea=x,^\
>4xz\xa0g__\xf4\x0f\x9c\x8c\xde\x83\xc7\xde\
\xf9\xfd\xc6 Cg\xd5\xc3;\xa3cz\xeb\xc7\xfe\xf5\
\x83\xa1\xb6\xe1\xafn<\xe7\x81GDDscC\xdc\
\x7fOG,\xfa\x8e\x17,N[\xf5\xd0\xcf\xa3s\xd6\
\xc4homJ\x9d\x02\x00\xd5lED,\xcd\x15\xb3\
\xa5o\xeeY\xbc6u\x0c\x00\x18y\x00\xd4\xa1B\xa9\
<-\x06\xc7\x1d\xce\xb2\x00\x00U\xa1\xbd\xb5\xe9\x9dO\
R~\xd8\xf8`\xd7\xbe#\xd1{\xf0X\xec\xda\xdf\x17\
=\xfb\x8e\xc4\xae}G\x8c?\xce\xd1\x9d\xf7u\xc7/\
\xd7\x7f5u\x06u\xe4\x91\xef\xcd\x1e\x92a\xd1\xfc9\
\x93\xe3\xc1\x1f>\x17\xbb\xdf\xf3RP\xbd\xea?~*\
\xee*u\xc7\x86\xec\xc6\xd4)\x00P\xed\xf2\x11\xb1&\
W\xcc\x96F\xc4\xd27\xf7,\xde\x9e6\x07\x80zf\
\xe4\x01PG\x0a\xa5rs\x0c\x8e;\xe6\xa7-\x01\x00\
\x18zS\xaf,\xc4\xd4+\x0b\xefz!\xa4\xf7\xe0\xb1\
\xd8\xb5\xefHl\xda\xfaR\xecx\xe65\xa3\x8f3\xe4\
l\x0b#\xe9\x91\xef\xcd\x8e\xf9s&\x0f\xd9\xb7\xb7\xfa\
\x9e\x19q\xc3\x82\x0dC\xf6\xedU\xbb'\xb7\xbe\x14\x9b\
\xb6\xbcxV\xaf'\x01\x00\x1fjjDl\xcb\x15\xb3\
u\x11\xb1\xf2\xcd=\x8b{\x13\xf7\x00P\x87F\xa5\x0e\
\x00`d\x14J\xe5\xa5\x11\xd1\x1b\x06\x1e\x00@\x1di\
om\x8a\xce\x1b\xae\x88G\xef\x9d\x1d/\xfe\xb7\x05\xf1\
\x8b\xbf\xbb%\xe6uN\x8e\xfc\xb81\xa9\xd3*\xde\xaa\
\x87wF\xef\xc1c\xa93\xa8qC=\xf0\x88\x18|\
\xed\xe7\xa6Y\x13\x87\xf4\xdb\xacv\x0b\x97m\x8e\xa3\x03\
'Sg\x00@-\x99\x1f\x11=\xb9b\xb62W\xcc\
\x9aS\xc7\x00P_\x8c<\x00j\x5c\xa1T\x9eY(\
\x95{#bu\x0c>+\x08\x00P\xb7\xa6^Y\x18\
\x1c|l^\x10\x8f|ov\xb4]\xda\x98:\xa9\xa2\
-\x5c\xb69u\x025l8\x06\x1e\xa7\xdd\x7f\xf7\x0c\
c\xae\xdf\xd3\x7f\xfcT\xaczhg\xea\x0c\x00\xa85\
\xf9\x88X\x11\x83c\x8f\xae\xc4-\x00\xd4\x11#\x0f\x80\
\x1aU(\x95\xdb\x0b\xa5\xf2\xf6\x88\xd8\x16\x11m\x89s\
\x00\x00*JscC\xcc\x9f39^\xfco\xc6\x1e\
\x1f\xa5\xfb\xd9\x83\xb1\xe3\x99\xd7RgP\x83\x86s\xe0\
\x111\xf8\x8a\xcf\x92y\x9f\x1f\xb6o\xbf\x1ae\x8f\xf7\
\xf8x\x06\x80\xe1\xd1\x16\x11kr\xc5l{\xae\x98M\
K\x1d\x03@\xed3\xf2\x00\xa81\x85R\xb9\xb9P*\
?\x10\x11\x07\x22\xa2#q\x0e\x00@\xc5;=\xf6\xf8\
K_\xf9\xff\x81\xee\xbc\xaf;u\x025f\xb8\x07\x1e\
\xa7-\xbeu\x9a\x01\xd7{x\x9d\x07\x00\x86UGD\
<\x97+fk\x9dp\x01`8\x19y\x00\xd4\x90B\
\xa9\xdc\x15\x11\xbd\x11\xb1$m\x09\x00@\xf5Yr\xeb\
\xb4xq\xf3\x82\xb8i\xd6\xc4\xd4)\x15e\xf7\xfe\xbe\
X\xb7qo\xea\x0cj\xc4\xe2\xafM\x1b\x91\x81G\xc4\
\xe0\x8b=\xcbo\xbbnD\xbe\xafj\xf1\xf2\xa1\x81X\
\xf5\xb0\xb3-\x000\xcc\xe6GDo\xae\x98\xadL\xdc\
\x01@\x8d2\xf2\x00\xa8\x01\x85Ryf\xa1T\xee\x89\
\x8851x\x0b\x12\x00\x80s\xd0\xdc\xd8\x10\x1b\xb2\x1b\
c\xfd\x83\x7f\xe2U\x8f\xdf\xb3\xea\xe1\x9f\xa7N\xa0\x06\
\xcc\xeb\x9c\x1c\xf7\xdf3cD\xbf\xcf\xf9s&\xc7\x8c\
kZG\xf4\xfb\xact\xab\x1e\xde\x19\xbb\xf6\x1dI\x9d\
\x01\x00\xb5.\x1f\x11+r\xc5\xac7W\xcc\xe6\xa4\x8e\
\x01\xa0\xb6\x18y\x00T\xb1B\xa9\xdc^(\x957F\
\xc4\xb6\x88\x98\x9a8\x07\x00\xa0ft\xdepE\xfcb\
\xfdWc\xca\xa4\x96\xd4)\x15\xe1\xe5C\x03^\xf3\xe0\
\xbc\xcc\xeb\x9c\x1c\x8f\xde;;\xc9\xf7\xbd\xe2\xf6k\x93\
|\xbf\x95l\x81\xb3-\x000R\xda\x22\xe2\x89\x5c1\
\xdb\x9e+f\xed\xa9c\x00\xa8\x0dF\x1e\x00U\xa8P\
*7\x17J\xe5\x95\x11\xd1\x13\x11\x9dik\x00\x00j\
S{kSl]{\xb3\xf3-o[\xb7\xf1\xf9\xd4\
\x09T\xa9\x94\x03\x8f\x88\x88\x8e\xe9\x13b^\xe7\xc8\x9c\
\x88\xa9\x16\xbb\xf7\xf7\xc5\x83?\xecI\x9d\x01\x00\xf5\xa4\
#\x22\x0e\xe4\x8a\xd9\x03\xb9b\xd6\x9c:\x06\x80\xeaf\
\xe4\x01Pe\x0a\xa5rW\x0c\x8e;V\x84\xd3,\x00\
\x00\xc3\xea\xf4\xf9\x16\x9f \x8e\xe8~\xf6`\xecx\xe6\
\xb5\xd4\x19T\x99\xd4\x03\x8f\xd3\x96\xdfv\xad\x13L\xef\
\xb1\xea\xa1\x9fG\xef\xc1c\xa93\x00\xa0\xde,\x89\x88\
\xde\x5c1[\x9a:\x04\x80\xeae\xe4\x01P%\x0a\xa5\
\xf2\xccB\xa9\xbc=\x22\xd6\xc4\xe03\x7f\x00\x00\x8c\x90\
G\xef\x9dm\xe8\x11\xe1d\x0bg\xa5R\x06\x1e\x11\x83\
/\xf3,\x99\xf7\xf9\xd4\x19\x15\xa5\xff\xf8\xa9X\xe8l\
\x0b\x00\xa4\x90\x8f\x88\xd5\xb9b\xd6\x93+f3S\xc7\
\x00P}\x8c<\x00*\xdc\xdb\xa7Y\xd6F\xc4\xb6\x18\
|\xd6\x0f\x00\x80\x04\x1e\xbdwv\xdd\x9fnyl\xd3\
\xde8:p2u\x06U\xa0\x92\x06\x1e\xa7-\xbf\xed\
\xdah\xbb\xb41uFE\xe9~\xf6`l\xda\xf2b\
\xea\x0c\x00\xa8WS#b[\xae\x98m\xcc\x15\xb3\xf6\
\xd41\x00T\x0f#\x0f\x80\x0aV(\x95WFDo\
D\xccO[\x02\x00@\xc4\xe0\xd0c\xca\xa4\x96\xd4\x19\
Iy\xcd\x83\x8f3eRK\xdc\x7f\xcf\x8c\xd4\x19\x1f\
\xe8\xfe\xbb+\xb3+\xa5\x85\xcb6\x1bo\x01@Z\x9d\
\x11q W\xccV\xe6\x8aYs\xea\x18\x00*\x9f\x91\
\x07@\x05*\x94\xcas\x0a\xa5roD\xac\x88\xc1\xe7\
\xfb\x00\x00\xa8\x00\xcd\x8d\x0d\xb1\xe6\xde\xd9\x91\x1f7&\
uJ2\xeb6>\x9f:\x81\x0a6eRKl]\
{s476\xa4N\xf9@\x9d7\x5c\x113\xaei\
M\x9dQQ\xfa\x8f\x9f\x8a\xbb\xee\xebN\x9d\x01\x00\x0c\
\xfeZpo\xae\x98u\xa5\x0e\x01\xa0\xb2\x19y\x00T\
\x90B\xa9<\xadP*o\x8f\x88'\x22\xa2-q\x0e\
\x00\x00\x1f`\xea\x95\x85\xb8\xff\x9e\xfa\xbd\xa2\xb7{\x7f\
_\xec\xdaw$u\x06\x15\xa8\xd2\x07\x1e\xa7\xad\xae\xd0\
WFRzl\xd3\xde\xd8\xf1\xcck\xa93\x00\x80\xc1\
/\xf8[\x93+f\xdbs\xc5lf\xea\x18\x00*\x93\
\x91\x07@\x05(\x94\xca\xcd\x85R\xf9\x81\x88x.\x22\
\xea\xf73\x06\x00\x00Ub\xfe\x9c\xc9q\xd3\xac\x89\xa9\
3\x92q\xb2\x85\xf7\xaa\x96\x81G\xc4\xe0Pk^\xe7\
\xe4\xd4\x19\x15\xc7\xd9\x16\x00\xa8(\x1d\x11\xb1-W\xcc\
\xd6\xe6\x8aY{\xea\x18\x00*\x8b\x91\x07@b\x85R\
yiD\xf4F\xc4\x92\xb4%\x00\x00\x9c\x8d\xfb\xef\x9e\
Q\xb7g[\xb6\xfb\x8a\x7f~O5\x0d<N\xbb\xff\
\x9e\xfa\xfd\xf8\xfd0/\x1f\x1a\x88U\x0f\xedL\x9d\x01\
\x00\xbc\xdb\xfc\x88\xe8\xc9\x15\xb3\x95\xb9b\xd6\x9c:\x06\
\x80\xca`\xe4\x01\x90H\xa1T\x9eY(\x95{#b\
u\x0c>\xc3\x07\x00@\x15iom\x8a%\xf3>\x9f\
:#\x89\xdd\xfb\xfb\xa2\xf7\xe0\xb1\xd4\x19T\x80j\x1c\
xDD476\xd4\xed\xc7\xefG\xc9\x1e\xefq\x8e\
\x09\x00*O>\x22V\xc4\xe0\xd8cN\xe2\x16\x00*\
\x80\x91\x07\xc0\x08+\x94\xca\xed\x85Ry{Dl\x8b\
\x88\xb6\xc49\x00\x00\x9c\x87\xc5\xb7N\xab\xdb\xd7\x006\
m})u\x02\x89\xb5]\xdaX\x95\x03\x8f\xd3\x96\xdf\
vm\xb4]\xda\x98:\xa3\xe2,X\xb69u\x02\x00\
\xf0\xc1\xda\x22\xe2\x89\x5c1\xdb\x9e+f\xd3R\xc7\x00\
\x90\x8e\x91\x07\xc0\x08)\x94\xca\xcd\x85RyeD\x1c\
\x88\xc1\x9b\x8a\x00\x00T\xb9z~\x0d`\x87\x93-u\
-?nLl\xc8n\xac\xda\x81\xc7i\x8f\xde;;\
uB\xc5\xd9\xbd\xbf/V=\xecl\x0b\x00T\xb0\x8e\
\x88x.W\xcc\xd6:\xe1\x02P\x9f\x8c<\x00F@\
\xa1T\xee\x8a\x88\xde\x18|V\x0f\x00\x80\x1a\xb2\xf8\xd6\
i\xa9\x13\x92\xd8\xf1\x8fF\x1e\xf5*?nLl]\
{sL\xbd\xb2\x90:\xe5\xbcuL\x9f\x103\xaei\
M\x9dQq\x1e|\xec9'\x99\x00\xa0\xf2\xcd\x8f\x88\
\xde\x5c1[\x9a:\x04\x80\x91e\xe4\x010\x8c\x0a\xa5\
\xf2\xccB\xa9\xdc\x13\x11kb\xf0v\x22\x00\x005\xa6\
\xb9\xb1!\xe6uNN\x9d1\xe2\xfa\x8f\x9f\x8a]\xfb\
\x8e\xa4\xce`\x84\xd5\xd2\xc0\xe34\xafy\xbc_\xff\xf1\
S\xb1\xd0\xd9\x16\x00\xa8\x06\xf9\x88X\x9d+f\xbd\xb9\
b63u\x0c\x00#\xc3\xc8\x03`\x18\x14J\xe5\xf6\
B\xa9\xbc6\x22\xb6E\xc4\xd4\xc49\x00\x00\x0c\xb3\xf9\
s\xeao\xe4\x11\x11\xb1\xfd\x99\x83\xa9\x13\x18A\xb58\
\xf0\x88\x88hom\x8a\xc5_\x9b\x96:\xa3\xe2t?\
{0\xd6m\xdc\x9b:\x03\x0083m\x11\xb1-W\
\xcc\xb6\xe7\x8aY{\xea\x18\x00\x86\x97\x91\x07\xc0\x10*\
\x94\xca\xcd\x85RyeD\xf4\xc4\xe0sy\x00\x00\xd4\
\x81\x8e\xe9\x13\xa2\xed\xd2\xc6\xd4\x19#\xceK\x1e\xf5\xa3\
V\x07\x1e\xa7-\xbf\xfd\xda\xc8\x8f\x1b\x93:\xa3\xe2\xdc\
u\xdf\x8e8:p2u\x06\x00p\xe6:\x22\xe2@\
\xae\x98=\x90+f\xcd\xa9c\x00\x18\x1eF\x1e\x00C\
\xa4P*w\xc5\xe0\xb8cE8\xcd\x02\x00Pw:\
\xa6OH\x9d0\xe2z\x8c<\xeaB\xad\x0f<\x22\x06\
\xcf.-\xbf\xfd\xba\xd4\x19\x15\xc7\xd9\x16\x00\xa8ZK\
\x22\xa27W\xcc\xbaR\x87\x000\xf4\x8c<\x00\xceS\
\xa1T\x9eV(\x95\xb7G\xc4\x9a\x18|\x16\x0f\x00\x80\
:\xd49kb\xea\x84\x11\xb7{\x7f_\xea\x04F\xc0\
\xa3\xf7\xce\xae\xe9\x81\xc7iKn\x9dV\x97/\xf2|\
\x9c'\xb7\xbe\x14\x9b\xb6\xbc\x98:\x03\x008{\xf9\x88\
X\x93+f=\xb9b63u\x0c\x00C\xc7\xc8\x03\
\xe0\x1c\xbd}\x9aemD<\x17\x83\xcf\xe0\x01\x00P\
\xc7:\xbeX\x7f/yD8\xd9R\xeb\x1e\xf9\xde\xec\
\xe8\xbc\xe1\x8a\xd4\x19#\xe6\xd1{g\xa7N\xa8Hw\
\x95\xba\x9dm\x01\x80\xea55\x22\xb6\xe5\x8a\xd9\xc6\x5c\
1kO\x1d\x03\xc0\xf93\xf2\x008\x07\x85Rye\
D\xf4F\xc4\xfc\xb4%\x00\x00T\x8a\xe6\xc6\x86\x982\
\xa9%u\xc6\x88\xeb=x,u\x02\xc3\xe4\x91\xef\xcd\
\x8e\xf9s&\xa7\xce\x18Q\x1d\xd3'\xc4\x8ckZS\
gT\x9c\x97\x0f\x0d\xc4\xaa\x87v\xa6\xce\x00\x00\xceO\
gD\x1c\xc8\x15\xb3\x95\xb9b\xd6\x9c:\x06\x80sg\
\xe4\x01p\x16\x0a\xa5\xf2\x9cB\xa9\xdc\x1b\x11+b\xf0\
\xb9;\x00\x00x\xc7\xb4:8i\xf1^\xbb\x9cl\xa9\
I\xf58\xf08\xcdk\x1e\x1f,{\xbc'v<\xf3\
Z\xea\x0c\x00\xe0\xfc\xad\x88\x88\x9e\x5c1\xebJ\x1d\x02\
\xc0\xb91\xf2\x008\x03\x85R\xb9\xbdP*o\x8f\x88\
'\x22\xa2-q\x0e\x00\x00\x15\xaa\xbd\xb5)u\xc2\x88\
\xf3\x92G\xed\xa9\xe7\x81G\xc4\xe0\xc7\xf1\xf2\xdb\xaeM\
\x9dQ\x91\xee\xbc\xaf;u\x02\x0004\xda\x22bM\
\xae\x98m\xcf\x15\xb3\x99\xa9c\x008;F\x1e\x00\x1f\
\xa1P*7\x17J\xe5\x07\x22\xe2@Dt$\xce\x01\
\x00\xa0\xc2uL\xaf\xbf3\x0fF\x1e\xb5\xa5\xde\x07\x1e\
\xa7-\xbeuZ\xe4\xc7\x8dI\x9dQqv\xef\xef\x8b\
U\x0f;\xdb\x02\x005\xa4#\x22\xb6\xe5\x8a\xd9\xda\x5c\
1kO\x1d\x03\xc0\x991\xf2\x00\xf8\x10\x85Ryi\
D\xf4F\xc4\x92\xb4%\x00\x00\x00\xc3\xcf\xc0\xe3_5\
76\xc4\xfd\xf7\xd8\xf9\x7f\x90U\x0f\xef4\xee\x02\x80\
\xda3?\x06O\xb8\xacL\xdc\x01\xc0\x190\xf2\x00x\
\x8fB\xa9<\xb3P*\xf7F\xc4\xea\x88\xc8'\xce\x01\
\x00\xa0\x8atL\x9f\x90:a\xc4u?{0u\x02\
C`^\xe7d\x03\x8f\xf7\x98?grL\x99\xd4\x92\
:\xa3\x22-\x5c\xb69u\x02\x000\xf4\xf2\x11\xb1\x22\
W\xcczs\xc5lN\xea\x18\x00>\x9c\x91\x07\xc0\xdb\
\x0a\xa5r{\xa1T\xde\x18\x11\xdbb\xf0&!\x00\x00\
@\xcd\x9b\xd799\x1e\xbdwv\xea\x8c\x8a\xb4\xfa\x9e\
\x19\xa9\x13*R\xf7\xb3\x07\xe3\xc1\x1f\xf6\xa4\xce\x00\x00\
\x86G[D<\x91+f\xdbs\xc5lZ\xea\x18\x00\
\xde\xcf\xc8\x03\xa8{\x85R\xb9\xb9P*\xaf\x8c\x88\x03\
\x11\xd1\x998\x07\x00\x00`\xc4\x18x|\xb4\x8e\xe9\x13\
\xe2\xa6Y\x13SgT\xa4U\x0f\xfd\xdc\xd9\x16\x00\xa8\
m\x1d\x11\xf1\x5c\xae\x98=\x90+f\xcd\xa9c\x00\xf8\
WF\x1e@]+\x94\xca]\x11\xd1\x1b\x11+\xd2\x96\
\x00\x00P+\xea\xf1\xbc\x83O\xf4V'\x03\x8f3s\
\xff\xdd^\xf3\xf8 \xfd\xc7O\xc5]\xa5\xee\xd4\x19\x00\
\xc0\xf0[\x12\x11\xbd\xb9b\xb64u\x08\x00\x83\x8c<\
\x80\xbaT(\x95g\x16J\xe5\xed\x11\xb1&\x06o\x0d\
\x02\x00\xc0\x90hnlH\x9d0\xe2^>d\xe4Q\
mn\x9a5\xd1\xc0\xe3\x0c\xb5\xb76\xc5\xf2\xdb\xaeM\
\x9dQ\x91\x9e\xdc\xfaRl\xda\xf2b\xea\x0c\x00`\xf8\
\xe5#bu\xae\x98\xf5\xe6\x8a\xd9\xcc\xd41\x00\xf5\xce\
\xc8\x03\xa8+\x85R\xb9\xbdP*\xaf\x8d\x88m1\xf8\
\xdc\x1c\x00\x00@\xdd\x99ve!uBUY|\xeb\
\xb4h\xbb\xb41uFEZ\xb8ls\x1c\x1d8\x99\
:\x03\x00\x18\x19m\x11\xb1-W\xcc\xb6\xe7\x8aY{\
\xea\x18\x80ze\xe4\x01\xd4\x85B\xa9\xdc\x5c(\x95W\
FDOD\xccO[\x03\x00\x00@5inl\x88\
\xe5\xb7]\x97:\xa3\x22\xf5\x1f?\x15\xab\x1e\xda\x99:\
\x03\x00\x18Y\x1d\x11q W\xccV\xe6\x8aYs\xea\
\x18\x80zc\xe4\x01\xd4\xbcB\xa9<'\x06\xc7\x1d+\
\xc2i\x16\x00\x00\x86\x99\xd3%P\x9b\xe6\xcf\x99\x1c3\
\xaeiM\x9dQ\x91\xb2\xc7{b\xc73\xaf\xa5\xce\x00\
\x00F\xde\x8a\x88\xe8\xcd\x15\xb3\xae\xd4!\x00\xf5\xc4\xc8\
\x03\xa8Y\x85RyZ\xa1T\xde\x1e\x11O\xc4\xe03\
r\x00\x000\xec^>4\x90:\x01\x18&+n\xbf\
6uB\xc5Z\xb8ls\xea\x04\x00 \x8d|D\xac\
\xc9\x15\xb3\x9e\x5c1\x9b\x99:\x06\xa0\x1e\x18y\x005\
\xe7\xed\xd3,k#\xe2\xb9\x18|6\x0e\x00\x00\x00\xce\
[\xc7\xf4\x091\xafsr\xea\x8c\x8a\xf4\xf2\xa1\x81X\
\xf5\xb0\xb3-\x00P\xc7\xa6F\xc4\xb6\x5c1\xdb\x98+\
f\xed\xa9c\x00j\x99\x91\x07PS\x0a\xa5\xf2\xca\x88\
\xe8\x8d\x88\xf9iK\x00\x00\x00\xa8E\xcbo\xbb6\xf2\
\xe3\xc6\xa4\xce\xa8H\xab\x1e\xde\x19\xbb\xf6\x1dI\x9d\x01\
\x00\xa4\xd5\x19\x11=\xb9b\xb62W\xcc\x9aS\xc7\x00\
\xd4\x22#\x0f\xa0&\x14J\xe5\x99\x85R\xb97\x06o\
\x00\xe6\x13\xe7\x00\x00P\xa7v<\xf3Z\xea\x04`\x98\
\xb5\xb76\xc5\x92y\x9fO\x9dQ\xb1\x168\xdb\x02\x00\
\x0c\xfe\x1a\xfd\x8a\x18\x1c{t%n\x01\xa89F\x1e\
@U+\x94\xca\xed\x85Ry{Dl\x8b\x88\xb6\xc4\
9\x00\x00\xd4\xb9\xa3\xc7N\xa6NH\xa2\xb9\xb1!u\
\x02\x8c\xa8\xc5\xb7N\x8b\xb6K\x1bSgT\xa4\xdd\xfb\
\xfb\xe2\xc1\x1f\xf6\xa4\xce\x00\x00*C[D\xac\xc9\x15\
\xb3\xed\xb9b63u\x0c@\xad0\xf2\x00\xaaR\xa1\
Tn.\x94\xca\x0fD\xc4\x81\x88\xe8H\x9c\x03\x00\x00\
\x11\x11\xb1k\x7f_\xea\x84$\xa6^YH\x9d\x00#\
\xaa\xb9\xb1!\xee\xbf{F\xea\x8c\x8a\xb5\xea\xa1\x9fG\
\xef\xc1c\xa93\x00\x80\xca\xd1\x11\x11\xdbr\xc5l\xad\
\x13.\x00\xe7\xcf\xc8\x03\xa8:\x85RyiD\xf4F\
\xc4\x92\xb4%\x00\x00\xf0n=\xfb\x8e\xa4N\x00FH\
\xe7\x0dW\xc4\x8ckZSgT\xa4\xfe\xe3\xa7b\xa1\
\xb3-\x00\xc0\xfb\xcd\x8f\x88\xde\x5c1[\x99\xb8\x03\xa0\
\xaa\x19y\x00U\xa3P*\xcf,\x94\xca=\x11\xb1:\
\x06o\xfa\x01\x00@E\xd9e\xe4\x01ue\xf5=^\
\xf3\xf80\xdd\xcf\x1e\x8cM[^L\x9d\x01\x00T\x9e\
|D\xac\xc8\x15\xb3\xde\x5c1\x9b\x93:\x06\xa0\x1a\x19\
y\x00\x15\xafP*\xb7\x17J\xe5\x8d\x11\xb1-\x22\xa6\
&\xce\x01\x00\x80\x0ftt\xe0d\xbc|h u\xc6\
\x88\x9b2\xa9%u\x02$3\xf5\xcaB\xcc\xeb\x9c\x9c\
:\xa3b-\x5c\xb69\x8e\x0e\x9cL\x9d\x01\x00T\xa6\
\xb6\x88x\x22W\xcc\xb6\xe7\x8aY{\xea\x18\x80jb\
\xe4\x01T\xacB\xa9\xdc\x5c(\x95WF\xc4\x81\x88\xe8\
L\x9c\x03\x00\x00\x1fi\xc7?\xbe\x96:!\x89\xe6\xc6\
\x86\xd4\x09\x90\xd4\xfd\xf7\xcc\x88\xfc\xb81\xa93*R\
\xff\xf1Sq\xd7}\xdd\xa93\x00\x80\xca\xd6\x11\x11\x07\
r\xc5\xec\x81\x5c1kN\x1d\x03P\x0d\x8c<\x80\x8a\
T(\x95\xbb\x22\xa2'\x22V\xa4-\x01\x00\x803\xb3\
i\xebK\xa9\x13\x92homJ\x9d\x00I576\
\xc4\x92y\x9fO\x9dQ\xb1\x1e\xdb\xb47v<S\x9f\
#8\x00\xe0\xac,\x89\x88\xde\x5c1[\x9a:\x04\xa0\
\xd2\x19y\x00\x15\xa5P*\xcf,\x94\xca\xdb#bM\
\x0c>\xd7\x06\x00\x00Ua\xd3\x96\x17S'$a\xe4\
\x01\x11\xcbo\xbb6\xda.mL\x9dQ\xb1\x9cm\x01\
\x00\xceP>\x22V\xe7\x8aYo\xae\x98\xcdL\x1d\x03\
P\xa9\x8c<\x80\x8aP(\x95\xdb\x0b\xa5\xf2\xda\x88\xd8\
\x16\x83\xcf\xb3\x01\x00@\xd5\xd8\xb4\xe5\xc5\xe8?~*\
uF\x12m\x97\x1ay@D\xc4\xfdw\xcfH\x9dP\
\xb1^>4\x10\xab\x1e\xda\x99:\x03\x00\xa8\x1em\x11\
\xb1-W\xcc6\xe6\x8aY{\xea\x18\x80Jc\xe4\x01\
$W(\x95W\xc6\xe0i\x96\xf9iK\x00\x00\xe0\xdc\
\xac\xdb\xb47uB2\xed\xad^/\x80\x88\x88\xce\x1b\
\xae\x88\x19\xd7\xb4\xa6\xce\xa8X\xd9\xe3=\xb1k\xdf\x91\
\xd4\x19\x00@u\xe9\x8c\x88\x03\xb9b\xb62W\xcc\x9a\
S\xc7\x00T\x0a#\x0f \x99B\xa9<\xa7P*\xf7\
F\xc4\x8a\x18|\x86\x0d\x00\x00\xaaN\xef\xc1c\xf1\xe4\
\xd6\x97Rg$3\xf5\xcaB\xea\x04\xa8\x18\x8f\xde;\
;uBE[\xb0ls\xea\x04\x00\xa0:\xad\x88\x88\
\xde\x5c1\xebJ\x1d\x02P\x09\x8c<\x80\x11W(\x95\
\xa7\x15J\xe5\xed\x11\xf1D\x0c>\xbb\x06\x00\x00U+\
\xfbaO\xea\x84d\xf2\xe3\xc6DscC\xea\x0c\xa8\
\x18\xed\xadM\xb1\xf8k\xd3RgT\xac\xdd\xfb\xfbb\
\xd5\xc3\xce\xb6\x00\x00\xe7$\x1f\x11kr\xc5\xac'W\
\xccf\xa6\x8e\x01H\xc9\xc8\x03\x181\x85R\xb9\xb9P\
*\xaf\x8d\x88\xe7\x22\xa2#q\x0e\x00\x00\x9c\xb7\xde\x83\
\xc7b\xdd\xc6\xe7Sg$\xe3\x15\x0fx\xbf\xe5\xb7_\
\x1b\xf9qcRgT\xac\x07\x1f{.z\x0f\x1eK\
\x9d\x01\x00T\xaf\xa9\x11\xb1-W\xcc\xd6\xe6\x8aY{\
\xea\x18\x80\x14\x8c<\x80\x11Q(\x95\x97FDoD\
\xccO[\x02\x00\x00Cg\xd5\xc3;\xa3\xff\xf8\xa9\xd4\
\x19\xc9\xcc\xfc\xe2\x84\xd4\x09Pq\x9a\x1b\x1bb\xf9\xed\
\xd7\xa5\xce\xa8X\xfd\xc7O\xc5Bg[\x00\x80\xf37\
?\x22zr\xc5le\xae\x985\xa7\x8e\x01\x18IF\
\x1e\xc0\xb0*\x94\xca3\x0b\xa5roD\xac\x8e\xc1\xe7\
\xd4\x00\x00\xa0&\xecx\xe6\xb5xl\xd3\xde\xd4\x19I\
M\x9d\xd4\x92:\x01*\xd2\x92[\xa7E\xdb\xa5\x8d\xa9\
3*V\xf7\xb3\x07c\xdd\xc6\xfa\xfe\xf1\x13\x00\x18\x12\
\xf9\x88X\x11\x83c\x8f9\x89[\x00F\x8c\x91\x070\
,\x0a\xa5r{\xa1T\xde\x1e\x11\xdb\x22\xa2-q\x0e\
\x00\x00\x0c\xa9\xa3\x03'\xe3\xce\xfb\xbaSg$\xd7\xe1\
%\x0f\xf8P\x8f\xde;;uBE\xbb\xeb\xbe\x1dq\
t\xe0d\xea\x0c\x00\xa06\xb4E\xc4\x13\xb9b\xb6=\
W\xcc\xa6\xa5\x8e\x01\x18nF\x1e\xc0\x90*\x94\xca\xcd\
\x85RyeD\x1c\x88\x88\x8e\xc49\x00\x000,V\
=\xb43v\xef\xefK\x9d\x91T\xdb\xa5\x8d\xd1\xdc\xd8\
\x90:\x03*V\xc7\xf4\x091\xe3\x9a\xd6\xd4\x19\x15\xcb\
\xd9\x16\x00`\x18tD\xc4s\xb9b\xb6\xd6\x09\x17\xa0\
\x96\x19y\x00C\xa6P*wEDo\x0c>\x8f\x06\
\x00\x005i\xdd\xc6\xbd\x91=\xde\x93:#\xb9\x8e\xe9\
^\xf1\x80\x8f\xe35\x8f\x8f\xf6\xe4\xd6\x97b\xd3\x96\x17\
Sg\x00\x00\xb5g~D\xf4\xe6\x8a\xd9\xca\xc4\x1d\x00\
\xc3\xc2\xc8\x038o\x85Ryf\xa1T\xee\x89\x885\
1x\x03\x0f\x00\x00j\xd2\xae}Gb\xd1w|\xe5\
y\x84\x91\x07\x9c\x89\xf6\xd6\xa6X\xfc\xb5i\xa93*\
\xda]\xa5ng[\x00\x80\xe1\x90\x8f\x88\x15\xb9b\xd6\
\x9b+f3S\xc7\x00\x0c%#\x0f\xe0\xbc\x14J\xe5\
\x07\x22b[DLM\x9c\x02\x00\x00\xc3j\xd7\xbe#\
1\xabk}\xea\x8c\x8a\xd1y\xc3\xc4\xd4\x09P\x15\x96\
\xdf~m\xe4\xc7\x8dI\x9dQ\xb1^>4\x10\xab\x1e\
\xda\x99:\x03\x00\xa8]m\x11\xb1-W\xcc\xb6\xa7\x0e\
\x01\x18*F\x1e\xc0\xf9\x9a\x96:\x00\x00\x00\x86\xdb\xe9\
\x81G\xff\xf1S\xa9S*\xc2\x94I-\xd1\xdc\xd8\x90\
:\x03\xaaBscC\xdc\x7fOG\xea\x8c\x8a\x96=\
\xde\x13;\x9ey-u\x06\x00P\xdb\xfc\x84\x0c\xa8\x19\
F\x1e\x00\x00\x00\xf0\x11\x0c<\xdeo\xa6S-pV\
\xe6\xcf\x99\x1cS&\xb5\xa4\xce\xa8hw\xde\xd7\x9d:\
\x01\x00\x00\xa0*\x18y\x00\x00\x00\xc0\x87X\xb7qo\
\x5c\xfd\xef\xff\xc6\xc0\xe3=\xe6\xcf\x99\x9c:\x01\xaa\xce\
\xea{f\xa4N\xa8h\xbb\xf7\xf7\xc5\xaa\x87\x9dm\x01\
\x00\x00\xf88F\x1e\x00\x00\x00\xf0\x1eG\x07N\xc6\xc2\
e\x9bc\xd1w6\xa7N\xa98m\x976\xc6\xd4+\
\x0b\xa93\xa0\xeatL\x9f\x107\xcd\x9a\x98:\xa3\xa2\
\xadzxg\xf4\x1e<\x96:\x03\x00\x00\xa0\xa2\x19y\
\x00\x00\x00\xc0\xef\xd9\xf1\xcck1\xabk}<\xb6i\
o\xea\x94\x8a\xd49\xeb\x8a\xd4\x09P\xb5\xee\xbf\xdbk\
\x1e\x1fg\xe12\xe3:\x00\x00\x80\x8fb\xe4\x01\x00\x00\
\x001\xf8z\xc7]\xf7u\xc7\x0d\x0b6\xc4\xee\xfd}\
\xa9s*\x96S-p\xee\xda[\x9bb\xf9m\xd7\xa6\
\xce\xa8h\xdd\xcf\x1e\x8c\x07\x7f\xd8\x93:\x03\x00\x00\xa0\
b\x19y\x00\x00\x00P\xd7\x8e\x0e\x9c\x8cU\x0f\xef\x8c\
+f\xaf\x89\xec\xf1\x9e\xd49\x15\xcd\xa9\x168\x7f\x8b\
o\x9d\x16\xf9qcRgT\xb4U\x0f\xfd\xdc\xd9\x16\
\x00\x00\x80\x0fa\xe4\x01\x00\x00@]\xea=x\xec\x9d\
q\xc7\xaa\x87wF\xff\xf1S\xa9\x93*\xde\xe2[?\
\x9f:\x01\xaa^scC\xdc\x7fOG\xea\x8c\x8a\xd6\
\x7f\xfcT\xdcU\xeaN\x9d\x01\x00\x00P\x91r\xa9\x03\
\x00\x00\x00`\xa4\x1c\x1d8\x19\x9b\xb6\xbc\x14\x9b\xb6\xbe\
\x18On})uN\xd5\xe9\x9c51u\x02\xd4\x84\
\xf9s&\xc7\xba\x8d\xcfG\xf7\xb3\x07S\xa7T\xac'\
\xb7\xbe\x14\x9b\xb6\xbc\x18\x9d7\x5c\x91:\x05\x00\x00\xa0\
\xa2\x18y\x00\x00\x00P\xd3v<\xf3Z\xf4\xec\xeb\x8b\
M[^\xf4\x09\xd5\xf3p\xd3\xac\x89\xd1\xde\xda\x94:\
\x03j\xc6\x8a\xdb\xaf\x8d\x1b\x16lH\x9dQ\xd1\x16.\
\xdb\x1c/~qB476\xa4N\x01\x00\x00\xa8\x18\
F\x1e\x00\x00\x00\xd4\x84\x1d\xcf\xbc\xf6\xf6\xbf\x1e\x8c\xde\
\x83\xc7\xa2\xf7\xe01\xa3\x8e!4\xbfsr\xea\x04\xa8\
)\x1d\xd3'\xc4\xbc\xce\xc9\xf1\xd8\xa6\xbd\xa9S*V\
\xff\xf1S\xb1\xea\xa1\x9dq\xff=3R\xa7\x00\x00\x00\
T\x0c#\x0f\x00\x00\x00F\xdc\xd1\x81\x93\xb1k\xdf\x91\
\x8f\xfc\xef\xf4\x1e\x1c\x88\x97\x0f\x1d{\xcf\xef\x1b\x1co\
\x9c\xb6k\xdf\x91\xe8?~jX\x1a\xf9Wm\x976\
:\x99\x00\xc3`\xf9m\xd7\xc6\xa6-/\xfaq\xec#\
d\x8f\xf7D\xe7\x0d\x13\xa3c\xfa\x84\xd4)\x00\x00\x00\
\x15\xc1\xc8\x03\x00\x00`\x98\xe5\x8aY\xea\x048/\x8b\
o\xfd|\xea\x04\xa8I\xed\xadM\xb1d\xde\xe7c\xd5\
\xc3;S\xa7T\xb4\x85\xcb6\xc7\x8b\xffmA\xea\x0c\
\x00\x00\x80\x8a0*u\x00\x00\x00\x00P\xb9\xf2\xe3\xc6\
\xc4\xfc9N\xb5\xc0pY|\xeb\xb4h\xbb\xb41u\
FE{\xf9\xd0\x80!\x0c\x00\x00\xc0\xdb\x8c<\x00\x00\
\x00\x80\x0f\xb5d\xde\xe7\xa3\xb9\xb1!u\x06\xd4\xac\xe6\
\xc6\x86X~\xdbu\xa93*\xde\xaa\x87w~\xec\x99\
/\x00\x00\x80z`\xe4\x01\x00\x00\x00|\xa0\xfc\xb81\
\xb1\xf8\xd6i\xa93\xa0\xe6\xcd\x9f39f\x5c\xd3\x9a\
:\xa3\xe2-X\xb69u\x02\x00\x00@rF\x1e\x00\
\x00\x00\xc0\x07\xf2\x8a\x07\x8c\x9c\xd5\xf7\xccH\x9dP\xf1\
v\xef\xef\x8b\x07\x7f\xd8\x93:\x03\x00\x00 )#\x0f\
\x00\x00\x00\xe0}\xbc\xe2\x01#k\xea\x95\x85\x98\xd79\
9uF\xc5[\xf5\xd0\xcf\xa3\xf7\xe0\xb1\xd4\x19\x00\x00\
\x00\xc9\x18y\x00\x00\x00\x00\xef\xe3\x15\x0f\x18y\xf7\xdf\
3#\xf2\xe3\xc6\xa4\xce\xa8h\xfd\xc7O\xc5Bg[\
\x00\x00\x80:f\xe4\x01\x00\x00\x00\xbc\x8bW< \x8d\
\xe6\xc6\x86X2\xef\xf3\xa93*^\xf7\xb3\x07c\xd3\
\x96\x17Sg\x00\x00\x00$a\xe4\x01\x00\x00\x00\xbc\x8b\
W< \x9d\xe5\xb7]\x1bm\x976\xa6\xce\xa8x\x0b\
\x97m\x8e\xa3\x03'Sg\x00\x00\x00\x8c8#\x0f\x00\
\x00\x00\xe0\x1dm\x976\xc6\xf2\xdb\xaeM\x9d\x01u\xed\
\xfe\xbbg\xa4N\xa8x\xce\xb6\x00\x00\x00\xf5\xca\xc8\x03\
\x00\x00\x00x\xc7\xa3\xf7\xceN\x9d\x00u\xaf\xf3\x86+\
b\xc65\xad\xa93*\xde\x93[_\x8a\x1d\xcf\xbc\x96\
:\x03\x00\x00`D\x19y\x00\x00\x00\x00\x11\x11q\xd3\
\xac\x89\xd11}B\xea\x0c \x22V\xdf\xe35\x8f3\
\xe1l\x0b\x00\x00Po\x8c<\x00\x00\x00\x80\xc8\x8f\x1b\
\xe3D\x04T\x90\xa9W\x16b^\xe7\xe4\xd4\x19\x15\xef\
\xe5C\x03\xb1\xea\xa1\x9d\xa93\x00\x00\x00F\x8c\x91\x07\
\x00\x00\x00\x10\xcbo\xbf.\xda[\x9bRg\x00\xbf\xe7\
\xfe{fD~\xdc\x98\xd4\x19\x15/{\xbc'v\xed\
;\x92:\x03\x00\x00`D\x18y\x00\x00\x00@\x9d\x9b\
qMk,\xb9uZ\xea\x0c\xe0=\x9a\x1b\x1bb\xf9\
\xed\xd7\xa5\xce\xa8\x0a\x0b\x96mN\x9d\x00\x00\x000\x22\
\x8c<\x00\x00\x00\xa0\x8e\xe5\xc7\x8d\x89G\xef\x9d\x9d:\
\x03\xf8\x10Kn\x9d\x16m\x976\xa6\xce\xa8x\xbb\xf7\
\xf7\xc5\xaa\x87\x9dm\x01\x00\x00j\x9f\x91\x07\x00\x00\x00\
\xd4\xb1\xfb\xef\xe9p\xa6\x05*\x9c!\xd6\x99y\xf0\xb1\
\xe7\xa2\xf7\xe0\xb1\xd4\x19\x00\x00\x00\xc3\xca\xc8\x03\x00\x00\
\x00\xea\xd4\xbc\xce\xc91\x7f\xce\xe4\xd4\x19\xc0\xc7\xe8\x98\
>!f\x5c\xd3\x9a:\xa3\xe2\xf5\x1f?\x15\x0b\x9dm\
\x01\x00\x00j\x9c\x91\x07\x00\x00\x00\xd4\xa1)\x93Z\xe2\
\xfe{f\xa4\xce\x00\xce\x90\xd7<\xceL\xf7\xb3\x07\xe3\
\xc1\x1f\xf6\xa4\xce\x00\x00\x00\x186F\x1e\x00\x00\x00P\
g\xf2\xe3\xc6\xc4\x9a{gGscC\xea\x14\xe0\x0c\
\xb5\xb76\xc5\xe2\xafMK\x9dQ\x15V=\xf4\xf38\
:p2u\x06\x00\x00\xc0\xb00\xf2\x00\x00\x00\x80:\
\xf3\xe8\xbd\xb3c\xea\x95\x85\xd4\x19\xc0YZ~\xfb\xb5\
\x91\x1f7&uF\xc5s\xb6\x05\x00\x00\xa8eF\x1e\
\x00\x00\x00PG\xfe\xf2\xee\x19\xd1y\xc3\x15\xa93\x80\
s\xd0\xdc\xd8\x10\xcbo\xbf.uFUxr\xebK\
\xb1i\xcb\x8b\xa93\x00\x00\x00\x86\x9c\x91\x07\x00\x00\x00\
\xd4\x89y\x9d\x93c\xc9\xad\xd3Rg\x00\xe7a\xc9\xad\
\xd3b\xca\xa4\x96\xd4\x19U\xe1\xaeR\xb7\xb3-\x00\x00\
@\xcd1\xf2\x00\x00\x00\x80:p\xd3\xac\x89\xf1\xe8\xbd\
\xb3Sg\x00C`\xf5=3R'T\x85\x97\x0f\x0d\
\xc4\xaa\x87v\xa6\xce\x00\x00\x00\x18RF\x1e\x00\x00\x00\
P\xe3\xa6Lj1\xf0\x80\x1a\xd21}B\xdc4k\
b\xea\x8c\xaa\x90=\xde\x13;\x9ey-u\x06\x00\x00\
\xc0\x901\xf2\x00\x00\x00\x80\x1a6eRKl]{\
s476\xa4N\x01\x86\xd0\xfdw{\xcd\xe3L\xdd\
y_w\xea\x04\x00\x00\x80!c\xe4\x01\x00\x00\x005\
\xca\xc0\x03jW{kS,\xbf\xed\xda\xd4\x19Ua\
\xf7\xfe\xbeX\xf5\xb0\xb3-\x00\x00@m0\xf2\x00\x00\
\x00\x80\x1ad\xe0\x01\xb5o\xf1\xad\xd3\x22?nL\xea\
\x8c\xaa\xb0\xea\xe1\x9d\xb1k\xdf\x91\xd4\x19\x00\x00\x00\xe7\
\xcd\xc8\x03\x00\x00\x00j\xcc\xbc\xce\xc9\x06\x1eP\x07\x9a\
\x1b\x1b\xe2\xfe{:RgT\x0dg[\x00\x00\x80Z\
`\xe4\x01\x00\x00\x005d^\xe7\xe4x\xf4\xde\xd9\x06\
\x1eP'\xe6\xcf\x99\x1cS&\xb5\xa4\xce\xa8\x0a\xdd\xcf\
\x1e\x8c\x07\x7f\xd8\x93:\x03\x00\x00\xe0\xbc\x18y\x00\x00\
\x00@\x8d\xf8\xcb\xbbg\xc4\xa3\xf7\xceN\x9d\x01\x8c\xb0\
\xd5\xf7\xccH\x9dP5V=\xf4\xf3\xe8=x,u\
\x06\x00\x00\xc093\xf2\x00\x00\x00\x80*\x97\x1f7&\
\xd6?\xf8'\xb1\xe4\xd6i\xa9S\x80\x04:\xa6O\x88\
y\x9d\x93SgT\x85\xfe\xe3\xa7\xe2\xae\x92\xb3-\x00\
\x00@\xf52\xf2\x00\x00\x00\x80*6eRKl]\
{st\xdepE\xea\x14 \xa1\xe5\xb7]\x1b\xf9q\
cRgT\x85'\xb7\xbe\x14\x9b\xb6\xbc\x98:\x03\x00\
\x00\xe0\x9c\x18y\x00\x00\x00@\x95\x9a\xd799\xb6\xae\
\xbd9\xa6^YH\x9d\x02$\xd6\xde\xda\x14K\xe6}\
>uF\xd5X\xb8ls\x1c\x1d8\x99:\x03\x00\x00\
\xe0\xac\x19y\x00\x00\x00@\x959}\x9e\xe5\xd1{g\
GscC\xea\x1c\xa0B,\xbeuZ\xb4]\xda\x98\
:\xa3*\xf4\x1f?\x15\xab\x1e\xda\x99:\x03\x00\x00\xe0\
\xac\x19y\x00\x00\x00@\x15\xb9i\xd6\xc4xq\xf3\x02\
\xe7Y\x80\xf7inl\x88\xe5\xb7]\x97:\xa3jd\
\x8f\xf7\xc4\x8eg^K\x9d\x01\x00\x00pV\x8c<\x00\
\x00\x00\xa0\x0a\xb4]\xda\x18\xeb\x1f\xfc\x93\xd8\x90\xdd\xe8\
\xf5\x0e\xe0C\xcd\x9f39f\x5c\xd3\x9a:\xa3j8\
\xdb\x02\x00\x00T\x1b#\x0f\x00\x00\x00\xa8p\xcbo\xbb\
6~\xb1\xfe\xab^\xef\x00\xce\xc8\x8a\xdb\xafM\x9dP\
5^>4\x10\xd9\x0f{Rg\x00\x00\x00\x9c1#\
\x0f\x00\x00\x00\xa8P\xf3:'G\xf9\xa7]\xb1\xfc\xb6\
k\xbd\xde\x01\x9c\xb1\x8e\xe9\x13b^\xe7\xe4\xd4\x19U\
c\xd5\xc3;c\xd7\xbe#\xa93\x00\x00\x00\xce\x88\x91\
\x07\x00\x00\x00T\x98\x19\xd7\xb4\xc6\x965s\xe3\xd1{\
gG{kS\xea\x1c\xa0\x0a\xdd\x7f\xcf\x8c\xc8\x8f\x1b\
\x93:\xa3j,X\xb69u\x02\x00\x00\xc0\x191\xf2\
\x00\x00\x00\x80\x0a1\xafsrlY37\xb6\xae\xbd\
9:\xa6OH\x9d\x03T\xb1\xe6\xc6\x86X2\xef\xf3\
\xa93\xaa\xc6\xee\xfd}\xf1\xa0\xb3-\x00\x00@\x150\
\xf2\x00\x00\x00\x80\x84\xf2\xe3\xc6\xc4\xe2\xafM\x8b\xf2O\
\xbb\xe2\xd1{g\x1bw\x00Cf\xf9m\xd7F\xdb\xa5\
\x8d\xa93\xaa\xc6\xaa\x87~\x1e\xbd\x07\x8f\xa5\xce\x00\x00\
\x00\xf8HF\x1e\x00\x00\x00\x90\xc0\x94I-\xf1\xc8\xf7\
f\xc7\x8b\x9b\x17\xc4\xfd\xf7\xccp\x96\x05\x18\x16\xf7\xdf\
=#uB\xd5\xe8?~*\x16:\xdb\x02\x00\x00T\
\xb8\x5c\xea\x00\x00\x00\x00\xa8\x17m\x976F\xe7\xac+\
b\xf1\xad\xd3\x8c:\x80\x11\xd1y\xc3\x151\xe3\x9a\xd6\
\xe8~\xf6`\xea\x94\xaa\xd0\xfd\xec\xc1\xd8\xb4\xe5\xc5\xe8\
\xbc\xe1\x8a\xd4)\x00\x00\x00\x1f\xc8\xc8\x03\x00\x00\x00\x86\
\xd1\x94I-1\xe7\x86+\xa2s\xd6\xc4\x98ze!\
u\x0eP\x87V\xdf3#\xae\xfe\xf7\x7f\x93:\xa3j\
,\x5c\xb69^\xfc\xe2\x84hnlH\x9d\x02\x00\x00\
\xf0>F\x1e\x00\x00\x000\x84\xda.m\x8c\x8e\xe9\x13\
\xde\xfe\xad\xd5\x8b\x1d@rS\xaf,\xc4\xbc\xce\xc9\xf1\
\xd8\xa6\xbd\xa9S\xaa\xc2\xe9\xb3-\x1b\xb2\x1bS\xa7\x00\
\x00\x00\xbc\x8f\x91\x07\x00\x00\x00\x9c\x87\x19\xd7\xb4\xc6\xb4\
+\x0b1\xf5\xca\x82Q\x07P\xb1\xee\xbfgFl\xda\
\xf2b\xf4\x1f?\x95:\xa5*<\xb9\xf5\xa5\xd8\xf1\xcc\
k\xd11}B\xea\x14\x00\x00\x80w1\xf2\x00\x00\x00\
\x8030\xe3\x9a\xd6hnj\x18\x1ctLj\x89\xf6\
\xd6&\xe7W\x80\xaa\xd1\xdc\xd8\x10K\xe6}>V=\
\xbc3uJ\xd5X\xb8ls\xfcb\xfdW\x9dm\x01\
\x00\x00*\x8a\x91\x07\x00\x00\x00u\xa9\xed\xd2\xc6h\xbb\
\xf4__\xddhomz\xe7\x15\x8e\xb6K\x9b\xa2\xbd\
\xb51\x22\xc2Wq\x035c\xf9m\xd7\xc6\xba\x8d\xcf\
\xc7\xcb\x87\x06R\xa7T\x85\x97\x0f\x0d\xc4\xaa\x87v\xc6\
\xfd\xf7\xccH\x9d\x02\x00\x00\xf0\x0e#\x0f\x00\x00\x00\x92\
x\xef\xc8\xe2\xe3L\xbb\xb2\x10\xcdM\x1f\xfd\xd5\xd4\x1d\
\xd3[?\xe4\xfbjrF\x05 \x22\x1e\xbdwv\xdc\
\xb0`C\xea\x8c\xaa\x91=\xde\x13\xf3\xe7L\xf6r\x13\
\x00\x00P1\x8c<\x00\x00\x80$\xb6\xac\x99\x9b:\x81\
s\xe4e\x0bj\xd5\xbc\xce\xc9\x1f:\x14\xaa5g3\
\xb0\xa2\xb6tL\x9f\xe0\xef\xc1g)\xef\x5c\x0b\x00\x00\
PA\x8c<\x00\x00\x80$\x0c\x05\x80J\xf3\xfb'{\
\xa0\x96\xf9{0\x00\x00@\xf5\x1a\x95:\x00\x00\x00\x00\
\x00\x00\x00\x00\x80\x8fg\xe4\x01\x00\x00\x00\x00\x00\x00\x00\
P\x05\x8c<\x00\x00\x00\x00\x00\x00\x00\x00\xaa\x80\x91\x07\
\x00\x00\x00\x00\x00\x00\x00@\x150\xf2\x00\x00\x00\x00\x00\
\x00\x00\x00\xa8\x02F\x1e\x00\x00\x00\x00\x00\x00\x00\x00U\
\xc0\xc8\x03\x00\x00\x00\x00\x00\x00\x00\xa0\x0a\x18y\x00\x00\
\x00\x00\x00\x00\x00\x00T\x01#\x0f\x00\x00\x00\x00\x00\x00\
\x00\x80*`\xe4\x01\x00\x00\x00\x00\x00\x00\x00P\x05\x8c\
<\x00\x00\x00\x00\x00\x00\x00\x00\xaa\x80\x91\x07\x00\x00\x00\
\x00\x00\x00\x00@\x150\xf2\x00\x00\x00\x00\x00\x00\x00\x00\
\xa8\x02F\x1e\x00\x00\x00\x00\x00\x00\x00\x00U\xc0\xc8\x03\
\x00\x00\x00\x00\x00\x00\x00\xa0\x0a\x18y\x00\x00\x00\x00\x00\
\x00\x00\x00T\x01#\x0f\x00\x00\x00\x00\x00\x00\x00\x80*\
`\xe4\x01\x00\x00\x00\x00\x00\x00\x00P\x05\x8c<\x00\x00\
\x00\x00\x00\x00\x00\x00\xaa\x80\x91\x07\x00\x00\x00\x00\x00\x00\
\x00@\x150\xf2\x00\x00\x00\x00\x00\x00\x00\x00\xa8\x02F\
\x1e\x00\x00\x00\x00\x00\x00\x00\x00U\xc0\xc8\x03\x00\x00\x00\
\x00\x00\x00\x00\xa0\x0a\x18y\x00\x00\x00\x00\x00\x00\x00\x00\
T\x01#\x0f\x00\x00\x00\x00\x00\x00\x00\x80*`\xe4\x01\
\x00\x00\x00\x00\x00\x00\x00P\x05\x8c<\x00\x00\x00\x00\x00\
\x00\x00\x00\xaa\x80\x91\x07\x00\x00\x00\x00\x00\x00\x00@\x15\
0\xf2\x00\x00\x00\x00\x00\x00\x00\x00\xa8\x02F\x1e\x00\x00\
\x00\x00\x00\x00\x00\x00U\xc0\xc8\x03\x00\x00\x00\x00\x00\x00\
\x00\xa0\x0a\x18y\x00\x00\x00\x00\x00\x00\x00\x00T\x01#\
\x0f\x00\x00\x00\x00\x00\x00\x00\x80*`\xe4\x01\x00\x00\x00\
\x00\x00\x00\x00P\x05\x8c<\x00\x00\x00\x00\x00\x00\x00\x00\
\xaa\x80\x91\x07\x00\x00\x00\x00\x00\x00\x00@\x150\xf2\x00\
\x00\x00\x00\x00\x00\x00\x00\xa8\x02F\x1e\x00\x00\x00\x00\x00\
\x00\x00\x00U\xc0\xc8\x03\x00\x00\x00\x00\x00\x00\x00\xa0\x0a\
\x18y\x00\x00\x00\x00\x00\x00\x00\x00T\x01#\x0f\x00\x00\
\x00\x00\x00\x00\x00\x80*`\xe4\x01\x00\x00\x00\x00\x00\x00\
\x00P\x05\x8c<\x00\x00\x00\x00\x00\x00\x00\x00\xaa\x80\x91\
\x07\x00\x00\x00\x00\x00\x00\x00@\x150\xf2\x00\x00\x00\x00\
\x00\x00\x00\x00\xa8\x02F\x1e\x00\x00\x00\x00\x00\x00\x00\x00\
U\xc0\xc8\x03\x00\x00\x00\x00\x00\x00\x00\xa0\x0a\x18y\x00\
\x00\x00\x00\x00\x00\x00\x00T\x81\x5c\xea\x00\x00\x00\x00\x00\
*\xcf\xd3\xaf\x9c\x88W\xfb\x7f\x1b\xaf\xf4\xbf\xf9\xce\xbf\
FD\xecy\xfdd\x1c;\xf9\xbb\x8f\xfcs/k\xca\
\xc5e\xf9\xd1\x11\x11Q\x1c\xdf\x10\xf9\x86QQ\x1c\xdf\
\x10\x97\xe7sQ\xbc\xa4a\xd8\xdb\x01\x00\x00\xa0V\x19\
y\x00\x00\x00\x00\xd4\xb9W\xfb\x7f\x1bO\xbfr\x22\x9e\
~\xe5D\xfc\xd3\xeb\xa7\xe2\x9f_?y~\xdf\xde\xb1\
7\xe3\xd5c\x83\xa3\x90\x9f\xbdz\xe2}\x7f\xfc\xdf\x5c\
66\x8a\xe3\x1b\xe2\xfa\xcb\xc7\xc6\xf5\x97\x8f\x8d|\x83\
\xc7f\x01\x00\x00\xe0L\x18y\x00\x00\x00\x1f\xa9\xf3G\
\x07?\xf0\x13t\x0c\xad#w\x7f\xf6\x9c\xfe\xbcZ\xf9\
\xeb\xf3\xfb_\xf5\x7f\xda\xf5\x97\x8f}\xdf\xbf?\xfd\x22\
\x00\x83\x9e~\xe5D\xcc\xf9\x9b\x83\xc3\xf2m\xff\x9b\xcb\
\xc6\xc6\xa6\xaf\xb6\x0e\xcb\xb7=\x5c\x0a\xa5\xf2\xb0}\xdb\
\xe7\xfa1Z\xc9\x9e~\xe5D\xfc\xf8\x85_\xc7O\xfe\
\xaf\xe3\xef\x0c2F\xca\xcf^=\x11?{\xf5D\xfc\
\x97g\x8fF\xc4\xe0\xff\xdf\xfe\xf8\xff\xf9\xc9\xf8\xe3\xcf\
}\xf2}?\x16T\x83\xff\xf4\xdf\xff%\xfe\xf3\xd3\xff\
\x92:#\xae\xba\xa4!\xb6/\xb8,u\xc6\x87z\xb5\
\xff\xb7\xf1\x85\xff\xe3\xe5\xd4\x19\x11\x11\xb1\xf1\x96\xd6w\
\xfd}\x06\x00\x00\xa0Z\x18y\x00\x00\x00\x90\xdc\xef\x7f\
\xd5\xffi\xbf?^\xf9\xcfO\xbf\xfb\xbf\xef\x15\x008\
7\xaf\xf6\xff6\xfe\x8fg\xfb\x93\x0c;>\xca\xe9\xd1\
\xc7w\xb6\xf4\xc5W>\xf7\xc9\xf8\x0f\x7f\xd8\x14\x7f\xfc\
\xb9O\xa6\xce\xaa:\xff\xfc\xfa\xc9x\xb5\xff\xb7\x15;\
\x94y\xfa\x95\xea\x1f%\x02\x00\x00\xa4f\xe4\x01\x00\x00\
@\xd5y\xef+\x00>)\x0c\x1f\xed\xe9WN\xc4\x7f\
\xfa\xef\xffR\x15/\xff\xfc\xe4\x85_\xc7O^\xf8u\
\x5c\xd6\x94\x8boLo\x8e\xff\xf0\x87M\x86\x5cg\xe1\
\xe9WN\xc4\x7f\xf8\xc3\xca\x1cy\xfc\xf8\x85_\xa7N\
\x00\x00\x00\xa8z\xfe\x09\x19\x00\x00\x80\xaa\xf7\x93\x17~\
\x1d\xf37\xfc*\xbe\xf0\xd7\xbd\xf1\xb7\xfft,u\x0e\
T\x8c\xa7_9\x11\x9d?:\x18s\xfe\xa6\xfaN;\
\xbdz\xec\xcd\xf8\xce\x96\xbe\xf8\xc2_\xf7\xc6\x0f\xde\x1e\
t\xf1\xf1*\xf9\xb5\x8cJn\x03\x00\x00\xa8\x16F\x1e\
\x00\x00\x00\xd4\x8cW\x8f\xbd\x19w\xfc\xf8\xf5\xf8\xc2_\
\xf7\xfa\x8aq\xea\xda\x9e\xd7OV\xed\xb8\xe3\xbd\x8e\x9d\
\xfc\xdd;c\x0f#\x81\x8fW\xa9\xff\x1b\xedy\xfdd\
\x1c;\xf9\xbb\xd4\x19\x00\x00\x00U\xcf\xc8\x03\x00\x00\x80\
\x9a\xf3\xea\xb17c\xfe\x86_E\xe7\x8f\x0eF\xbfO\
*RG\xfaO\xfe.\x96m\xe9\x8b?Z\xf3j\xd5\
\x8f;\xde\xeb\xd5co\xc6\x9c\xbf9\x18\xf36\xfc\xca\
\xc7\xf5Gx\xf5\xd8\x9b\xb1\xe7\xf5\x93\xa93\xde\xa7R\
\xc7'\x00\x00\x00\xd5\xc6\xc8\x03\x00\x00\x80\x9a\xf5\xb3W\
Ox\xd5\x83\xba\xf1\xf4+'\xe2\x8f\x1e}%\xfeK\
\x8d\x9f6\xf9\xc9\x0b\xbf\xf6\xaa\xc7\xc7\xa8\xc4\xffm*\
\xb1\x09\x00\x00\xa0\x1a\x19y\x00\x00\x00P\xd3\x8e\x9d\xfc\
]\xcc\xdf\xf0\xab\xf8A\x8d\x7f\xe2\x9b\xfa\xb6lK_\
\xcc\xf9\x9b\x83\xf1\xea\xb17S\xa7\x8c\x88c'\x7f\x17\
s\xfe\xe6`\xfc\xa7\xff\xfe/\xa9S*R%\x0e*\
*\xb1\x09\x00\x00\xa0\x1a\x19y\x00\x00\x00P\x17\xbe\xb3\
\xa5/\xee\xf8\xfb\xc3\xa93`H\xf5\x9f\xfc]\xcc\x5c\
\xf3j\xcd\xbf\xde\xf1a\xfe\xf3\xd3\xff\xe2|\xcb\x07\xa8\
\xb4A\xc5\xd3\xaf\x9c\x88c\xfe\x1a\x01\x00\x00\x0c\x09#\
\x0f\x00\x00\x00\xea\xc6\xdf\xee\x190\xf4\xa0f\xecy\xfd\
d|\xe1\xaf{\xe3\x9f_?\x99:%\xa9\x9f\xbc\xf0\
\xeb\xe8\xfc\xd1AC\x8f\xdfs\xec\xe4\xefbO\x05\xfd\
\xff\xa2\xd2F'\x00\x00\x00\xd5\xcc\xc8\x03\x00\x00\x80\xba\
\xf2\xb7{\x06b\xd9\x96\xbe\xd4\x19p^~\xfc\xf6\xb0\
\xc1\xeb\x08\x83\xfe\xf9\xf5\x93\x86\x1e\xef\xf1\xe3\xff\xeb\xd7\
\xa9\x13\xdea\xe4\x01\x00\x000t\x8c<\x00\x00\x00\xa8\
;\xff\xe5\xd9\xa3\xf1\xb7\xfft,u\x06\x9c\x93\xbf\xfd\
\xa7c1\x7f\xc3\xaf\x0c<\xde\xc3\xd0\xe3\xdd*iX\
\xf1\xb3W+\xa7\x05\x00\x00\xa0\xda\x19y\x00\x00\x00P\
\x97\xee\xf8\xf1\xeb\x15u\xce\x00\xce\xc4\xdf\xfe\xd3\xb1\xb8\
\xe3\xc7\xaf\xa7\xce\xa8X\x86\x1e\xff\xaaR\x86\x15?~\
\xa1r^\x14\x01\x00\x00\xa8\x05F\x1e\x00\x00\x00\xd4\xad\
y\xeb\x7f\xe5\x93\xc1T\x0d\x03\x8f3\xf3\xcf\xaf\x9f\x8c\
;\xfe\xfep\xea\x8c\x8aP\x09\x03\x8bJzQ\x04\x00\
\x00\xa0\x16\x18y\x00\x00\x00P\xb7^=\xf6f|\xe7\
\x1f\x8e\xa4\xce\x80\x8f\xb5\xe7\xf5\x93\xb1lK_\xea\x8c\
\xaa\xf1\x93\x17~\x1d\xff\xe9\xbf\xffK\xea\x8c\xe4*a\
`Q\x09\x0d\x00\x00\x00\xb5\xc4\xc8\x03\x00\x00\x80\xba\xf6\
\xb7{\x06|\x12\x92\x8a\xf6j\xffo\xa3\xf3G\x07\xe3\
\x98Wg\xce\xca\x7f~\xfa_\xea\xfe$S\xea\x1f\xdb\
\xfaO\xfe.\xfe\xb9\xce\xff\x1a\x00\x00\x00\x0c5#\x0f\
\x00\x00\x00\xea\x9e\xaf\xf8\xa7R\xf5\x9f\xfc]\xdc\xba\xe1\
\xff6\xf08G\xf3\xd6\xff*uBR\xff\xfc\xfa\xc9\
\xa4'\xa9R\x8fL\x00\x00\x00jQ.u\x00\x00\x00\
\x00\xa4\xf6\xb3WO\xc4\x8f_\xf8u\xfc\xf1\xe7>\x99\
:\x05\xde\xe5;\xffp\xa4\xe2^B\xf87\x97\x8d\xfd\
\xd0?\xf6j\xffo\xe3\xd5co\x8e`\xcdG{\xf5\
\xd8\x9b\xf1\x9f\xfe\xfb\xbf\xc4\xb7\xbf\xf4\xffH\x9d\x92\xcc\
O\xfe\xaf\xe3\xf1\x1f\xfe\xb0)\xd9\xf7\x0d\x00\x00\xc0\xd0\
2\xf2\x00\x00\x00\x80\x88\xf8\xc13G\x8d<\xa8(\x7f\
\xfbO\xc7\xe2o\xf7\x0c$m\xb8\xea\x92\x86\xb8\xfe\xf2\
\xb1q\xfd\xe5c\xe3\x0f/\x19\x13\x97\xe5G\x9f\xd1\x9f\
\xf7\xf4+'b\xcf\xeb'\xe3\xe9WN\xc4O^\xf8\
\xf50W~\xb4\xff\xfc\xf4\xbf\xc4-\x7f\xd8x\xc6\xed\
\xb5\xe6\xe9WN$\x1byx\xc9\x03\x00\x00`\xe8\x19\
y\x00\x00\x00\x1f\xe9\xde\x7f\xfb\xffg\xef\xffc\xe3\xbe\
\x0b|\xff\xf7\x9d\xd4\x8ei\xd9\xd8.\xb5k\x8e\x9a\x94\
\xa8\xdftA\x8a\xf9\xdd\xfc\x01\xad6\xb9\x85r\xb5\x80\
\x0aj\xff\xe9\xae\x04\xcd\xd2\xea\xec=p\x1bR!\x9a\
\xbb\xdb\x95HUh\xd7\x1ci\x95\x9a/\x82\x1e\x09N\
\xcb\x85s\xf8\x83o\x81\xab\xfe\xe0\x8a\x85\xe3\xa0\xe3\xb4\
\x0aMJR\xe7G[\xd7\xb4\x99\x8b\xe8'\x1e7\x1e\
\xc7\xf6\xfc\xb2g\xee\x1fSX(\xfd\x91d~\xbcg\
>\xf3xH\xe8\x1c\x01\x9dy\x95\xa6\xd9\xceg\x9e~\
\xbf\x87B\xae\x10\xf7\x9a\x80\xa9S\xc5\xf0/\xbf\xc86\
\xe5\xb5o\x1a]\x1f\xed\xcb\xafv\xf7\xd5\x8f\x0c\x85\xd1\
K\xfb\x1a\xfa\x9aS\xa7\x8a\x7f\xf6\xeb\xe9\x0f_\x00\xee\
\xcf\xc4\xff\x22p\x7f\xa6\xf6\xa5t\xa3\xff\x9c\xe1|d\
r\xe5pg\x93~\xdf{3\xfd}k\xc3?^5\
XW\x18\xf1\x870\xe4\x1f\xaf\x1a\x0c\xb9b%\xfc\xf0\
\xe9\x85p\xff\xaf\xe7\xa3\x9d\xf2\xf1\xf5\xff\xfdr\xf8\xc6\
'F\xa2\xbcwl\xb1B\x8bv;\xd5\x05\x00\x00 \
-D\x1e\x00\x00\xc0\x1bJ\xfb\x17\xde\x1b\x07z\xc3\xd5\
\x97\xbf\xfe\xd5\x03\xddl\xf4\x95\x9f\xe0o\xa47z\xbd\
?\xfc\xd4\xff\xff|\xfaL\xb4\xeb)\xee\xff\xf5|\xd7\
~\x11L{\xb9\xf3\x17\xd9\xb0Plm`\xd7\xdf\xb7\
6|\xed#C\x0d\x0f\xdf\x06^\x89F\xfe\xf1\xaa\xc1\
\xf0\xc3\xa7\x17\xc2\xd7\xff\xf7\xcb-\xff\xf2\xff\x87Sg\
\xc2\x1d\xd7\xbc\xad+O\xf3\xc8,\xac\x84L\xae\xdc\xf2\
?w\xa7x\x00\x00\x004\xc7\xda\xd8\x03\x00\x00\x00 \
\x84ZT\xf2\x8fW\x0d\x86\x89\x7f\xd8\x18~\xf2w\x97\
\x85\x0fol}|\xf3h\xe4k% \x84\xda\xaf\xc3\
V_q\xf2\x9f\xaf\x1a\x0c\x87\xfe\xcb\xa6\xa6\x9flt\
\xd3\xbb\xfb\xc3\xff\xfa\xdc\xe5\xe1?_5\xd8\xd4\xf7y\
-_\xff\xdf/\xb7\xfc=\xdbE\x8c\xdf\xdbD\x1e\x00\
\x00\x00\xcd!\xf2\x00\x00\x00\xa0\xed\x5c}\xf9\x85\xe1\xa7\
\x7f\x7fYx\xf0\x86\xff\x14\xfa\xfbZ\xf7\xd1u\xa1X\
\x09S\x91N\x11\x81?\xf8\x97\x7f\x9fm\xd9{m\xec\
\xef\x09\xff\xeb\x1f6\x86\xaf}d(\x0c\xb4\xe8\xef\xb5\
\x81WN\x0c\xf9\xc9\xdf]\xd6\xd2\xbf\xbf\x7f8u&\
dr\xe5\x96\xbd_;\x89\x11\x5c\x88\xe6\x00\x00\x00\x9a\
C\xe4\x01\x00\x00@\xdb\xfa\xf8\x95o\x0d\x13\xff\xb01\
li\xe1\xb5A\x8f>\xeb\x8bI\xe2i\xe5U&[\
.\xed\x0b\xff\xebs\x97G\xbb\x96\xeb\xea\xcb/l\xf9\
\xdf\xdf\xdf~2\xd7\xb2\xf7j'\xad\x8e<\xa6N\x15\
[~\xdd\x10\x00\x00@\xb7\x10y\x00\x00\x00\xd0\xd66\
\x0e\xf4\x86\x9f\xfe\xfde-\xfb\x22\xd8\x15\x03\xc4\x92+\
V\xc2\xfdO\xce\xb7\xe4\xbdn\x1a]\x1f&\xfeac\
\xcbN\xefx=\xad\xfe\xfb\xfb\x87O/\x84\x5c\x17\xc6\
\x07\xad>\xa5\xc8\xef\xa3\x00\x00\x00\xcd#\xf2\x00\x00\x00\
\xa0\xed\x0d\xf4\xad\x0d?\xfd\xfb\xd6\x5c\xed\xb0?\xe3\xcb\
I\xe2\xb8\xff\xd7\xf3-9\xfd\xe0\xa6\xd1\xf5\xe1\x1b\x9f\
\x18i\xfa\xfb\x9c\xadV\xfe\xfd\xbdP\xac\x84\xc7\x9e]\
l\xfa\xfb4\xc2\xc6\xfe\x9e\x86\xbe^+O)jd\
\xe4\xd1\xe8\xff\x1d\x00\x00\x00:\x9d\xc8\x03\x00\x00\x80\x8e\
0\xd0\xb76|\xef\x86\xff\xd4\x92\xf7j\xe5O\xbc\xc3\
\x1f\xb4\xe2\x14\x8f\x0fo\xbc\xb0\xad\x02\x8f?\xf8C\xe8\
\xd1\x0a\xff\xf3\xe93-y\x9fzm\x1c\xe8mh\xe0\
\xd0\xca\xd35\x1a\xf9^W_~a\xc3^\x0b\x00\x00\
 \x0dD\x1e\x00\x00\x00t\x8c\xab/\xbf0\xdc4\xba\
\xbe\xe9\xef\x93+t\xdfu\x0e\xc4\xf5\xc3\xa7\x17\x9a~\
\x8a\xc7\xc6\xfe\x9e\xf0\xbd\x1b[\x13J\x9d\x8f\xd1K\xfb\
\xc2W?2\xd4\xf4\xf7\xd9\x9f\xc9\x87L\xae\xdc\xf4\xf7\
i\x84F\x06\x0e\xad:\xa5h\xf2d\xbe\xa1\xbf\x96E\
\x1e\x00\x00\x00\x7fN\xe4\x01\x00\x00@G\xb9\xe3\x9a\xb7\
5\xfd=Z\xf9\x13\xef\x10B\x08\xdf~2\xd7\xf4\xf7\
\xf8\xde\x8d\xff)\x0c\xb4\xe0J\x94z\xfc\xe3U\x83\xe1\
\xc3\x1b\x9b\xff\xa5\xfe\xa3\xcf\xb5\xee\xea\x92z4:p\
h\xc5\x9fw\xa3\x7f\xff\x14y\x00\x00\x00\xfc\xb9\xf6\xfe\
d\x0f\x00\x00\x00\xaf\xb2q\xa0\xb7%_\x02C\xabL\
\x9d*\x86\xa3M\xbe\x22\xe8\xcbW\xbf-\x8c^\xda\xd7\
\xd4\xf7h\x94V\x84\x5c\x8f>\xdb\x9d\x91G+\x02\xb6\
F\xbe\xc7\xc6\xfe\x9e\xb0q\xa0\xb7a\xaf\x07\x00\x00\x90\
\x06\x22\x0f\x00\x00\x00:\xce\xc7\xff\xfa\xadM}}'\
y\xd0J\xf7\xffz\xbe\xa9\xaf\xbf\xb1\xbf'\xfc\xe3\xd6\
\xc1\xa6\xbeG#]}\xf9\x85M\x0f\xb9\xf6g\xf2!\
\xd7\xe4\xebq\x1aa\xe3@o\xd8\xd8\xdf\xd3\xb0\xd7k\
\xc5\xefm\x8d\xbc\x16\xc6)\x1e\x00\x00\x00\x7fI\xe4\x01\
\x00\x00@\xc7\xe9\x94\x13\x09\xe0l4\xfb\x0a\x8d;\xae\
y[\xdb_\xd3\xf2j\xcd:\xcdc\xcb\xa5}\xe1?\
_5\x18\x1e\xbc\xe1?5\xe5\xf5\x9b\xa1\x91\xa1\xc3\xd1\
S\xc5\xa6\xc6-\x8d\xfe\xb5,\xf2\x00\x00\x00\xf8K\x8d\
\xfbQ\x00\x00\x00\x00h\x11_\xfc\x91\x16\x8f>\xb7\x14\
\x16\x9a\xf8\xa5\xfb\xc6\xfe\x9ep\xd3\xbb\xfb\x9b\xf6\xfa\xcd\
r\xf5\xe5\x17\x86-\x97\xf6\xd5}\x8d\xcd\x877^\x18\
\xae\xbe\xfc?\xfe\xd5\x89\xae\xbe\xfc\xc2\xf0\xc3\xa93\x0d\
{\xbd\xc7\x9e]l\xda\xaf\x89F\x9f\x14\xd2\xa9\x7f\xcd\
\x00\x00\x00\x9aI\xe4\x01\x00\x00\x00\x10\xc9c\xcf.6\
\xf5\xf5;\xe9\x9a\x96W\xfb\xbbw\xaf\x0f\xff\xf2\x8b\xb3\
\x8f<\xfa\xfb\xd6\x86\xab/\xbf0\x8c^\xda\xd7\xd1Q\
\xc7\xab5\xfa\xcfc\xf2d\xbe#\x22\x8f\x8d\xfd=a\
\xe3@o\xc3^\x0f\x00\x00 -D\x1e\x00\x00\x00t\
\xa4F\xfc\x94?\xc4\xd6\xe8\x93\x0f^\xad\x13O\xf1\xf8\
\x83\x8f_\xf9\xd6\xf0/\xbf\xc8\xbe\xee\x7f\xbe\xb1\xbf'\
\x8c\x8e\xfcG\xd0\x91\xd6k\x9c6\x0e\xf4\x86\x8d\xfd=\
!\xb3\xb0\xd2\x90\xd7k\xd6\xaf\xb9\x5c\xb1\xd2\xd0\xdf\x93\
\xd3\x12\xe9\x00\x00\x004\x9a\xc8\x03\x00\x00\x00 \x82\xa9\
S\xc5\x86}q\xffZ\xfe\xf6\xca\xb7\x86\x81\xbe\xb5M\
{\xfdf\xdb8\xd0\xfbg1\xd7\xc6\xfe\x9e?\xbbz\
\xa5\x9bNyh\xe4\x95-\x99\x85\x95\x90\xc9\x95\x1b\xfe\
\xbf\x9f\xabZ\x00\x00\x00ZC\xe4\x01\x00\x00@Gr\
\x8a\x07\x9d\xae\xd9\xa7x|\xfc\xca\xb76\xf5\xf5[\xe1\
\x8ek\xde\x16B\xa8}\xe1\xdf\xc9\xc1J\xbd\x1a\x19y\
\x84\xf0\x87+[\x1a\x1by4\xfa\xea!\x91\x07\x00\x00\
\xc0k\xeb\xdeO\xc7\x00\x00\x00\x00\x115;\xf2\xf8\xdb\
\xbf\xfe\xab\xa6\xbe~+|\xfc\xca\xb7\x86\x8fw\xf8\x89\
$\x8d\xd0\xe8\xe0\xe1\xd1\xe7\x96\x1a\xfaz!4\xf6\xd7\
\xf3\xc6\xfe\x9e\xae:\xa9\x05\x00\x00\xe0\x5ct\xf7'd\
\x00\x00\x00:R\xb3\xbf\x1c\x87Vh\xe6\xaf\xe3\x0fo\
\xec\xee\x93/\xd2f\xe3@o\xd8\xd8\xdf\xb8\x03y\x1b\
\xfdk/\x93+7\xf4\xea!\xa7x\x00\x00\x00\xbc>\
\x9f\xf6\x01\x00\x00\xe88\xcd\x8e<FG\xfa\x9a\xfa\xfa\
\x90\xc9\x95\xc3B\xb1\xd2\xb4\xd7\xf7%y\xfa4\xf2\xaf\
\xe9B\xb1\x12\xa6\x1ax\xe5U\xa3\x7fO\xf6\xeb\x17\x00\
\x00\xe0\xf5\x89<\x00\x00\x00\xe88?|z\xa1\xa9\xaf\
\xef\x04\x04\x9a\xed\xe9S\xa5\xa6\xbe\xbe/\xc9\xd3\xa7\xd1\
\x7fM\x1b\x19f\x88<\x00\x00\x00Z\xc7S+\x00\x00\
\x00:\xca\xe4\xc9|C\xaf\x05x-\x97\x0f4\xeeZ\
\x04x-SI\xe3NQx-N\xa3I\x9fF\x87\
\x0f\x8f>\xbb\xd4\xb8\xd7z\xaeq\xaf\xb5\xb1\xbf'l\
\x1c\xe8m\xd8\xeb\x01\x00\x00\xa4\x8d\xc8\x03\x00\x00\x80\x8e\
\xf2\xf5\xff\xfdr\xd3\xdf\xc3\x17\x8c4[3\xaf\x1c\xda\
\xd8\xdf\xe34\x9a\x14\xda8\xd0\x1b6\xf67.@\xdb\
\x9fi\xcc\xaf\xc1\xa9S\xc5\x86^=\xe4\x14\x0f\x00\x00\
\x807\xe6\x13?\x00\x00\x00\x1d\xe3\xfe'\xe7\x1b\xf6\xc5\
\xe4\x1b\xf1%#\xcd\x96k\xe0\x97\xe2\xaf&RJ\xaf\
v\xbc\xb2\xc5U-\x00\x00\x00\xad\xe5\xfcY\x00\x00\x00\
:\xc2\xd4\xa9bKN\xf1\xd8r\xa9k.B\xa8\xfd\
\xef\xfd\xa9\xff\xf1\xbb\xd83R\xeb\xe8\xa9\xe6]\xd7\xe2\
K\xf2\xf4\xba\xfa\xf2\x0b\xc3\x0f\xa7\xce4\xec\xf5\x1e}\
n\xa9\xee_/\x22\x0f\x00\x00\x80\xd6\x12y\x00\x00\x00\
\xd0\xf6r\xc5J\xf8\xec\xff\xf5\xfb\x86^\x09\xf0z|\
\xc1X\xb3P\xac\xb4\xe4\xd4\x94n\x94\xc9\x95cO\xa0\
C\xa5\xfd$\x8f\x8d\xfd=N\xa2\x01\x00\x00x\x13\xae\
k\x01\x00\x00\xa0\xadM\x9d*\x86\x0f|\xeb\x85\x90Y\
Xi\xc9\xfb\x89<h\xb6\x93\xb9\xe6\xfeZ\xf6k8\
\xbd6\x0e\xf4\x86\x8d\xfd\x8d\xfb\x99\xad\xa3\xa7\x8au]\
\x1d4y2\xdf\xd0\xf8\xce\xaf]\x00\x00\x807'\xf2\
\x00\x00\x00\xa0m\xdd\xff\xe4|\xf8\xd4\xff\xf8]KN\
\xf0\xf8\x03_2\xd2l\xf5|\xa9\x0e\xedt\x9a\x87\xab\
Z\x00\x00\x00ZO\xe4\x01\x00\x00@\xdb\xf9\xe1\xd3\x0b\
\xe1\x03\xdfz!\xfc\xcb/\xb2-\x0d<\xfe\xf6\xca\xb7\
\x86\x81>\x1f\x95i\xae\xa9\xa4\xd8\xd4\xd7\xbf|\xc0\xed\
\xbci\xd6\xe8\x10\xe2\xb1g\x17\xcf\xfb\x8f\x15y\x00\x00\
\x00\xb4\x9eO\xfd\x00\x00\x00D\x97+V\xc2\xe4\xc9|\
\x98<\x99\x0f\x8f=\xbb\xd8\xb2\xabY^\xed\xa6w\xf7\
Gy_h\xa4\x8d\x03\xbd\xb1'\xd0D\x7f\xfb\xd7\x7f\
\x15\xc2\xa3\xa7\x1a\xf6z\xf5\x84\x1a\xfb3\x8d\x8b<6\
\xf6\xf7\xf8\xb5\x0b\x00\x00p\x16D\x1e\x00\x00\x00\xbc\xa6\
\xa9S\x8d?m`\xeaT1\xe4\x0a\x95?\xfb\xffO\
\x9d*\xb6\xf4\xb4\x8e\xd7\xb3\xb1\xbf'|\xfc\xca\xb7\xc6\
\x9eA\x17p]\x0b\xf5\x18\xe8[\x1b\xb6\x5c\xda\x17\x8e\
6\xe8\xf7\xe8\xcc\xc2J\xc8\xe4\xca\xe7\x1cX8\xc5\x03\
\x00\x00 \x0e\x91\x07\x00\x00\x00\xaf\xe9_~\x91\x8d=\
\xa1\xa5\xee\xb8\xe6m\xb1'\xd0%\x9a}]\x0b\xe9w\
\xf5\xe5\x176,\xf2\x08\xa1\x16l\xdc\xf4\xees\x8b<\
\x1e}n\xa9a\xef\x1f\xc2+'\x94\x00\x00\x00\xf0\xa6\
\x5c4\x0c\x00\x00@\xd7\xdb\xd8\xdf\xe3\xaa\x16\xa0c4\
\xfa\xd4\x8b\xf3\x096\x9c\xe4\x01\x00\x00\x10\x87\xc8\x03\x00\
\x00\x80\xae\xf7\xd5\x8f\x0e\xc7\x9e\x00\x0d\xb1\xe5\xd2\xbe\xd8\
\x13h\x81F\x07\x11\xe7\x1al\xe4\x8a\x95\x86\x9e$\xb2\
\xe5\xd2\xbe0\xd0\xe71%\x00\x00\xc0\xd9\xf0\xe9\x09\x00\
\x00\x80\xae\xf6\xe1\x8d\x17\x86\x8f_\xf9\xd6\xd83\xa0!\
|Q\xde\x1d\x06\xfa\xd664\xe8Y(V\xc2\xd49\
D\x1bN\xf1\x00\x00\x00\x88\xc7'\x7f\x00\x00\x00\xbaV\
\x7f\xdf\xda\xf0\x7f~\xe2\xd2\xd83\x00\xceY\xcc\xd3<\
D\x1e\x00\x00\x00\xf1\x88<\x00\x00\x00\xe8Z_\xfb\xc8\
P\xd88\xd0\x1b{\x06\xc09kt\x18\xf1\xe8\xb3K\
g\xfd\xdf}\xec\xd9\xc5\x86\xbe\xb7\xc8\x03\x00\x00\xe0\xec\
\x89<\x00\x00\x00\xe8J7\x8d\xae\x0f7\xbd\xbb?\xf6\
\x0c\x80\xf3\xd2\xe80b\x7f\xe6\xecN\xe7\xc8\xe4\xca!\
\xb3\xb0\xd2\xb0\xf7\xddri\x9fk\x86\x00\x00\x00\xce\x81\
OP\x00\x00\x00t\x9d-\x97\xf6\x85o|b$\xf6\
\x0ch\xb8\xb3\xfd\xa2\x9e\xce7\xd0\xb76l\xb9\xb4\xaf\
\xa1\xafy6\xd7\xb0\xb8\xaa\x05\x00\x00 .\x91\x07\x00\
\x00\x00]e\xcb\xa5}\xe1\xa7\x7f\x7fY\xec\x19\x00u\
k\xf8\x95-\xcf\xbd\xf9\x95-\x22\x0f\x00\x00\x80\xb8D\
\x1e\x00\x00\x00t\x8d?\x04\x1e\xae\x06\x00\xd2\xa0\xd1\x81\
\x84\x93<\x00\x00\x00\xda\x9f\xa7Z\x00\x00\x00t\x85\x0f\
o\xbcP\xe0\x01\xa4J\xa3\x03\x89\xa3\xa7\x8a!W\xac\
\xbc\xee\x7f>u\xaa\x182\x0b+\x0d{\xbf-\x97\xf6\
\xf9=\x19\x00\x00\xe0\x1c\xf9\x14\x05\x00\x00@\xea\xfd\xe7\
\xab\x06\x05\x1e@\xea\x0c\xf4\xad\x0d[.\xedk\xe8k\
\xbe\xd1I\x1dN\xf1\x00\x00\x00\x88\xaf'\xf6\x00\x00\x00\
\x00h\x96\x8d\xfd=\xe1\x1b\x9f\x18\xf1E\xe2y\xd8\xd8\
\xdf\x13nzw\x7f\xec\x19\xe7\xe4\xbfN\xbe\x1c{\xc2\
Y\xb9|\xa0'\xec\xcf4\xef\xf5\xa7N\x15\xc3h\x83\
\xbf\xf8\xa7}]}\xf9\x85\xe1\xe8\xa9b\xc3^\xef\xb1\
g\x17\xc3\xc7\xaf|\xebk\xfeg\x22\x0f\x00\x00\x80\xf8\
D\x1e\x00\x00\x00\xa4\xd2\x7f\xbej0\xdcq\xcd\xdb\x9c\
\xdeq\x9e6\x0e\xf4\x86;\xaey[\xec\x19\xe7\xa4S\
\x22\x8f\x8d\x03\xbdM}\xfd\x5c\xe1\xf5\xaf\xdb }\xae\
\xbe\xfc\xc2\xf0\xdf\x9e\x9co\xd8\xeb9\xc9\x03\x00\x00\xa0\
\xbd\x89<\x00\x00\x00H\x95\x0fo\xbc0|\xed\xa3C\
N2\xa0k\xe5\x8a\x22\x8fn\xd2\xe8P\x22\xb3\xb0\x12\
2\xb9\xf2_\xc4HS\xa7\x8aa\xa1\x81\xbf\xb6\xb6\x5c\
\xda'\xc2\x03\x00\x008\x0f>I\x01\x00\x00\x90\x0a\x7f\
{\xe5[\xc3O\xfe\xee\xb2\xf0\xd3\xbf\xbfL\xe0A[\
\xbb|\xa0\xb9?s3\x954\xee\xea\x0e\xda\xdf@\xdf\
\xda\xb0\xa5\xc1\xbf\xe7\xbd\xd6\x89\x1d\x8f>\xbb\xd4\xd0\xf7\
p\x8a\x07\x00\x00\xc0\xf9q\x92\x07\x00\x00\x00\x1dkc\
\x7fO\xb8\xe9\xdd\xfd\xe1\xef\xde\xbd\xbe\xe9W`@\xa3\
4\xfd\xba\x16'yt\x9d\xab/\xbf0\x1c=\xd5\xb8\
\xb8g\xf2d>\xdc\xf4\xee\xfe\xbf\xf8\xf7\x1aI\xe4\x01\
\x00\x00p~D\x1e\x00\x00\x00t\x8c-\x97\xf6\x85\xcb\
\x07z\xc2\xd5\x97_\x18\xae\xbe\xfcB'v\xd0\x91\x9c\
\xe4A\xa3]}\xf9\x85\xe1\xbf=9\xdf\xb0\xd7{\xf4\
\xb9\xa5\xf0\x8dW\xfd{\xfb3\x22\x0f\x00\x00\x80v \
\xf2\x00\x00\x00\xa0-|x\xe3\x7f|\xe17:\xd2\x17\
\x06\xfa\xd6\x86\x81\xb7\xac\x0d\xa3\x97\xf6\xfd\xf1\xff\x854\
h\xf6I\x1e\x99\x5c\xb9\xa9\xafO\xfbit0\xb1P\
\xac\x84\xa9S\xc5?\xfe\xbe\xdb\xe8S<\xb6\x5cZ\xfb\
=\x1e\x00\x00\x80s'\xf2\x00\x00\x00\xe05}\xf5#\
CM\x09+\x04\x1bP\xfb\x92\xbb\x91\xd7k\xfc\xa9\xcc\
\xc2J\xc8\x15+\xbeD\xef\x22\x03}k\x1b\xfekj\
\xf2d\xfe\x8f\xbfW?\xfa\xdcR\xc3^7\x04\xa7x\
\x00\x00\x00\xd4C\xe4\x01\x00\x00\xc0k\x1a\xbd\xb4\xcf\x17\
q\xd0$\x97\x0f\xf44-\xf2\x08\xa1veKZ\xfe\
\xfe\xfd\xc0\xb7^\x08W_~a\xf8\xdb\xbf\xfe\xab\xf0\
\xf1+\xdf\x1a{N\xdb\xba\xfa\xf2\x0b\x1b\x1ey\xfc\xe3\
U\x83\x7f\xfc\xff7RZ~m\x02\x00\x00\xc4\xe0G\
:\x00\x00\x00\x00Z\xac\xd9\xa7\xd94\xfaK\xf9X\xa6\
N\x15Cfa%\xfcp\xeaL\xb8\xf9\xa1\xdf\x87\xff\
c\xefL\xb8\xed\x91$<\xfa\xdcR\xc8\x15+\xb1\xe7\
\xb5\x95F\x87\x13\x8f\xbdrzG\xaeXix\x90$\
\xf2\x00\x00\x008\x7fN\xf2\x00\x00\x00\x00h\xb1\xab/\
\xbf0\xfc\xd7\xc9\xe6\xbd\xfeT\x13O\x09i\xa5W\xc7\
*\x0b\xc5J\xf8\xe1\xd4\x99\xf0\xc3\xa93!\x84\x10\xfe\
\xf6\xca\xb7\x86\x8f_\xf9\xd6\xf0\xb7\x7f\xfdW]\x7f=\
M3\xc2\x89\xc9\x93\xf9\x86\xc74[.\xed\xeb\xfa\xbf\
V\x00\x00\x00\xf5\x10y\x00\x00\x00\x00\xb4\xd8\xe8\x88\x93\
<\xce\xc6\x9b\xfdy<\xf6\xdcR\xed\xc4\x89GO\x85\
\x0fo\xbc0|\xfc\xafk\xd1\xc7\xc6\x81\xde\x16-l\
\x1f\x03}k\xc3\x96K\xfb\x1a~eK\xa3#\x0f\xa7\
x\x00\x00\x00\xd4G6\x0f\x00\x00\x00\xd0b\x03}k\
\xc3\xc6\xfe\xe6\xfd\xec\xcdB\xb1\xd2\xf1\xa1G\xaeX\xf9\
\xe3\x95!gc\x7f&\x1f\xfe\xe5\x17\xd9\xf0\x81o\xbf\
\x18\xb6\xff\xf7L\xb8\xff\xc9\xf9\x90\xc9\x95\x9b\xb8\xb0\xfd\
4:\xa0x\xf4\xb9\xa5\xf0\xd8\xb3\x8b\x0d}M\x91\x07\
\x00\x00@}D\x1e\x00\x00\x00\x00\x114\xfb\xcb\xeeG\
\xcf!\x90hG\xf5\xc4\x05GO\x15\xff\x18||\xe0\
[/\x84;\x7f\x91M\xcd\x156o\xa4\xd1\xbf\xa6\x8e\
\x9e*\x86\xcc\xc2JC_S\xe4\x01\x00\x00P\x1f\x91\
\x07\x00\x00\x00@\x04\xcd\xfe\xb2\xbb\xd1'0\xb4Z\xa3\
\x22\x95\xcc\xc2J\xf8oO\xce\x87\xff\xdb\x7f\xcf\xfc1\
\xf8\xe8\xf4\x00\xe6\xf5\xb4{@\xb1\xe5\xd2\xbe0\xd0\xe7\
q$\x00\x00@=|\xaa\x02\x00\x00\x00\x88\xe0o\xff\
\xfa\xaf\x9a\xfa\xfa\x99\x85\x95\x8e\x8d\x192\xb9\xf29]\
\xd5r\xd6\xaf\xfbJ\xf0q\xf3C\xbf\x0f?|z\xa1\
\xe1\xaf\x1f\xdb@\xdf\xda\xb0\xe5\xd2\xbe\xd83^W\xbb\
G(\x00\x00\x00\x9d@\xe4\x01\x00\x00\x00\x10\xc1@\xdf\
\xda\xf0\xe1\x8d\xcd\xfd\xd2\xbbSC\x86\xff\xf9\xf4\x99\xa6\
\xbfGZ\x83\x83v\xfe\xf3j\xe7m\x00\x00\x00\x9dB\
\xe4\x01\x00\x00\x00\x10\xc9\xc7\xff\xfa\xadM}\xfd\xc7\x9e\
[\x0a\x99\x5c\xb9\xa9\xef\xd1h\xb9b%\xdc\xff\xe4|\
S\xdfc\xcb\xa5}a\xe3@oS\xdf#\x96v\x0e\
)>~es\x7f\xbd\x03\x00\x00t\x03\x91\x07\x00\x00\
\x00@$\xad\xf8\xd2\xfb\xeb\xff\xfb\xe5\xa6\xbfG#\xdd\
\xff\xeb\xf9\xb0P\xac4\xf5=\xda9\x84\xa8W\xbb\xfe\
\xb95\xfb\xd4\x1a\x00\x00\x80n!\xf2\x00\x00\x00\x00\x88\
d\xe3@o\xf8\xdb&\x87\x1e?\x9c:\x13\xa6N\x15\
\x9b\xfa\x1e\x8d\xd2\x8aS<B\x08\xe1\xef\xde\xbd\xbe\xe9\
\xef\x11\xcb@\xdf\xda\xb0\xe5\xd2\xbe\xd83\xfeB\xbb\xc6\
'\x00\x00\x00\x9dF\xe4\x01\x00\x00\x00\x10Q+N\xf3\
\xb8\xf3\xdf\xb3M\x7f\x8fFh\xc5)\x1e\x1b\xfb{\xc2\
h\x1bF\x10\x8d\xd4\x8eAE;n\x02\x00\x00\xe8D\
\x22\x0f\x00\x00\x00\x80\x88nzw\x7f\xe8\xefk\xee#\
\x9a\xfd\x99|KN\xc8\xa8\xc7\xd4\xa9b\xf8\xaf\x93\xcd\
\xbfZ\xe6\x1f\xb7\x0e6\xfd=bk\xc7\xa0\xa2\x1d7\
\x01\x00\x00t\x22\x91\x07\x00\x00\x00@d\xffx\xd5`\
\xd3\xdf\xe3_~\x91m\xdbk[r\xc5J\xf8\x7f>\
r\xaa%\xef\xd5\x8a\x93Sbk\xb7\xa0\xe2\xc3\x1b\xdb\
k\x0f\x00\x00@'\x13y\x00\x00\x00\x00D\xd6\xaa\xd3\
%>\xf5?~\xd7\x96\xa1\xc7\xbf\xfc\xfbl8\xda\x82\
]\x7f{\xe5[\xc3\xc6\x81\xde\xa6\xbfOl\x03}k\
\xc3\x966\xba\x92\xa6\xdd\xa2\x13\x00\x00\x80N&\xf2\x00\
\x00\x00\x00\x88l\xa0om\xb8it}\xd3\xdfg\xa1\
Xi\xbb\xd0\xe3\xfe'\xe7\xc3\x0f\xa7\xce\xb4\xe4\xbdZ\
qbJ\xbbh\xa7\xb0\xa2\x9d\xb6\x00\x00\x00t:\x91\
\x07\x00\x00\x00@\x1b\xb8\xe3\x9a\xb7\x85\xfe\xbe\xe6?\xaa\
i\xa7\xd0\xe3\x87O/\x84\x7f\xf9E\xb6%\xef\xb5\xb1\
\xbf\xa7\xabb\x83v\xfasm\xa7-\x00\x00\x00\x9dN\
\xe4\x01\x00\x00\x00\xd0\x066\x0e\xf4\xb6\xec\xa4\x89?\x84\
\x1e\x8f>\xb7\xd4\x92\xf7{-w\xfe\x22\x1bn{\xf4\
T\xcb\xde\xef\x8ek\xde\xd6\xb2\xf7j\x07\xed\x12V|\
xc{\xec\x00\x00\x00H\x8b\x9e\xd8\x03\x00\x00\x00\xa0\
]\xe4\x8a\x950\x954\xfet\x83\xcb\x07z\xc2\xc6\x81\
\xde\x86\xbf.\xe9\xf3\x8f[\x07\xc3\xfdO\xce\x87\x85b\
\xa5\xe9\xef\xb5P\xac\x84\x9b\x1f\xfa}\xf8\xf2\xd5ok\
i\x00\x91+V\xc2g\xff\xaf\xdf\x87\xfd\x99|\xcb\xde\
sc\x7fO\xb8\xe9\xdd\xfd-{\xbfv0\xd0\xb76\
l\xb9\xb4/\x1c\x8d|bK\xbb\xc4&\x00\x00\x00i\
!\xf2\x00\x00\x00\x80WL%\xc5\xf0\xe9\xff\xf9\xbb\x86\
\xbfn\xab\xbfD\xa7s\x0d\xf4\xad\x0d_\xfb\xc8PK\
O\xb8\xf8\xaf\x93/\x87\x1f>\xbd\x10\xbe\xf1\x89\x91\xa6\
\x7f!\xff\xc3\xa7\x17\xc2\x9d\xbf\xc8\xb6$b\xf9S\xdd\
\xfa\xf7\xdf\xd5\x97_(\xf2\x00\x00\x00H\x19\xd7\xb5\x00\
\x00\x00\x00\xb4\x91\x9b\xde\xdd\xdf\xf2+.2\x0b+\xe1\
\xd3\xff\xf3w\xe1S\xff\xe3wa\xf2d\xe3O\xd8\x98\
<\x99\x0f\x9f\xfa\x1f\xbf\x0b\xb7=z\xaa\xe5\x81\xc7\x87\
7^\xd8u\xa7x\xfcA;\x04\x16\xed\xb0\x01\x00\x00\
 M\x9c\xe4\x01\x00\x00\x00\xd0f\xfe\xcfO\x5c\x1a\xb6\
\xff\xf7L\xcb\x83\x88\xfd\x99|\xf8\xf4\xff\xfc]\xd8\xd8\
\xdf\x13\xfeq\xeb`\xf8\xf8\x95o=\xef\xab\x862\xb9\
rx\xf4\xb9\xa5p\xff\xaf\xe7Cfa\xa5\xc1K\xcf\
^\xb7\x9e\xe2\x11B\xfc\xc0\xa2\xd5\xb1\x12\x00\x00@7\
\x10y\x00\x00\x00\x00\xb4\x99\x8d\x03\xbd\xe1\x1b\x9f\x18\x09\
7?\xf4\xfb(\xef\x9fYX\x09\xff\xf2\x8bl\xf8\x97\
_d\xc3\xc6\xfe\x9e0:\xd2\x17F/\xed\xfbc4\
p\xf9@\xcf\x9f\xc5\x1f\x7f8\xfdc\xeaT1\x9c\xcc\
\xad\x84\xc9\x93\xf9\xe8\xd7\x84\x84\x10\xc2M\xa3\xeb\xa3\x87\
\x0e1\x0d\xf4\xad\x0d[.\xed\x8b\xf6\xd7\xa2\x9b\xff\xb7\
\x07\x00\x00h\x16\x91\x07\x00\x00\x00@\x1b\xfa\xf8\x95o\
\x0d7\x8d\xae\x0f?\x9c:\x13uGfa%d\x16\
V\xc2c\xcf-\x85\xff:\x19u\xca9\xe9\xef[\x1b\
\xbe\xfa\xd1\xe1\xd83\xa2\xbb\xfa\xf2\x0bE\x1e\x00\x00\x00\
)\xb26\xf6\x00\x00\x00\x00\x00^\xdbW?:\x1c\xb6\
\x5c\xda\x17{FG\xfa\xc6'F\xc2@\x9fG_1\
C\x0b\x91\x07\x00\x00@\xe3\xf9\xa4\x0b\x00\x00\x00\xd0\xa6\
\x06\xfa\xd6\x86\x9f\xfe\xfde\xa1_\xacpN\xfe\xf3U\
\x83\xe1\xe3W\xbe5\xf6\x8c\xb6\x10+\xb4\xf8\xf0F\x81\
\x07\x00\x00@3xB\x00\x00\x00\x00\xd0\xc6\x84\x1e\xe7\
f\xcb\xa5}\xe1\x8ek\xde\x16{F\xdb\x18\xe8[\x1b\
%\xb8p\x8a\x07\x00\x00@sx:\x00\x00\x00\x00\xd0\
\xe6F/\xed\x13z\x9c\x85\xfe\xbe\xb5\xe1\xff}\xc3\xdb\
]\xd3\xf2*1\x82\x0b\x91\x07\x00\x00@s\xf8\xc4\x0b\
\x00\x00\x00\xd0\x01\x84\x1eo\xac\xff\x95\x13O6\x0e\xf4\
\xc6\x9e\xd2vD\x1e\x00\x00\x00\xe9\xe1\xa9\x00\x00\x00\x00\
@\x87\x10z\xbc\xbe\xef\xdd\xf0\x9f\xc2\xe8\xa5}\xb1g\
\xb4\xa5V\x07\x171\xae\x87\x01\x00\x00\xe8\x16\x9e\x08\x00\
\x00\x00\x00t\x10\xa1\xc7_\xfa\xc6\xc7/ur\xc4\x9b\
hex\xe1\xaf\x05\x00\x00@\xf3x\x1a\x00\x00\x00\x00\
\xd0aF/\xed\x0b\x87\xfe\xcb\xa6\xb0\xa5\xcbO\xae\xe8\
\xef[\x1b\xfe\xd7?l\x0c7\xbd\xbb?\xf6\x94\xb6\xd7\
\xca\xf0B\xe4\x01\x00\x00\xd0<\x22\x0f\x00\x00\x00\x80\x0e\
4\xd0\xb76\xfc\xf4\xef/\x0b7\x8d\xae\x8f=%\x8a\
\x8d\xfd=\xe1\xa7\x7f\x7f\x99+Z\xce\x92\xc8\x03\x00\x00\
 \x1dD\x1e\x00\x00\x00\x00\x1dj\xa0om\xf8\xc6'\
F\xc27>~iW]\xdf\xf2\xe1\x8d\x17\x86\xff\xf5\
\xb9\xcb\x05\x1e\xe7\xa0U\xe1E+\xaf\x85\x01\x00\x00\xe8\
F\xdd\xf3\xe9\x1f\x00\x00\x00 \xa5nzw\x7f\x98\xf8\
\x87\x8d]\xf1\x05\xfb\x97\xaf~[\xf8\xe9\xdf_\x16\x06\
\xba(ji\x94V\xfc\xfap\x8a\x07\x00\x00@s\xf9\
4\x0c\x00\x00\x00\x90\x02\x1b\x07z\xc3O\xff\xfe\xb2\xf0\
\xd5\x8f\x0c\xa5\xf2T\x8f-\x97\xf6\x85\xff\xf5\x0f\x1b\xc3\
\x1d\xd7\xbc-\xf6\x94\x8e\xd5\x8a\x00\xe3\xe3\x7f\xfd\xd6\xa6\
\xbf\x07\x00\x00@7K\xdf'~\x00\x00\x00\x80.\xf6\
\x8fW\x0d\x86C\xffeS\xb8it}\xec)\x0d\xd1\
\xdf\xb76|\xe3\xe3\x97\x86\x89\x7f\xd8\xe8z\x96:5\
;\xf2\xe8\xef[\xeb\xaf\x11\x00\x00@\x93\x89<\x00\x00\
\x00\x00Rf\xa0om\xf8\xc6'F\xc2\xa1\xff\xc7;\
:6\xf6\xe8\xef[\x1b\xbe|\xf5\xdbj\xc1\xca\xbb\xfb\
c\xcfI\x85fG\x1e\xaej\x01\x00\x00h\xbe\x9e\xd8\
\x03\x00\x00\x00\x00h\x8e\x8d\x03\xbd\xe1\x1b\x9f\x18\x09w\
\x5c\xf3\xb6\xf0\xed's\xe1\x87O/\x84\x85b%\xf6\
\xac7\xb4\xb1\xbf'\xfc\xe3\xd6\xc1p\xd3\xbb\xfb\xc3@\
\x0a\xaf\x9d\x89\xed\xc3\x1b/\x0c\xfb3\xf9\xa6\xbc\xb6\xc8\
\x03\x00\x00\xa0\xf9D\x1e\x00\x00\x00\x00)\xb7q\xa07\
|\xed#C\xe1k\x1f\x19\x0a?|z!<\xfa\xdc\
Rx\xec\xb9\xa5\xd8\xb3\xfe\xa8\xbfom\xf8\xf8\x95o\
\x0d7\xbd\xbb_(\xd0dW_.\xf2\x00\x00\x00\xe8\
d\x22\x0f\x00\x00\xa0\xed\x0d\xbcem\xf8\xf0\xc6\xe6|\
qt\xf9@g\x7f,\x1a\x1d\xe9k\xdak\x0f\xbc\xa5\
\xfb~\x82\xbeY\xbf\xd6\x9a\xf5\xeb\xac\x99\x7fo4\xf3\
\xd7V\xb34\xeb\x7f\x8b\xb4\xb9\xe9\xdd\xfd\xe1\xa6w\xf7\
\x87\x5c\xb1\x12\x1e{v1<\xfa\xdcR\x98<\x99o\
\xf9\x09\x1f\x1b\xfb{\xc2\xdf\xfe\xf5_\x85\xab/\xbf0\
|\xfc\xca\xb7\xb6\xf4\xbd\x1b\xed\xf2\x81\x9e\x86\xff\xfak\
\xd6\xdf\x83\x1f\xff\xeb\xb7\x86\xc9\x93\xcd\x89<F/m\
\xce\xe6f\xfc\xbd\xdd\x8d\xff7\x0e\x00\x00H\x875\xd5\
j5\xf6\x06\xa0\x83\x0d\x8fMO\x84\x10\xb6\xc5\xde\x01\
@\xfb\xfb\xc9\xdf]\xe6\xa7;\x01\xa0\x8dM\x9d*\x86\
\xa9\xa4\x18&O\xe6\xc3\xc9\xdcJCO{\xd8\xd8\xdf\
\x136\x0e\xf4\x86\xab/\xbf0\x8c\x8e\xf4\x85w_\xba\
.l\x1c\xe8m\xd8\xeb\x03\xddi\xdf\xaf\xff\x7f\xe1#\
\xff\xf0P\xec\x19\x00t\x88\x95\xa9\x9dkbo\x00h\
\x84\xce\xfe\x915\x00\x00:B\xb5T\x0e\xd33s\xe1\
\xea\xcb7\xc4\x9e\x02\x00\xbc\x8e\xd1K\xfb\xc2\xe8\xa5}\
\xe1\xa6w\xf7\xff\xf1\xdf\xcb\x15+a*)\x86\x10\xc2\
9\x9d\xfep\xf9@-\xea\x18x\xcb\xda\xa6\x9d\xee\x00\
\xf0\xc2b%\xac\xfd\xab\x0bCe\xb19\xa7\xd3\x00\x00\
@;r\x92\x07P\x17'y\x00\xf0f\xf2\x87\x9e\xc9\
\x15\x8e\xffv]\xa8T.\xdc\xb6uC\xf6;_\xfd\
\xe8\xd0\xa6\xcb\xfa\xdf\xfc\x0f\x04\x00\x00x\x0d\x99\x5c9\
\xdc\xf9\x8bl\xf2\xd8sK#!\x84P8\xfa|\xae\
053P-\x95cO\x03\xa0\x8d9\xc9\x03H\x0b\
\x91\x07P\x17\x91\x07\x00\xaf\xa7t\xf2\xa5\xe5\xe5\xc7\x9f\
.WK\xe5\x81W\xffgw\xdc\xf2\xc1\xdc\x1d\xb7^\
50\xb8\xdeO\xf6\x02\x00\x00g\xef\xee}s\xb9o\
\x1d\x98\xef-W\xaa\x17\xfd\xd9\x7f\xb0Z),\x1f8\
Z-Ng\xdc\x11\x09\xc0k\x12y\x00i!\xf2\x00\
\xea\x22\xf2\x00\xe0\xd5V_^\x08K\x93\x87\x93\xd5\xf9\
3#o\xf4\xdf\xeb[wAa\xfc\xce\xed\xd5[n\
\xdc\xe2!,\x00\x00\xf0\x86\x1e~fq\xf9\xf6\x9f\x9d\
*\xcf\x17*\x7f\x11\x91\xff\xa9\xd5\xf93\xc9\xf2\x81c\
#+\xc9\x5c\xab\xa6\x01\xd0!D\x1e@Z\x88<\x80\
\xba\x88<\x00\xf8\x83j\xa9\x1c\xf2\x07Od\x8b\xd3\x99\
\xa1s\xf9\xe3\xb6\x5cyI2\xfe\xcf\xdbF\xb6m\xdd\
\xd0\xaci\x00\x00@\x87\x9a:U\x0c\x9f\x7f8I\x8e\
\xcf\x96\xde0\x22\x7f\xb5r&I\x96\x9f<6RY\
\xcc7k\x1a\x00\x1dF\xe4\x01\xa4\x85\xc8\x03\xa8\x8b\xc8\
\x03\x80\x10B(\x1c\x9b)\xe4\x9fz\xb6\x1a*\x95\xf3\
>\x95\xe3\xfak\xafH\xfem\xf7\xdf\x8cl\xba\xac\xbf\
\x91\xd3\x00\x00\x80\x0e\x94+V\xc2W~\x99\xcd\xfe\xe0\
\xc8\xc29E\xe4\x7f\xa6R].\x1c\x9f)\xe7\x0f=\
\xf3\x86\xa7\x7f\x00\xd0\x1dD\x1e@Z\x88<\x80\xba\x88\
<\x00\xba\xdbJ2\x17\x16'\x0e\xe5\xaa\xa5rC\x1e\
\x9a\xf6\xf6\xac]\xbe\xfd\xe6\xf7\x97\xef\xb8\xf5\xaa\x81\xc1\
\xf5}\x8dxI\x00\x00\xa0\xc3|\xf3\xc0|\xe1\x9e_\
\xcdUK\xab\xd5\x86\x5c\xedX-\x95s\xcb\x8f?\xdd\
[:\xf9\xd2E\x8dx=\x00:\x93\xc8\x03H\x0b\x91\
\x07P\x17\x91\x07@w\xaa,\xe6\xc3\xd2\xfe#\xd9\x95\
d\xee\xfc\x7f\xaa\xee\x0d\x5c\xdc\xdf\x97\xbb\xff\xae\x8f\xf4\
\xdep\xddf\x0fa\x01\x00\xa0KL\x9e\xcc\x87\x1d?\
\xfe}n\xbePi\xca\xc9\x1b\xab\xf3g\x92\xa5\xc9\xc3\
#\xab//4\xe3\xe5\x01hs\x22\x0f -D\x1e\
@]D\x1e\x00\xdd\xa5Z*\x87\xc2\xd4L\xaep\xf4\
\xf9\x96\x1cw\xbc\xe5\xcaK\x92\xef\xdd\xfb\xb1\x91\xf7\xbe\
k\xb8\x15o\x07\x00\x00D\x90\xc9\x95\xc3g\x1ez)\
{\xf4T\xb1)\x11\xf9\xab\x953I\xb2\xb4\xff\xc8H\
\xb5Tn\xc5\xdb\x01\xd0&D\x1e@Z\x88<\x80\xba\
\x88<\x00\xbaGq:\x93_>ptMX\xad\xbc\
\xa5\xd5\xef}\xfd\xb5W$\xdf\xfd\xdau#\xaep\x01\
\x00\x80\xf4\xc8\x15+a\xfc\x89\xd3\xb9\xf1'N\xb7$\
\x22\xff3\x95J>\xff\xd4\xb3k\x0a\xc7fZ\xfe\xf9\
\x06\x808D\x1e@Z\x88<\x80\xba\x88<\x00\xd2o\
%\x99\x0bK\x93\x87\xb3\x95\xa5BK~\xaa\xee\xf5\xac\
\xeb\xbd \xbf\xeb\xb3\xef+\xdds\xfb\xd5\xad\x7f\x00\x0c\
\x00\x004\xd4\xf7\x0f/\xe4w\xff|vMi\xb5\x1a\
5\xb2\xa8\x96\xca\xb9\xc5\x89C\x03+\xc9\x5c\xcc\x19\x00\
\xb4\x80\xc8\x03H\x0b\x91\x07P\x17\x91\x07@zU\x16\
\xf3a\xf9\xc9cI9\x93\x8c\xc4\xde\xf2\xa7.\xee\xef\
\xcb\xfd\xe8\xbeO\x0cl\xdb\xba!\xf6\x14\x00\x00\xe0\x1c\
M\x9e\xcc\x87/<\x92d\x7f\xb7\xb0\x125\x22\x7f\xb5\
\xd5\xd3\x0b\xd9\xc5\x89\x83C\x95\xc5|\xec)\x004\x89\
\xc8\x03H\x0b\x91\x07P\x17\x91\x07@\xfaTK\xe5P\
\x98\x9a\xc9\x15\x8e\xcf\xf4\x86J\xf5\xa2\xd8{^\xcf{\
\xde9\x94}h\xfc\x93C\x9b.\xeb\x8f=\x05\x00\x00\
x\x13\x99\x5c9\xdc\xf6\xe8\xa9\xec\xe4\xc9|[\xc5\x1d\
\xafV\x9c\xced\xf3\x07O\x0cUK\xe5\xd8S\x00h\
0\x91\x07\x90\x16\x22\x0f\xa0.\x22\x0f\x80t)Ng\
\xf2\xf9\x83'J\xd5R\xb9c\xaeD\xf9\xdc\x0d[\xb2\
_\xff\xf25C\x83\xeb\xfbbO\x01\x00\x00^%W\
\xac\x84\xf1'N\xe7\xbeu`\xbe\xb7\xdc\xc6\x11\xf9\x9f\
Y\xad\x14\x96\x0f\x1c\xad\x16\xa73\x17\xc6\x9e\x02@\xe3\
\x88<\x80\xb4\x10y\x00u\x11y\x00\xa4\xc3\xea\xcb\x0b\
ai\xf2p\xb2:\x7f\xa6\xad\xaef9[\xebz/\
\xc8\xdf\xfd\xc5\x0f\xad\xf9\xd2\x8e\x0fD\xbd\xcf\x1b\x00\x00\
\xf8\x0f\xdf?\xbc\x90\xbfk\x22[\x9a/T:&\x22\
\xffS\x95\xa5Bvi\xf2\xf0\xd0J2\x17{\x0a\x00\
\x0d \xf2\x00\xd2B\xe4\x01\xd4E\xe4\x01\xd0\xd9\xaa\xa5\
rX\xda\x7f$)g\x92\x8e\x8c;^m\xe3\xdb\xd7\
g\x1f\xb8\xf7\xba\xa1m[7\xc4\x9e\x02\x00\x00]k\
\xf2d>\xfc\xd3\xbf\xcf&\xc7gK\xa9\xf8\x9c\xb1\x92\
\xcce\x97\xf6\x1f\x19\xaa,\xe6cO\x01\xa0\x0e\x22\x0f\
 -D\x1e@]D\x1e\x00\x9d+\x7f\xe8\x99\x5c\xe1\
\xf8o\xd7\x85J%uG\x10o\xdb\xba!\xfb\x9d\xaf\
~th\xd3e\xfd\xb1\xa7\x00\x00@\xd7\xc8\x15+\xe1\
\xb6G\x92\xe4\xb1\xe7\x96R\x11w\xfc\x99Ju\xb9p\
|\xa6\x5c\x98\x9a\x19\xa8\x96\xca\xb1\xd7\x00p\x1eD\x1e\
@Z\x88<\x80\xba\x88<\x00:\xcfJ2\x17\x16'\
\x0e\xe5\xaa\xa5rG\x1e\x99|.\xee\xb8\xe5\x83\xb9;\
n\xbdj`p}_\xec)\x00\x00\x90jw\xef\x9b\
\xcb}\xfb\xd7\xf3\xebJ\xab\xd5\xd4E\xe4\x7f\xaaZ*\
\xe7\xf2\x07O\xac+NgR\xfd\xe7\x09\x90F\x22\x0f\
 -D\x1e@]D\x1e\x00\x9d\xa3\xb2\x98\x0f\x8b\x13\
\x07\xb3\xab\xa7\x17\x86boi\xa5\x8b\xfb\xfbr\xff\xfa\
\xa5k\xd6\xddr\xe3\x16\x0fa\x01\x00\xa0\xc1\x1e~f\
q\xf9\xf6\x9f\x9d*\xcf\x17*\xa9\x8f\xc8\xff\xd4\xea\xfc\
\x99d\xf9\xc0\xb1\x91\x95d.\xf6\x14\x00\xce\x92\xc8\x03\
H\x0b\x91\x07P\x17\x91\x07@\xfb\xab\x96\xca!\x7f\xf0\
D\xb68\x9d\xe9\xaa\xb8\xe3\xd5\xb6\x5cyI2\xfe\xcf\
\xdbF\xb6m\xdd\x10{\x0a\x00\x00t\xbcL\xae\x1c>\
\xf3\xd0K\xd9\xa3\xa7\x8a]\xfd9\xa3\x9cI\x92\xa5\xfd\
GF\x5c\xe1\x02\xd0\xfeD\x1e@Z\x88<\x80\xba\x88\
<\x00\xda[\xe1\xd8L!\xff\xd4\xb3\xd5P\xa98\xc5\
\xe2\x15\xd7_{E\xf2o\xbb\xfffd\xd3e\xfd\xb1\
\xa7\x00\x00@\xc7\xc9\x15+\xe1+\xbf\xccf\x7fp\xa4\
\xbbN\x08|C\x95J\xbep\xfc\xb7\xa5\xfc\xa1g\xba\
\xea4\x13\x80N#\xf2\x00\xd2B\xe4\x01\xd4E\xe4\x01\
\xd0\x9eV\x92\xb9\xb04y8[Y*x\xf0\xfa\x1a\
z{\xd6.\xdf~\xf3\xfb\xcb\xf7\xdc~\xb5\x87\xb0\x00\
\x00p\x96\xbey`\xbep\xcf\xaf\xe6\xaa\xa5\xd5\xaa\x88\
\xfc5TK\xe5\xdc\xf2\xe3O\xf7\x96N\xbetQ\xec\
-\x00\xfc%\x91\x07\x90\x16\x22\x0f\xa0.\x22\x0f\x80\xf6\
RY\xcc\x87\xa5\xfdG\xb2+\xc9\x9c\xb8\xe3,\x5c\xdc\
\xdf\x97\xbb\xff\xae\x8f\xf4\xdep\xddf\x0fa\x01\x00\xe0\
uL\x9e\xcc\x87\x1d?\xfe}n\xbeP\x11I\x9f\x85\
\xd5\xf93\xc9\xd2\xe4\xe1\x91\xd5\x97\x17bO\x01\xe0O\
\x88<\x80\xb4\x10y\x00u\x11y\x00\xb4\x87j\xa9\x1c\
\x0aS3\xb9\xc2\xd1\xe7=t=\x0f[\xae\xbc$\xf9\
\xde\xbd\x1f\x1by\xef\xbb\x86cO\x01\x00\x80\xb6\x91\xc9\
\x95\xc3m\x8f\x9e\xcaN\x9e\xcc\x8b\xc8\xcfCq:\x93\
\xcd\x1f<1T-\x95cO\x01 \x88<\x80\xf4\x10\
y\x00u\x11y\x00\xc4W\x9c\xce\xe4\x97\x0f\x1c]\x13\
V+o\x89\xbd\xa5\xd3]\x7f\xed\x15\xc9w\xbfv\xdd\
\xc8\xe0\xfa\xbe\xd8S\x00\x00 \x9a\x5c\xb1\x12\xc6\x9f8\
\x9d\x1b\x7f\xe2\xb4\x88\xbc^\x95J>\xff\xd4\xb3k\x0a\
\xc7f|^\x03\x88L\xe4\x01\xa4\x85\xc8\x03\xa8\x8b\xc8\
\x03 \x9e\x95d.,\x1f8\x96\xac\xce\x9f\x19\x89\xbd\
%M\xd6\xf5^\x90\xbf\xfb\x8b\x1fZ\xf3\xa5\x1d\x1f\xf0\
\x10\x16\x00\x80\xae\xf3\xfd\xc3\x0b\xf9\xdd?\x9f]SZ\
\xad\xfa\xe7\xe1\x06\xaa\x96\xca\xb9\xc5\x89C\x03+\xc9\x5c\
\xec)\x00]K\xe4\x01\xa4\x85\xc8\x03\xa8\x8b\xc8\x03\xa0\
\xf5*\x8b\xf9\xb0\xfc\xe4\xb1\xa4\x9cI\xc4\x1dMtq\
\x7f_\xeeG\xf7}b`\xdb\xd6\x0d\xb1\xa7\x00\x00@\
\xd3M\x9e\xcc\x87/<\x92d\x7f\xb7\xb0\xe2j\x96&\
Z=\xbd\x90]\x9c88TY\xcc\xc7\x9e\x02\xd0u\
D\x1e@Z\x88<\x80\xba\x88<\x00Z\xa7Z*\x87\
\xc2\xd4L\xaep|\xa67T\xaa\x17\xc5\xde\xd3-\xde\
\xf3\xce\xa1\xecC\xe3\x9f\x1c\xdatY\x7f\xec)\x00\x00\
\xd0p\x99\x5c9\xdc\xf9\x8bl\xf2\xd8sK\x22\xf2\x16\
*\x1c}>W\x98\x9a\x19\xa8\x96\xca\xb1\xa7\x00t\x0d\
\x91\x07\x90\x16\x22\x0f\xa0.\x22\x0f\x80\xd6(\x9d|i\
y\xf9\xf1\xa7\xcb\xd5R\xd9\x9d\xd8\x91|\xee\x86-\xd9\
\xaf\x7f\xf9\x9a\xa1\xc1\xf5}\xb1\xa7\x00\x00@\xddr\xc5\
J\x18\x7f\xe2t\xee[\x07\xe6{\xcb\x22\xf28V+\
\x85\xe5\x03G\xab\xc5\xe9\xcc\x85\xb1\xa7\x00t\x03\x91\x07\
\x90\x16\x22\x0f\xa0.\x22\x0f\x80\xe6Z}y!,M\
\x1eNV\xe7\xcf\xf8\xa9\xba6\xd0\xb7\xee\x82\xc2\xf8\x9d\
\xdb\xab\xb7\xdc\xb8\xc5CX\x00\x00:\xd6\xf7\x0f/\xe4\
\xef\x9a\xc8\x96\xe6\x0b\x15\x11y\x1b\xa8,\x15\xb2K\x93\
\x87\x87V\x92\xb9\xd8S\x00RM\xe4\x01\xa4\x85\xc8\x03\
\xa8\x8b\xc8\x03\xa09\xaa\xa5rX\xda\x7f$)g\x12\
qG\x1b\xda\xf8\xf6\xf5\xd9\x07\xee\xbdnh\xdb\xd6\x0d\
\xb1\xa7\x00\x00\xc0Y\x9b:U\x0c\x9f\x7f8I\x8e\xcf\
\x96|\xcehC\xe5L\x92,?yl\xa4\xb2\x98\x8f\
=\x05 \x95D\x1e@Z\x88<\x80\xba\x88<\x00\x1a\
\xafpl\xa6\x90\x7f\xea\xd9j\xa8T\x9c\x16\xd1\xe6\xb6\
m\xdd\x90\xfd\xceW?:\xb4\xe9\xb2\xfe\xd8S\x00\x00\
\xe0u\xe5\x8a\x95p\xdb#I\xf2\xd8sK\xe2\x8ev\
W\xa9.\x17\x8e\xcf\x94\x0bS3\x03\xd5R9\xf6\x1a\
\x80T\x11y\x00i!\xf2\x00\xea\x22\xf2\x00h\x9c\x95\
d.,N\x1c\xcaUKeG&w\x90\xde\x9e\xb5\
\xcb\xb7\xdf\xfc\xfe\xf2\x1d\xb7^50\xb8\xbe/\xf6\x1c\
\x00\x00\xf83w\xef\x9b\xcb}\xfb\xd7\xf3\xebJ\xabU\
\x11y\x07\xa9\x96\xca\xb9\xfc\xc1\x13\xeb\x8a\xd3\x19\x7f\xdd\
\x00\x1aD\xe4\x01\xa4\x85\xc8\x03\xa8\x8b\xc8\x03\xa0~\x95\
\xc5|X\x9c8\x98]=\xbd0\x14{\x0b\xe7\xef\xe2\
\xfe\xbe\xdc\xbf~\xe9\x9au\xb7\xdc\xb8\xc5CX\x00\x00\
\xa2\x9b<\x99\x0f;~\xfc\xfb\xdc|\xa1\x22\x22\xef`\
\xab\xf3g\x92\xa5\xc9\xc3#\xab//\xc4\x9e\x02\xd0\xf1\
D\x1e@Z\x88<\x80\xba\x88<\x00\xce_\xb5T\x0e\
\xf9\x83'\xb2\xc5\xe9\x8c\xb8#E\xb6\x5cyI2\xfe\
\xcf\xdbF\xb6m\xdd\x10{\x0a\x00\x00](\x93+\x87\
\xcf<\xf4R\xf6\xe8\xa9\xa2\xcf\x19)R\xce$\xc9\xd2\
\xfe##\xaep\x018\x7f\x22\x0f -D\x1e@]\
D\x1e\x00\xe7\xa78\x9d\xc9/\x1f8\xba&\xacV\xde\
\x12{\x0b\xcdq\xfd\xb5W$\xdf\xfd\xdau#\xaep\
\x01\x00\xa0\x15r\xc5J\xf8\xca/\xb3\xd9\x1f\x1cqB\
`jU*\xf9\xc2\xf1\xdf\x96\xf2\x87\x9eq:\x0b\xc0\
y\x10y\x00i!\xf2\x00\xea\x22\xf2\x0087+\xc9\
\x5cX\x9a<\x9c\xad,\x15<x\xed\x02\xebz/\xc8\
\xef\xfa\xec\xfbJ\xf7\xdc~\xb5\x87\xb0\x00\x004\xcd7\
\x0f\xcc\x17\xee\xf9\xd5\x5c\xb5\xb4Zuu`\x17\xa8\x96\
\xca\xb9\xe5\xc7\x9f\xee-\x9d|\xe9\xa2\xd8[\x00:\x89\
\xc8\x03H\x0b\x91\x07P\x17\x91\x07\xc0\xd9\xa9,\xe6\xc3\
\xd2\xfe#\xd9\x95dN\xdc\xd1\x85.\xee\xef\xcb\xdd\x7f\
\xd7Gzo\xb8n\xb3\x87\xb0\x00\x004\xcc\xe4\xc9|\
\xf8\xc2#I\xf6w\x0b+>gt\xa1\xd5\xd3\x0b\xd9\
\xc5\x89\x83C\x95\xc5|\xec)\x00\x1dA\xe4\x01\xa4\x85\
\xc8\x03\xa8\x8b\xc8\x03\xe0\x8dUK\xe5P\x98\x9a\xc9\x15\
\x8e>\xef$\x07\xc2\x96+/I\xbew\xef\xc7F\xde\
\xfb\xae\xe1\xd8S\x00\x00\xe8`\x99\x5c9\xdc\xf6\xe8\xa9\
\xec\xe4\xc9\xbc\xb8\x83P\x9c\xced\xf3\x07O\x0cUK\
\xe5\xd8S\x00\xda\x9a\xc8\x03H\x0b\x91\x07P\x17\x91\x07\
\xc0\xeb+Ng\xf2\xf9\x83'J\xd5RY\xe0\xc1\x9f\
\xf9\xdc\x0d[\xb2_\xff\xf25C\x83\xeb\xfbbO\x01\
\x00\xa0\x83\xe4\x8a\x950\xfe\xc4\xe9\xdc\xf8\x13\xa7}\xc6\
\xe0\xcfU*\xf9\xfcS\xcf\xae)\x1c\x9byK\xec)\
\x00\xedJ\xe4\x01\xa4\x85\xc8\x03\xa8\x8b\xc8\x03\xe0/\xad\
$sa\xf9\xc0\xb1du\xfe\xccH\xec-\xb4\xafu\
\xbd\x17\xe4\xef\xfe\xe2\x87\xd6|i\xc7\x07<\x84\x05\x00\
\xe0M}\xff\xf0B~\xf7\xcfg\xd7\x94V\xab\xfe\xf9\
\x91\xd7U-\x95s\x8b\x13\x87\x06V\x92\xb9\xd8S\x00\
\xda\x8e\xc8\x03H\x0b\x91\x07P\x17\x91\x07\xc0\x7f\xa8,\
\xe6\xc3\xf2\x93\xc7\x92r&\x11wp\xd6.\xee\xef\xcb\
\xfd\xe8\xbeO\x0cl\xdb\xba!\xf6\x14\x00\x00\xda\xd0\xe4\
\xc9|\xf8\xa7\x7f\x9fM\x8e\xcf\x96|\xce\xe0\xac\xad$\
s\xd9\xa5\xfdG\x86*\x8b\xf9\xd8S\x00\xda\x86\xc8\x03\
H\x0b\x91\x07P\x17\x91\x07@M\xfe\xd03\xb9\xc2\xf1\
\x99\xdeP\xa9^\x14{\x0b\x9d\xe9=\xef\x1c\xca>4\
\xfe\xc9\xa1M\x97\xf5\xc7\x9e\x02\x00@\x1b\xc8\xe4\xca\xe1\
\xce_d\x93\xc7\x9e[\x12wp\xde\x0aG\x9f\xcf\x15\
\xa6f\x06\xaa\xa5r\xec)\x00\xd1\x89<\x80\xb4\x10y\
\x00u\x11y\x00\xdd\xaet\xf2\xa5\xe5\xe5\xc7\x9f.W\
Kewb\xd3\x10w\xdc\xf2\xc1\xdc\x1d\xb7^50\
\xb8\xbe/\xf6\x14\x00\x00\x22\xb9{\xdf\x5c\xee[\x07\xe6\
{\xcb\x22r\x1aa\xb5RX>p\xb4Z\x9c\xce\x5c\
\x18{\x0a@L\x22\x0f -D\x1e@]D\x1e@\
\xb7Z}y!,M\x1eNV\xe7\xcf\xf8\xa9:\x1a\
\xaeo\xdd\x05\x85\xf1;\xb7Wo\xb9q\x8b\x87\xb0\x00\
\x00]\xe4\xe1g\x16\x97o\xff\xd9\xa9\xf2|\xa1\x22\x22\
\xa7\xe1V\xe7\xcf$\xcb\x07\x8e\x8d\xac$s\xb1\xa7\x00\
D!\xf2\x00\xd2B\xe4\x01\xd4E\xe4\x01t\x9bj\xa9\
\x1c\xf2\x07Od\x8b\xd3\x99\xa1\xd8[H\xbf\x8do_\
\x9f}\xe0\xde\xeb\x86\xb6m\xdd\x10{\x0a\x00\x00M4\
u\xaa\x18>\xffp\x92\x1c\x9f-\x89\xc8i\xbar&\
I\x96\x9f<6RY\xcc\xc7\x9e\x02\xd0R\x22\x0f \
-D\x1e@]D\x1e@7)\x1c\x9b)\xe4\x9fz\
\xb6\x1a*\x15\xa7+\xd0R\xd7_{E\xf2o\xbb\xff\
fd\xd3e\xfd\xb1\xa7\x00\x00\xd0@\xb9b%\xdc\xf6\
H\x92<\xf6\xdc\x92\xb8\x83\xd6\xaaT\x97\x0b\xc7g\xca\
\x85\xa9\x99\x81j\xa9\x1c{\x0d@K\x88<\x80\xb4\x10\
y\x00u\x11y\x00\xdd`%\x99\x0b\x8b\x13\x87r\xd5\
R\xd9\x91\xc9D\xd3\xdb\xb3v\xf9\xf6\x9b\xdf_\xbe\xe3\
\xd6\xab\x06\x06\xd7\xf7\xc5\x9e\x03\x00@\x9d\xbey`\xbe\
p\xcf\xaf\xe6\xaa\xa5\xd5\xaa\x88\x9ch\xaa\xa5rn\xf9\
\xf1\xa7{K'_\xba(\xf6\x16\x80f\x13y\x00i\
!\xf2\x00\xea\x22\xf2\x00\xd2\xac\xb2\x98\x0f\x8b\x13\x07\xb3\
\xab\xa7\x17\x5c\xcdB\xdb\xb8\xb8\xbf/\xf7\xaf_\xbaf\
\xdd-7n\xf1e\x00\x00@\x07\x9a<\x99\x0f;~\
\xfc\xfb\xdc|\xa1\x22\x22\xa7m\xac\xce\x9fI\x96&\x0f\
\x8f\xac\xbe\xbc\x10{\x0a@\xd3\x88<\x80\xb4\x10y\x00\
u\x11y\x00iT-\x95Caj&W8\xfa\xbc\
\x87\xae\xb4\xad-W^\x92|\xef\xde\x8f\x8d\xbc\xf7]\
\xc3\xb1\xa7\x00\x00p\x162\xb9r\xf8\xccC/e\x8f\
\x9e*\x8a\xc8i[\xe5L\x92,\xed?2\xe2\x0a\x17\
 \x8dD\x1e@Z\x88<\x80\xba\x88<\x80\xb4)N\
g\xf2\xcb\x07\x8e\xae\x09\xab\x95\xb7\xc4\xde\x02g\xe3\xfa\
k\xafH\xbe\xfb\xb5\xebF\x5c\xe1\x02\x00\xd0\x9er\xc5\
J\xf8\xca/\xb3\xd9\x1f\x1cqB \x1d\xa2R\xc9\x17\
\x8e\xff\xb6\x94?\xf4\x8c\x1f|\x00RE\xe4\x01\xa4\x85\
\xc8\x03\xa8\x8b\xc8\x03H\x8b\x95d.,M\x1e\xceV\
\x96\x0a\x1e\xbc\xd2q\xd6\xf5^\x90\xdf\xf5\xd9\xf7\x95\xee\
\xb9\xfdj\x0fa\x01\x00\xda\xc8\xf7\x0f/\xe4w\xff|\
vMi\xb5*\x22\xa7\xe3TK\xe5\xdc\xe2\xc4\xa1\x81\
\x95d.\xf6\x14\x80\x86\x10y\x00i!\xf2\x00\xea\x22\
\xf2\x00:]e1\x1f\x96\xf6\x1f\xc9\xae$s\xe2\x0e\
:\xde\xc5\xfd}\xb9\xfb\xef\xfaH\xef\x0d\xd7m\xbe(\
\xf6\x16\x00\x80n6y2\x1f\xbe\xf0H\x92\xfd\xdd\xc2\
\x8a\xcf\x19t\xbc\xd5\xd3\x0b\xd9\xc5\x89\x83C\x95\xc5|\
\xec)\x00u\x11y\x00i!\xf2\x00\xea\x22\xf2\x00:\
U\xb5T\x0e\x85\xa9\x99\x5c\xe1\xf8Lo\xa8T}!\
N\xaa\xbc\xe7\x9dC\xd9\x87\xc6?9\xb4\xe9\xb2\xfe\xd8\
S\x00\x00\xbaJ&W\x0e\xb7=z*;y2/\
\xee u\x8a\xd3\x99l\xfe\xe0\x89\xa1j\xa9\x1c{\x0a\
\xc0y\x11y\x00i!\xf2\x00\xea\x22\xf2\x00:Qq\
:\x93\xcf\x1f<Q\xaa\x96\xca\xae\xb6 \xd5>w\xc3\
\x96\xec\xd7\xbf|\xcd\xd0\xe0\xfa\xbe\xd8S\x00\x00R-\
W\xac\x84\xf1'N\xe7\xc6\x9f8\xed3\x06\xe9V\xa9\
\xe4\xf3O=\xbb\xa6pl\xc6\x15D@\xc7\x11y\x00\
i!\xf2\x00\xea\x22\xf2\x00:\xc9\xea\xcb\x0bai\xf2\
p\xb2:\x7ff$\xf6\x16h\x95u\xbd\x17\xe4\xef\xfe\
\xe2\x87\xd6|i\xc7\x07<\x84\x05\x00h\x82\xef\x1f^\
\xc8\xdf5\x91-\xcd\x17*\x02\x0f\xbaFe\xa9\x90]\
\x9a<<\xb4\x92\xcc\xc5\x9e\x02p\xd6D\x1e@Z\x88\
<\x80\xba\x88<\x80NP-\x95\xc3\xd2\xfe#I9\
\x93\x88;\xe8Z\x1b\xdf\xbe>\xfb\xc0\xbd\xd7\x0dm\xdb\
\xba!\xf6\x14\x00\x80T\x98<\x99\x0f\xff\xf4\xef\xb3\xc9\
\xf1\xd9\x92\xcf\x19t\xad\x95d.\xbb\xb4\xff\xc8Pe\
1\x1f{\x0a\xc0\x9b\x12y\x00i!\xf2\x00\xea\x22\xf2\
\x00\xda]\xfe\xd03\xb9\xc2\xf1\xdf\xae\x0b\x95\xca\x85\xb1\
\xb7@;\xd8\xb6uC\xf6;_\xfd\xe8\xd0\xa6\xcb\xfa\
cO\x01\x00\xe8H\xb9b%\xdc\xf6H\x92<\xf6\xdc\
\x92\xb8\x03^Q8\xfa|\xae053P-\x95c\
O\x01x]\x22\x0f -D\x1e@]D\x1e@\xbb\
*\x9d|iy\xf9\xf1\xa7\xcb\xd5R\xd9\x91\xc9\xf0\x1a\
\xee\xb8\xe5\x83\xb9;n\xbdj`p}_\xec)\x00\
\x00\x1d\xe3\xee}s\xb9o\xffz~]i\xb5*\x22\
\x87W\xa9\x96\xca\xb9\xfc\xc1\x13\xeb\x8a\xd3\x19\x7f\x7f\x00\
mI\xe4\x01\xa4\x85\xc8\x03\xa8\x8b\xc8\x03h7\x95\xc5\
|X\x9c8\x98]=\xbd0\x14{\x0b\xb4\xbb\xbeu\
\x17\x14\xc6\xef\xdc^\xbd\xe5\xc6-\x1e\xc2\x02\x00\xbc\x81\
\x87\x9fY\x5c\xbe\xfdg\xa7\xca\xf3\x85\x8a\x88\x1c\xde\xc4\
\xea\xfc\x99d\xf9\xc0\xb1\x91\x95d.\xf6\x14\x80?#\
\xf2\x00\xd2B\xe4\x01\xd4E\xe4\x01\xb4\x8bj\xa9\x1c\xf2\
\x07Od\x8b\xd3\x19q\x07\x9c\xa3-W^\x92\x8c\xff\
\xf3\xb6\x91m[7\xc4\x9e\x02\x00\xd0V\xa6N\x15\xc3\
\xe7\x1fN\x92\xe3\xb3%W\xb3\xc09*g\x92d\xf9\
\xc9c#\x95\xc5|\xec)\x00!\x04\x91\x07\x90\x1e\x22\
\x0f\xa0.\x22\x0f\xa0\x1d\x14\x8e\xcd\x14\xf2O=[\x0d\
\x95\x8a\xd3\x08\xa0\x0e\xd7_{E\xf2o\xbb\xfffd\
\xd3e\xfd\xb1\xa7\x00\x00D\x95+V\xc2W~\x99\xcd\
\xfe\xe0\x88\x13\x02\xa1.\x95\xear\xe1\xf8L9\x7f\xe8\
\x19\xa7\xe0\x00\xd1\x89<\x80\xb4\x10y\x00u\x11y\x00\
1\xad$saq\xe2P\xaeZ*{X\x04\x0d\xd2\
\xdb\xb3v\xf9\xf6\x9b\xdf_\xbe\xe3\xd6\xab\x06\x06\xd7\xf7\
\xc5\x9e\x03\x00\xd0r\xdf<0_\xb8\xe7Ws\xd5\xd2\
jUD\x0e\x0dR-\x95s\xcb\x8f?\xdd[:\xf9\
\xd2E\xb1\xb7\x00\xddK\xe4\x01\xa4\x85\xc8\x03\xa8\x8b\xc8\
\x03\x88\xa1\xb2\x98\x0fK\xfb\x8fdW\x929?U\x07\
Mrq\x7f_\xee\xfe\xbb>\xd2{\xc3u\x9b=\x84\
\x05\x00\xba\xc2\xe4\xc9|\xd8\xf1\xe3\xdf\xe7\xe6\x0b\x15\x11\
94\xc9\xea\xfc\x99di\xf2\xf0\xc8\xea\xcb\x0b\xb1\xa7\
\x00]H\xe4\x01\xa4\x85\xc8\x03\xa8\x8b\xc8\x03h\xa5j\
\xa9\x1c\x0aS3\xb9\xc2\xd1\xe7=t\x85\x16\xd9r\xe5\
%\xc9\xf7\xee\xfd\xd8\xc8{\xdf5\x1c{\x0a\x00@S\
dr\xe5\xf0\x99\x87^\xca\x1e=U\x14\x91C\x8b\x94\
3I\xb2\xb4\xff\xc8H\xb5T\x8e=\x05\xe8\x22\x22\x0f\
 -D\x1e@]D\x1e@\xab\x14\xa73\xf9\xe5\x03\
G\xd7\x84\xd5\xca[bo\x81nt\xfd\xb5W$\xdf\
\xfd\xdau#\xaep\x01\x00\xd2\x22W\xac\x84\xf1'N\
\xe7\xc6\x9f8-\x22\x87\x18*\x95|\xfe\xa9g\xd7\x14\
\x8e\xcd\xf8\x9c\x0f\xb4\x84\xc8\x03H\x0b\x91\x07P\x17\x91\
\x07\xd0l+\xc9\x5cX\x9a<\x9c\xad,\x15\xfcT\x1d\
D\xb6\xae\xf7\x82\xfc\xae\xcf\xbe\xaft\xcf\xedW\xfb\x22\
\x04\x00\xe8h\xdf?\xbc\x90\xdf\xfd\xf3\xd95\xa5\xd5\xaa\
/\x97!\xb2j\xa9\x9c[\x9c84\xb0\x92\xcc\xc5\x9e\
\x02\xa4\x9c\xc8\x03H\x0b\x91\x07P\x17\x91\x07\xd0,\x95\
\xc5|X~\xf2XR\xce$#\xb1\xb7\x00\x7f\xee\xe2\
\xfe\xbe\xdc\x8f\xee\xfb\xc4\xc0\xb6\xad\x1bbO\x01\x008\
'\x93'\xf3\xe1\x0b\x8f$\xd9\xdf-\xac\x88\xc8\xa1\xcd\
\xac\x9e^\xc8.N\x1c\x1c\xaa,\xe6cO\x01RJ\
\xe4\x01\xa4\x85\xc8\x03\xa8\x8b\xc8\x03h\xb4j\xa9\x1c\x0a\
S3\xb9\xc2\xf1\x99\xdeP\xa9^\x14{\x0f\xf0\xfa\xde\
\xf3\xce\xa1\xecC\xe3\x9f\x1c\xdatY\x7f\xec)\x00\x00\
o(\x93+\x87\xdb\x1e=\x95\x9d<\x99\x17w@\x9b\
+\x1c}>W\x98\x9a\x19\xa8\x96\xca\xb1\xa7\x00)#\
\xf2\x00\xd2B\xe4\x01\xd4E\xe4\x014R\xe9\xe4K\xcb\
\xcb\x8f?]\xae\x96\xca\xae\x82\x80\x0e\xf2\xb9\x1b\xb6d\
\xbf\xfe\xe5k\x86\x06\xd7\xf7\xc5\x9e\x02\x00\xf0gr\xc5\
J\x18\x7f\xe2t\xee[\x07\xe6{\xcb\x22r\xe8\x1c\xab\
\x95\xc2\xf2\x81\xa3\xd5\xe2t\xe6\xc2\xd8S\x80\xf4\x10y\
\x00i!\xf2\x00\xea\x22\xf2\x00\x1aa\xf5\xe5\x85\xb04\
y8Y\x9d?\xe3j\x16\xe8P}\xeb.(\x8c\xdf\
\xb9\xbdz\xcb\x8d[<\x84\x05\x00\xda\xc2\xf7\x0f/\xe4\
\xef\x9a\xc8\x96\xe6\x0b\x15\x119t\xa8\xcaR!\xbb4\
yxh%\x99\x8b=\x05H\x01\x91\x07\x90\x16\x22\x0f\
\xa0.\x22\x0f\xa0\x1e\xd5R9,\xed?\x92\x943\x89\
\xb8\x03Rb\xe3\xdb\xd7g\x1f\xb8\xf7\xba\xa1m[7\
\xc4\x9e\x02\x00t\xa9\xa9S\xc5\xf0\xf9\x87\x93\xe4\xf8l\
\xc9\xe7\x0cH\x89\x95d.\xbb\xb4\xff\xc8Pe1\x1f\
{\x0a\xd0\xc1D\x1e@Z\x88<\x80\xba\x88<\x80\xf3\
\x95?\xf4L\xaep\xfc\xb7\xebB\xa5\xe2\xa7\xfe!\x85\
\xb6m\xdd\x90\xfd\xceW?:\xb4\xe9\xb2\xfe\xd8S\x00\
\x80.\x91+V\xc2m\x8f$\xc9c\xcf-\x89; \
\x8d*\xd5\xe5\xc2\xf1\x99rajf\xa0Z*\xc7^\
\x03t \x91\x07\x90\x16\x22\x0f\xa0.\x22\x0f\xe0\x5c\xad\
$saq\xe2P\xaeZ*;2\x19\xba\xc0\x1d\xb7\
|0w\xc7\xadW\x0d\x0c\xae\xef\x8b=\x05\x00H\xb1\
\xbb\xf7\xcd\xe5\xbe\xfd\xeb\xf9u\xa5\xd5\xaa\x88\x1cR\xae\
Z*\xe7\xf2\x07O\xac+Ng\xfc\xfd\x0e\x9c\x13\x91\
\x07\x90\x16\x22\x0f\xa0.\x22\x0f\xe0lU\x16\xf3aq\
\xe2`v\xf5\xf4\xc2P\xec-@k]\xdc\xdf\x97\xfb\
\xd7/]\xb3\xee\x96\x1b\xb7x\x08\x0b\x004\xd4\xc3\xcf\
,.\xdf\xfe\xb3S\xe5\xf9BED\x0e]fu\xfe\
L\xb2|\xe0\xd8\xc8J2\x17{\x0a\xd0!D\x1e@\
Z\x88<\x80\xba\x88<\x807S-\x95C\xfe\xe0\x89\
lq:#\xee\x80.\xb7\xe5\xcaK\x92\xf1\x7f\xde6\
\xb2m\xeb\x86\xd8S\x00\x80\x0e\x97\xc9\x95\xc3g\x1ez\
){\xf4T\xd1\xe7\x0c\xe8r\xe5L\x92,\xed?2\
\xe2\x0a\x17\xe0\xcd\x88<\x80\xb4\x10y\x00u\x11y\x00\
o\xa4pl\xa6\x90\x7f\xea\xd9j\xa8T\xfc\xf4>\xf0\
G\xd7_{E\xf2o\xbb\xfffd\xd3e\xfd\xb1\xa7\
\x00\x00\x1d&W\xac\x84\xaf\xfc2\x9b\xfd\xc1\x11'\x04\
\x02\x7f\xa2R\xc9\x17\x8e\xff\xb6\x94?\xf4\x8cS}\x80\
\xd7%\xf2\x00\xd2B\xe4\x01\xd4E\xe4\x01\xbc\x96\x95d\
.,M\x1e\xceV\x96\x0a\x1e\xbc\x02\xaf\xa9\xb7g\xed\
\xf2\xed7\xbf\xbf|\xcf\xedW{\x08\x0b\x00\x9c\x95o\
\x1e\x98/\xdc\xf3\xab\xb9ji\xb5*\x22\x07^S\xb5\
T\xce-?\xfeto\xe9\xe4K\x17\xc5\xde\x02\xb4\x1f\
\x91\x07\x90\x16\x22\x0f\xa0.\x22\x0f\xe0OU\x16\xf3a\
i\xff\x91\xecJ2'\xee\x00\xce\xca\xc5\xfd}\xb9\xfb\
\xef\xfaH\xef\x0d\xd7m\xf6\x10\x16\x00xM\x93'\xf3\
a\xc7\x8f\x7f\x9f\x9b/T\xc4\xa1\xc0YY\x9d?\x93\
,M\x1e\x1eY}y!\xf6\x14\xa0\x8d\x88<\x80\xb4\
\x10y\x00u\x11y\x00!\x84P-\x95Caj&\
W8\xfa\xbc\x87\xae\xc0y\xd9r\xe5%\xc9\xf7\xee\xfd\
\xd8\xc8{\xdf5\x1c{\x0a\x00\xd0&2\xb9r\xb8\xed\
\xd1S\xd9\xc9\x93y\x119p^\x8a\xd3\x99l\xfe\xe0\
\x89\xa1j\xa9\x1c{\x0a\xd0\x06D\x1e@Z\x88<\x80\
\xba\x88<\x80\xe2t&\xbf|\xe0\xe8\x9a\xb0ZyK\
\xec-@\xe7\xbb\xfe\xda+\x92\xef~\xed\xba\x91\xc1\xf5\
}\xb1\xa7\x00\x00\x91\xe4\x8a\x950\xfe\xc4\xe9\xdc\xf8\x13\
\xa7E\xe4@\xfd*\x95|\xfe\xa9g\xd7\x14\x8e\xcdx\
n\x01]N\xe4\x01\xa4\x85\xc8\x03\xa8\x8b\xc8\x03\xba\xd7\
J2\x17\x96\x0f\x1cKV\xe7\xcf\x8c\xc4\xde\x02\xa4\xcb\
\xba\xde\x0b\xf2w\x7f\xf1Ck\xbe\xb4\xe3\x03\x1e\xc2\x02\
@\x97\xf9\xfe\xe1\x85\xfc\xee\x9f\xcf\xae)\xadV\xfds\
\x00\xd0P\xd5R9\xb78qh`%\x99\x8b=\x05\
\x88D\xe4\x01\xa4\x85\xc8\x03\xa8\x8b\xc8\x03\xbaOe1\
\x1f\x96\x9f<\x96\x943\x89\xb8\x03h\xaa\x8b\xfb\xfbr\
?\xba\xef\x13\x03\xdb\xb6n\x88=\x05\x00h\xb2\xc9\x93\
\xf9\xf0\x85G\x92\xec\xef\x16V\x5c\xcd\x024\xd5J2\
\x97]\xda\x7fd\xa8\xb2\x98\x8f=\x05h1\x91\x07\x90\
\x16\x22\x0f\xa0.\x22\x0f\xe8.\xf9C\xcf\xe4\x0a\xc7g\
zC\xa5zQ\xec-@\xf7x\xcf;\x87\xb2\x0f\x8d\
\x7frh\xd3e\xfd\xb1\xa7\x00\x00\x0d\x96\xc9\x95\xc3\x9d\
\xbf\xc8&\x8f=\xb7$\x22\x07Z\xaap\xf4\xf9\x5ca\
jf\xa0Z*\xc7\x9e\x02\xb4\x88\xc8\x03H\x0b\x91\x07\
P\x17\x91\x07t\x87\xd2\xc9\x97\x96\x97\x1f\x7f\xba\x5c-\
\x95\xdd\x89\x0dDs\xc7-\x1f\xcc\xddq\xebU\x03\x83\
\xeb\xfbbO\x01\x00\xea\x94+V\xc2\xf8\x13\xa7s\xdf\
:0\xdf[\x16\x91\x03\xb1\xacV\x0a\xcb\x07\x8eV\x8b\
\xd3\x99\x0bcO\x01\x9aO\xe4\x01\xa4\x85\xc8\x03\xa8\x8b\
\xc8\x03\xd2m\xf5\xe5\x85\xb04y8Y\x9d?\xe3\xa7\
\xea\x80\xb6\xd0\xb7\xee\x82\xc2\xf8\x9d\xdb\xab\xb7\xdc\xb8\xc5\
CX\x00\xe8P\x0f?\xb3\xb8|\xfb\xcfN\x95\xe7\x0b\
\x15\x119\xd0\x16*K\x85\xec\xd2\xe4\xe1\xa1\x95d.\
\xf6\x14\xa0\x89D\x1e@Z\x88<\x80\xba\x88< \x9d\
\xaa\xa5rX\xda\x7f$)g\x12q\x07\xd0\x966\xbe\
}}\xf6\x81{\xaf\x1b\xda\xb6uC\xec)\x00\xc0Y\
\x9a:U\x0c\x9f\x7f8I\x8e\xcf\x96|\xce\x00\xdaR\
9\x93$\xcbO\x1e\x1b\xa9,\xe6cO\x01\x9a@\xe4\
\x01\xa4\x85\xc8\x03\xa8\x8b\xc8\x03\xd2\xa7pl\xa6\x90\x7f\
\xea\xd9j\xa8T\xfc\x94<\xd0\xf6\xb6m\xdd\x90\xfd\xce\
W?:\xb4\xe9\xb2\xfe\xd8S\x00\x80\xd7\x91+V\xc2\
m\x8f$\xc9c\xcf-\x89;\x80\xf6W\xa9.\x17\x8e\
\xcf\x94\x0bS3\x03\xd5R9\xf6\x1a\xa0\x81D\x1e@\
Z\x88<\x80\xba\x88< =V\x92\xb9\xb08q(\
W-\x95\x1d\x99\x0ct\x94\xde\x9e\xb5\xcb\xb7\xdf\xfc\xfe\
\xf2\x1d\xb7^50\xb8\xbe/\xf6\x1c\x00\xe0O\xdc\xbd\
o.\xf7\xed_\xcf\xaf+\xadVE\xe4@G\xa9\x96\
\xca\xb9\xfc\xc1\x13\xeb\x8a\xd3\x19\xbf\x7fAJ\x88<\x80\
\xb4\x10y\x00u\x11y@\xe7\xab,\xe6\xc3\xe2\xc4\xc1\
\xec\xea\xe9\x85\xa1\xd8[\x00\xeaqq\x7f_\xee_\xbf\
t\xcd\xba[n\xdc\xe2!,\x00D6y2\x1fv\
\xfc\xf8\xf7\xb9\xf9BED\x0et\xb4\xd5\xf93\xc9\xd2\
\xe4\xe1\x91\xd5\x97\x17bO\x01\xea$\xf2\x00\xd2B\xe4\
\x01\xd4E\xe4\x01\x9d\xabZ*\x87\xfc\xc1\x13\xd9\xe2t\
F\xdc\x01\xa4\xca\x96+/I\xc6\xffy\xdb\xc8\xb6\xad\
\x1bbO\x01\x80\xae\x93\xc9\x95\xc3g\x1ez){\xf4\
T\xd1\xe7\x0c U\xca\x99$Y\xda\x7fd\xc4\x15.\
\xd0\xb9D\x1e@Z\x88<\x80\xba\x88<\xa03\x15\xa7\
3\xf9\xe5\x03G\xd7\x84\xd5\xca[bo\x01h\x96\xeb\
\xaf\xbd\x22\xf9\xee\xd7\xae\x1bq\x85\x0b\x004_\xaeX\
\x09_\xf9e6\xfb\x83#N\x08\x04R\xacR\xc9\x17\
\x8e\xff\xb6\x94?\xf4\x8cS\x8a\xa0\x03\x89<\x80\xb4\x10\
y\x00u\x11y@gYI\xe6\xc2\xd2\xe4\xe1le\
\xa9\xe0\xc1+\xd0\x15\xd6\xf5^\x90\xdf\xf5\xd9\xf7\x95\xee\
\xb9\xfdj\x0fa\x01\xa0I\xbey`\xbep\xcf\xaf\xe6\
\xaa\xa5\xd5\xaa+\xd3\x80\xaeP-\x95s\xcb\x8f?\xdd\
[:\xf9\xd2E\xb1\xb7\x00gO\xe4\x01\xa4\x85\xc8\x03\
\xa8\x8b\xc8\x03:Ce1\x1f\x96\xf6\x1f\xc9\xae$s\
\xe2\x0e\xa0+]\xdc\xdf\x97\xbb\xff\xae\x8f\xf4\xdep\xdd\
f\x0fa\x01\xa0A&O\xe6\xc3\x17\x1eI\xb2\xbf[\
X\xf19\x03\xe8J\xab\xa7\x17\xb2\x8b\x13\x07\x87*\x8b\
\xf9\xd8S\x80\xb3 \xf2\x00\xd2B\xe4\x01\xd4E\xe4\x01\
\xed\xadZ*\x87\xc2\xd4L\xaep\xf4y?\xc1\x0e\x10\
Bx\xcf;\x87\xb2\x0f\x8d\x7frh\xd3e\xfd\xb1\xa7\
\x00@\xc7\xca\xe4\xca\xe1\xb6GOe'O\xe6\xc5\x1d\
\x00!\x84\xe2t&\x9b?xb\xa8Z*\xc7\x9e\x02\
\xbc\x01\x91\x07\x90\x16\x22\x0f\xa0.\x22\x0fh_\xc5\xe9\
L>\x7f\xf0D\xa9Z*\x0b<\x00^\xe5s7l\
\xc9~\xfd\xcb\xd7\x0c\x0d\xae\xef\x8b=\x05\x00:F\xae\
X\x09\xe3O\x9c\xce\x8d?q\xdag\x0c\x80W\xabT\
\xf2\xf9\xa7\x9e]S86\xf3\x96\xd8S\x80\xd7&\xf2\
\x00\xd2B\xe4\x01\xd4E\xe4\x01\xedg%\x99\x0b\xcb\x07\
\x8e%\xab\xf3gFbo\x01hg\xebz/\xc8\xdf\
\xfd\xc5\x0f\xad\xf9\xd2\x8e\x0fx\x08\x0b\x00o\xe2\xfb\x87\
\x17\xf2wMdK\xf3\x85\x8a\xc0\x03\xe0\x0dT\x96\x0a\
\xd9\xa5\xc9\xc3C+\xc9\x5c\xec)\xc0\xab\x88<\x80\xb4\
\x10y\x00u\x11y@\xfb\xa8\x96\xcaai\xff\x91\xa4\
\x9cI\xc4\x1d\x00\xe7\xe0\xe2\xfe\xbe\xdc\x8f\xee\xfb\xc4\xc0\
\xb6\xad\x1bbO\x01\x80\xb63y2\x1f\xfe\xe9\xdfg\
\x93\xe3\xb3%\x9f3\x00\xce\xc1J2\x97]\xda\x7fd\
\xa8\xb2\x98\x8f=\x05x\x85\xc8\x03H\x0b\x91\x07P\x17\
\x91\x07\xb4\x87\xfc\xa1gr\x85\xe3\xbf]\x17*\x95\x0b\
co\x01\xe8T\xdb\xb6n\xc8~\xe7\xab\x1f\x1d\xdat\
Y\x7f\xec)\x00\x10]&W\x0ew\xfe\x22\x9b<\xf6\
\xdc\x92\xb8\x03\xa0\x0e\x85\xa3\xcf\xe7\x0aS3\x03\xd5R\
9\xf6\x14\xe8z\x22\x0f -D\x1e@]D\x1e\x10\
W\xe9\xe4K\xcb\xcb\x8f?]\xae\x96\xca\x8eL\x06h\
\x90;n\xf9`\xee\x8e[\xaf\x1a\x18\x5c\xdf\x17{\x0a\
\x00Dq\xf7\xbe\xb9\xdc\xb7\x0e\xcc\xf7\x96+\xd5\x8bb\
o\x01H\x85\xd5Ja\xf9\xc0\xd1jq:\xe3\x87s\
 \x22\x91\x07\x90\x16\x22\x0f\xa0.\x22\x0f\x88c\xf5\xe5\
\x85\xb04y8Y\x9d?\xe3\xa7\xea\x00\x9a\xa0o\xdd\
\x05\x85\xf1;\xb7Wo\xb9q\x8b\x87\xb0\x00t\x8d\x87\
\x9fY\x5c\xbe\xfdg\xa7\xca\xf3\x85\x8a\x88\x1c\xa0\x09V\
\xe7\xcf$\xcb\x07\x8e\x8d\xac$s\xb1\xa7@W\x12y\
\x00i!\xf2\x00\xea\x22\xf2\x80\xd6\xaa\x96\xca!\x7f\xf0\
D\xb68\x9d\x19\x8a\xbd\x05\xa0\x1bl|\xfb\xfa\xec\x03\
\xf7^7\xb4m\xeb\x86\xd8S\x00\xa0i\xa6N\x15\xc3\
\xe7\x1fN\x92\xe3\xb3%\x119@\x0b\x943I\xb2\xfc\
\xe4\xb1\x91\xcab>\xf6\x14\xe8*\x22\x0f -D\x1e\
@]D\x1e\xd0:\x85c3\x85\xfcS\xcfVC\xa5\
\xe2\xa7\xca\x01Z\xec\xfak\xafH\xfem\xf7\xdf\x8cl\
\xba\xac?\xf6\x14\x00h\x98\x5c\xb1\x12n{$I\x1e\
{nI\xdc\x01\xd0j\x95\xear\xe1\xf8L\xb905\
3P-\x95c\xaf\x81\xae \xf2\x00\xd2B\xe4\x01\xd4\
E\xe4\x01\xcd\xb7\x92\xcc\x85\xc5\x89C\xb9j\xa9\xec\xc8\
d\x80\x88z{\xd6.\xdf~\xf3\xfb\xcbw\xdcz\xd5\
\xc0\xe0\xfa\xbe\xd8s\x00\xa0.\xdf<0_\xb8\xe7W\
s\xd5\xd2jUD\x0e\x10Q\xb5T\xce-?\xfet\
o\xe9\xe4K\x17\xc5\xde\x02i'\xf2\x00\xd2B\xe4\x01\
\xd4E\xe4\x01\xcdSY\xcc\x87\xc5\x89\x83\xd9\xd5\xd3\x0b\
\xaef\x01h#\x17\xf7\xf7\xe5\xfe\xf5K\xd7\xac\xbb\xe5\
\xc6-\xbe\x14\x03\xa0\xe3L\x9e\xcc\x87\x1d?\xfe}n\
\xbeP\x11\x91\x03\xb4\x91\xd5\xf93\xc9\xd2\xe4\xe1\x91\xd5\
\x97\x17bO\x81\xd4\x12y\x00i!\xf2\x00\xea\x22\xf2\
\x80\xc6\xab\x96\xca\xa105\x93+\x1c}\xdeCW\x80\
6\xb6\xe5\xcaK\x92\xef\xdd\xfb\xb1\x91\xf7\xbek8\xf6\
\x14\x00xS\x99\x5c9|\xe6\xa1\x97\xb2GO\x15E\
\xe4\x00m\xac\x9cI\x92\xa5\xfdGF\x5c\xe1\x02\x8d'\
\xf2\x00\xd2B\xe4\x01\xd4E\xe4\x01\x8dU\x9c\xce\xe4\x97\
\x0f\x1c]\x13V+o\x89\xbd\x05\x80\xb3s\xfd\xb5W\
$\xdf\xfd\xdau#\xaep\x01\xa0\x1d\xe5\x8a\x95\xf0\x95\
_f\xb3?8\xe2\x84@\x80\x8eQ\xa9\xe4\xf3O=\
\xbb\xa6pl\xc6\xf3!h \x91\x07\x90\x16\x22\x0f\xa0\
.\x22\x0fh\x8c\x95d.,M\x1e\xceV\x96\x0a\x1e\
\xbc\x02t\xa0u\xbd\x17\xe4w}\xf6}\xa5{n\xbf\
\xda)L\x00\xb4\x8d\xef\x1f^\xc8\xef\xfe\xf9\xec\x9a\xd2\
j\xd5\x97\x84\x00\x1d\xa8Z*\xe7\x16'\x0e\x0d\xac$\
s\xb1\xa7@*\x88<\x80\xb4\x10y\x00u\x11y@\
}*\x8b\xf9\xb0\xfc\xe4\xb1\xa4\x9cIFbo\x01\xa0\
~\x17\xf7\xf7\xe5~t\xdf'\x06\xb6m\xdd\x10{\x0a\
\x00]l\xf2d>|\xe1\x91$\xfb\xbb\x85\x15\x119\
@\x0a\xac\x9e^\xc8.N\x1c\x1c\xaa,\xe6cO\x81\
\x8e&\xf2\x00\xd2B\xe4\x01\xd4E\xe4\x01\xe7\xa7Z*\
\x87\xc2\xd4L\xaep|\xa67T\xaa\x17\xc5\xde\x03@\
c\xbd\xe7\x9dC\xd9\x87\xc6?9\xb4\xe9\xb2\xfe\xd8S\
\x00\xe8\x22\x99\x5c9\xdc\xf6\xe8\xa9\xec\xe4\xc9\xbc\xb8\x03\
 \x85\x8a\xd3\x99l\xfe\xe0\x89\xa1j\xa9\x1c{\x0at\
$\x91\x07\x90\x16\x22\x0f\xa0.\x22\x0f8w\xc5\xe9L\
>\x7f\xf0D\xa9Z*;\xd2\x1f \xe5>w\xc3\x96\
\xec\xd7\xbf|\xcd\xd0\xe0\xfa\xbe\xd8S\x00H\xb1\x5c\xb1\
\x12\xc6\x9f8\x9d\xfb\xd6\x81\xf9\xde\xb2\x88\x1c \xddV\
+\x85\xe5\x03G\xab\xc5\xe9\xcc\x85\xb1\xa7@\xa7\x11y\
\x00i!\xf2\x00\xea\x22\xf2\x80\xb3\xb7\xfa\xf2BX\x9a\
<\x9c\xac\xce\x9fq5\x0b@\x17Y\xd7{A\xfe\xee\
/~h\xcd\x97v|\xe0-\xb1\xb7\x00\x90>\xdf?\
\xbc\x90\xbfk\x22[\x9a/TD\xe4\x00]\xa4\xb2T\
\xc8.M\x1e\x1eZI\xe6bO\x81\x8e!\xf2\x00\xd2\
B\xe4\x01\xd4E\xe4\x01o\xaeZ*\x87\xa5\xfdG\x92\
r&\x11w\x00t\xb1\x8do_\x9f}\xe0\xde\xeb\x86\
\xb6m\xdd\x10{\x0a\x00)0y2\x1f\xfe\xe9\xdfg\
\x93\xe3\xb3%\x9f3\x00\xba\xd8J2\x97]\xda\x7fd\
\xa8\xb2\x98\x8f=\x05\xda\x9e\xc8\x03H\x0b\x91\x07P\x17\
\x91\x07\xbc\xb1\xfc\xa1gr\x85\xe3\xbf]\x17*\x15G\
h\x02\x10B\x08a\xdb\xd6\x0d\xd9\xef|\xf5\xa3C\x9b\
.\xeb\x8f=\x05\x80\x0e\x94+V\xc2m\x8f$\xc9c\
\xcf-\x89;\x00\xf8\xa3\xc2\xd1\xe7s\x85\xa9\x99\x81j\
\xa9\x1c{\x0a\xb4-\x91\x07\x90\x16\x22\x0f\xa0.\x22\x0f\
xm\xa5\x93/-/?\xfet\xb9Z*;2\x19\
\x80\xd7t\xc7-\x1f\xcc\xddq\xebU\x03\x83\xeb\xfbb\
O\x01\xa0C\xdc\xbdo.\xf7\xed_\xcf\xaf+\xadV\
E\xe4\x00\xfc\x85j\xa9\x9c\xcb\x1f<\xb1\xae8\x9d\xf1\
\x7f'\xe05\x88<\x80\xb4\x10y\x00u\x11y\xc0\x9f\
\xab,\xe6\xc3\xe2\xc4\xc1\xec\xea\xe9\x85\xa1\xd8[\x00h\
\x7f}\xeb.(\x8c\xdf\xb9\xbdz\xcb\x8d[<\x84\x05\
\xe0u=\xfc\xcc\xe2\xf2\xed?;U\x9e/TD\xe4\
\x00\xbc\xa9\xd5\xf93\xc9\xf2\x81c#+\xc9\x5c\xec)\
\xd0VD\x1e@Z\x88<\x80\xba\x88<\xa0\xa6Z*\
\x87\xfc\xc1\x13\xd9\xe2tF\xdc\x01\xc09\xdbr\xe5%\
\xc9\xf8?o\x1b\xd9\xb6uC\xec)\x00\xb4\x91\xa9S\
\xc5\xf0\xf9\x87\x93\xe4\xf8l\xc9\xd5,\x00\x9c\xb3r&\
I\x96\x9f<6RY\xcc\xc7\x9e\x02mA\xe4\x01\xa4\
\x85\xc8\x03\xa8\x8b\xc8\x03B(\x1c\x9b)\xe4\x9fz\xb6\
\x1a*\x15?\x85\x0d@]\xae\xbf\xf6\x8a\xe4\xdfv\xff\
\xcd\xc8\xa6\xcb\xfacO\x01 \xa2\x5c\xb1\x12\xbe\xf2\xcb\
l\xf6\x07G\x9c\x10\x08@\x9d*\xd5\xe5\xc2\xf1\x99r\
\xfe\xd03N\x83\xa2\xeb\x89<\x80\xb4\x10y\x00u\x11\
y\xd0\xcdV\x92\xb9\xb08q(W-\x95}H\x06\
\xa0az{\xd6.\xdf~\xf3\xfb\xcbw\xdcz\xd5\xc0\
\xe0\xfa\xbe\xd8s\x00h\xb1o\x1e\x98/\xdc\xf3\xab\xb9\
ji\xb5*\x22\x07\xa0a\xaa\xa5rn\xf9\xf1\xa7{\
K'_\xba(\xf6\x16\x88E\xe4\x01\xa4\x85\xc8\x03\xa8\
\x8b\xc8\x83nTY\xcc\x87\xa5\xfdG\xb2+\xc9\x9c\x9f\
\xaa\x03\xa0i.\xee\xef\xcb\xdd\x7f\xd7Gzo\xb8n\
\xb3\x87\xb0\x00]`\xf2d>\xec\xf8\xf1\xefs\xf3\x85\
\x8a\x88\x1c\x80\xa6Y\x9d?\x93,M\x1e\x1eY}y\
!\xf6\x14h9\x91\x07\x90\x16\x22\x0f\xa0.\x22\x0f\xba\
I\xb5T\x0e\x85\xa9\x99\x5c\xe1\xe8\xf3\x1e\xba\x02\xd02\
[\xae\xbc$\xf9\xde\xbd\x1f\x1by\xef\xbb\x86cO\x01\
\xa0\x092\xb9r\xf8\xccC/e\x8f\x9e*\x8a\xc8\x01\
h\x99\xe2t&\x9b?xb\xa8Z*\xc7\x9e\x02-\
#\xf2\x00\xd2B\xe4\x01\xd4E\xe4A\xb7(Ng\xf2\
\xcb\x07\x8e\xae\x09\xab\x95\xb7\xc4\xde\x02@w\xba\xfe\xda\
+\x92\xef~\xed\xba\x11W\xb8\x00\xa4C\xaeX\x09\xe3\
O\x9c\xce\x8d?qZD\x0e@\x1c\x95J>\xff\xd4\
\xb3k\x0a\xc7f<\xef\xa2+\x88<\x80\xb4\x10y\x00\
u\x11y\x90v+\xc9\x5cX>p,Y\x9d?3\
\x12{\x0b\x00\xac\xeb\xbd \x7f\xf7\x17?\xb4\xe6K;\
>\xe0!,@\x07\xfb\xfe\xe1\x85\xfc\xee\x9f\xcf\xae)\
\xadV\xfd~\x0e@t\xd5R9\xb78qh`%\
\x99\x8b=\x05\x9aJ\xe4\x01\xa4\x85\xc8\x03\xa8\x8b\xc8\x83\
\xb4\xaa,\xe6\xc3\xf2\x93\xc7\x92r&\x11w\x00\xd0v\
.\xee\xef\xcb\xfd\xe8\xbeO\x0cl\xdb\xba!\xf6\x14\x00\
\xce\xc1\xe4\xc9|\xf8\xc2#I\xf6w\x0b+\xaef\x01\
\xa0\xed\xac\x9e^\xc8.N\x1c\x1c\xaa,\xe6cO\x81\
\xa6\x10y\x00i!\xf2\x00\xea\x22\xf2 m\xaa\xa5r\
(L\xcd\xe4\x0a\xc7gzC\xa5zQ\xec=\x00\xf0\
F\xde\xf3\xce\xa1\xecC\xe3\x9f\x1c\xdatY\x7f\xec)\
\x00\xbc\x81L\xae\x1c\xee\xfcE6y\xec\xb9%\x119\
\x00m\xafp\xf4\xf9\x5cajf\xa0Z*\xc7\x9e\x02\
\x0d%\xf2\x00\xd2B\xe4\x01\xd4E\xe4A\x9a\x94N\xbe\
\xb4\xbc\xfc\xf8\xd3\xe5j\xa9\xecNl\x00:\xca\xe7n\
\xd8\x92\xfd\xfa\x97\xaf\x19\x1a\x5c\xdf\x17{\x0a\x00\x7f\x22\
W\xac\x84\xf1'N\xe7\xbeu`\xbe\xb7,\x22\x07\xa0\
\x93\xacV\x0a\xcb\x07\x8eV\x8b\xd3\x99\x0bcO\x81F\
\x11y\x00i!\xf2\x00\xea\x22\xf2 \x0dV_^\x08\
K\x93\x87\x93\xd5\xf93~\xaa\x0e\x80\x8e\xd5\xb7\xee\x82\
\xc2\xf8\x9d\xdb\xab\xb7\xdc\xb8\xc5CX\x806\xf0\xfd\xc3\
\x0b\xf9\xbb&\xb2\xa5\xf9BED\x0e@\xc7\xaa,\x15\
\xb2K\x93\x87\x87V\x92\xb9\xd8S\xa0n\x22\x0f -\
D\x1e@]D\x1et\xb2j\xa9\x1c\x96\xf6\x1fI\xca\
\x99D\xdc\x01@jl|\xfb\xfa\xec\x03\xf7^7\xb4\
m\xeb\x86\xd8S\x00\xba\xd2\xd4\xa9b\xf8\xfc\xc3Ir\
|\xb6\xe4s\x06\x00\xa9\xb1\x92\xcce\x97\xf6\x1f\x19\xaa\
,\xe6cO\x81\xf3&\xf2\x00\xd2B\xe4\x01\xd4E\xe4\
A\xa7\xca\x1fz&W8\xfe\xdbu\xa1R\xf1\xd3\xce\
\x00\xa4\xd2\xb6\xad\x1b\xb2\xdf\xf9\xeaG\x876]\xd6\x1f\
{\x0a@W\xc8\x15+\xe1\xb6G\x92\xe4\xb1\xe7\x96\xc4\
\x1d\x00\xa4S\xa5\xba\x5c8>S.L\xcd\x0cTK\
\xe5\xd8k\xe0\x9c\x89<\x80\xb4\x10y\x00u\x11y\xd0\
iV\x92\xb9\xb08q(W-\x95\x1d\x99\x0c@W\
\xb8\xe3\x96\x0f\xe6\xee\xb8\xf5\xaa\x81\xc1\xf5}\xb1\xa7\x00\
\xa4\xd6\xdd\xfb\xe6r\xdf\xfe\xf5\xfc\xba\xd2jUD\x0e\
@\xeaUK\xe5\x5c\xfe\xe0\x89u\xc5\xe9\x8c\xff\xbbG\
G\x11y\x00i!\xf2\x00\xea\x22\xf2\xa0ST\x16\xf3\
aq\xe2`v\xf5\xf4\xc2P\xec-\x00\xd0j\x17\xf7\
\xf7\xe5\xfe\xf5K\xd7\xac\xbb\xe5\xc6-\x1e\xc2\x024\xd0\
\xc3\xcf,.\xdf\xfe\xb3S\xe5\xf9BED\x0e@\xd7\
Y\x9d?\x93,\x1f86\xb2\x92\xcc\xc5\x9e\x02gE\
\xe4\x01\xa4\x85\xc8\x03\xa8\x8b\xc8\x83vW-\x95C\xfe\
\xe0\x89lq:#\xee\x00\xa0\xebm\xb9\xf2\x92d\xfc\
\x9f\xb7\x8dl\xdb\xba!\xf6\x14\x80\x8e\x96\xc9\x95\xc3g\
\x1ez){\xf4T\xd1\xe7\x0c\x00\xba^9\x93$K\
\xfb\x8f\x8c\xb8\xc2\x85v'\xf2\x00\xd2B\xe4\x01\xd4E\
\xe4A;+\x1c\x9b)\xe4\x9fz\xb6\x1a*\x15?\xb5\
\x0c\x00\x7f\xe2\xfak\xafH\xbe\xfb\xb5\xebF\x5c\xe1\x02\
pnr\xc5J\xf8\xca/\xb3\xd9\x1f\x1cqB \x00\
\xfc\x99J%_8\xfe\xdbR\xfe\xd03N\xb7\xa2m\
\x89<\x80\xb4\x10y\x00u\x11y\xd0\x8eV\x92\xb9\xb0\
4y8[Y*x\xf0\x0a\x00\xafc]\xef\x05\xf9\
]\x9f}_\xe9\x9e\xdb\xaf\xf6\x10\x16\xe0,|\xf3\xc0\
|\xe1\x9e_\xcdUK\xabU\x119\x00\xbc\x8ej\xa9\
\x9c[~\xfc\xe9\xde\xd2\xc9\x97.\x8a\xbd\x05^M\xe4\
\x01\xa4\x85\xc8\x03\xa8\x8b\xc8\x83vRY\xcc\x87\xa5\xfd\
G\xb2+\xc9\x9c\xb8\x03\x00\xce\xd2\xc5\xfd}\xb9\xfb\xef\
\xfaH\xef\x0d\xd7m\xf6\x10\x16\xe05L\x9e\xcc\x87/\
<\x92d\x7f\xb7\xb0\xe2s\x06\x00\x9c\xa5\xd5\xd3\x0b\xd9\
\xc5\x89\x83C\x95\xc5|\xec)\xf0G\x22\x0f -D\
\x1e@]D\x1e\xb4\x83j\xa9\x1c\x0aS3\xb9\xc2\xd1\
\xe7\xfd$2\x00\x9c\xa7-W^\x92|\xef\xde\x8f\x8d\
\xbc\xf7]\xc3\xb1\xa7\x00\xb4\x85L\xae\x1cn{\xf4T\
v\xf2d^\xdc\x01\x00\xe7\xa98\x9d\xc9\xe6\x0f\x9e\x18\
\xaa\x96\xca\xb1\xa7\x80\xc8\x03H\x0d\x91\x07P\x17\x91\x07\
\xb1\x15\xa73\xf9\xfc\xc1\x13\xa5j\xa9,\xf0\x00\x80\x06\
\xf8\xdc\x0d[\xb2_\xff\xf25C\x83\xeb\xfbbO\x01\
\x88\x22W\xac\x84\xf1'N\xe7\xc6\x9f8\xed3\x06\x00\
4B\xa5\x92\xcf?\xf5\xec\x9a\xc2\xb1\x99\xb7\xc4\x9eB\
w\x13y\x00i!\xf2\x00\xea\x22\xf2 \x96\x95d.\
,\x1f8\x96\xac\xce\x9f\x19\x89\xbd\x05\x00\xd2f]\xef\
\x05\xf9\xbb\xbf\xf8\xa15_\xda\xf1\x01\x0fa\x81\xae\xf2\
\xfd\xc3\x0b\xf9\xdd?\x9f]SZ\xad\xfa\xfd\x0f\x00\x1a\
\xacZ*\xe7\x16'\x0e\x0d\xac$s\xb1\xa7\xd0\xa5D\
\x1e@Z\x88<\x80\xba\x88<h\xb5\xcab>,?\
y,)g\x12q\x07\x004\xd9\xc5\xfd}\xb9\x1f\xdd\
\xf7\x89\x81m[7\xc4\x9e\x02\xd0T\x93'\xf3\xe1\x9f\
\xfe}69>[\xf29\x03\x00\x9al%\x99\xcb.\
\xed?2TY\xcc\xc7\x9eB\x97\x11y\x00i!\xf2\
\x00\xea\x22\xf2\xa0\x95\xf2\x87\x9e\xc9\x15\x8e\xcf\xf4\x86J\
\xf5\xa2\xd8[\x00\xa0\x9b\xbc\xe7\x9dC\xd9\x87\xc6?9\
\xb4\xe9\xb2\xfe\xd8S\x00\x1a*\x93+\x87;\x7f\x91M\
\x1e{nI\xdc\x01\x00-V8\xfa|\xae053\
P-\x95cO\xa1K\x88<\x80\xb4\x10y\x00u\x11\
y\xd0\x0a\xa5\x93/-/?\xfet\xb9Z*\xbb\x13\
\x1b\x00\x22\xba\xe3\x96\x0f\xe6\xee\xb8\xf5\xaa\x81\xc1\xf5}\
\xb1\xa7\x00\xd4%W\xac\x84\xf1'N\xe7\xbeu`\xbe\
\xb7,\x22\x07\x80xV+\x85\xe5\x03G\xab\xc5\xe9\xcc\
\x85\xb1\xa7\x90~\x22\x0f -D\x1e@]D\x1e4\
\xd3\xea\xcb\x0bai\xf2p\xb2:\x7f\xc6O\xd5\x01@\
\x9b\xe8[wAa\xfc\xce\xed\xd5[n\xdc\xe2!,\
\xd0\x91\x1e~fq\xf9\xf6\x9f\x9d*\xcf\x17*\x22r\
\x00h\x13\x95\xa5Bvi\xf2\xf0\xd0J2\x17{\x0a\
)&\xf2\x00\xd2B\xe4\x01\xd4E\xe4A3TK\xe5\
\xb0\xb4\xffHR\xce$\xe2\x0e\x00hS\x1b\xdf\xbe>\
\xfb\xc0\xbd\xd7\x0dm\xdb\xba!\xf6\x14\x80\xb32u\xaa\
\x18>\xffp\x92\x1c\x9f-\xf9\x9c\x01\x00m\xaa\x9cI\
\x92\xe5'\x8f\x8dT\x16\xf3\xb1\xa7\x90B\x22\x0f -\
D\x1e@]D\x1e4Z\xe1\xd8L!\xff\xd4\xb3\xd5\
P\xa9\xf8\xe9`\x00\xe8\x00\xdb\xb6n\xc8~\xe7\xab\x1f\
\x1d\xdatY\x7f\xec)\x00\xaf)W\xac\x84\xdb\x1eI\
\x92\xc7\x9e[\x12w\x00@'\xa8T\x97\x0b\xc7g\xca\
\x85\xa9\x99\x81j\xa9\x1c{\x0d)\x22\xf2\x00\xd2B\xe4\
\x01\xd4E\xe4A\xa3\xac$saq\xe2P\xaeZ*\
;2\x19\x00:Lo\xcf\xda\xe5\xdbo~\x7f\xf9\x8e\
[\xaf\x1a\x18\x5c\xdf\x17{\x0e\xc0\x1f\xdd\xbdo.\xf7\
\xed_\xcf\xaf+\xadVE\xe4\x00\xd0a\xaa\xa5rn\
\xf9\xf1\xa7{K'_\xba(\xf6\x16\xd2A\xe4\x01\xa4\
\x85\xc8\x03\xa8\x8b\xc8\x83zU\x16\xf3aq\xe2`v\
\xf5\xf4\xc2P\xec-\x00@}.\xee\xef\xcb\xfd\xeb\x97\
\xaeYw\xcb\x8d[|\x99\x0aD5y2\x1fv\xfc\
\xf8\xf7\xb9\xf9BED\x0e\x00\x1dnu\xfeL\xb24\
yxd\xf5\xe5\x85\xd8S\xe8p\x22\x0f -D\x1e\
@]D\x1e\x9c\xafj\xa9\x1c\x0aS3\xb9\xc2\xd1\xe7\
=t\x05\x80\x94\xd9r\xe5%\xc9\xf7\xee\xfd\xd8\xc8{\
\xdf5\x1c{\x0a\xd0e2\xb9r\xf8\xccC/e\x8f\
\x9e*\x8a\xc8\x01 e\xca\x99$Y\xda\x7fd\xc4\x15\
.\x9c/\x91\x07\x90\x16\x22\x0f\xa0.\x22\x0f\xceGq\
:\x93_>ptMX\xad\xbc%\xf6\x16\x00\xa0y\
\xae\xbf\xf6\x8a\xe4\xbb_\xbbn\xc4\x15.@\xb3\xe5\x8a\
\x95\xf0\x95_f\xb3?8\xe2\x84@\x00H\xb5J%\
_8\xfe\xdbR\xfe\xd03~p\x8cs&\xf2\x00\xd2\
B\xe4\x01\xd4E\xe4\xc1\xb9XI\xe6\xc2\xd2\xe4\xe1l\
e\xa9\xe0\xc1+\x00t\x89u\xbd\x17\xe4w}\xf6}\
\xa5{n\xbf\xdaCX\xa0)\xbe\x7fx!\xbf\xfb\xe7\
\xb3kJ\xabU\x119\x00t\x89j\xa9\x9c[\x9c8\
4\xb0\x92\xcc\xc5\x9eB\x07\x11y\x00i!\xf2\x00\xea\
\x22\xf2\xe0lT\x16\xf3ai\xff\x91\xecJ2'\xee\
\x00\x80.uq\x7f_\xee\xfe\xbb>\xd2{\xc3u\x9b\
/\x8a\xbd\x05H\x87\xc9\x93\xf9\xf0\x85G\x92\xec\xef\x16\
V|\xce\x00\x80.\xb5zz!\xbb8qp\xa8\xb2\
\x98\x8f=\x85\x0e \xf2\x00\xd2B\xe4\x01\xd4E\xe4\xc1\
\x1b\xa9\x96\xca\xa105\x93+\x1c\x9f\xe9\x0d\x95\xaa/\
t\x00\x80\xf0\x9ew\x0ee\x1f\x1a\xff\xe4\xd0\xa6\xcb\xfa\
cO\x01:T&W\x0e\xb7=z*;y2/\
\xee\x00\x00B\x08!\x14\xa73\xd9\xfc\xc1\x13C\xd5R\
9\xf6\x14\xda\x98\xc8\x03H\x0b\x91\x07P\x17\x91\x07\xaf\
\xa78\x9d\xc9\xe7\x0f\x9e(UKeG\xb3\x03\x00\x7f\
\xe1s7l\xc9~\xfd\xcb\xd7\x0c\x0d\xae\xef\x8b=\x05\
\xe8\x10\xb9b%\x8c?q:7\xfe\xc4i\x9f1\x00\
\x80\xbfT\xa9\xe4\xf3O=\xbb\xa6pl\xc6\x15n\xbc\
&\x91\x07\x90\x16\x22\x0f\xa0.\x22\x0f^m%\x99\x0b\
\xcb\x07\x8e%\xab\xf3gFbo\x01\x00\xda\xdb\xba\xde\
\x0b\xf2w\x7f\xf1Ck\xbe\xb4\xe3\x03\x1e\xc2\x02o\xe8\
\xfb\x87\x17\xf2wMdK\xf3\x85\x8a\xc0\x03\x00xC\
\x95\xa5Bvi\xf2\xf0\xd0J2\x17{\x0amF\xe4\
\x01\xa4\x85\xc8\x03\xa8\x8b\xc8\x83?\xa8\x96\xcaai\xff\
\x91\xa4\x9cI\xc4\x1d\x00\xc09\xb9\xb8\xbf/\xf7\xa3\xfb\
>1\xb0m\xeb\x86\xd8S\x8063y2\x1f\xfe\xe9\
\xdfg\x93\xe3\xb3%\x9f3\x00\x80s\xb2\x92\xcce\x97\
\xf6\x1f\x19\xaa,\xe6cO\xa1M\x88<\x80\xb4\x10y\
\x00u\x11y\x10B\x08\xf9C\xcf\xe4\x0a\xc7\x7f\xbb.\
T*\x17\xc6\xde\x02\x00t\xaem[7d\xbf\xf3\xd5\
\x8f\x0em\xba\xac?\xf6\x14 \xb2L\xae\x1c\xee\xfcE\
6y\xec\xb9%q\x07\x00P\x97\xc2\xd1\xe7s\x85\xa9\
\x99\x81j\xa9\x1c{\x0a\x91\x89<\x80\xb4\x10y\x00u\
\x11yt\xb7\xd2\xc9\x97\x96\x97\x1f\x7f\xba\x5c-\x95\x1d\
\x99\x0c\x004\xcc\x1d\xb7|0w\xc7\xadW\x0d\x0c\xae\
\xef\x8b=\x05\x88\xe0\xee}s\xb9o\x1d\x98\xef-W\
\xaa\x17\xc5\xde\x02\x00\xa4\xc4j\xa5\xb0|\xe0h\xb58\
\x9d\xf1Cj]L\xe4\x01\xa4\x85\xc8\x03\xa8\x8b\xc8\xa3\
;\xad\xbe\xbc\x10\x96&\x0f'\xab\xf3g\xfcT\x1d\x00\
\xd0\x14}\xeb.(\x8c\xdf\xb9\xbdz\xcb\x8d[<\x84\
\x85.\xf1\xf03\x8b\xcb\xb7\xff\xecTy\xbeP\x11\x91\
\x03\x00M\xb1:\x7f&Y>pld%\x99\x8b=\
\x85\x08D\x1e@Z\x88<\x80\xba\x88<\xbaK\xb5T\
\x0e\xf9\x83'\xb2\xc5\xe9\xccP\xec-\x00@w\xd8\xf8\
\xf6\xf5\xd9\x07\xee\xbdnh\xdb\xd6\x0d\xb1\xa7\x00M2\
u\xaa\x18>\xffp\x92\x1c\x9f-\x89\xc8\x01\x80\x96(\
g\x92d\xf9\xc9c#\x95\xc5|\xec)\xb4\x90\xc8\x03\
H\x0b\x91\x07P\x17\x91G\xf7(\x1c\x9b)\xe4\x9fz\
\xb6\x1a*\x15?M\x0b\x00\xb4\xdc\xf5\xd7^\x91\xfc\xdb\
\xee\xbf\x19\xd9tY\x7f\xec)@\x83\xe4\x8a\x95p\xdb\
#I\xf2\xd8sK\xe2\x0e\x00\xa0\xf5*\xd5\xe5\xc2\xf1\
\x99r\xfe\xd03N\x11\xeb\x12\x22\x0f -D\x1e@\
]D\x1e\xe9\xb7\x92\xcc\x85\xc5\x89C\xb9j\xa9\xec\xc3\
\x0e\x00\x10Uo\xcf\xda\xe5\xdbo~\x7f\xf9\x8e[\xaf\
\x1a\x18\x5c\xdf\x17{\x0eP\x87o\x1e\x98/\xdc\xf3\xab\
\xb9ji\xb5*\x22\x07\x00\xa2\xaa\x96\xca\xb9\xe5\xc7\x9f\
\xee-\x9d|\xe9\xa2\xd8[h.\x91\x07\x90\x16\x22\x0f\
\xa0.\x22\x8f\xf4\xaa,\xe6\xc3\xd2\xfe#\xd9\x95d\xce\
\xd5,\x00@[\xb9\xb8\xbf/w\xff]\x1f\xe9\xbd\xe1\
\xba\xcd\x1e\xc2B\x87\x99<\x99\x0f;~\xfc\xfb\xdc|\
\xa1\x22\x22\x07\x00\xda\xca\xea\xfc\x99di\xf2\xf0\xc8\xea\
\xcb\x0b\xb1\xa7\xd0$\x22\x0f -D\x1e@]D\x1e\
\xe9S-\x95Caj&W8\xfa\xbc\x87\xae\x00@\
[\xdbr\xe5%\xc9\xf7\xee\xfd\xd8\xc8{\xdf5\x1c{\
\x0a\xf0&2\xb9r\xf8\xccC/e\x8f\x9e*\x8a\xc8\
\x01\x80\xb6V\xce$\xc9\xd2\xfe##\xd5R9\xf6\x14\
\x1aL\xe4\x01\xa4\x85\xc8\x03\xa8\x8b\xc8#]\x8a\xd3\x99\
\xfc\xf2\x81\xa3k\xc2j\xe5-\xb1\xb7\x00\x00\x9c\xad\xeb\
\xaf\xbd\x22\xf9\xee\xd7\xae\x1bq\x85\x0b\xb4\x9f\x5c\xb1\x12\
\xc6\x9f8\x9d\x1b\x7f\xe2\xb4\x88\x1c\x00\xe8\x1c\x95J>\
\xff\xd4\xb3k\x0a\xc7f<'M\x11\x91\x07\x90\x16\x22\
\x0f\xa0.\x22\x8ftXI\xe6\xc2\xd2\xe4\xe1le\xa9\
\xe0\xa7\xea\x00\x80\x8e\xb4\xae\xf7\x82\xfc\xae\xcf\xbe\xaft\
\xcf\xedW\xfb\x22\x19\xda\xc4\xf7\x0f/\xe4w\xff|v\
Mi\xb5\xea\xcb\x11\x00\xa0#UK\xe5\xdc\xe2\xc4\xa1\
\x81\x95d.\xf6\x14\x1a@\xe4\x01\xa4\x85\xc8\x03\xa8\x8b\
\xc8\xa3\xb3U\x16\xf3a\xf9\xc9cI9\x93\x8c\xc4\xde\
\x02\x00\xd0\x08\x17\xf7\xf7\xe5~t\xdf'\x06\xb6m\xdd\
\x10{\x0at\xad\xc9\x93\xf9\xf0\x85G\x92\xec\xef\x16V\
D\xe4\x00@*\xac\x9e^\xc8.N\x1c\x1c\xaa,\xe6\
cO\xa1\x0e\x22\x0f -D\x1e@]D\x1e\x9d\xa9\
Z*\x87\xc2\xd4L\xaep|\xa67T\xaa\x17\xc5\xde\
\x03\x00\xd0h\xefy\xe7P\xf6\xa1\xf1O\x0em\xba\xac\
?\xf6\x14\xe8\x1a\x99\x5c9\xdc\xf6\xe8\xa9\xec\xe4\xc9\xbc\
\xb8\x03\x00H\xa5\xe2t&\x9b?xb\xa8Z*\xc7\
\x9e\xc2y\x10y\x00i!\xf2\x00\xea\x22\xf2\xe8<\xc5\
\xe9L>\x7f\xf0D\xa9Z*;\xca\x1c\x00H\xbd\xcf\
\xdd\xb0%\xfb\xf5/_34\xb8\xbe/\xf6\x14H\xad\
\x5c\xb1\x12\xc6\x9f8\x9d\xfb\xd6\x81\xf9\xde\xb2\x88\x1c\x00\
H\xbb\xd5Ja\xf9\xc0\xd1jq:sa\xec)\x9c\
\x1b\x91\x07\x90\x16\x22\x0f\xa0.\x22\x8f\xce\xb1\xfa\xf2B\
X\x9a<\x9c\xac\xce\x9fq5\x0b\x00\xd0U\xd6\xf5^\
\x90\xbf\xfb\x8b\x1fZ\xf3\xa5\x1d\x1fxK\xec-\x906\
\xdf?\xbc\x90\xbfk\x22[\x9a/TD\xe4\x00@W\
\xa9,\x15\xb2K\x93\x87\x87V\x92\xb9\xd8S8K\x22\
\x0f -D\x1e@]D\x1e\xed\xafZ*\x87\xa5\xfd\
G\x92r&\x11w\x00\x00]m\xe3\xdb\xd7g\x1f\xb8\
\xf7\xba\xa1m[7\xc4\x9e\x02\x1do\xf2d>\xfc\xd3\
\xbf\xcf&\xc7gK>g\x00\x00]m%\x99\xcb.\
\xed?2TY\xcc\xc7\x9e\xc2\x9b\x10y\x00i!\xf2\
\x00\xea\x22\xf2ho\xf9C\xcf\xe4\x0a\xc7\x7f\xbb.T\
*\x8e\x0e\x04\x00x\xc5\xb6\xad\x1b\xb2\xdf\xf9\xeaG\x87\
6]\xd6\x1f{\x0at\x9c\x5c\xb1\x12n{$I\x1e\
{nI\xdc\x01\x00\xf0'\x0aG\x9f\xcf\x15\xa6f\x06\
\xaa\xa5r\xec)\xbc\x0e\x91\x07\x90\x16\x22\x0f\xa0.\x22\
\x8f\xf6T:\xf9\xd2\xf2\xf2\xe3O\x97\xab\xa5\xb2#\x93\
\x01\x00^\xc7\x1d\xb7|0w\xc7\xadW\x0d\x0c\xae\xef\
\x8b=\x05:\xc2\xdd\xfb\xe6r\xdf\xfe\xf5\xfc\xba\xd2j\
UD\x0e\x00\xf0\x1a\xaa\xa5r.\x7f\xf0\xc4\xba\xe2t\
\xc6?/\xb5!\x91\x07\x90\x16\x22\x0f\xa0.\x22\x8f\xf6\
RY\xcc\x87\xc5\x89\x83\xd9\xd5\xd3\x0bC\xb1\xb7\x00\x00\
t\x82\xbeu\x17\x14\xc6\xef\xdc^\xbd\xe5\xc6-\x1e\xc2\
\xc2\xebx\xf8\x99\xc5\xe5\xdb\x7fv\xaa<_\xa8\x88\xc8\
\x01\x00\xce\xc2\xea\xfc\x99d\xf9\xc0\xb1\x91\x95d.\xf6\
\x14\xfe\x84\xc8\x03H\x0b\x91\x07P\x17\x91G{\xa8\x96\
\xca!\x7f\xf0D\xb68\x9d\x11w\x00\x00\x9c\x87-W\
^\x92\x8c\xff\xf3\xb6\x91m[7\xc4\x9e\x02mc\xea\
T1|\xfe\xe1$9>[r5\x0b\x00\xc0y(\
g\x92di\xff\x91\x11W\xb8\xb4\x07\x91\x07\x90\x16\x22\
\x0f\xa0.\x22\x8f\xf8\x0a\xc7f\x0a\xf9\xa7\x9e\xad\x86J\
\xc5O\x9f\x02\x00\xd4\xe9\xfak\xafH\xfem\xf7\xdf\x8c\
l\xba\xac?\xf6\x14\x88&W\xac\x84\xaf\xfc2\x9b\xfd\
\xc1\x11'\x04\x02\x00\xd4\xadR\xc9\x17\x8e\xff\xb6\x94?\
\xf4\x8cS\xd1\x22\x13y\x00i!\xf2\x00\xea\x22\xf2\x88\
g%\x99\x0bK\x93\x87\xb3\x95\xa5\x82\x07\xaf\x00\x00\x0d\
\xd4\xdb\xb3v\xf9\xf6\x9b\xdf_\xbe\xe7\xf6\xab=\x84\xa5\
\xeb|\xf3\xc0|\xe1\x9e_\xcdUK\xabU\x119\x00\
@\x03UK\xe5\xdc\xf2\xe3O\xf7\x96N\xbetQ\xec\
-\xddJ\xe4\x01\xa4\x85\xc8\x03\xa8\x8b\xc8\xa3\xf5*\x8b\
\xf9\xb0\xb4\xffHv%\x99\x13w\x00\x004\xd1\xc5\xfd\
}\xb9\xfb\xef\xfaH\xef\x0d\xd7m\xf6\x10\x96\xd4\x9b<\
\x99\x0f;~\xfc\xfb\xdc|\xa1\x22n\x02\x00h\xa2\xd5\
\xf93\xc9\xd2\xe4\xe1\x91\xd5\x97\x17bO\xe9:\x22\x0f\
 -D\x1e@]D\x1e\xadS-\x95Caj&\
W8\xfa\xbc\x87\xae\x00\x00-\xb4\xe5\xcaK\x92\xef\xdd\
\xfb\xb1\x91\xf7\xbek8\xf6\x14h\xb8L\xae\x1cn{\
\xf4Tv\xf2d^D\x0e\x00\xd0B\xc5\xe9L6\x7f\
\xf0\xc4P\xb5T\x8e=\xa5k\x88<\x80\xb4\x10y\x00\
u\x11y\xb4Fq:\x93_>ptMX\xad\xbc\
%\xf6\x16\x00\x80nu\xfd\xb5W$\xdf\xfd\xdau#\
\x83\xeb\xfbbO\x81\xba\xe5\x8a\x950\xfe\xc4\xe9\xdc\xf8\
\x13\xa7E\xe4\x00\x00\xb1T*\xf9\xfcS\xcf\xae)\x1c\
\x9b\xf1\xdc\xb7\x05D\x1e@Z\x88<\x80\xba\x88<\x9a\
k%\x99\x0b\xcb\x07\x8e%\xab\xf3gFbo\x01\x00\
 \x84u\xbd\x17\xe4\xef\xfe\xe2\x87\xd6|i\xc7\x07<\
\x84\xa5c}\xff\xf0B~\xf7\xcfg\xd7\x94V\xab~\
\x1d\x03\x00\xb4\x81j\xa9\x9c[\x9c84\xb0\x92\xcc\xc5\
\x9e\x92j\x22\x0f -D\x1e@]D\x1e\xcdQY\
\xcc\x87\xe5'\x8f%\xe5L\x22\xee\x00\x00hC\x17\xf7\
\xf7\xe5~t\xdf'\x06\xb6m\xdd\x10{\x0a\x9c\xb5\xc9\
\x93\xf9\xf0\x85G\x92\xec\xef\x16V\x5c\xcd\x02\x00\xd0\x86\
VO/d\x17'\x0e\x0eU\x16\xf3\xb1\xa7\xa4\x92\xc8\
\x03H\x0b\x91\x07P\x17\x91GcUK\xe5P\x98\x9a\
\xc9\x15\x8e\xcf\xf4\x86J\xf5\xa2\xd8{\x00\x00xc\xef\
y\xe7P\xf6\xa1\xf1O\x0em\xba\xac?\xf6\x14x]\
\x99\x5c9\xdc\xf9\x8bl\xf2\xd8sK\x22r\x00\x80\x0e\
P8\xfa|\xae053P-\x95cOI\x15\x91\
\x07\x90\x16\x22\x0f\xa0.\x22\x8f\xc6)\x9d|iy\xf9\
\xf1\xa7\xcb\xd5R\xd9\x9d\xd8\x00\x00\x1d\xe6s7l\xc9\
~\xfd\xcb\xd7\x0c\x0d\xae\xef\x8b=\x05\xfe(W\xac\x84\
\xf1'N\xe7\xbeu`\xbe\xb7,\x22\x07\x00\xe8,\xab\
\x95\xc2\xf2\x81\xa3\xd5\xe2t\xe6\xc2\xd8S\xd2B\xe4\x01\
\xa4\x85\xc8\x03\xa8\x8b\xc8\xa3~\xab//\x84\xa5\xc9\xc3\
\xc9\xea\xfc\x19?U\x07\x00\xd0\xc1\xfa\xd6]P\x18\xbf\
s{\xf5\x96\x1b\xb7x\x08Kt\xdf?\xbc\x90\xbfk\
\x22[\x9a/TD\xe4\x00\x00\x1d\xac\xb2T\xc8.M\
\x1e\x1eZI\xe6bO\xe9x\x22\x0f -D\x1e@\
]D\x1e\xe7\xafZ*\x87\xa5\xfdG\x92r&\x11w\
\x00\x00\xa4\xc8\xc6\xb7\xaf\xcf>p\xefuC\xdb\xb6n\
\x88=\x85.4u\xaa\x18>\xffp\x92\x1c\x9f-\xf9\
\x9c\x01\x00\x90\x22+\xc9\x5cvi\xff\x91\xa1\xcab>\
\xf6\x94\x8e%\xf2\x00\xd2B\xe4\x01\xd4E\xe4q~\x0a\
\xc7f\x0a\xf9\xa7\x9e\xad\x86J\xc5Oy\x02\x00\xa4\xd4\
\xb6\xad\x1b\xb2\xdf\xf9\xeaG\x876]\xd6\x1f{\x0a]\
 W\xac\x84\xdb\x1eI\x92\xc7\x9e[\x12w\x00\x00\xa4\
U\xa5\xba\x5c8>S.L\xcd\x0cTK\xe5\xd8k\
:\x8e\xc8\x03H\x0b\x91\x07P\x17\x91\xc7\xb9YI\xe6\
\xc2\xe2\xc4\xa1\x5c\xb5Tvd2\x00@\x17\xe8\xedY\
\xbb|\xfb\xcd\xef/\xdfq\xebU\x03\x83\xeb\xfbb\xcf\
!\xa5\xee\xde7\x97\xfb\xf6\xaf\xe7\xd7\x95V\xab\x22r\
\x00\x80.P-\x95s\xf9\x83'\xd6\x15\xa73\xfe\xf9\
\xef\x1c\x88<\x80\xb4\x10y\x00u\x11y\x9c\x9d\xcab\
>,N\x1c\xcc\xae\x9e^\x18\x8a\xbd\x05\x00\x80\xd6\xbb\
\xb8\xbf/\xf7\xaf_\xbaf\xdd-7n\xf1\x10\x96\x86\
\x99<\x99\x0f;~\xfc\xfb\xdc|\xa1\x22\x22\x07\x00\xe8\
B\xab\xf3g\x92\xa5\xc9\xc3#\xab//\xc4\x9e\xd2\x11\
D\x1e@Z\x88<\x80\xba\x88<\xdeX\xb5T\x0e\xf9\
\x83'\xb2\xc5\xe9\x8c\xb8\x03\x00\x80\xb0\xe5\xcaK\x92\xf1\
\x7f\xde6\xb2m\xeb\x86\xd8S\xe8`\x99\x5c9|\xe6\
\xa1\x97\xb2GO\x15}\xce\x00\x00 \x943I\xb2\xb4\
\xff\xc8\x88+\x5c\xde\x98\xc8\x03H\x0b\x91\x07P\x17\x91\
\xc7\xeb+Ng\xf2\xcb\x07\x8e\xae\x09\xab\x95\xb7\xc4\xde\
\x02\x00@{\xb9\xfe\xda+\x92\xef~\xed\xba\x11W\xb8\
p.r\xc5J\xf8\xca/\xb3\xd9\x1f\x1cqB \x00\
\x00\xafR\xa9\xe4\x0b\xc7\x7f[\xca\x1fz\xc6)o\xaf\
C\xe4\x01\xa4\x85\xc8\x03\xa8\x8b\xc8\xe3/\xad$sa\
i\xf2p\xb6\xb2T\xf0\xe0\x15\x00\x80\xd7\xb5\xae\xf7\x82\
\xfc\xae\xcf\xbe\xaft\xcf\xedW{\x08\xcb\x9b\xfa\xe6\x81\
\xf9\xc2=\xbf\x9a\xab\x96V\xab\xae\xfc\x01\x00\xe0uU\
K\xe5\xdc\xf2\xe3O\xf7\x96N\xbetQ\xec-\xedF\
\xe4\x01\xa4\x85\xc8\x03\xa8\x8b\xc8\xe3?T\x16\xf3ai\
\xff\x91\xecJ2'\xee\x00\x00\xe0\xac]\xdc\xdf\x97\xbb\
\xff\xae\x8f\xf4\xdep\xddf\x0fa\xf9\x0b\x93'\xf3\xe1\
\x0b\x8f$\xd9\xdf-\xac\xf8\x9c\x01\x00\xc0Y[=\xbd\
\x90]\x9c88TY\xcc\xc7\x9e\xd26D\x1e@Z\
\x88<\x80\xba\x88<B\xa8\x96\xca\xa105\x93+\x1c\
}\xdeO`\x02\x00p\xde\xb6\x5cyI\xf2\xbd{?\
6\xf2\xdew\x0d\xc7\x9eB\x1b\xc8\xe4\xca\xe1\xb6GO\
e'O\xe6\xc5\x1d\x00\x00\x9c\xb7\xe2t&\x9b?x\
b\xa8Z*\xc7\x9e\x12\x9d\xc8\x03H\x0b\x91\x07P\x97\
n\x8f<\x8a\xd3\x99|\xfe\xe0\x89R\xb5T\x16x\x00\
\x00\xd0\x10\x9f\xbbaK\xf6\xeb_\xbefhp}_\
\xec)D\x90+V\xc2\xf8\x13\xa7s\xe3O\x9c\xf6\x19\
\x03\x00\x80\xc6\xa8T\xf2\xf9\xa7\x9e]S86\xf3\x96\
\xd8Sb\x12y\x00i!\xf2\x00\xea\xd2\xad\x91\xc7J\
2\x17\x96\x0f\x1cKV\xe7\xcf\x8c\xc4\xde\x02\x00@\xfa\
\xac\xeb\xbd \x7f\xf7\x17?\xb4\xe6K;>\xd0\xd5\x0f\
a\xbb\xcd\xf7\x0f/\xe4w\xff|vMi\xb5\xea\xaf\
;\x00\x00\x0dW-\x95s\x8b\x13\x87\x06V\x92\xb9\xd8\
S\xa2\x10y\x00i!\xf2\x00\xea\xd2m\x91Ge1\
\x1f\x96\x9f<\x96\x943\x89\xb8\x03\x00\x80\xa6\xbb\xb8\xbf\
/\xf7\xa3\xfb>1\xb0m\xeb\x86\xd8Sh\xa2\xc9\x93\
\xf9\xf0O\xff>\x9b\x1c\x9f-\xf9\x9c\x01\x00@\xd3\xad\
$s\xd9\xa5\xfdG\x86*\x8b\xf9\xd8SZJ\xe4\x01\
\xa4\x85\xc8\x03\xa8K7E\x1e\xf9C\xcf\xe4\x0a\xc7g\
zC\xa5zQ\xec-\x00\x00t\x97\xf7\xbcs(\xfb\
\xd0\xf8'\x876]\xd6\x1f{\x0a\x0d\x94\xc9\x95\xc3\x9d\
\xbf\xc8&\x8f=\xb7$\xee\x00\x00\xa0\xe5\x0aG\x9f\xcf\
\x15\xa6f\x06\xaa\xa5r\xec)-!\xf2\x00\xd2B\xe4\
\x01\xd4\xa5\x1b\x22\x8f\xd2\xc9\x97\x96\x97\x1f\x7f\xba\x5c-\
\x95\xdd\x89\x0d\x00@Tw\xdc\xf2\xc1\xdc\x1d\xb7^5\
0\xb8\xbe/\xf6\x14\xea\x90+V\xc2\xf8\x13\xa7s\xdf\
:0\xdf[\x16\x91\x03\x00\x10\xd3j\xa5\xb0|\xe0h\
\xb58\x9d\xb90\xf6\x94f\x13y\x00i!\xf2\x00\xea\
\x92\xe6\xc8c\xf5\xe5\x85\xb04y8Y\x9d?\xe3\xa7\
\xea\x00\x00h\x1b}\xeb.(\x8c\xdf\xb9\xbdz\xcb\x8d\
[R\xff\x106\x8d\x1e~fq\xf9\xf6\x9f\x9d*\xcf\
\x17*\x22r\x00\x00\xda\xc6\xea\xfc\x99d\xf9\xc0\xb1\x91\
\x95d.\xf6\x94\xa6\x11y\x00i!\xf2\x00\xea\x92\xc6\
\xc8\xa3Z*\x87\xfc\xc1\x13\xd9\xe2tf(\xf6\x16\x00\
\x00x=\x1b\xdf\xbe>\xfb\xc0\xbd\xd7\x0dm\xdb\xba!\
\xf6\x14\xce\xc2\xd4\xa9b\xf8\xfc\xc3Ir|\xb6$\x22\
\x07\x00\xa0m\x953I\xb2\xfc\xe4\xb1\x91\xcab>\xf6\
\x94\x86\x13y\x00i!\xf2\x00\xea\x92\xb6\xc8\xa3pl\
\xa6\x90\x7f\xea\xd9j\xa8T\xfcT$\x00\x00\x1d\xe1\xfa\
k\xafH\xfem\xf7\xdf\x8cl\xba\xac?\xf6\x14^C\
\xaeX\x09\xb7=\x92$\x8f=\xb7$\xee\x00\x00\xa03\
T\xaa\xcb\x85\xe33\xe5\xc2\xd4\xcc@\xb5T\x8e\xbd\xa6\
aD\x1e@Z\x88<\x80\xba\xa4%\xf2XI\xe6\xc2\
\xe2\xc4\xa1\x5c\xb5Tvd2\x00\x00\x1d\xa7\xb7g\xed\
\xf2\xed7\xbf\xbf|\xc7\xadW\x0d\x0c\xae\xef\x8b=\x87\
W|\xf3\xc0|\xe1\x9e_\xcdUK\xabU\x119\x00\
\x00\x1d\xa7Z*\xe7\x96\x1f\x7f\xba\xb7t\xf2\xa5\x8bb\
oi\x04\x91\x07\x90\x16\x22\x0f\xa0.\x9d\x1eyT\x16\
\xf3aq\xe2`v\xf5\xf4\x82\xabY\x00\x00\xe8x\x17\
\xf7\xf7\xe5\xfe\xf5K\xd7\xac\xbb\xe5\xc6-\xa2\x82\x88&\
O\xe6\xc3\x8e\x1f\xff>7_\xa8\x88\xc8\x01\x00\xe8x\
\xab\xf3g\x92\xa5\xc9\xc3#\xab//\xc4\x9eR\x17\x91\
\x07\x90\x16\x22\x0f\xa0.\x9d\x1ayTK\xe5P\x98\x9a\
\xc9\x15\x8e>\xef\xa1+\x00\x00\xa9\xb3\xe5\xcaK\x92\xef\
\xdd\xfb\xb1\x91\xf7\xbek8\xf6\x94\xae\x92\xc9\x95\xc3g\
\x1ez){\xf4TQD\x0e\x00@\xea\x943I\xb2\
\xb4\xff\xc8H\xa7^\xe1\x22\xf2\x00\xd2B\xe4\x01\xd4\xa5\
\x13#\x8f\xe2t&\xbf|\xe0\xe8\x9a\xb0ZyK\xec\
-\x00\x00\xd0L\xd7_{E\xf2\xdd\xaf]7\xe2\x0a\
\x97\xe6\xca\x15+\xe1+\xbf\xccf\x7fp\xc4\x09\x81\x00\
\x00\xa4\x5c\xa5\x92/\x1c\xffm)\x7f\xe8\x99\x8e\xfb\x01\
J\x91\x07\x90\x16\x22\x0f\xa0.\x9d\x14y\xac$sa\
i\xf2p\xb6\xb2T\xf0\xe0\x15\x00\x80\xae\xb1\xae\xf7\x82\
\xfc\xae\xcf\xbe\xaft\xcf\xedWw\xdcC\xd8N\xf0\xfd\
\xc3\x0b\xf9\xdd?\x9f]SZ\xad\x8a\xc8\x01\x00\xe8\x1a\
\xd5R9\xb78qh`%\x99\x8b=\xe5\xac\x89<\
\x80\xb4\x10y\x00u\xe9\x84\xc8\xa3\xb2\x98\x0fK\xfb\x8f\
dW\x929q\x07\x00\x00]\xeb\xe2\xfe\xbe\xdc\xfdw\
}\xa4\xf7\x86\xeb6_\x14{K\x1aL\x9e\xcc\x87/\
<\x92d\x7f\xb7\xb0\xe2s\x06\x00\x00]k\xf5\xf4B\
vq\xe2\xe0Pe1\x1f{\xca\x9b\x12y\x00i!\
\xf2\x00\xea\xd2\xce\x91G\xb5T\x0e\x85\xa9\x99\x5c\xe1\xf8\
Lo\xa8T=\xc8\x06\x00\x80\x10\xc2{\xde9\x94}\
h\xfc\x93C\x9b.\xeb\x8f=\xa5#er\xe5p\xdb\
\xa3\xa7\xb2\x93'\xf3\xe2\x0e\x00\x00xEq:\x93\xcd\
\x1f<1T-\x95cOy]\x22\x0f -D\x1e\
@]\xda5\xf2(Ng\xf2\xf9\x83'J\xd5R\xd9\
\x91\xd4\x00\x00\xf0\x1a>w\xc3\x96\xec\xd7\xbf|\xcd\xd0\
\xe0\xfa\xbe\xd8S:B\xaeX\x09\xe3O\x9c\xce\x8d?\
q\xdag\x0c\x00\x00x-\x95J>\xff\xd4\xb3k\x0a\
\xc7f\xda\xf2*C\x91\x07\x90\x16\x22\x0f\xa0.\xed\x16\
y\xac$sa\xf9\xc0\xb1du\xfe\xccH\xec-\x00\
\x00\xd0\xee\xd6\xf5^\x90\xbf\xfb\x8b\x1fZ\xf3\xa5\x1d\x1f\
h\xcb\x87\xb0\xed\xe2\xfb\x87\x17\xf2wMdK\xf3\x85\
\x8a\xc0\x03\x00\x00\xdeDe\xa9\x90]\x9a<<\xb4\x92\
\xcc\xc5\x9e\xf2gD\x1e@Z\x88<\x80\xba\xb4K\xe4\
Q-\x95\xc3\xd2\xfe#I9\x93\x88;\x00\x00\xe0\x1c\
]\xdc\xdf\x97\xfb\xd1}\x9f\x18\xd8\xb6uC\xec)m\
e\xf2d>\xfc\xd3\xbf\xcf&\xc7gK>g\x00\x00\
\xc09ZI\xe6\xb2K\xfb\x8f\x0cU\x16\xf3\xb1\xa7\x84\
\x10D\x1e@z\x88<\x80\xba\xb4C\xe4\x91?\xf4L\
\xaep\xfc\xb7\xebB\xa5ra\xcc\x1d\x00\x00\xd0\xe9\xb6\
m\xdd\x90\xfd\xceW?:\xb4\xe9\xb2\xfe\xd8S\xa2\xca\
\xe4\xca\xe1\xce_d\x93\xc7\x9e[\x12w\x00\x00@\x9d\
\x0aG\x9f\xcf\x15\xa6f\x06\xaa\xa5r\xd4\x1d\x22\x0f \
-D\x1e@]bF\x1e\xa5\x93/-/?\xfet\
\xb9Z*;2\x19\x00\x00\x1a\xe8\x8e[>\x98\xbb\xe3\
\xd6\xab\x06\x06\xd7\xf7\xc5\x9e\xd2rw\xef\x9b\xcb}\xeb\
\xc0|o\xb9R\xbd(\xf6\x16\x00\x00H\x8bj\xa9\x9c\
\xcb\x1f<\xb1\xae8\x9d\x89\xf6\xc3\x9a\x22\x0f -D\
\x1e@]bD\x1e\x95\xc5|X\x9c8\x98]=\xbd\
0\xd4\xca\xf7\x05\x00\x80n\xd2\xb7\xee\x82\xc2\xf8\x9d\xdb\
\xab\xb7\xdc\xb8\xa5+N\xcc{\xf8\x99\xc5\xe5\xdb\x7fv\
\xaa<_\xa8\x88\xc8\x01\x00\xa0IV\xe7\xcf$\xcb\x07\
\x8e\x8d\xac$s-\x7fo\x91\x07\x90\x16\x22\x0f\xa0.\
\xad\x8c<\xaa\xa5r\xc8\x1f<\x91-Ng\xc4\x1d\x00\
\x00\xd0\x22[\xae\xbc$\x19\xff\xe7m#\xdb\xb6n\x88\
=\xa5)\xa6N\x15\xc3\xe7\x1fN\x92\xe3\xb3%W\xb3\
\x00\x00@\x8b\x943I\xb2\xfc\xe4\xb1\x91\xcab\xbee\
\xef)\xf2\x00\xd2B\xe4\x01\xd4\xa5U\x91G\xe1\xd8L\
!\xff\xd4\xb3\xd5P\xa9t\xc5O\x11\x02\x00@\xbb\xb9\
\xfe\xda+\x92\x7f\xdb\xfd7#\x9b.\xeb\x8f=\xa5!\
r\xc5J\xf8\xca/\xb3\xd9\x1f\x1cqB \x00\x00D\
Q\xa9.\x17\x8e\xcf\x94\xf3\x87\x9ei\xc9iz\x22\x0f\
 -D\x1e@]\x9a\x1dy\xac$saq\xe2P\
\xaeZ*;2\x19\x00\x00\x22\xeb\xedY\xbb|\xfb\xcd\
\xef/\xdfq\xebU\x03\x83\xeb\xfbb\xcf9o\xdf<\
0_\xb8\xe7Ws\xd5\xd2jUD\x0e\x00\x00\x91U\
K\xe5\xdc\xf2\xe3O\xf7\x96N\xbetQ3\xdfG\xe4\
\x01\xa4\x85\xc8\x03\xa8K\xb3\x22\x8f\xcab>,\xed?\
\x92]I\xe6\xfcT\x1d\x00\x00\xb4\x99\x8b\xfb\xfbr\xf7\
\xdf\xf5\x91\xde\x1b\xae\xdb\xdc\xd4\x87\xb0\x8d6y2\x1f\
v\xfc\xf8\xf7\xb9\xf9BED\x0e\x00\x00mfu\xfe\
L\xb24yxd\xf5\xe5\x85\xa6\xbc\xbe\xc8\x03H\x0b\
\x91\x07P\x97FG\x1e\xd5R9\x14\xa6fr\x85\xa3\
\xcf{\xe8\x0a\x00\x00mn\xcb\x95\x97$\xdf\xbb\xf7c\
#\xef}\xd7p\xec)o(\x93+\x87\xcf<\xf4R\
\xf6\xe8\xa9\xa2\x88\x1c\x00\x00\xda\x5c9\x93$K\xfb\x8f\
\x8cTK\xe5\x86\xbe\xae\xc8\x03H\x0b\x91\x07P\x97F\
F\x1e\xc5\xe9L~\xf9\xc0\xd15a\xb5\xf2\x96F\xbc\
\x1e\x00\x00\xd0\x1a\xd7_{E\xf2\xdd\xaf]7\xd2n\
W\xb8\xe4\x8a\x950\xfe\xc4\xe9\xdc\xf8\x13\xa7E\xe4\x00\
\x00\xd0I*\x95|\xfe\xa9g\xd7\x14\x8e\xcd4\xec\xfb\
\x02\x91\x07\x90\x16\x22\x0f\xa0.\x8d\x88<V\x92\xb9\xb0\
4y8[Y*\xf8\xa9:\x00\x00\xe8P\xebz/\
\xc8\xef\xfa\xec\xfbJ\xf7\xdc~u[\x04\x15\xdf?\xbc\
\x90\xdf\xfd\xf3\xd95\xa5\xd5\xaa\x88\x1c\x00\x00:T\xb5\
T\xce-N\x1c\x1aXI\xe6\xea~-\x91\x07\x90\x16\
\x22\x0f\xa0.\xf5D\x1e\x95\xc5|X~\xf2XR\xce\
$#\x8d]\x05\x00\x00\xc4rq\x7f_\xeeG\xf7}\
b`\xdb\xd6\x0dQ\xde\x7f\xf2d>|\xe1\x91$\xfb\
\xbb\x85\x15\x119\x00\x00\xa4\xc4\xea\xe9\x85\xec\xe2\xc4\xc1\
\xa1\xcab\xfe\xbc_C\xe4\x01\xa4\x85\xc8\x03\xa8\xcb\xf9\
D\x1e\xd5R9\x14\xa6fr\x85\xe33\xbd\xa1R\xbd\
\xa89\xcb\x00\x00\x80\x98\xde\xf3\xce\xa1\xecC\xe3\x9f\x1c\
\xdatY\x7fK\xde/\x93+\x87\xdb\x1e=\x95\x9d<\
\x99\x17w\x00\x00@J\x15\xa73\xd9\xfc\xc1\x13C\xd5\
R\xf9\x9c\xffX\x91\x07\x90\x16\x22\x0f\xa0.\xe7\x1ay\
\x14\xa73\xf9\xfc\xc1\x13\xa5j\xa9\xdc\x16G8\x03\x00\
\x00\xcd\xf5\xb9\x1b\xb6d\xbf\xfe\xe5k\x86\x06\xd7\xf75\
\xe5\xf5s\xc5J\x18\x7f\xe2t\xee[\x07\xe6{\xcb\x22\
r\x00\x00H\xbf\xd5Ja\xf9\xc0\xd1jq:s\xe1\
\xb9\xfca\x22\x0f -D\x1e@]\xce6\xf2X}\
y!,M\x1eNV\xe7\xcf\xb8\x9a\x05\x00\x00\xbaL\
\xdf\xba\x0b\x0a\xe3wn\xaf\xder\xe3\x96sz\x08\xfb\
f\xbe\x7fx!\x7f\xd7D\xb64_\xa8\x88\xc8\x01\x00\
\xa0\xcbT\x96\x0a\xd9\xa5\xc9\xc3C+\xc9\xdcY\xfd\xf7\
E\x1e@Z\x88<\x80\xba\xbcY\xe4Q-\x95\xc3\xd2\
\xfe#I9\x93\x88;\x00\x00\xa0\xcbm|\xfb\xfa\xec\
\x03\xf7^7\xb4m\xeb\x86\xba^g\xeaT1|\xfe\
\xe1$9>[\xf29\x03\x00\x00\xba\xdcJ2\x97]\
\xda\x7fd\xa8\xb2\x98\x7f\xe3\xff\x9e\xc8\x03H\x09\x91\x07\
P\x977\x8a<\xf2\x87\x9e\xc9\x15\x8e\xffv]\xa8T\
\x1a\xfa\xd3z\x00\x00@g\xdb\xb6uC\xf6;_\xfd\
\xe8\xd0\xa6\xcb\xfa\xcf\xe9\x8f\xcb\x15+\xe1\xb6G\x92\xe4\
\xb1\xe7\x96\xc4\x1d\x00\x00\xc0\x7f\xa8T\x97\x0b\xc7g\xca\
\x85\xa9\x99\x81j\xa9\xfc\x9a\xff\x15\x91\x07\x90\x16\x22\x0f\
\xa0.\xaf\x15y\xac$saq\xe2P\xaeZ*;\
2\x19\x00\x00x]w\xdc\xf2\xc1\xdc\x1d\xb7^50\
\xb8\xbe\xefM\xff\xbbw\xef\x9b\xcb}\xfb\xd7\xf3\xebJ\
\xabU\x119\x00\x00\xf0\x9a\xaa\xa5r.\x7f\xf0\xc4\xba\
\xe2t\xe6/>7\x88<\x80\xb4\x10y\x00u\xf9\xd3\
\xc8\xa3\xb2\x98\x0f\x8b\x13\x07\xb3\xab\xa7\x17\x86\xe2\xae\x02\
\x00\x00:\xc5\xc5\xfd}\xb9\x7f\xfd\xd25\xebn\xb9q\
\xcbk\xc6\x1b\x0f?\xb3\xb8|\xfb\xcfN\x95\xe7\x0b\x15\
\x119\x00\x00pVV\xe7\xcf$\xcb\x07\x8e\x8d\xac$\
s\x7f\xfc\xf7D\x1e@Z\x88<\x80\xba\x0c\x8fMO\
TK\xe5m\xf9\x83'\xb2\xc5\xe9\x8c\xb8\x03\x00\x008\
/[\xae\xbc$\x19\xff\xe7m#\xdb\xb6n\x08!\x84\
\x90\xc9\x95\xc3g\x1ez){\xf4T\xd1\xe7\x0c\x00\x00\
\xe0\xbc\x943I\xb2\xb4\xff\xc8H\xb5T\x16y\x00\xa9\
!\xf2\x00\xea\xb2\xfe\xb3\xff\xdfC\xf9\xdf<\xf7\xaeP\
\xa982\x19\x00\x00\xa8\xdb\xf5\xd7^\x91\x8c|\xe4\x83\
=?:\xb1tI\xec-\x00\x00@\x0aT*\xf9\xc2\
\xf1\xdf\x96\xce|\xef\xff>\x18{\x0a@#\xac\x8d=\
\x00\xe8l\xf9C\xcf|.T*\x07b\xef\x00\x00\x00\
R!\xf7\xff\xf9\xe5\xcc\xff\xebG'\x96n\x0d!\xbc\
\x18{\x0c\x00\x00\x90\x02k\xd7>\xfb\x96-\xff\xc7\xa7\
c\xcf\x00h\x14'y\x00\x0d\xd13:\xfe\xe9\x10\xc2\
\xde\x10\xc2;\xe2.\x01\x00\x00:\xd4]!\x84\xbd+\
S;\xe7C\x08axlz0\x84\xb0\xeb\x95\x7f\x0d\
\xc4\x1a\x05\x00\x00t\xac\x5c\x08a\xd7\xec\xee\xcd\x0f\xc4\
\x1e\x02\xd0H\x22\x0f\xa0\xa1zF\xc7\xf7\x04\x0fa\x01\
\x00\x80\xb3\xb7/\x84\xb0cej\xe7\x0b\xaf\xf5\x1f\x0e\
\x8fMo\x0a!\xec\x09!\xdc\xdc\xbaI\x00\x00@\x87\
\xbb+\x84\xb0wv\xf7\xe6\xf9\xd8C\x00\x1aM\xe4\x01\
4\x5c\xcf\xe8\xf8\xa6\xe0!,\x00\x00\xf0\xc6^\x0c\xb5\
\xb8c\xe2l\xfe\xcb\xc3c\xd3\xdbC\xeds\xc6\xb6\xe6\
M\x02\x00\x00:\xdcOC\xed\xf4\x8e\x17b\x0f\x01h\
\x16\x91\x07\xd04=\xa3\xe3\xdb\x83\x87\xb0\x00\x00\xc0\x9f\
\xcb\x85\x10\xf6\xacL\xed\xdc{>\x7f\xf0\xf0\xd8\xf4\x8e\
P\xbb*\xd2\xe9\x81\x00\x00\xc0\x1f\xbc\x18B\xd81\xbb\
{\xf3D\xec!\x00\xcd&\xf2\x00\x9a\xaegt|G\
\xa8\xc5\x1e\xef\x88\xbb\x04\x00\x00\x88\xec\xbeP\x0b<\xe6\
\xeby\x91\xe1\xb1\xe9\xc1P\xbb&\xf2+\xf5O\x02\x00\
\x00:X.\x84\xb0gv\xf7\xe6\xbd\xb1\x87\x00\xb4\x8a\
\xc8\x03h\x89\x9e\xd1\xf1\xc1\xe0!,\x00\x00t\xab}\
!\x84]+S;\x7f\xd3\xc8\x17\x1d\x1e\x9b\xde\x14j\
\xa7z|\xaa\x91\xaf\x0b\x00\x00t\x84\xfbB-\xf0\x98\
\x8f=\x04\xa0\x95D\x1e@K\xf5\x8c\x8eo\x0a\x1e\xc2\
\x02\x00@\xb7x1\xd4\xe2\x8e\x9f4\xf3M\x86\xc7\xa6\
\xb7\x87\x10\x1e\x08N\x0f\x04\x00\x80n\xb0/\xd4\xaef\
y!\xf6\x10\x80\x18D\x1e@\x14=\xa3\xe3\xdbC-\
\xf6xo\xdc%\x00\x00@\x13\xe4B\x08{W\xa6v\
\xeei\xe5\x9b\x0e\x8fM\xef\x0a\xb5\xab\x22\x07Z\xf9\xbe\
\x00\x00@K\xbc\x18B\xd85\xbb{\xf3Ob\x0f\x01\
\x88I\xe4\x01D\xd53:\xbe+x\x08\x0b\x00\x00i\
\xf2`\xa8\x9d\xde1\x1f\xe3\xcd\x87\xc7\xa6\x07C\xed3\
\xc6\x17c\xbc?\x00\x00\xd0p\xb9\x10\xc2\xde\xd9\xdd\x9b\
\xf7\xc4\x1e\x02\xd0\x0eD\x1e@t=\xa3\xe3\x83\xc1C\
X\x00\x00\xe8t\xfbB\x08{V\xa6vN\xc4\x1e\x12\
B\x08\xc3c\xd3\x9bB\xed\x0a\x97mq\x97\x00\x00\x00\
ux0\xd4N\xef\x98\x8f=\x04\xa0]\x88<\x80\xb6\
\xd13:\xbe)x\x08\x0b\x00\x00\x9d\xe6\xc5P\x8b;\
\x1e\x88=\xe4\xb5\x0c\x8fM\x7f:\xd4\xae\x8a|G\xdc\
%\x00\x00\xc09\xd8\x17B\xd83\xbb{\xf3D\xec!\
\x00\xedF\xe4\x01\xb4\x9d\x9e\xd1\xf1\xed\xa1\x16{x\x08\
\x0b\x00\x00\xed\xed\xae\x10\xc2\xdeXW\xb3\x9c\x8b\xe1\xb1\
\xe9=!\x84]\xc1U\x91\x00\x00\xd0\xce^\x0c\xb5\xb8\
\xe3\x81\xd8C\x00\xda\x95\xc8\x03h[=\xa3\xe3{\x82\
\x87\xb0\x00\x00\xd0\x8e~\x1aB\xd8\xb52\xb5\xf3\x85\xd8\
C\xce\xc5\xf0\xd8\xf4`\xa8\x9d\xeaqs\xdc%\x00\x00\
\xc0\xab\xe4B\xed\x9f\xd5\xf7\xba\x9a\x05\xe0\x8d\x89<\x80\
\xb6\xd63:>\x18<\x84\x05\x00\x80vq8\xd4\xe2\
\x8e\x89\xd8C\xea1<6\xfd\xbeP\xfb\x9c\xe1\xaaH\
\x00\x00\x88\xef\xa7!\x84]\xb3\xbb7\xbf\x10{\x08@\
'\x10y\x00\x1d\xa1gt\xfc}\xc1CX\x00\x00\x88\
%\x17jq\xc7\x03\xb1\x874\xd2\xf0\xd8\xf4\x8e\x10\xc2\
\x9e\xe0\xaaH\x00\x00\x88\xe1p\xa8\xc5\x1d\x13\xb1\x87\x00\
t\x12\x91\x07\xd0QzF\xc7?\x1dj\xb1\x87\x87\xb0\
\x00\x00\xd0\x1a\xf7\x85\x10\xf6\xacL\xed\x9c\x8f=\xa4\x19\
^\xb9\xc2eWpU$\x00\x00\xb4J.\xd4\xe2\x8e\
\x07b\x0f\x01\xe8D\x22\x0f\xa0\xe3\xbcr\x85\xcb\xae\xe0\
!,\x00\x004\xd3\xbe\x10\xc2\x8e\x95\xa9\x9d/\xc4\x1e\
\xd2\x0a\xc3c\xd3\x9bB\xedT\x0fWE\x02\x00@\xf3\
\xdc\x15B\xd8;\xbb{\xf3|\xec!\x00\x9dJ\xe4\x01\
t\xac\x9e\xd1\xf1M\xc1CX\x00\x00h\xb4\x17C-\
\xee\x98\x88=$\x86\xe1\xb1\xe9\xed\xa1vz\xe0{\xe3\
.\x01\x00\x80T\xd9\x17B\xd81\xbb{\xf3\x0b\xb1\x87\
\x00t:\x91\x07\xd0\xf1zF\xc7\xb7\x87Z\xec\xb1-\
\xee\x12\x00\x00\xe8h\xb9P\xbb\x96eo\xec!\xed`\
xlzG\xa8\xc5\x1eN\x0f\x04\x00\x80\xf3\xf7b\xa8\
\xc5\x1d\x13\xb1\x87\x00\xa4\x85\xc8\x03H\x8d\x9e\xd1\xf1\x1d\
\xc1CX\x00\x008\x1f\x0f\x86\x10v\xadL\xed\x9c\x8f\
=\xa4\x9d\x0c\x8fM\x0f\x86\xda5\x91_\x89\xbb\x04\x00\
\x00:N.\x84\xb0gv\xf7\xe6\xbd\xb1\x87\x00\xa4\x8d\
\xc8\x03H\x95\x9e\xd1\xf1\xc1\xe0!,\x00\x00\x9c\xad}\
\xa1\x16w\xfc&\xf6\x90v6<6\xbd)\x84\xf0@\
pz \x00\x00\x9c\x8d\xfbB-\xf0\x98\x8f=\x04 \
\x8dD\x1e@*\xf5\x8c\x8eo\x0a\xb5S=>\x15w\
\x09\x00\x00\xb4\xa5\x17C-\xee\xf8I\xec!\x9ddx\
lz{\xa8\xc5\x1e\xef\x88\xbb\x04\x00\x00\xda\xd2\xbe\x10\
\xc2\xae\xd9\xdd\x9b\x7f\x13{\x08@\x9a\x89<\x80T\xeb\
\x19\x1d\xdf\x1e<\x84\x05\x00\x80?\xc8\x85Z\x0c\xbd\xd7\
\xd5,\xe7oxlzW\x08aOpU$\x00\x00\
\x84\xf0JD>\xbb{\xf3Ob\x0f\x01\xe8\x06\x22\x0f\
\xa0+\xf4\x8c\x8e\xef\x0a\x1e\xc2\x02\x00\xd0\xdd\x1e\x0c!\
\xecY\x99\xda\xf9B\xec!i0<6=\x18j\x9f\
1\xbe\x18w\x09\x00\x00D\x93\x0b!\xec\x9d\xdd\xbdy\
O\xec!\x00\xddD\xe4\x01t\x8d\x9e\xd1\xf1\xc1\xe0!\
,\x00\x00\xddg_\xa8\xc5\x1d\x13\xb1\x87\xa4\xd1\xf0\xd8\
\xf4\xfbB\xedt\x94mq\x97\x00\x00@K=\x18B\
\xd83\xbb{\xf3\x0b\xb1\x87\x00t\x1b\x91\x07\xd0uz\
F\xc77\x85\xda\x15.\x1e\xc2\x02\x00\x90f\xb9\x10\xc2\
\xae\x95\xa9\x9d\x0f\xc4\x1e\xd2\x0d\x86\xc7\xa6?\x1dj\xb1\
\x87\xab\x22\x01\x00H\xb3}\xa1\x16wL\xc4\x1e\x02\xd0\
\xadD\x1e@\xd7\xea\x19\x1d\xfft\xf0\x10\x16\x00\x80t\
\xba+\x84\xb0wej\xe7|\xec!\xddfxlz\
O\x08aWpU$\x00\x00\xe9\xf2b\xa8\xc5\x1d\x0f\
\xc4\x1e\x02\xd0\xedD\x1e@\xd7\xeb\x19\x1d\xdf\x13<\x84\
\x05\x00 \x1d~\x1aj\xa7w\xbc\x10{H7\x1b\x1e\
\x9b\x1e\x0c\xb5\xa0\xfc\xe6\xb8K\x00\x00\xa0!\xee\x0a!\
\xec\x9d\xdd\xbdy>\xf6\x10\x00D\x1e\x00!\x84\x10z\
F\xc7\x07\x83\x87\xb0\x00\x00t\xae\xc3\xa1\x16wL\xc4\
\x1e\xc2\x7f\x18\x1e\x9b\xde\x1eB\xd8\x13\x5c\x15\x09\x00@\
g\xfai\x08a\xd7\xec\xee\xcd/\xc4\x1e\x02\xc0\x7f\x10\
y\x00\xfc\x89\x9e\xd1\xf1\xf7\x85Z\xec\xe1!,\x00\x00\
\x9d \x17B\xd8\xb32\xb5so\xec!\xbc\xbe\xe1\xb1\
\xe9\x1d\xa1\x16{\xb8*\x12\x00\x80Np8\xd4\xe2\x8e\
\x89\xd8C\x00\xf8K\x22\x0f\x80\xd7\xd03:\xbe#x\
\x08\x0b\x00@{\xbb/\xd4\x02\x8f\xf9\xd8Cxs\xaf\
\x5c\xe1\xb2+\xb8*\x12\x00\x80\xf6\x95\x0b\xb5\xb8\xe3\x81\
\xd8C\x00x}\x22\x0f\x80\xd7\xf1\xca\x15.\xbb\x82\x87\
\xb0\x00\x00\xb4\x97}!\x84\x1d+S;_\x88=\x84\
s7<6\xbd)\xd4N\x0f\xfcT\xdc%\x00\x00\xf0\
g\xee\x0b!\xec\x99\xdd\xbdy>\xf6\x10\x00\xde\x98\xc8\
\x03\xe0M\xf4\x8c\x8eo\x0a\xb5S=n\x8e\xbb\x04\x00\
\x80.\xf7b\xa8\xc5\x1d\x13\xb1\x87P\xbf\xe1\xb1\xe9\xed\
\xa1\x16{\xbc7\xee\x12\x00\x00\xba\xdc\xbe\x10\xc2\x8e\xd9\
\xdd\x9b_\x88=\x04\x80\xb3#\xf2\x008K=\xa3\xe3\
\xdb\x83\x87\xb0\x00\x00\xb4^.\x84\xb0wej\xe7\x9e\
\xd8Ch\xbc\xe1\xb1\xe9\x1d\xa1\xf69\xc3\xe9\x81\x00\x00\
\xb4\xd2\x8b\xa1\x16wL\xc4\x1e\x02\xc0\xb9\x11y\x00\x9c\
\xa3\x9e\xd1\xf1\x1d\xc1CX\x00\x00Z\xe3\xc1\x10\xc2\xae\
\x95\xa9\x9d\xf3\xb1\x87\xd0<\xc3c\xd3\x83\xa1vz\xe0\
\x17\xe3.\x01\x00\xa0\x0b\xe4B\x08{gwo\xde\x13\
{\x08\x00\xe7G\xe4\x01p\x1ezF\xc7\x07C\x08\xbb\
B\x08_\x89\xbb\x04\x00\x80\x94\xda\x17jq\xc7ob\
\x0f\xa1u\x86\xc7\xa67\x85\x10\x1e\x08!l\x8b\xbb\x04\
\x00\x80\x94z0\x84\xb0kv\xf7\xe6\xf9\xd8C\x008\
\x7f\x22\x0f\x80:\xf4\x8c\x8eo\x0a\x1e\xc2\x02\x00\xd08\
/\x86\x10\xf6\xacL\xed| \xf6\x10\xe2\x19\x1e\x9b\xde\
\x1ej\x9f3\xde\x11w\x09\x00\x00)\xb1/\xd4\xe2\x8e\
\xdf\xc4\x1e\x02@\xfdD\x1e\x00\x0d\xd03:\xbe=x\
\x08\x0b\x00\xc0\xf9\xcb\x85\xda\x95\x80{]\xcd\xc2\x1f\x0c\
\x8fM\xef\x0a\xb5k\x5c\x5c\x15\x09\x00\xc0\xf9x1\xd4\
\xe2\x8e\x9f\xc4\x1e\x02@\xe3\x88<\x00\x1a\xa8gt|\
W\xf0\x10\x16\x00\x80s\xf3`\xa8\x9d\xde\xf1B\xec!\
\xb4\x9f\xe1\xb1\xe9\xc1P\x0b\x80n\x8e\xbb\x04\x00\x80\x0e\
\xf2\xc7\x88\xdc\xd5,\x00\xe9#\xf2\x00h\xb0\x9e\xd1\xf1\
\xc1P\x0b=\xbe\x18w\x09\x00\x00m\xeep\x08a\xd7\
\xca\xd4\xce\x89\xd8Ch\x7f\xc3c\xd3\xef\x0b\xb5\x07\xf5\
\xae\x8a\x04\x00\xe0\x8d<\x18B\xd83\xbb{\xf3\x0b\xb1\
\x87\x00\xd0\x1c\x22\x0f\x80&\xe9\x19\x1d\x7f_\xf0\x10\x16\
\x00\x80\xbf\x94\x0b\xb5\xb8\xe3\x81\xd8C\xe8<\xc3c\xd3\
\x9f\x0e\xb5\xcf\x19\xae\x8a\x04\x00\xe0O\xed\x0b\xb5\xb8c\
\x22\xf6\x10\x00\x9aK\xe4\x01\xd0d=\xa3\xe3\x9f\x0e\x1e\
\xc2\x02\x00PsW\x08a\xef\xca\xd4\xce\xf9\xd8C\xe8\
l\xc3c\xd3{B\x08\xbb\x82\xab\x22\x01\x00\xba].\
\x84\xb0kv\xf7\xe6\x07b\x0f\x01\xa05D\x1e\x00-\
\xd23:\xbe'x\x08\x0b\x00\xd0\xad~\x1aj\xa7w\
\xbc\x10{\x08\xe91<6\xbd)\xd4\xae\x8a\xbc9\xee\
\x12\x00\x00\x22\xb9+\x84\xb0wv\xf7\xe6\xf9\xd8C\x00\
h\x1d\x91\x07@\x0b\xf5\x8c\x8e\x0f\x86\xda\xa9\x1e\x1e\xc2\
\x02\x00t\x87\x17C\x08;V\xa6vN\xc4\x1eBz\
\x0d\x8fMo\x0f\xb5\xd8\xc3U\x91\x00\x00\xdd\xe1\xa7\xa1\
vz\xc7\x0b\xb1\x87\x00\xd0z\x22\x0f\x80\x08zF\xc7\
\xb7\x07\x0fa\x01\x00\xd2,\x17B\xd8\xb32\xb5so\
\xec!t\x8f\xe1\xb1\xe9\x1d\xa1\x16\x95;=\x10\x00 \
\x9d\x0e\x87Z\xdc1\x11{\x08\x00\xf1\x88<\x00\x22\xea\
\x19\x1d\xdf\x11j\xb1\xc7;\xe2.\x01\x00\xa0\x81\xee\x0b\
\xb5\xc0c>\xf6\x10\xba\xcf\xf0\xd8\xf4`\xa8]\x13\xf9\
\x95\xb8K\x00\x00h\xa0\x5c\x08a\xcf\xec\xee\xcd{c\
\x0f\x01 >\x91\x07@d\xaf\x5c\xe1\xb2+x\x08\x0b\
\x00\xd0\xe9\xf6\x85\xda\xd5,/\xc4\x1e\x02\xc3c\xd3\x9b\
B\xedT\x8fO\xc5]\x02\x00@\x9d\xee\x0b\xb5\xc0c\
>\xf6\x10\x00\xda\x83\xc8\x03\xa0M\xf4\x8c\x8eo\x0a\x1e\
\xc2\x02\x00t\xa2\x17C\x08\xbbV\xa6v\xfe$\xf6\x10\
x\xb5\xe1\xb1\xe9\xed\xa1\xf69\xe3\xbdq\x97\x00\x00p\
\x8e\xf6\x85\x10v\xcc\xee\xde\xfcB\xec!\x00\xb4\x17\x91\
\x07@\x9b\xe9\x19\x1d\xdf\x1e<\x84\x05\x00\xe8\x04\xb9\x10\
\xc2\xde\x95\xa9\x9d{b\x0f\x8173<6\xbd+\xd4\
\xae\x8a\x1c\x88\xbb\x04\x00\x807\xf1b\x08a\xd7\xec\xee\
\xcd?\x89=\x04\x80\xf6$\xf2\x00hS=\xa3\xe3;\
B-\xf6\xf0\x10\x16\x00\xa0\xfd<\x18j\xa7w\xcc\xc7\
\x1e\x02gkxlz0\xd4B\x8f/\xc6]\x02\x00\
\xc0k\xc8\x85\x10\xf6\xce\xee\xde\xbc'\xf6\x10\x00\xda\x9b\
\xc8\x03\xa0\x8d\xf5\x8c\x8e\x0f\x06\x0fa\x01\x00\xda\xc9\xbe\
\x10\xc2\x9e\x95\xa9\x9d\x13\xb1\x87\xc0\xf9\x1a\x1e\x9b\xde\x14\
Bx \x84\xb0-\xee\x12\x00\x00^\xf1`\xa8\x9d\xde\
1\x1f{\x08\x00\xedO\xe4\x01\xd0\x01zF\xc77\x05\
\x0fa\x01\x00bz1\xd4\xe2\x8e\x07b\x0f\x81F\x19\
\x1e\x9b\xde\x1ej\x9f3\xde\x11w\x09\x00@\xd7\xda\x17\
jq\xc7ob\x0f\x01\xa0s\x88<\x00:H\xcf\xe8\
\xf8\xf6\xe0!,\x00@+\xe5B\xed\x0a\xbd\xbd\xaef\
!\xad\x86\xc7\xa6\xf7\x84\x10v\x05WE\x02\x00\xb4\xca\
\x8b!\x84=\xb3\xbb7?\x10{\x08\x00\x9dG\xe4\x01\
\xd0\x81zF\xc7w\x85\xda5.\x1e\xc2\x02\x004\xcf\
OC\x08\xbbV\xa6v\xbe\x10{\x084\xdb\xf0\xd8\xf4\
`\xa8\x05M7\xc7]\x02\x00\x90j\x7f\x8c\xc8]\xcd\
\x02\xc0\xf9\x12y\x00t\xa8\x9e\xd1\xf1\xc1\xe0!,\x00\
@3\x1c\x0e\xb5\xb8c\x22\xf6\x10h\xb5\xe1\xb1\xe9\xf7\
\x85\xda\xe7\x0cWE\x02\x004\xd6\x83\xa1vz\xc7\x0b\
\xb1\x87\x00\xd0\xd9D\x1e\x00\x1d\xaegt\xfc}\xc1C\
X\x00\x80F\xc8\x85Z\xdc\xf1@\xec!\x10\xdb\xf0\xd8\
\xf4\xa7C\xeds\x86\xab\x22\x01\x00\xeas8\x84\xb0k\
v\xf7\xe6\x89\xd8C\x00H\x07\x91\x07@J\xf4\x8c\x8e\
\x7f:x\x08\x0b\x00p\xbe\xee\x0a!\xec]\x99\xda9\
\x1f{\x08\xb4\x8bW\xaep\xd9\xf5\xca\xbf\x5c\x15\x09\x00\
pnr\xa1\x16w<\x10{\x08\x00\xe9\x22\xf2\x00H\
\x99\x9e\xd1\xf1=\xc1CX\x00\x80\xb3\xb5/\x84\xb0c\
ej\xe7\x0b\xb1\x87@\xbb\x1a\x1e\x9b\xde\x14B\xd8\x13\
\x5c\x15\x09\x00p\xb6\xee\x0a!\xec\x9d\xdd\xbdy>\xf6\
\x10\x00\xd2G\xe4\x01\x90B=\xa3\xe3\x9b\x82\x87\xb0\x00\
\x00o\xe4\xc5P\x8b;&b\x0f\x81N1<6\xbd\
=\xd4N\x0f|o\xdc%\x00\x00m\xeb\xa7\xa1vz\
\xc7\x0b\xb1\x87\x00\x90^\x22\x0f\x80\x14\xeb\x19\x1d\xdf\x1e\
j\xb1\xc7\xb6\xb8K\x00\x00\xdaF.\x84\xb0gej\
\xe7\xde\xd8C\xa0S\x0d\x8fM\xef\x08\xb5\xd8\xc3\xe9\x81\
\x00\x005/\x86\x10v\xcc\xee\xde<\x11{\x08\x00\xe9\
'\xf2\x00\xe8\x02=\xa3\xe3;\x82\x87\xb0\x00\x00\xf7\x85\
Z\xe01\x1f{\x08t\xba\xe1\xb1\xe9\xc1P\xbb&\xf2\
+q\x97\x00\x00D\x95\x0b!\xec\x99\xdd\xbdyo\xec\
!\x00t\x0f\x91\x07@\x97\xe8\x19\x1d\x1f\x0c\x1e\xc2\x02\
\x00\xddi_\x08a\xd7\xca\xd4\xce\xdf\xc4\x1e\x02i3\
<6\xbd)\xd4\x82\xf2O\xc5]\x02\x00\xd0r\xf7\x85\
Z\xe01\x1f{\x08\x00\xddE\xe4\x01\xd0ezF\xc7\
7\x05\x0fa\x01\x80\xee\xf0b\xa8\xc5\x1d?\x89=\x04\
\xd2nxlz{\x08\xe1\x81\x10\xc2;\xe2.\x01\x00\
h\xba}!\x84]\xb3\xbb7\xff&\xf6\x10\x00\xba\x93\
\xc8\x03\xa0K\xf5\x8c\x8eo\x0f\xb5\xd8\xe3\xbdq\x97\x00\
\x004\x5c.\x84\xb0wej\xe7\x9e\xd8C\xa0\xdb\x0c\
\x8fM\xef\x0a!\xec\x09\xae\x8a\x04\x00\xd2\xe7\xc5P\x8b\
;~\x12{\x08\x00\xddM\xe4\x01\xd0\xe5zF\xc7w\
\x05\x0fa\x01\x80\xf4x0\x84\xb0gej\xe7\x0b\xb1\
\x87@\xb7\x1a\x1e\x9b\x1e\x0c\xb5\xcf\x18_\x8c\xbb\x04\x00\
\xa0!r!\x84\xbd\xb3\xbb7\xef\x89=\x04\x00B\x10\
y\x00\x10B\xe8\x19\x1d\x1f\x0c\x1e\xc2\x02\x00\x9dm_\
\xa8\xc5\x1d\x13\xb1\x87\x005\xc3c\xd3\x9bB\xed\x0a\x97\
mq\x97\x00\x00\x9c\xb7\x07C\xed\xf4\x8e\xf9\xd8C\x00\
\xe0\x0fD\x1e\x00\xfcQ\xcf\xe8\xf8\xa6\xe0!,\x00\xd0\
Y^\x0c\xb5\xb8\xe3\x81\xd8C\x80\xd76<6\xfd\xe9\
P\xbb*\xf2\x1dq\x97\x00\x00\x9c\xb5}!\x84=\xb3\
\xbb7O\xc4\x1e\x02\x00\xaf&\xf2\x00\xe0/\xf4\x8c\x8e\
o\x0f\xb5\xd8\xc3CX\x00\xa0\x9d\xdd\x15B\xd8\xbb2\
\xb5s>\xf6\x10\xe0\xcd\x0d\x8fM\xef\x09!\xec\x0a\xae\
\x8a\x04\x00\xda\xd7\x8b\xa1\x16w<\x10{\x08\x00\xbc\x1e\
\x91\x07\x00\xaf\xabgt|O\xf0\x10\x16\x00h??\
\x0d!\xecZ\x99\xda\xf9B\xec!\xc0\xb9\x19\x1e\x9b\x1e\
\x0c\xb5S=n\x8e\xbb\x04\x00\xe0\xcf\xe4B\xed\x9fQ\
\xf6\xba\x9a\x05\x80v'\xf2\x00\xe0\x0d\xf5\x8c\x8e\x0f\x06\
\x0fa\x01\x80\xf6p8\xd4\xe2\x8e\x89\xd8C\x80\xfa\x0c\
\x8fM\xbf/\xd4>g\xb8*\x12\x00\x88\xed\xa7!\x84\
]\xb3\xbb7\xbf\x10{\x08\x00\x9c\x0d\x91\x07\x00g\xa5\
gt\xfc}\xc1CX\x00 \x8e\x5c\xa8\xc5\x1d\x0f\xc4\
\x1e\x024\xd6\xf0\xd8\xf4\x8e\x10\xc2\x9e\xe0\xaaH\x00\xa0\
\xf5\x0e\x87Z\xdc1\x11{\x08\x00\x9c\x0b\x91\x07\x00\xe7\
\xa4gt\xfc\xd3\xa1\x16{x\x08\x0b\x00\xb4\xc2}!\
\x84=+S;\xe7c\x0f\x01\x9a\xe3\x95+\x5cv\x05\
WE\x02\x00\xad\x91\x0b\xb5\xb8\xe3\x81\xd8C\x00\xe0|\
\x88<\x008g\xaf\x5c\xe1\xb2+x\x08\x0b\x004\xcf\
\xbe\x10\xc2\x8e\x95\xa9\x9d/\xc4\x1e\x02\xb4\xc6\xf0\xd8\xf4\
\xa6P\x0b\xca?\x15w\x09\x00\x90bw\x85\x10\xf6\xce\
\xee\xde<\x1f{\x08\x00\x9c/\x91\x07\x00\xe7\xadgt\
|S\xa8\x1d\xad|s\xdc%\x00@\x8a\xbc\x18jq\
\xc7D\xec!@\x1c\xc3c\xd3\xdbC-\xf6xo\xdc\
%\x00@\x8a\xec\x0b!\xec\x98\xdd\xbd\xf9\x85\xd8C\x00\
\xa0^\x22\x0f\x00\xea\xd63:\xbe=x\x08\x0b\x00\xd4\
'\x17B\xd8\xbb2\xb5sO\xec!@{\x18\x1e\x9b\
\xde\x11j\x9f3\x9c\x1e\x08\x00\x9c\xaf\x17C-\xee\x98\
\x88=\x04\x00\x1aE\xe4\x01@\xc3\xf4\x8c\x8e\xef\x08\x1e\
\xc2\x02\x00\xe7\xee\xc1\x10\xc2\xae\x95\xa9\x9d\xf3\xb1\x87\x00\
\xedexlz0\xd4\xae\x89\xfcJ\xdc%\x00@\x87\
\xc9\x85\x10\xf6\xcc\xee\xde\xbc7\xf6\x10\x00h4\x91\x07\
\x00\x0d\xd53:>\x18<\x84\x05\x00\xce\xce\xbeP\x8b\
;~\x13{\x08\xd0\xde\x86\xc7\xa67\x85\x10\x1e\x08!\
l\x8b\xbb\x04\x00\xe8\x00\x0f\x86\x10v\xcd\xee\xde<\x1f\
{\x08\x004\x83\xc8\x03\x80\xa6\xe8\x19\x1d\xdf\x14j\xa7\
z|*\xee\x12\x00\xa0\x0d\xbd\x18jq\xc7Ob\x0f\
\x01:\xcb\xf0\xd8\xf4\xf6P\x8b=\xde\x11w\x09\x00\xd0\
\x86\xf6\x85Z\xdc\xf1\x9b\xd8C\x00\xa0\x99D\x1e\x004\
U\xcf\xe8\xf8\xf6\xe0!,\x00P\x93\x0b\xb5\x08t\xaf\
\xabY\x80z\x0c\x8fM\xef\x0a!\xec\x09\xae\x8a\x04\x00\
^\x89\xc8gwo\xfeI\xec!\x00\xd0\x0a\x22\x0f\x00\
Z\xa2gt|W\xf0\x10\x16\x00\xba\xd9\x83!\x84=\
+S;_\x88=\x04H\x87\xe1\xb1\xe9\xc1P\xfb\x8c\
\xf1\xc5\xb8K\x00\x80Hr!\x84\xbd\xb3\xbb7\xef\x89\
=\x04\x00ZI\xe4\x01@\xcb\xf4\x8c\x8e\x0f\x06\x0fa\
\x01\xa0\xdb\xec\x0b\xb5\xb8c\x22\xf6\x10 \x9d\x86\xc7\xa6\
\xdf\x17j\xa7\x04m\x8b\xbb\x04\x00h\xa1\x07C\x08{\
fwo~!\xf6\x10\x00h5\x91\x07\x00-\xd73\
:\xbe)\xd4\xaep\xf1\x10\x16\x00\xd2+\x17B\xd8\xb5\
2\xb5\xf3\x81\xd8C\x80\xee0<6\xfd\xe9P\x8b=\
\x5c\x15\x09\x00\xe9\xb5/\xd4\xe2\x8e\x89\xd8C\x00 \x16\
\x91\x07\x00\xd1\xf4\x8c\x8e\x7f:x\x08\x0b\x00itW\
\x08a\xef\xca\xd4\xce\xf9\xd8C\x80\xee3<6\xbd'\
\x84\xb0+\xb8*\x12\x00\xd2\xe4\xc5P\x8b;\x1e\x88=\
\x04\x00b\x13y\x00\x10]\xcf\xe8\xf8\x9e\xe0!,\x00\
\xa4\xc1OC\xed\xf4\x8e\x17b\x0f\x01\xba\xdb\xf0\xd8\xf4\
`\xa8\x05\xe57\xc7]\x02\x004\xc0]!\x84\xbd\xb3\
\xbb7\xcf\xc7\x1e\x02\x00\xed@\xe4\x01@[\xe8\x19\x1d\
\x1f\x0c\x1e\xc2\x02@\xa7:\x1cjq\xc7D\xec!\x00\
\x7fjxlz{\x08aOpU$\x00t\xa2\x9f\
\x86\x10v\xcd\xee\xde\xfcB\xec!\x00\xd0ND\x1e\x00\
\xb4\x95\x9e\xd1\xf1\xed\xc1CX\x00\xe8\x14\xb9\x10\xc2\x9e\
\x95\xa9\x9d{c\x0f\x01x#\xc3c\xd3;B\xeds\
\x86\xab\x22\x01\xa0\xfd\x1d\x0e\xb5\xb8c\x22\xf6\x10\x00h\
G\x22\x0f\x00\xdaR\xcf\xe8\xf8\x8e\xe0!,\x00\xb4\xb3\
\xfbB-\xf0\x98\x8f=\x04\xe0l\xbcr\x85\xcb\xae\x10\
\xc2W\xe2.\x01\x00^G.\x84\xb0gv\xf7\xe6\xbd\
\xb1\x87\x00@;\x13y\x00\xd0\xb6^\xb9\xc2e\xd7+\
\xff\x1a\x88\xb9\x05\x00\xf8\xa3}!\x84\x1d+S;_\
\x88=\x04\xe0|\x0c\x8fMo\x0a\xb5\xab\x22?\x15w\
\x09\x00\xf0'\xee\x0b\xb5\xc0c>\xf6\x10\x00hw\x22\
\x0f\x00\xda^\xcf\xe8\xf8\xa6\xe0!,\x00\xc4\xf6b\x08\
a\xd7\xca\xd4\xce\x9f\xc4\x1e\x02\xd0\x08\xc3c\xd3\xdbC\
\xeds\xc6{\xe3.\x01\x80\xae\xb6/\x84\xb0cv\xf7\
\xe6\x17b\x0f\x01\x80N!\xf2\x00\xa0c\xf4\x8c\x8eo\
\x0f\x1e\xc2\x02@\xab\xe5B\x08{W\xa6v\xee\x89=\
\x04\xa0\x19\x86\xc7\xa6w\x84\xda\xe7\x0c\xa7\x07\x02@\xeb\
\xbc\x18jq\xc7D\xec!\x00\xd0iD\x1e\x00t\x9c\
\x9e\xd1\xf1\x1d\xc1CX\x00h\x85\x07C\xed\xf4\x8e\xf9\
\xd8C\x00\x9aixlz0\x84\xb0'\x84\xf0\xc5\xb8\
K\x00 \xf5r!\x84\xbd\xb3\xbb7\xef\x89=\x04\x00\
:\x95\xc8\x03\x80\x8e\xd43:>\x18B\xd8\x15B\xf8\
J\xdc%\x00\x90J\xfbB-\xee\xf8M\xec!\x00\xad\
4<6\xbd)\x84\xf0@\x08a[\xdc%\x00\x90J\
\x0f\x86\x10v\xcd\xee\xde<\x1f{\x08\x00t2\x91\x07\
\x00\x1d\xadgt|S\xf0\x10\x16\x00\x1a\xe5\xc5\x10\xc2\
\x9e\x95\xa9\x9d\x0f\xc4\x1e\x02\x10\xd3\xf0\xd8\xf4\xf6P\xfb\
\x9c\xf1\x8e\xb8K\x00 \x15\xf6\x85Z\xdc\xf1\x9b\xd8C\
\x00 \x0dD\x1e\x00\xa4B\xcf\xe8\xf8\xf6\xe0!,\x00\
\x9c\xaf\x5c\xa8]\x85\xb6\xd7\xd5,\x00\xffaxlz\
W\xa8]\xe3\xe2\xaaH\x008w/\x86Z\xdc\xf1\x93\
\xd8C\x00 MD\x1e\x00\xa4J\xcf\xe8\xf8\xae\xe0!\
,\x00\x9c\x8b\x07C\xed\xf4\x8e\x17b\x0f\x01hG\xc3\
c\xd3\x83\xa1\x16\xc2\xdd\x1cw\x09\x00t\x8c?F\xe4\
\xaef\x01\x80\xc6\x13y\x00\x90:=\xa3\xe3\x83\xa1\x16\
z|1\xee\x12\x00hk\x87C\x08\xbbV\xa6vN\
\xc4\x1e\x02\xd0\x09\x86\xc7\xa6\xdf\x17j_X\xb9*\x12\
\x00^\xdf\x83!\x84=\xb3\xbb7\xbf\x10{\x08\x00\xa4\
\x95\xc8\x03\x80\xd4\xea\x19\x1d\x7f_\xf0\x10\x16\x00^-\
\x17jq\xc7\x03\xb1\x87\x00t\xa2\xe1\xb1\xe9O\x87\xda\
\xe7\x0cWE\x02\xc0\x7f\xd8\x17jq\xc7D\xec!\x00\
\x90v\x22\x0f\x00R\xafgt\xfc\xd3\xc1CX\x00\x08\
!\x84\xbbB\x08{W\xa6v\xce\xc7\x1e\x02\xd0\xc9^\
\xb9\xc2e\xd7+\xffrU$\x00\xdd,\x17B\xd85\
\xbb{\xf3\x03\xb1\x87\x00@\xb7\x10y\x00\xd05zF\
\xc7\xf7\x04\x0fa\x01\xe8N?\x0d\xb5\xd3;^\x88=\
\x04 M\x86\xc7\xa67\x85\xdaU\x917\xc7]\x02\x00\
Q\xdc\x15B\xd8;\xbb{\xf3|\xec!\x00\xd0MD\
\x1e\x00t\x95\x9e\xd1\xf1M\xc1CX\x00\xba\xc7\x8b!\
\x84\x1d+S;'b\x0f\x01H\xb3\xe1\xb1\xe9\xed\xa1\
\xf69\xc3U\x91\x00t\x83\x9f\x86\xda\xe9\x1d/\xc4\x1e\
\x02\x00\xddH\xe4\x01@W\xea\x19\x1d\xdf\x1e<\x84\x05\
 \xbdr!\x84=+S;\xf7\xc6\x1e\x02\xd0M\x86\
\xc7\xa6w\x84\xdaU\x91N\x0f\x04 \x8d^\x0c!\xec\
\x98\xdd\xbdy\x22\xf6\x10\x00\xe8f\x22\x0f\x00\xbaZ\xcf\
\xe8\xf8\x8eP\x8b=\xde\x11w\x09\x004\xcc}\xa1\x16\
x\xcc\xc7\x1e\x02\xd0\x8d\x86\xc7\xa6\x07C\xed\x9a\xc8\xaf\
\xc4]\x02\x00\x0d\x93\x0b!\xec\x99\xdd\xbdyo\xec!\
\x00\x80\xc8\x03\x00B\xcf\xe8\xf8`\xf0\x10\x16\x80\xce\xb7\
/\x84\xb0kej\xe7ob\x0f\x01 \x84\xe1\xb1\xe9\
M\xa1v\xaa\xc7\xa7\xe2.\x01\x80\xba\xdc\x17j\x81\xc7\
|\xec!\x00@\x8d\xc8\x03\x00^\xd13:\xbe)x\
\x08\x0b@\xe7y1\xd4\xe2\x8e\x9f\xc4\x1e\x02\xc0_\x1a\
\x1e\x9b\xde\x1ej\x9f3\xde\x1bw\x09\x00\x9c\x93}\xa1\
v5\xcb\x0b\xb1\x87\x00\x00\x7fN\xe4\x01\x00\xaf\xd23\
:\xbe=x\x08\x0b@\xfb\xcb\x85\x10\xf6\xaeL\xed\xdc\
\x13{\x08\x00onxlzW\xa8]\x159\x10w\
\x09\x00\xbc\xa1\x17C\x08\xbbfwo\xfeI\xec!\x00\
\xc0k\x13y\x00\xc0\xeb\xe8\x19\x1d\xdf\x11j\xb1\x87\x87\
\xb0\x00\xb4\x9b\x07C\xed\xf4\x8e\xf9\xd8C\x008{\xc3\
c\xd3\x83\xa1\x16z|1\xee\x12\x00\xf8\x0b\xb9\x10\xc2\
\xde\xd9\xdd\x9b\xf7\xc4\x1e\x02\x00\xbc1\x91\x07\x00\xbc\x81\
\x9e\xd1\xf1\xc1\xe0!,\x00\xedc_\x08a\xcf\xca\xd4\
\xce\x89\xd8C\x008\x7f\xc3c\xd3\x9bB\x08\x0f\x84\x10\
\xb6\xc5]\x02\x00!\x84W\x22\xf2\xd9\xdd\x9b\xe7c\x0f\
\x01\x00\xde\x9c\xc8\x03\x00\xceB\xcf\xe8\xf8\xa6\xe0!,\
\x00\xf1\xbc\x18jq\xc7\x03\xb1\x87\x00\xd08\xc3c\xd3\
\xdbC\xeds\xc6;\xe2.\x01\xa0K\xed\x0b\xb5\xb8\xe3\
7\xb1\x87\x00\x00gO\xe4\x01\x00\xe7\xa0gt|{\
\xf0\x10\x16\x80\xd6\xc9\x85\xda\xd5a{]\xcd\x02\x90^\
\xc3c\xd3{B\x08\xbb\x82\xab\x22\x01h\x8d\x17C\x08\
{fwo~ \xf6\x10\x00\xe0\xdc\x89<\x00\xe0<\
\xf4\x8c\x8e\xef\x0a\xb5k\x5c<\x84\x05\xa0Y~\x1aB\
\xd8\xb52\xb5\xf3\x85\xd8C\x00h\xbe\xe1\xb1\xe9\xc1P\
\x0b\xfbn\x8e\xbb\x04\x80\x14\xfbcD\xeej\x16\x00\xe8\
\x5c\x22\x0f\x008O=\xa3\xe3\x83\xc1CX\x00\x1a\xef\
p\xa8\xc5\x1d\x13\xb1\x87\x00\xd0z\xc3c\xd3\xef\x0b\xb5\
\xcf\x19\xae\x8a\x04\xa0\x91\x1e\x0c\xb5\xd3;^\x88=\x04\
\x00\xa8\x8f\xc8\x03\x00\xea\xd43:\xfe\xbe\xe0!,\x00\
\xf5\xcb\x85Z\xdc\xf1@\xec!\x00\xc47<6\xbd#\
\xd4N\x0ftU$\x00\xf58\x1cB\xd85\xbb{\xf3\
D\xec!\x00@c\x88<\x00\xa0AzF\xc7?\x1d\
j\xb1\x87\x87\xb0\x00\x9c\xab\xfbB\x08{V\xa6v\xce\
\xc7\x1e\x02@\xfbx\xe5\x0a\x97]\xaf\xfc\xcbU\x91\x00\
\x9c\x8b\x5c\xa8\xc5\x1d\x0f\xc4\x1e\x02\x004\x96\xc8\x03\x00\
\x1a\xe8\x95+\x5cv\x05\x0fa\x018;\xfbB\x08;\
V\xa6v\xbe\x10{\x08\x00\xedkxlzS\xa8\x9d\
\xea\xe1\xaaH\x00\xce\xc6]!\x84\xbd\xb3\xbb7\xcf\xc7\
\x1e\x02\x004\x9e\xc8\x03\x00\x9a\xa0gt|S\xf0\x10\
\x16\x80\xd7\xf7b\xa8\xc5\x1d\x13\xb1\x87\x00\xd09\x86\xc7\
\xa6\xb7\x87\xda\xe9\x81\xef\x8d\xbb\x04\x806\xb5/\x84\xb0\
cv\xf7\xe6\x17b\x0f\x01\x00\x9aG\xe4\x01\x00M\xd4\
3:\xbe=\xd4b\x8fmq\x97\x00\xd0&r\xa1v\
-\xcb\xde\xd8C\x00\xe8\x5c\xc3c\xd3;B-\xf6p\
z \x00!\xbc\x12\x91\xcf\xee\xde<\x11{\x08\x00\xd0\
|\x22\x0f\x00h\x81\x9e\xd1\xf1\x1d\xc1CX\x80n\xf7\
`\x08a\xd7\xca\xd4\xce\xf9\xd8C\x00\xe8|\xc3c\xd3\
\x83\xa1vM\xe4W\xe2.\x01 \xa2\x5c\x08a\xcf\xec\
\xee\xcd{c\x0f\x01\x00ZG\xe4\x01\x00-\xd23:\
>\x18<\x84\x05\xe8F\xfbB-\xee\xf8M\xec!\x00\
\xa4\xcf\xf0\xd8\xf4\xa6P\x0b\xca?\x15w\x09\x00-v\
_\xa8\x05\x1e\xf3\xb1\x87\x00\x00\xad%\xf2\x00\x80\x16\xeb\
\x19\x1d\xdf\x14<\x84\x05\xe8\x06/\x86Z\xdc\xf1\x93\xd8\
C\x00H\xbf\xe1\xb1\xe9\xed!\x84\x07B\x08\xef\x88\xbb\
\x04\x80&\xdb\x17B\xd85\xbb{\xf3ob\x0f\x01\x00\
\xe2\x10y\x00@$=\xa3\xe3\xdbC-\xf6xo\xdc\
%\x004X.\x84\xb0wej\xe7\x9e\xd8C\x00\xe8\
>\xc3c\xd3\xbbB\x08{\x82\xab\x22\x01\xd2\xe6\xc5P\
\x8b;~\x12{\x08\x00\x10\x97\xc8\x03\x00\x22\xeb\x19\x1d\
\xdf\x15<\x84\x05H\x8b\x07C\x08{V\xa6v\xbe\x10\
{\x08\x00\xddkxlz0\xd4>c|1\xee\x12\
\x00\x1a \x17B\xd8;\xbb{\xf3\x9e\xd8C\x00\x80\xf6\
 \xf2\x00\x806\xd03:>\x18<\x84\x05\xe8d\xfb\
B-\xee\x98\x88=\x04\x00\xfe`xlzS\xa8]\
\xe1\xb2-\xee\x12\x00\xce\xd3\x83\xa1vz\xc7|\xec!\
\x00@\xfb\x10y\x00@\x1b\xe9\x19\x1d\xdf\x14<\x84\x05\
\xe8$/\x86Z\xdc\xf1@\xec!\x00\xf0z\x86\xc7\xa6\
?\xfd\xffo\xef\xeeq\xdb\xc8\xf2\xb6\x0f\xdfxQ\xf9\
(\xa9\xb8\x150,\xa0\xbd\x83\xd6\x0e\xda;\xb0V\xa0\
f\xc6\xb0\xe9\xb02\xbaV \xef\xc0\xde\x81\xb4\x03\x1b\
`X\x81\x143\x91r\x06op\xfc\xcc3=O\x7f\
\xf8C\xd2\xe1!\xaf\x0bp4\x03\xfbN&\xe0\x99\x1f\
\xea\x9fr*\xf2\xa7\xbaK\x00\xf8J\xb7I\xd6\xbb\xd5\
\xe2\xa6\xf6\x10\x00\xe0\xf0\x88<\x00\xe0\x00u\xc3\xf4:\
\x1ea\x01\x0e\xdd\xdb$\x9b\xfd\xf6\xea\xa1\xf6\x10\x00\xf8\
\x1a\xfd8\xaf\x93,\xe3T$\xc0\xa1\xbaO\x89;\xae\
k\x0f\x01\x00\x0e\x97\xc8\x03\x00\x0eX7L\xebx\x84\
\x0584\x1f\x93,\xf7\xdb\xab\xbb\xdaC\x00\xe0[\xf5\
\xe3|\x96\x12\x94\xbf\xa9\xbb\x04\x80\xff\xf26\xc9\xc6i\
\x16\x00\xe0\x9f\x88<\x00\xe0\xc0u\xc3t\x16\x8f\xb0\x00\
\x87\xe0sJ\xdcqS{\x08\x00\xfc\xa8~\x9c/\x92\
\xac\xe3T$@m\x1f\x93,w\xab\xc5]\xed!\x00\
@\x1bD\x1e\x00\xd0\x88n\x98^\xa5\xc4\x1e\x1ea\x01\
^\xd6c\x92\xf5~{\xb5\xa9=\x04\x00\x9eZ?\xce\
\x97)\xb1\x87S\x91\x00/\xebsJ\xdcqS{\x08\
\x00\xd0\x16\x91\x07\x004\xa6\x1b\xa6\xcbx\x84\x05x)\
\xefR\x02\x8f\x87\xdaC\x00\xe0\xb9|9\xe1\xb2\x8cS\
\x91\x00/\xe11%\xee\xb8\xae=\x04\x00h\x93\xc8\x03\
\x00\x1a\xf4\xe5\x84\xcb2\x1ea\x01\x9e\xcbm\x92\xcb\xfd\
\xf6\xea\xae\xf6\x10\x00x)\xfd8\x9f\xa7|=\xf0\xd7\
\xbaK\x00\x8e\xd6\xbb$\xeb\xddj\xf1P{\x08\x00\xd0\
.\x91\x07\x004\xac\x1b\xa6\xf3\x94\xafz\xbc\xa9\xbb\x04\
\xe0h\xdc\xa7\xc4\x1d7\xb5\x87\x00@-\xfd8_\xa4\
\xc4\x1e?\xd7]\x02p4n\x93\x5c\xeeV\x8b\xbb\xda\
C\x00\x80\xf6\x89<\x00\xe0\x08t\xc3t\x11\x8f\xb0\x00\
?\xe21\xc9f\xbf\xbdZ\xd7\x1e\x02\x00\x87\xa2\x1f\xe7\
\xcb\x94\xdf\x19\xbe\x1e\x08\xf0}\xeeS\xe2\x8e\x9b\xdaC\
\x00\x80\xe3!\xf2\x00\x80#\xd2\x0d\xd3e<\xc2\x02|\
\xab\xf7I\x96\xfb\xed\xd5C\xed!\x00ph\xfaq>\
K9\x13\xf9{\xdd%\x00MyL9\xcb\xb2\xa9=\
\x04\x008>\x22\x0f\x0082\xdd0\x9d\xc5#,\xc0\
\xd7\xb8M\x89;>\xd5\x1e\x02\x00\x87\xae\x1f\xe7\xf3$\
\xd7I~\xa9\xbb\x04\xe0\xe0\xbdO\xb2\xdc\xad\x16\x0f\xb5\
\x87\x00\x00\xc7I\xe4\x01\x00G\xaa\x1b\xa6\xf3\x94\xafz\
\xfcZw\x09\xc0\xc1\xb9O\x89;>\xd4\x1e\x02\x00\xad\
\xe9\xc7\xf9\x22%\xf6\xf8\xa9\xee\x12\x80\x83s\x9b\x12w\
|\xaa=\x04\x008n\x22\x0f\x008r\xdd0]\xc4\
#,@R>\x99\xbcI\xb2q\x9a\x05\x00~L?\
\xce\xcb$\xeb8\x15\x09p\x9f\x12w|\xa8=\x04\x00\
8\x0d\x22\x0f\x008\x11\xdd0-\xe3\x11\x168]\xef\
\x93\xac\xf7\xdb\xab\xbb\xdaC\x00\xe0X\xf4\xe3|\x96\x12\
P\xbe\xa9\xbb\x04\xa0\x8a\xc7$\x9b\xddj\xb1\xae=\x04\
\x008-\x22\x0f\x008!\xdd0\x9d\xa5\x84\x1e\xbf\xd5\
]\x02\xf0bnS\xe2\x8e\x9b\xdaC\x00\xe0X\xf5\xe3\
\xfc*%\xf6\xf8\xa5\xee\x12\x80\x17\xf3>\xc9z\xb7Z\
\xdc\xd5\x1e\x02\x00\x9c\x1e\x91\x07\x00\x9c\xa0n\x98^\xc5\
#,p\xdc\x1e\x93,\xf7\xdb\xab\xeb\xdaC\x00\xe0T\
\xf4\xe3\xfc:\xe5w\x86S\x91\xc0\xb1\xbaM\x89;n\
j\x0f\x01\x00N\x97\xc8\x03\x00NX7L\xaf\xe3\x11\
\x168>o\x93l\xf6\xdb\xab\x87\xdaC\x00\xe0\x14\xf5\
\xe3\xbcN\xb2\x8cS\x91\xc0\xf1xL\xb2\xdc\xad\x16\xd7\
\xb5\x87\x00\x00\x88<\x00\x80t\xc3\xb4\x8eGX\xa0}\
\x1fS\xbe\xdeqW{\x08\x00\x9c\xba~\x9c\xcfSN\
E\xbe\xa9\xbb\x04\xe0\x87\xbdM\xb2\xd9\xad\x16\x0f\xb5\x87\
\x00\x00$\x22\x0f\x00\xe0\x8bn\x98\xceR\xbe\xea\xe1\x11\
\x16h\xcd}\x92\xcb\xfd\xf6\xea\xa6\xf6\x10\x00\xe0\x8f\xfa\
q\xbeH\x89=\x9c\x8a\x04Z\xf31\xe5\xeb\x1dw\xb5\
\x87\x00\x00\xfc'\x91\x07\x00\xf0\x07\xdd0]\xc4#,\
\xd0\x86\xc7$\xeb\xfd\xf6jS{\x08\x00\xf0\xf7\xfaq\
\xbeL\xf9\x9d\xe1T$p\xe8>\xa7\xc4\x1d7\xb5\x87\
\x00\x00\xfc\x19\x91\x07\x00\xf0\xa7\xbaa\xba\x8cGX\xe0\
p\xbdK\x09<\x1ej\x0f\x01\x00\xbeN?\xceg)\
g\x22\x7f\xaf\xbb\x04\xe0O=&Y\xefV\x8bM\xed\
!\x00\x00\x7fG\xe4\x01\x00\xfc\xa5/'\x5c\x96_\xfe\
\xfc\xab\xe6\x16\x80/nSN\xb3\xdc\xd5\x1e\x02\x00|\
\x9f~\x9c\xcfSNE\xfeZw\x09\xc0\xbf\xbdK\x09\
<\x1ej\x0f\x01\x00\xf8'\x22\x0f\x00\xe0\x1fu\xc3t\
\x1e\x8f\xb0@]\xf7I\x96\xfb\xed\xd5\x87\xdaC\x00\x80\
\xa7\xd1\x8f\xf3E\xca\xef\x8c\x9f\xeb.\x01N\xd8m\x92\
\xcb\xddjqW{\x08\x00\xc0\xd7\x12y\x00\x00_\xad\
\x1b\xa6\x8bx\x84\x05^\xd6c\x92\xcd~{\xb5\xae=\
\x04\x00x\x1e\xfd8_\xa6\xfc\xce\xf0\xf5@\xe0\xa5\xdc\
\xa7\xc4\x1d7\xb5\x87\x00\x00|+\x91\x07\x00\xf0\xcd\xba\
a\xba\x8cGX\xe0\xf9\xbdO\xf9z\xc7C\xed!\x00\
\xc0\xf3\xea\xc7\xf9,\xc9:\xc9ou\x97\x00G\xee1\
\xc9f\xb7Z\xack\x0f\x01\x00\xf8^\x22\x0f\x00\xe0\xbb\
t\xc3t\x96d\x99\xe4\xf7\xbaK\x80#t\x9b\x12w\
|\xaa=\x04\x00xY\xfd8\x9f'\xb9N\xf2K\xdd\
%\xc0\x11z\x9fd\xb9[-\x1ej\x0f\x01\x00\xf8\x11\
\x22\x0f\x00\xe0\x87t\xc3t\x1e\x8f\xb0\xc0\xd3\xb8O\xb2\
\xdeo\xaf\xaek\x0f\x01\x00\xea\xea\xc7\xf9\x22\xe5w\xc6\
Ou\x97\x00G\xe06%\xee\xf8T{\x08\x00\xc0S\
\x10y\x00\x00O\xa2\x1b\xa6\x8bx\x84\x05\xbe\xcfc\xca\
\x09\xa8\x8d\xd3,\x00\xc0\x7f\xea\xc7y\x9d\xf2\x05A\xa7\
\x22\x81ou\x9f\x12w|\xa8=\x04\x00\xe0)\x89<\
\x00\x80'\xd5\x0d\xd32\xe5\x96\xb6GX\xe0k|L\
9\xcdrW{\x08\x00p\x98\xfaq>K\x09B\xdf\
\xd4]\x024\xe2\xdf\x11\xb9\xd3,\x00\xc01\x12y\x00\
\x00O\xae\x1b\xa6\xb3x\x84\x05\xfe\xde\xe7\x94\xb8\xe3\xa6\
\xf6\x10\x00\xa0\x0d\xfd8\xbfJ\xf9\x9d\xe1T$\xf0W\
\xde'Y\xefV\x8b\xbb\xdaC\x00\x00\x9e\x8b\xc8\x03\x00\
x6\xdd0\xbd\x8aGX\xe0\x8f\x1eS\xe2\x8e\xeb\xda\
C\x00\x806\xf5\xe3\xfc:\xe5w\x86S\x91\xc0\xff\xf8\
\x9cr\x9a\xe5\xa6\xf6\x10\x00\x80\xe7&\xf2\x00\x00\x9e]\
7L\xaf\xe3\x11\x16H\xde&\xd9\xec\xb7W\x0f\xb5\x87\
\x00\x00m\xfbr\xc2e\xf9\xe5\x8fS\x91p\xba\x1eS\
\xe2\x8e\xeb\xdaC\x00\x00^\x8a\xc8\x03\x00x1\xdd0\
\xad\xe3\x11\x16N\xd1m\x92\xcb\xfd\xf6\xea\xae\xf6\x10\x00\
\xe0\xb8\xf4\xe3|\x9ed\x1d\xa7\x22\xe1\x14\xbdM\xb2\xd9\
\xad\x16\x0f\xb5\x87\x00\x00\xbc$\x91\x07\x00\xf0\xa2\xbaa\
:\x8fGX8\x15\xf7)q\xc7M\xed!\x00\xc0q\
\xeb\xc7\xf9\x22\xe5w\x86S\x91p\xfc>\xa6|\xbd\xe3\
\xae\xf6\x10\x00\x80\x1aD\x1e\x00@\x15\xdd0]\xc4#\
,\x1c\xab\xc7$\xeb\xfd\xf6jS{\x08\x00pZ\xfa\
q\xbeL9\x15\xe9\xeb\x81p|\xee\x93\x5c\xeeV\x8b\
\x9b\xdaC\x00\x00j\x12y\x00\x00Uu\xc3t\x99\x12\
{\xfcTw\x09\xf0D\xde\xa5\x04\x1e\x0f\xb5\x87\x00\x00\
\xa7\xa9\x1f\xe7\xb3\x943\x91\xbf\xd7]\x02<\x91\xc7$\
\xeb\xddj\xb1\xa9=\x04\x00\xe0\x10\x88<\x00\x80\xea\xba\
a:\x8bGXh\xddm\x92\xe5~{\xf5\xa9\xf6\x10\
\x00\x80$\xe9\xc7\xf9<\xe5\xab\x1e\xbf\xd6]\x02\xfc\x80\
w)\x81\xc7C\xed!\x00\x00\x87B\xe4\x01\x00\x1c\x8c\
n\x98\xce\xe3\x11\x16Zs\x9f\x12w|\xa8=\x04\x00\
\xe0\xcf\xf4\xe3|\x91\xf2;\xe3\xe7\xbaK\x80op\x9b\
r\x9a\xe5\xae\xf6\x10\x00\x80C#\xf2\x00\x00\x0eN7\
L\x17\xf1\x08\x0b\x87\xee1\xc9f\xbf\xbdZ\xd7\x1e\x02\
\x00\xf05\xfaq^\xa6\x9c\x8a\xfcW\xdd%\xc0\xdf\xb8\
O\xb2\xdc\xad\x16\x1fj\x0f\x01\x008T\x22\x0f\x00\xe0\
`u\xc3t\x99\x12{x\x84\x85\xc3\xf2>\xe5\xeb\x1d\
\x0f\xb5\x87\x00\x00|\x8b~\x9c\xcfRB\x8f\xdf\xea.\
\x01\xfe\xcbc\x92\xcdn\xb5X\xd7\x1e\x02\x00p\xe8D\
\x1e\x00\xc0A\xeb\x86\xe9,\x1ea\xe1P\xdc&Y\xef\
\xb7W7\xb5\x87\x00\x00\xfc\x88~\x9c\xcf\x93\x5c'\xf9\
\xa5\xee\x12 _\x22\xf2\xddj\xf1P{\x08\x00@\x0b\
D\x1e\x00@\x13\xbaa:\x8fGX\xa8\xe5>%\xee\
\xb8\xae=\x04\x00\xe0)\xf5\xe3\xfc:\xe5\xeb\x81?\xd5\
]\x02'\xe96\xc9z\xb7Z\xdc\xd4\x1e\x02\x00\xd0\x12\
\x91\x07\x00\xd0\x94n\x98.Rb\x0f\x8f\xb0\xf02\xde\
&\xd98\xcd\x02\x00\x1c\xb3~\x9c\xd7I\x96q*\x12\
^\xc2}J\xdcq]{\x08\x00@\x8bD\x1e\x00@\
\x93\xbaaZ\xc7#,<\xa7\x8fI\x96\xfb\xed\xd5]\
\xed!\x00\x00/\xa1\x1f\xe7\xb3\x94\xafz\xbc\xa9\xbb\x04\
\x8e\xd6c\xca\xff\xc66N\xb3\x00\x00|?\x91\x07\x00\
\xd0\xacn\x98\xce\xe2\x11\x16\x9e\xda\xe7\x94\xb8\xe3\xa6\xf6\
\x10\x00\x80\x1a\xfaq~\x95\xf2;\xc3\xa9Hx:\x1f\
\x93,w\xab\xc5]\xed!\x00\x00\xad\x13y\x00\x00\xcd\
\xeb\x86\xe9U<\xc2\xc2\x8fzL\x89;\xaek\x0f\x01\
\x008\x04\xfd8_&Y\xc7\xa9H\xf8\x11\x9fS\xe2\
\x8e\x9b\xdaC\x00\x00\x8e\x85\xc8\x03\x008\x1a\xdd0\xbd\
N\x89=<\xc2\xc2\xb7y\x97d\xbd\xdf^=\xd4\x1e\
\x02\x00pH\xbe\x9cpY\xc6\xa9H\xf8V\x8f)q\
\xc7u\xed!\x00\x00\xc7F\xe4\x01\x00\x1c\x95/'\x5c\
\x96\xf1\x08\x0b_\xe36\xc9\xe5~{uW{\x08\x00\
\xc0!\xeb\xc7\xf9<\xe5\xab\x1eNE\xc2?{\x9bd\
\xb3[-\x1ej\x0f\x01\x008F\x22\x0f\x00\xe0(u\
\xc3t\x1e\x8f\xb0\xf0W\xeeS\xe2\x8e\x9b\xdaC\x00\x00\
Z\xd2\x8f\xf3E\xca\xd7\x03\x7f\xae\xbb\x04\x0e\xd2m\x92\
\xcb\xddjqW{\x08\x00\xc01\x13y\x00\x00G\xad\
\x1b\xa6\x8b\x94\xd8\xe3\x97\xbaK\xe0 <\xa6\x9ce\xd9\
\xd4\x1e\x02\x00\xd0\xb2~\x9c/Sb\x0f_\x0f\x84/\
\x11\xf9n\xb5\xb8\xa9=\x04\x00\xe0\x14\x88<\x00\x80\x93\
\xd0\x0d\xd3e<\xc2r\xda\xde'Y\xee\xb7W\x0f\xb5\
\x87\x00\x00\x1c\x83~\x9c\xcfR\xceD\xfe^w\x09T\
\xf3\x98d\xbd[-6\xb5\x87\x00\x00\x9c\x12\x91\x07\x00\
p2\xbaa:\x8bGXN\xcfmJ\xdc\xf1\xa9\xf6\
\x10\x00\x80c\xd4\x8f\xf3yJP\xfek\xdd%\xf0\xa2\
\xde\xa5\x04\x1e\x0f\xb5\x87\x00\x00\x9c\x1a\x91\x07\x00pr\
\xbaa:\x8fGX\x8e\xdf}J\xdc\xf1\xa1\xf6\x10\x00\
\x80S\xd0\x8f\xf3E\x92\xeb$?\xd5]\x02\xcf\xea6\
\xc9r\xb7Z|\xaa=\x04\x00\xe0T\x89<\x00\x80\x93\
\xd5\x0d\xd3E<\xc2r|\x1e\x93l\xf6\xdb\xabu\xed\
!\x00\x00\xa7\xa8\x1f\xe7e\x92u\x9c\x8a\xe4\xb8\xdc\xa7\
\xc4\x1d\x1fj\x0f\x01\x008u\x22\x0f\x00\xe0\xe4u\xc3\
\xb4\x8cGX\x8e\xc3\xfb$\xeb\xfd\xf6\xea\xae\xf6\x10\x00\
\x80S\xd6\x8f\xf3Y\xcao\x8c\xdf\xea.\x81\x1f\xf6\x98\
d\xb3[-\xd6\xb5\x87\x00\x00P\x88<\x00\x00\x92t\
\xc3t\x16\x8f\xb0\xb4\xeb6%\xee\xb8\xa9=\x04\x00\x80\
\xff\xd5\x8f\xf3\xab\x94S\x91\xbf\xd4]\x02\xdf\xe5}\x92\
\xf5n\xb5\xb8\xab=\x04\x00\x80\xff%\xf2\x00\x00\xf8\x0f\
\xdd0\x9d\xa7\x9cp\xf1\x08K\x0b\x1e\x93,\xf7\xdb\xab\
\xeb\xdaC\x00\x00\xf8k\xfd8\xbfN\x89=\x9c\x8a\xa4\
\x05\xb7)q\xc7M\xed!\x00\x00\xfc_\x22\x0f\x00\x80\
?\xd1\x0d\xd3\xebx\x84\xe5\xb0\xbdM\xb2\xd9o\xaf\x1e\
j\x0f\x01\x00\xe0\xeb\xf4\xe3\xbcN\xb2\x8cS\x91\x1c\xa6\
\xfb\x94\xb8\xe3\xba\xf6\x10\x00\x00\xfe\x9a\xc8\x03\x00\xe0o\
t\xc3\xb4\x8eGX\x0e\xcb\xc7\x94\xafw\xdc\xd5\x1e\x02\
\x00\xc0\xb7\xeb\xc7\xf9,%(\x7fSw\x09\xfc\xc1\xdb\
$\x9b\xddj\xf1P{\x08\x00\x00\x7fO\xe4\x01\x00\xf0\
\x0f\xbaa:\x8bGX\xea\xfb\x9c\x12w\xdc\xd4\x1e\x02\
\x00\xc0\x8f\xeb\xc7\xf9\x22\xc9:NER\xd7\xc7$\xcb\
\xddjqW{\x08\x00\x00_G\xe4\x01\x00\xf0\x95\xba\
az\x95\x12{x\x84\xe5%=&Y\xef\xb7W\x9b\
\xdaC\x00\x00xz\xfd8_\xa6\xc4\x1eNE\xf2\x92\
>\xa7\xc4\x1d7\xb5\x87\x00\x00\xf0mD\x1e\x00\x00\xdf\
\xa8\x1b\xa6\xcbx\x84\xe5e\xbcK\x09<\x1ej\x0f\x01\
\x00\xe0\xf9|9\xe1\xb2\x8cS\x91<\xbf\xc7\x94\xb8\xe3\
\xba\xf6\x10\x00\x00\xbe\x8f\xc8\x03\x00\xe0;|9\xe1\xb2\
\x8cGX\x9e\xc7m\x92\xcb\xfd\xf6\xea\xae\xf6\x10\x00\x00\
^N?\xce\xe7)_\x0f\xfc\xb5\xee\x12\x8e\xd4\xbb$\
\xeb\xddj\xf1P{\x08\x00\x00\xdfO\xe4\x01\x00\xf0\x03\
\xbaa:O\xf9\xaa\xc7\x9b\xbaK8\x12\xf7)q\xc7\
M\xed!\x00\x00\xd4\xd3\x8f\xf3EJ\xec\xf1s\xdd%\
\x1c\x89\xdb$\x97\xbb\xd5\xe2\xae\xf6\x10\x00\x00~\x9c\xc8\
\x03\x00\xe0\x09t\xc3t\x11\x8f\xb0|\xbf\xc7$\x9b\xfd\
\xf6j]{\x08\x00\x00\x87\xa3\x1f\xe7\xcb\x94\xdf\x19\xbe\
\x1e\xc8\xf7\xb8O\x89;nj\x0f\x01\x00\xe0\xe9\x88<\
\x00\x00\x9eP7L\x97\xf1\x08\xcb\xb7y\x9fd\xb9\xdf\
^=\xd4\x1e\x02\x00\xc0\xe1\xe9\xc7\xf9,\xe5\xeb\x81\xbf\
\xd5]BC\x1eS\xce\xb2lj\x0f\x01\x00\xe0\xe9\x89\
<\x00\x00\x9eX7LgI\x96I~\xaf\xbb\x84\x03\
w\x9b\x12w|\xaa=\x04\x00\x80\xc3\xd7\x8f\xf3y\x92\
\xeb$\xbf\xd4]\xc2\x81{\x9fd\xb9[-\x1ej\x0f\
\x01\x00\xe0y\x88<\x00\x00\x9eI7L\xe7\xf1\x08\xcb\
\xffu\x9f\x12w|\xa8=\x04\x00\x80\xf6\xf4\xe3|\x91\
\xf2;\xe3\xa7\xbaK80\xb7)q\xc7\xa7\xdaC\x00\
\x00x^\x22\x0f\x00\x80g\xd6\x0d\xd3E<\xc2R>\
\x99\xbcI\xb2q\x9a\x05\x00\x80\x1f\xd5\x8f\xf32\xe5\x8c\
\x8bS\x91\xa7\xed>%\xee\xf8P{\x08\x00\x00/C\
\xe4\x01\x00\xf0B\xbaaZ\xc6#\xec\xa9z\x9fd\xbd\
\xdf^\xdd\xd5\x1e\x02\x00\xc0\xf1\xe8\xc7\xf9,%$~\
Sw\x09\x15\xfc;\x22w\x9a\x05\x00\xe0\xb4\x88<\x00\
\x00^P7Lg)\xa1\xc7ou\x97\xf0B>\xa7\
\x9cf\xb9\xa9=\x04\x00\x80\xe3\xd5\x8f\xf3\xab\x94\xff\xc3\
\xdf\xa9\xc8\xd3\xf0>\xc9z\xb7Z\xdc\xd5\x1e\x02\x00\xc0\
\xcb\x13y\x00\x00T\xd0\x0d\xd3\xabx\x84=f\x8f)\
q\xc7u\xed!\x00\x00\x9c\x8e~\x9c_\xa7\xfc\xcep\
*\xf28\xdd\xa6\xc4\x1d7\xb5\x87\x00\x00P\x8f\xc8\x03\
\x00\xa0\xa2n\x98^\xc7#\xec\xb1y\x9bd\xb3\xdf^\
=\xd4\x1e\x02\x00\xc0i\xea\xc7y\x9dd\x19\xa7\x22\x8f\
\xc5c\x92\xe5n\xb5\xb8\xae=\x04\x00\x80\xfaD\x1e\x00\
\x00\x07\xa0\x1b\xa6u<\xc2\xb6\xeec\xca\xd7;\xeej\
\x0f\x01\x00\x80~\x9c\xcfSNE\xbe\xa9\xbb\x84\x1f\xf4\
6\xc9f\xb7Z<\xd4\x1e\x02\x00\xc0a\x10y\x00\x00\
\x1c\x88n\x98\xceR\xbe\xea\xe1\x11\xb6-\xf7I.\xf7\
\xdb\xab\x9b\xdaC\x00\x00\xe0\xbf\xf5\xe3|\x91\x12{8\
\x15\xd9\x96\x8f)_\xef\xb8\xab=\x04\x00\x80\xc3\x22\xf2\
\x00\x0080\xdd0]\xc4#l\x0b\x1e\x93\xac\xf7\xdb\
\xabM\xed!\x00\x00\xf0O\xfaq\xbeL\xf9\x9d\xe1T\
\xe4a\xfb\x9c\x12w\xdc\xd4\x1e\x02\x00\xc0a\x12y\x00\
\x00\x1c\xa8n\x98.\xe3\x11\xf6P\xbdK\x09<\x1ej\
\x0f\x01\x00\x80\xaf\xd5\x8f\xf3Y\xca\x99\xc8\xdf\xeb.\xe1\
O<&Y\xefV\x8bM\xed!\x00\x00\x1c6\x91\x07\
\x00\xc0\x01\xfbr\xc2e\xf9\xe5\xcf\xbfjn!Ir\
\x9br\x9a\xe5\xae\xf6\x10\x00\x00\xf8^\xfd8\x9f\xa7\x9c\
\x8a\xfc\xb5\xee\x12\xbex\x97\x12x<\xd4\x1e\x02\x00\xc0\
\xe1\x13y\x00\x004\xa0\x1b\xa6\xf3x\x84\xad\xe9>\xc9\
r\xbf\xbd\xfaP{\x08\x00\x00<\x95~\x9c/R~\
g\xfc\x5cw\xc9\xc9\xbaMr\xb9[-\xeej\x0f\x01\
\x00\xa0\x1d\x22\x0f\x00\x80\x86t\xc3t\x11\x8f\xb0/\xe9\
1\xc9f\xbf\xbdZ\xd7\x1e\x02\x00\x00\xcf\xa5\x1f\xe7e\
\xca\xa9H_\x0f|\x19\xf7)q\xc7M\xed!\x00\x00\
\xb4G\xe4\x01\x00\xd0\xa0n\x98.Sb\x0f\x8f\xb0\xcf\
\xe7}\xca\xd7;\x1ej\x0f\x01\x00\x80\xe7\xd6\x8f\xf3Y\
J\xe8\xf1[\xdd%G\xed1\xc9f\xb7Z\xack\x0f\
\x01\x00\xa0]\x22\x0f\x00\x80Fu\xc3t\x16\x8f\xb0\xcf\
\xe16\xc9z\xbf\xbd\xba\xa9=\x04\x00\x00^Z?\xce\
\xe7I\xae\x93\xfcRw\xc9\xd1y\x9fd\xb9[-\x1e\
j\x0f\x01\x00\xa0m\x22\x0f\x00\x80\xc6u\xc3t\x1e\x8f\
\xb0O\xe1>%\xee\xb8\xae=\x04\x00\x00j\xeb\xc7\xf9\
\x22\xe5w\xc6Ou\x974\xef6%\xee\xf8T{\x08\
\x00\x00\xc7A\xe4\x01\x00p$\xbaa\xba\x88G\xd8\xef\
\xf1\x98r\xfaf\xe34\x0b\x00\x00\xfcQ?\xce\xeb$\
\xcb8\x15\xf9\xad\xee\x93\xacw\xab\xc5u\xed!\x00\x00\
\x1c\x17\x91\x07\x00\xc0\x91\xe9\x86i\x99r\xc6\xc5#\xec\
?\xfb\x98d\xb9\xdf^\xdd\xd5\x1e\x02\x00\x00\x87\xaa\x1f\
\xe7\xb3\x940\xfaM\xdd%M\xf8wD\xee4\x0b\x00\
\x00\xcfA\xe4\x01\x00p\x84\xbaa:\x8bG\xd8\xbf\xf3\
9%\xee\xb8\xa9=\x04\x00\x00Z\xd1\x8f\xf3\xab\x94\xdf\
\x19NE\xfe\xb9\xf7)_\xef\xb8\xab=\x04\x00\x80\xe3\
%\xf2\x00\x008b\xdd0\xbd\x8aG\xd8\xff\xf4\x98\x12\
w\x5c\xd7\x1e\x02\x00\x00\xad\xea\xc7\xf9u\xca\xef\x0c\xa7\
\x22\x8b\xcfI\x96\xbb\xd5\xe2\xa6\xf6\x10\x00\x00\x8e\x9f\xc8\
\x03\x00\xe0\x04t\xc3\xf4:\x1ea\xdf&\xd9\xec\xb7W\
\x0f\xb5\x87\x00\x00@\xeb\xbe\x9cpY~\xf9s\xaa\xa7\
\x22\x1fS\xe2\x8e\xeb\xdaC\x00\x008\x1d\x22\x0f\x00\x80\
\x13\xd2\x0d\xd3:\xa7\xf7\x08{\x9b\xe4r\xbf\xbd\xba\xab\
=\x04\x00\x00\x8eM?\xce\xe7I\xd69\xbdS\x91o\
\x93lv\xab\xc5C\xed!\x00\x00\x9c\x16\x91\x07\x00\xc0\
\x89\xe9\x86\xe9<\xa7\xf1\x08{\x9f\x12w\xdc\xd4\x1e\x02\
\x00\x00\xc7\xae\x1f\xe7\x8b\x94\xdf\x19\xc7~*\xf2c\xca\
\xd7;\xeej\x0f\x01\x00\xe04\x89<\x00\x00NT7\
L\x179\xceG\xd8\xc7$\xeb\xfd\xf6jS{\x08\x00\
\x00\x9c\x9a~\x9c/SNE\x1e\xdb\xd7\x03\xef\x93\x5c\
\xeeV\x8b\x9b\xdaC\x00\x008m\x22\x0f\x00\x80\x13\xd7\
\x0d\xd3e\x8e\xe7\x11\xf6]J\xe0\xf1P{\x08\x00\x00\
\x9c\xaa~\x9c\xcfR\xceD\xfe^w\xc9\x93xL\xb2\
\xde\xad\x16\x9b\xdaC\x00\x00 \x11y\x00\x00\x90\xa4\x1b\
\xa6\xb3\xb4\xfd\x08{\x9bd\xb9\xdf^}\xaa=\x04\x00\
\x00(\xfaq>O\x09\xca\x7f\xad\xbb\xe4\xbb\xbdK\x09\
<\x1ej\x0f\x01\x00\x80\xff!\xf2\x00\x00\xe0\xdf\xbaa\
:O[\x8f\xb0\xf7)q\xc7\x87\xdaC\x00\x00\x80?\
\xd7\x8f\xf3E\x92\xeb$?\xd5]\xf2\xd5n\x93,w\
\xab\xc5\xa7\xdaC\x00\x00\xe0\xbf\x89<\x00\x00\xf8?\xba\
a\xbaH\x89=~\xae\xbb\xe4/=&\xd9\xec\xb7W\
\xeb\xdaC\x00\x00\x80\xaf\xd3\x8f\xf32\xc9:\x87{*\
\xf2>%\xee\xf8P{\x08\x00\x00\xfc\x15\x91\x07\x00\x00\
\x7f\xa9\x1b\xa6e\x0e\xef\x11\xf6}\x92\xf5~{uW\
{\x08\x00\x00\xf0m\xfaq>K\xf9\x8d\xf1[\xdd%\
\x7f\xf0\x98d\xb3[-\xd6\xb5\x87\x00\x00\xc0?\x11y\
\x00\x00\xf0\xb7\xbaa:\xcba<\xc2\xde\xa6\xc4\x1d7\
\x95w\x00\x00\x00?\xa8\x1f\xe7\xf3\x94\x13.\xbf\xd4]\
\x92\xf7)_\xefx\xa8\xbc\x03\x00\x00\xbe\x8a\xc8\x03\x00\
\x80\xaf\xd2\x0d\xd3y\xea<\xc2\xde\xa7\xc4\x1d\xd7/\xfc\
\xef\x02\x00\x00\xcf\xac\x1f\xe7\xd7)\xa7\x22\x7fz\xe1\x7f\
\xfa6\xc9z\xb7Z\xdc\xbc\xf0\xbf\x0b\x00\x00?D\xe4\
\x01\x00\xc07\xe9\x86\xe9\x22%\xf6x\x89G\xd8\xb7I\
6\xfb\xed\xd5\xc3\x0b\xfc[\x00\x00@%\xfd8\xaf\x93\
,\xf3\xfc\xa7\x22\xefS\xe2\x8e\xebg\xfew\x00\x00\xe0\
Y\x88<\x00\x00\xf8.\xdd0\xad\xf3|\x8f\xb0\x1f\x93\
,\xf7\xdb\xab\xbbg\xf8\xbb\x01\x00\x80\x03\xd4\x8f\xf3Y\
\xcaW=\xde<\xc3_\xff\xf8\xe5\xef\xde8\xcd\x02\x00\
@\xcbD\x1e\x00\x00|\xb7n\x98\xce\xf2\xb4\x8f\xb0\x9f\
S\xe2\x8e\x9b'\xfa\xfb\x00\x00\x80\xc6\xf4\xe3\xfc*\xe5\
w\xc6S\x9d\x8a\xfc\x98d\xb9[-\xee\x9e\xe8\xef\x03\
\x00\x80jD\x1e\x00\x00\xfc\xb0n\x98^\xe5\xc7\x1ea\
\x1fS\xe2\x8e\xeb'\x9a\x04\x00\x004\xae\x1f\xe7\xcb$\
\xeb|\xff\xa9\xc8\xcf)q\xc7\xcd\x13M\x02\x00\x80\xea\
D\x1e\x00\x00<\x99n\x98^\xa7\xc4\x1e\xdf\xf2\x08\xfb\
.\xc9z\xbf\xbdzx\x86I\x00\x00@\xc3\xbe\x9cp\
Y\xe6\xdbNE>\xa6\xc4\x1d\xd7\xcf2\x0a\x00\x00*\
\x12y\x00\x00\xf0\xa4\xbe\x9cpY\xe6\x9f\x1fao\x93\
\x5c\xee\xb7Ww\xcf>\x0a\x00\x00hZ?\xce\xe7)\
A\xf9\xaf\xff\xf0_}\x9bd\xb3[-\x1e\x9ey\x12\
\x00\x00T!\xf2\x00\x00\xe0Yt\xc3t\x9e\xf2i\xe5\
7\xff\xf5\x1f\xdd\xa7\xc4\x1d7/<\x09\x00\x00h\x5c\
?\xce\x17)\xb1\xc7\xcf\xff\xf5\x1f\xdd&\xb9\xdc\xad\x16\
w/<\x09\x00\x00^\x94\xc8\x03\x00\x80g\xd5\x0d\xd3\
E\xca#\xecy\xcaY\x96M\xc59\x00\x00\xc0\x11\xe8\
\xc7\xf92\xe5w\xc6CJ\xdcqSq\x0e\x00\x00\xbc\
\x18\x91\x07\x00\x00/\xa2\x1b\xa6\xb3\xfd\xf6\xea\xa1\xf6\x0e\
\x00\x00\xe08\xf4\xe3|\xe6,\x0b\x00\x00\xa7F\xe4\x01\
\x00\x00\x00\x00\x00\x00\x00\xd0\x80\xffW{\x00\x00\x00\x00\
\x00\x00\x00\x00\x00\xffL\xe4\x01\x00\x00\x00\x00\x00\x00\x00\
\xd0\x00\x91\x07\x00\x00\x00\x00\x00\x00\x00@\x03D\x1e\x00\
\x00\x00\x00\x00\x00\x00\x00\x0d\x10y\x00\x00\x00\x00\x00\x00\
\x00\x004@\xe4\x01\x00\x00\x00\x00\x00\x00\x00\xd0\x00\x91\
\x07\x00\x00\x00\x00\x00\x00\x00@\x03D\x1e\x00\x00\x00\x00\
\x00\x00\x00\x00\x0d\x10y\x00\x00\x00\x00\x00\x00\x00\x004\
@\xe4\x01\x00\x00\x00\x00\x00\x00\x00\xd0\x00\x91\x07\x00\x00\
\x00\x00\x00\x00\x00@\x03D\x1e\x00\x00\x00\x00\x00\x00\x00\
\x00\x0d\x10y\x00\x00\x00\x00\x00\x00\x00\x004@\xe4\x01\
\x00\x00\x00\x00\x00\x00\x00\xd0\x00\x91\x07\x00\x00\x00\x00\x00\
\x00\x00@\x03D\x1e\x00\x00\x00\x00\x00\x00\x00\x00\x0d\x10\
y\x00\x00\x00\x00\x00\x00\x00\x004@\xe4\x01\x00\x00\x00\
\x00\x00\x00\x00\xd0\x00\x91\x07\x00\x00\x00\x00\x00\x00\x00@\
\x03D\x1e\x00\x00\x00\x00\x00\x00\x00\x00\x0d\x10y\x00\x00\
\x00\x00\x00\x00\x00\x004@\xe4\x01\x00\x00\x00\x00\x00\x00\
\x00\xd0\x00\x91\x07\x00\x00\x00\x00\x00\x00\x00@\x03D\x1e\
\x00\x00\x00\x00\x00\x00\x00\x00\x0d\x10y\x00\x00\x00\x00\x00\
\x00\x00\x004@\xe4\x01\x00\x00\x00\x00\x00\x00\x00\xd0\x00\
\x91\x07\x00\x00\x00\x00\x00\x00\x00@\x03D\x1e\x00\x00\x00\
\x00\x00\x00\x00\x00\x0d\x10y\x00\x00\x00\x00\x00\x00\x00\x00\
4@\xe4\x01\x00\x00\x00\x00\x00\x00\x00\xd0\x00\x91\x07\x00\
\x00\x00\x00\x00\x00\x00@\x03D\x1e\x00\x00\x00\x00\x00\x00\
\x00\x00\x0d\x10y\x00\x00\x00\x00\x00\x00\x00\x004@\xe4\
\x01\x00\x00\x00\x00\x00\x00\x00\xd0\x00\x91\x07\x00\x00\x00\x00\
\x00\x00\x00@\x03D\x1e\x00\x00\x00\x00\x00\x00\x00\x00\x0d\
\x10y\x00\x00\x00\x00\x00\x00\x00\x004@\xe4\x01\x00\x00\
\x00\x00\x00\x00\x00\xd0\x00\x91\x07\x00\x00\x00\x00\x00\x00\x00\
@\x03D\x1e\x00\x00\x00\x00\x00\x00\x00\x00\x0d\x10y\x00\
\x00\x00\x00\x00\x00\x00\x004@\xe4\x01\x00\x00\x00\x00\x00\
\x00\x00\xd0\x00\x91\x07\x00\x00\x00\x00\x00\x00\x00@\x03D\
\x1e\x00\x00\x00\x00\x00\x00\x00\x00\x0d\x10y\x00\x00\x00\x00\
\x00\x00\x00\x004@\xe4\x01\x00\x00\x00\x00\x00\x00\x00\xd0\
\x00\x91\x07\x00\x00\x00\x00\x00\x00\x00@\x03D\x1e\x00\x00\
\x00\x00\x00\x00\x00\x00\x0d\x10y\x00\x00\x00\x00\x00\x00\x00\
\x004@\xe4\x01\x00\x00\x00\x00\x00\x00\x00\xd0\x00\x91\x07\
\x00\x00\x00\x00\x00\x00\x00@\x03D\x1e\x00\x00\x00\x00\x00\
\x00\x00\x00\x0d\x10y\x00\x00\x00\x00\x00\x00\x00\x004@\
\xe4\x01\x00\x00\x00\x00\x00\x00\x00\xd0\x00\x91\x07\x00\x00\x00\
\x00\x00\x00\x00@\x03D\x1e\x00\x00\x00\x00\x00\x00\x00\x00\
\x0d\x10y\x00\x00\x00\x00\x00\x00\x00\x004@\xe4\x01\x00\
\x00\x00\x00\x00\x00\x00\xd0\x00\x91\x07\x00\x00\x00\x00\x00\x00\
\x00@\x03D\x1e\x00\x00\x00\x00\x00\x00\x00\x00\x0d\x10y\
\x00\x00\x00\x00\x00\x00\x00\x004@\xe4\x01\x00\x00\x00\x00\
\x00\x00\x00\xd0\x00\x91\x07\x00\x00\x00\x00\x00\x00\x00@\x03\
D\x1e\x00\x00\x00\x00\x00\x00\x00\x00\x0d\x10y\x00\x00\x00\
\x00\x00\x00\x00\x004@\xe4\x01\x00\x00\x00\x00\x00\x00\x00\
\xd0\x00\x91\x07\x00\x00\x00\x00\x00\x00\x00@\x03D\x1e\x00\
\x00\x00\x00\x00\x00\x00\x00\x0d\x10y\x00\x00\x00\x00\x00\x00\
\x00\x004@\xe4\x01\x00\x00\x00\x00\x00\x00\x00\xd0\x00\x91\
\x07\x00\x00\x00\x00\x00\x00\x00@\x03D\x1e\x00\x00\x00\x00\
\x00\x00\x00\x00\x0d\x10y\x00\x00\x00\x00\x00\x00\x00\x004\
@\xe4\x01\x00\x00\x00\x00\x00\x00\x00\xd0\x00\x91\x07\x00\x00\
\x00\x00\x00\x00\x00@\x03D\x1e\x00\x00\x00\x00\x00\x00\x00\
\x00\x0d\x10y\x00\x00\x00\x00\x00\x00\x00\x004@\xe4\x01\
\x00\x00\x00\x00\x00\x00\x00\xd0\x00\x91\x07\x00\x00\x00\x00\x00\
\x00\x00@\x03D\x1e\x00\x00\x00\x00\x00\x00\x00\x00\x0d\x10\
y\x00\x00\x00\x00\x00\x00\x00\x004@\xe4\x01\x00\x00\x00\
\x00\x00\x00\x00\xd0\x00\x91\x07\x00\x00\x00\x00\x00\x00\x00@\
\x03D\x1e\x00\x00\x00\x00\x00\x00\x00\x00\x0d\x10y\x00\x00\
\x00\x00\x00\x00\x00\x004@\xe4\x01\x00\x00\x00\x00\x00\x00\
\x00\xd0\x00\x91\x07\x00\x00\x00\x00\x00\x00\x00@\x03D\x1e\
\x00\x00\x00\x00\x00\x00\x00\x00\x0d\x10y\x00\x00\x00\x00\x00\
\x00\x00\x004@\xe4\x01\x00\x00\x00\x00\x00\x00\x00\xd0\x00\
\x91\x07\x00\x00\x00\x00\x00\x00\x00@\x03D\x1e\x00\x00\x00\
\x00\x00\x00\x00\x00\x0d\x10y\x00\x00\x00\x00\x00\x00\x00\x00\
4@\xe4\x01\x00\x00\x00\x00\x00\x00\x00\xd0\x00\x91\x07\x00\
\x00\x00\x00\x00\x00\x00@\x03D\x1e\x00\x00\x00\x00\x00\x00\
\x00\x00\x0d\x10y\x00\x00\x00\x00\x00\x00\x00\x004@\xe4\
\x01\x00\x00\x00\x00\x00\x00\x00\xd0\x00\x91\x07\x00\x00\x00\x00\
\x00\x00\x00@\x03D\x1e\x00\x00\x00\x00\x00\x00\x00\x00\x0d\
\x10y\x00\x00\x00\x00\x00\x00\x00\x004@\xe4\x01\x00\x00\
\x00\x00\x00\x00\x00\xd0\x00\x91\x07\x00\x00\x00\x00\x00\x00\x00\
@\x03D\x1e\x00\x00\x00\x00\x00\x00\x00\x00\x0d\x10y\x00\
\x00\x00\x00\x00\x00\x00\x004@\xe4\x01\x00\x00\x00\x00\x00\
\x00\x00\xd0\x00\x91\x07\x00\x00\x00\x00\x00\x00\x00@\x03D\
\x1e\x00\x00\x00\x00\x00\x00\x00\x00\x0d\x10y\x00\x00\x00\x00\
\x00\x00\x00\x004@\xe4\x01\x00\x00\x00\x00\x00\x00\x00\xd0\
\x00\x91\x07\x00\x00\x00\x00\x00\x00\x00@\x03D\x1e\x00\x00\
\x00\x00\x00\x00\x00\x00\x0d\x10y\x00\x00\x00\x00\x00\x00\x00\
\x004@\xe4\x01\x00\x00\x00\x00\x00\x00\x00\xd0\x00\x91\x07\
\x00\x00\x00\x00\x00\x00\x00@\x03D\x1e\x00\x00\x00\x00\x00\
\x00\x00\x00\x0d\x10y\x00\x00\x00\x00\x00\x00\x00\x004@\
\xe4\x01\x00\x00\x00\x00\x00\x00\x00\xd0\x00\x91\x07\x00\x00\x00\
\x00\x00\x00\x00@\x03D\x1e\x00\x00\x00\x00\x00\x00\x00\x00\
\x0d\x10y\x00\x00\x00\x00\x00\x00\x00\x004@\xe4\x01\x00\
\x00\x00\x00\x00\x00\x00\xd0\x00\x91\x07\x00\x00\x00\x00\x00\x00\
\x00@\x03D\x1e\x00\x00\x00\x00\x00\x00\x00\x00\x0d\x10y\
\x00\x00\x00\x00\x00\x00\x00\x004@\xe4\x01\x00\x00\x00\x00\
\x00\x00\x00\xd0\x00\x91\x07\x00\x00\x00\x00\x00\x00\x00@\x03\
D\x1e\x00\x00\x00\x00\x00\x00\x00\x00\x0d\x10y\x00\x00\x00\
\x00\x00\x00\x00\x004@\xe4\x01\x00\x00\x00\x00\x00\x00\x00\
\xd0\x00\x91\x07\x00\x00\x00\x00\x00\x00\x00@\x03D\x1e\x00\
\x00\x00\x00\x00\x00\x00\x00\x0d\x10y\x00\x00\x00\x00\x00\x00\
\x00\x004@\xe4\x01\x00\x00\x00\x00\x00\x00\x00\xd0\x00\x91\
\x07\x00\x00\x00\x00\x00\x00\x00@\x03D\x1e\x00\x00\x00\x00\
\x00\x00\x00\x00\x0d\x10y\x00\x00\x00\x00\x00\x00\x00\x004\
@\xe4\x01\x00\x00\x00\x00\x00\x00\x00\xd0\x00\x91\x07\x00\x00\
\x00\x00\x00\x00\x00@\x03D\x1e\x00\x00\x00\x00\x00\x00\x00\
\x00\x0d\x10y\x00\x00\x00\x00\x00\x00\x00\x004@\xe4\x01\
\x00\x00\x00\x00\x00\x00\x00\xd0\x00\x91\x07\x00\x00\x00\x00\x00\
\x00\x00@\x03D\x1e\x00\x00\x00\x00\x00\x00\x00\x00\x0d\x10\
y\x00\x00\x00\x00\x00\x00\x00\x004@\xe4\x01\x00\x00\x00\
\x00\x00\x00\x00\xd0\x00\x91\x07\x00\x00\x00\x00\x00\x00\x00@\
\x03D\x1e\x00\x00\x00\x00\x00\x00\x00\x00\x0d\x10y\x00\x00\
\x00\x00\x00\x00\x00\x004@\xe4\x01\x00\x00\x00\x00\x00\x00\
\x00\xd0\x00\x91\x07\x00\x00\x00\x00\x00\x00\x00@\x03D\x1e\
\x00\x00\x00\x00\x00\x00\x00\x00\x0d\x10y\x00\x00\x00\x00\x00\
\x00\x00\x004@\xe4\x01\x00\x00\x00\x00\x00\x00\x00\xd0\x00\
\x91\x07\x00\x00\x00\x00\x00\x00\x00@\x03D\x1e\x00\x00\x00\
\x00\x00\x00\x00\x00\x0d\x10y\x00\x00\x00\x00\x00\x00\x00\x00\
4@\xe4\x01\x00\x00\x00\x00\x00\x00\x00\xd0\x00\x91\x07\x00\
\x00\x00\x00\x00\x00\x00@\x03D\x1e\x00\x00\x00\x00\x00\x00\
\x00\x00\x0d\x10y\x00\x00\x00\x00\x00\x00\x00\x004@\xe4\
\x01\x00\x00\x00\x00\x00\x00\x00\xd0\x00\x91\x07\x00\x00\x00\x00\
\x00\x00\x00@\x03D\x1e\x00\x00\x00\x00\x00\x00\x00\x00\x0d\
\x10y\x00\x00\x00\x00\x00\x00\x00\x004@\xe4\x01\x00\x00\
\x00\x00\x00\x00\x00\xd0\x00\x91\x07\x00\x00\x00\x00\x00\x00\x00\
@\x03D\x1e\x00\x00\x00\x00\x00\x00\x00\x00\x0d\x10y\x00\
\x00\x00\x00\x00\x00\x00\x004@\xe4\x01\x00\x00\x00\x00\x00\
\x00\x00\xd0\x00\x91\x07\x00\x00\x00\x00\x00\x00\x00@\x03D\
\x1e\x00\x00\x00\x00\x00\x00\x00\x00\x0d\x10y\x00\x00\x00\x00\
\x00\x00\x00\x004@\xe4\x01\x00\x00\x00\x00\x00\x00\x00\xd0\
\x00\x91\x07\x00\x00\x00\x00\x00\x00\x00@\x03D\x1e\x00\x00\
\x00\x00\x00\x00\x00\x00\x0d\x10y\x00\x00\x00\x00\x00\x00\x00\
\x004@\xe4\x01\x00\x00\x00\x00\x00\x00\x00\xd0\x00\x91\x07\
\x00\x00\x00\x00\x00\x00\x00@\x03D\x1e\x00\x00\x00\x00\x00\
\x00\x00\x00\x0d\x10y\x00\x00\x00\x00\x00\x00\x00\x004@\
\xe4\x01\x00\x00\x00\x00\x00\x00\x00\xd0\x00\x91\x07\x00\x00\x00\
\x00\x00\x00\x00@\x03D\x1e\x00\x00\x00\x00\x00\x00\x00\x00\
\x0d\x10y\x00\x00\x00\x00\x00\x00\x00\x004@\xe4\x01\x00\
\x00\x00\x00\x00\x00\x00\xd0\x00\x91\x07\x00\x00\x00\x00\x00\x00\
\x00@\x03D\x1e\x00\x00\x00\x00\x00\x00\x00\x00\x0d\x10y\
\x00\x00\x00\x00\x00\x00\x00\x004@\xe4\x01\x00\x00\x00\x00\
\x00\x00\x00\xd0\x00\x91\x07\x00\x00\x00\x00\x00\x00\x00@\x03\
D\x1e\x00\x00\x00\x00\x00\x00\x00\x00\x0d\x10y\x00\x00\x00\
\x00\x00\x00\x00\x004@\xe4\x01\x00\x00\x00\x00\x00\x00\x00\
\xd0\x00\x91\x07\x00\x00\x00\x00\x00\x00\x00@\x03D\x1e\x00\
\x00\x00\x00\x00\x00\x00\x00\x0d\x10y\x00\x00\x00\x00\x00\x00\
\x00\x004@\xe4\x01\x00\x00\x00\x00\x00\x00\x00\xd0\x00\x91\
\x07\x00\x00\x00\x00\x00\x00\x00@\x03D\x1e\x00\x00\x00\x00\
\x00\x00\x00\x00\x0d\x10y\x00\x00\x00\x00\x00\x00\x00\x004\
@\xe4\x01\x00\x00\x00\x00\x00\x00\x00\xd0\x00\x91\x07\x00\x00\
\x00\x00\x00\x00\x00@\x03D\x1e\x00\x00\x00\x00\x00\x00\x00\
\x00\x0d\x10y\x00\x00\x00\x00\x00\x00\x00\x004@\xe4\x01\
\x00\x00\x00\x00\x00\x00\x00\xd0\x00\x91\x07\x00\x00\x00\x00\x00\
\x00\x00@\x03D\x1e\x00\x00\x00\x00\x00\x00\x00\x00\x0d\x10\
y\x00\x00\x00\x00\x00\x00\x00\x004@\xe4\x01\x00\x00\x00\
\x00\x00\x00\x00\xd0\x00\x91\x07\x00\x00\x00\x00\x00\x00\x00@\
\x03D\x1e\x00\x00\x00\x00\x00\x00\x00\x00\x0d\x10y\x00\x00\
\x00\x00\x00\x00\x00\x004@\xe4\x01\x00\x00\x00\x00\x00\x00\
\x00\xd0\x00\x91\x07\x00\x00\x00\x00\x00\x00\x00@\x03D\x1e\
\x00\x00\x00\x00\x00\x00\x00\x00\x0d\x10y\x00\x00\x00\x00\x00\
\x00\x00\x004@\xe4\x01\x00\x00\x00\x00\x00\x00\x00\xd0\x00\
\x91\x07\x00\x00\x00\x00\x00\x00\x00@\x03D\x1e\x00\x00\x00\
\x00\x00\x00\x00\x00\x0d\x10y\x00\x00\x00\x00\x00\x00\x00\x00\
4@\xe4\x01\x00\x00\x00\x00\x00\x00\x00\xd0\x00\x91\x07\x00\
\x00\x00\x00\x00\x00\x00@\x03D\x1e\x00\x00\x00\x00\x00\x00\
\x00\x00\x0d\x10y\x00\x00\x00\x00\x00\x00\x00\x004@\xe4\
\x01\x00\x00\x00\x00\x00\x00\x00\xd0\x00\x91\x07\x00\x00\x00\x00\
\x00\x00\x00@\x03D\x1e\x00\x00\x00\x00\x00\x00\x00\x00\x0d\
\x10y\x00\x00\x00\x00\x00\x00\x00\x004@\xe4\x01\x00\x00\
\x00\x00\x00\x00\x00\xd0\x00\x91\x07\x00\x00\x00\x00\x00\x00\x00\
@\x03D\x1e\x00\x00\x00\x00\x00\x00\x00\x00\x0d\x10y\x00\
\x00\x00\x00\x00\x00\x00\x004\xe0\xff\x03\xb1\xff\x15\xc02\
t\x1bc\x00\x00\x00\x00IEND\xaeB`\x82\
"

qt_resource_name = b"\
\x00\x05\
\x00s^c\
\x00l\
\x00o\x00g\x00o\x00s\
\x00\x07\
\x03\x89\x1cs\
\x00m\
\x00a\x00r\x00k\x00e\x00r\x00s\
\x00\x05\
\x00O\xa6S\
\x00I\
\x00c\x00o\x00n\x00s\
\x00\x03\
\x00\x00s\x80\
\x00m\
\x00a\x00p\
\x00\x03\
\x00\x00S\x80\
\x00M\
\x00a\x00p\
\x00\x0e\
\x02\xbe\xc5\x1d\
\x00m\
\x00a\x00p\x00_\x00f\x00a\x00b\x00l\x00a\x00b\x00.\x00p\x00g\x00m\
\x00\x0d\
\x03v\x10\xe7\
\x00m\
\x00q\x00t\x00t\x00_\x00i\x00c\x00o\x00n\x00.\x00s\x00v\x00g\
\x00\x0f\
\x08\xec\x8d\xa7\
\x00l\
\x00o\x00w\x00-\x00b\x00a\x00t\x00t\x00e\x00r\x00y\x00.\x00p\x00n\x00g\
\x00\x0b\
\x06!\xeeG\
\x00l\
\x00o\x00g\x00-\x00o\x00u\x00t\x00.\x00s\x00v\x00g\
\x00\x10\
\x0b\xe4\xb3\xc7\
\x00R\
\x00e\x00f\x00r\x00e\x00s\x00h\x00_\x00i\x00c\x00o\x00n\x00.\x00p\x00n\x00g\
\x00\x11\
\x05\x5c^\xe7\
\x00e\
\x00m\x00p\x00t\x00y\x00-\x00b\x00a\x00t\x00t\x00e\x00r\x00y\x00.\x00p\x00n\x00g\
\
\x00\x1d\
\x0a3\xb7g\
\x008\
\x006\x006\x005\x001\x009\x003\x00_\x00c\x00h\x00e\x00v\x00r\x00o\x00n\x00_\x00d\
\x00o\x00w\x00n\x00_\x00i\x00c\x00o\x00n\x00.\x00s\x00v\x00g\
\x00\x0b\
\x0cM@\x07\
\x00b\
\x00a\x00t\x00t\x00e\x00r\x00y\x00.\x00p\x00n\x00g\
\x00\x10\
\x02\xf20\xa7\
\x00f\
\x00u\x00l\x00l\x00-\x00b\x00a\x00t\x00t\x00e\x00r\x00y\x00.\x00p\x00n\x00g\
\x00\x10\
\x0e\xf2\xe0\xa7\
\x00h\
\x00a\x00l\x00f\x00-\x00b\x00a\x00t\x00t\x00e\x00r\x00y\x00.\x00p\x00n\x00g\
\x00\x0a\
\x08\x94m\xc7\
\x00s\
\x00e\x00a\x00r\x00c\x00h\x00.\x00s\x00v\x00g\
\x00\x08\
\x0cXT\xa7\
\x00m\
\x00e\x00n\x00u\x00.\x00s\x00v\x00g\
\x00\x1e\
\x01\xb0\xf9\xe7\
\x008\
\x006\x006\x005\x001\x009\x005\x00_\x00c\x00h\x00e\x00v\x00r\x00o\x00n\x00_\x00r\
\x00i\x00g\x00h\x00t\x00_\x00i\x00c\x00o\x00n\x00.\x00s\x00v\x00g\
\x00\x1b\
\x0d/\x0f\xc7\
\x008\
\x006\x006\x005\x001\x009\x006\x00_\x00c\x00h\x00e\x00v\x00r\x00o\x00n\x00_\x00u\
\x00p\x00_\x00i\x00c\x00o\x00n\x00.\x00s\x00v\x00g\
\x00\x1d\
\x0aww\x87\
\x008\
\x006\x006\x005\x001\x009\x004\x00_\x00c\x00h\x00e\x00v\x00r\x00o\x00n\x00_\x00l\
\x00e\x00f\x00t\x00_\x00i\x00c\x00o\x00n\x00.\x00s\x00v\x00g\
\x00\x0a\
\x08\xddjG\
\x00c\
\x00h\x00a\x00r\x00g\x00e\x00.\x00p\x00n\x00g\
\x00\x07\
\x03\x89\x1c3\
\x00M\
\x00a\x00r\x00k\x00e\x00r\x00s\
\x00\x0b\
\x0c\xb5Eg\
\x00m\
\x00a\x00r\x00k\x00e\x00r\x003\x00.\x00p\x00n\x00g\
\x00\x11\
\x0f#zG\
\x00m\
\x00a\x00r\x00k\x00e\x00r\x00_\x00i\x00n\x00d\x00o\x00o\x00r\x00.\x00p\x00n\x00g\
\
\x00\x0a\
\x01\xcb&g\
\x00m\
\x00a\x00r\x00k\x00e\x00r\x00.\x00p\x00n\x00g\
\x00\x0b\
\x0c\xb2Eg\
\x00m\
\x00a\x00r\x00k\x00e\x00r\x002\x00.\x00p\x00n\x00g\
\x00\x05\
\x00S^c\
\x00L\
\x00o\x00g\x00o\x00s\
\x00\x0a\
\x0c!\xceG\
\x00e\
\x00u\x00r\x00e\x00k\x00a\x00.\x00p\x00n\x00g\
\x00\x18\
\x0bM\xe2'\
\x00F\
\x00a\x00b\x00l\x00a\x00b\x00 \x00L\x00o\x00g\x00o\x00-\x00a\x00f\x00t\x00e\x00r\
\x00c\x00u\x00t\x00.\x00p\x00n\x00g\
\x00\x0b\
\x04\xcc\xebg\
\x00L\
\x00o\x00g\x00o\x00 \x00B\x00K\x00.\x00p\x00n\x00g\
"

qt_resource_struct = b"\
\x00\x00\x00\x00\x00\x02\x00\x00\x00\x04\x00\x00\x00\x01\
\x00\x00\x00\x00\x00\x00\x00\x00\
\x00\x00\x004\x00\x02\x00\x00\x00\x01\x00\x00\x00\x1e\
\x00\x00\x00\x00\x00\x00\x00\x00\
\x00\x00\x00$\x00\x02\x00\x00\x00\x01\x00\x00\x00\x0e\
\x00\x00\x00\x00\x00\x00\x00\x00\
\x00\x00\x00\x00\x00\x02\x00\x00\x00\x01\x00\x00\x00\x0a\
\x00\x00\x00\x00\x00\x00\x00\x00\
\x00\x00\x00\x10\x00\x02\x00\x00\x00\x01\x00\x00\x00\x05\
\x00\x00\x00\x00\x00\x00\x00\x00\
\x00\x00\x02\xcc\x00\x02\x00\x00\x00\x04\x00\x00\x00\x06\
\x00\x00\x00\x00\x00\x00\x00\x00\
\x00\x00\x03$\x00\x00\x00\x00\x00\x01\x00\x01\x06\x0f\
\x00\x00\x01\x97\xdb\x8dw\x0b\
\x00\x00\x03>\x00\x00\x00\x00\x00\x01\x00\x01\x0a\xa9\
\x00\x00\x01\x97\xdb\x8dw\x0b\
\x00\x00\x02\xe0\x00\x00\x00\x00\x00\x01\x00\x00\xf9e\
\x00\x00\x01\x97\xdb\x8dw\x0b\
\x00\x00\x02\xfc\x00\x00\x00\x00\x00\x01\x00\x00\xfeE\
\x00\x00\x01\x97\xdb\x8dw\x0b\
\x00\x00\x03Z\x00\x02\x00\x00\x00\x03\x00\x00\x00\x0b\
\x00\x00\x00\x00\x00\x00\x00\x00\
\x00\x00\x03\xba\x00\x00\x00\x00\x00\x01\x00\x03%V\
\x00\x00\x01\x97\xdb\x8dw\x0b\
\x00\x00\x03\x84\x00\x00\x00\x00\x00\x01\x00\x01'\x01\
\x00\x00\x01\x97\xdb\x8dw\x0a\
\x00\x00\x03j\x00\x00\x00\x00\x00\x01\x00\x01\x0fP\
\x00\x00\x01\x9a3i\x13\x07\
\x00\x00\x00$\x00\x02\x00\x00\x00\x0f\x00\x00\x00\x0f\
\x00\x00\x00\x00\x00\x00\x00\x00\
\x00\x00\x01\xf4\x00\x00\x00\x00\x00\x01\x00\x00\xd96\
\x00\x00\x01\x98;\xc5\x9f\xec\
\x00\x00\x01x\x00\x00\x00\x00\x00\x01\x00\x00\xadG\
\x00\x00\x01\x98\x8e\x07D\xf7\
\x00\x00\x00n\x00\x00\x00\x00\x00\x01\x00\x00d\xc0\
\x00\x00\x01\x97\xe0:\x91\xbd\
\x00\x00\x00\xf4\x00\x00\x00\x00\x00\x01\x00\x00\x83\x0d\
\x00\x00\x01\x98\x8e\x06\xda\xe0\
\x00\x00\x00\xb2\x00\x00\x00\x00\x00\x01\x00\x00{\x95\
\x00\x00\x01\x98A\x1a\xf0\x0e\
\x00\x00\x01\xc4\x00\x00\x00\x00\x00\x01\x00\x00\xd6o\
\x00\x00\x01\x97\xdb\x8dw\x09\
\x00\x00\x02\xb2\x00\x00\x00\x00\x00\x01\x00\x00\xdc\xff\
\x00\x00\x01\x98\x8e\x0aM'\
\x00\x00\x00\x8e\x00\x00\x00\x00\x00\x01\x00\x00f\xfa\
\x00\x00\x01\x98\x8e\x07\x8d\xa6\
\x00\x00\x01\x1c\x00\x00\x00\x00\x00\x01\x00\x00\x97r\
\x00\x00\x01\x98;\xc5\xd1@\
\x00\x00\x02r\x00\x00\x00\x00\x00\x01\x00\x00\xdb\xbc\
\x00\x00\x01\x98;\xc5H\xd6\
\x00\x00\x00\xce\x00\x00\x00\x00\x00\x01\x00\x00}\x08\
\x00\x00\x01\x97\xdb\x8dw\x08\
\x00\x00\x01\x5c\x00\x00\x00\x00\x00\x01\x00\x00\x98\xac\
\x00\x00\x01\x98\x8e\x06\xf9\xa6\
\x00\x00\x01\xde\x00\x00\x00\x00\x00\x01\x00\x00\xd7\xd8\
\x00\x00\x01\x97\xdb\x8dw\x08\
\x00\x00\x026\x00\x00\x00\x00\x00\x01\x00\x00\xdax\
\x00\x00\x01\x98;\xc6\x0cj\
\x00\x00\x01\x9e\x00\x00\x00\x00\x00\x01\x00\x00\xc1\xe1\
\x00\x00\x01\x98\x8e\x07s\xf9\
\x00\x00\x00@\x00\x02\x00\x00\x00\x01\x00\x00\x00\x1f\
\x00\x00\x00\x00\x00\x00\x00\x00\
\x00\x00\x00L\x00\x04\x00\x00\x00\x01\x00\x00\x00\x00\
\x00\x00\x01\x98\x9d\xc42`\
"

def qInitResources():
    QtCore.qRegisterResourceData(0x03, qt_resource_struct, qt_resource_name, qt_resource_data)

def qCleanupResources():
    QtCore.qUnregisterResourceData(0x03, qt_resource_struct, qt_resource_name, qt_resource_data)

qInitResources()
