time,actual_x,actual_y,plan_x,plan_y,error_m
2026-05-07 19:36:03.003,40.163,1.796,40.163,1.796,0.001
2026-05-07 19:36:03.051,40.163,1.796,40.163,1.796,0.0
2026-05-07 19:36:03.090,40.163,1.796,40.163,1.796,0.0
2026-05-07 19:36:03.120,40.163,1.796,40.163,1.796,0.0
2026-05-07 19:36:03.157,40.163,1.796,40.163,1.796,0.0
2026-05-07 19:36:03.177,40.163,1.796,40.163,1.796,0.0
2026-05-07 19:36:03.199,40.163,1.796,40.163,1.796,0.0
2026-05-07 19:36:03.237,40.163,1.796,40.163,1.796,0.0
2026-05-07 19:36:03.277,40.163,1.796,40.163,1.796,0.0
2026-05-07 19:36:03.299,40.163,1.796,40.163,1.796,0.0
2026-05-07 19:36:03.338,40.163,1.796,40.163,1.796,0.0
2026-05-07 19:36:03.358,40.163,1.796,40.163,1.796,0.0
2026-05-07 19:36:03.378,40.163,1.796,40.163,1.796,0.0
2026-05-07 19:36:03.400,40.163,1.796,40.163,1.796,0.0
2026-05-07 19:36:03.423,40.163,1.796,40.163,1.796,0.0
2026-05-07 19:36:03.457,40.163,1.796,40.163,1.796,0.0
2026-05-07 19:36:03.500,40.163,1.796,40.163,1.796,0.0
2026-05-07 19:36:03.521,40.1,1.794,40.1,1.797,0.003
2026-05-07 19:36:03.557,40.1,1.794,40.1,1.797,0.003
2026-05-07 19:36:03.578,40.1,1.794,40.1,1.797,0.003
2026-05-07 19:36:03.600,40.1,1.794,40.1,1.797,0.003
2026-05-07 19:36:03.639,40.1,1.794,40.1,1.797,0.003
2026-05-07 19:36:03.660,40.1,1.794,40.1,1.797,0.003
2026-05-07 19:36:03.700,40.1,1.794,40.1,1.797,0.003
2026-05-07 19:36:03.737,40.1,1.794,40.1,1.797,0.003
2026-05-07 19:36:03.777,40.1,1.794,40.1,1.797,0.003
2026-05-07 19:36:03.799,40.1,1.794,40.1,1.797,0.003
2026-05-07 19:36:03.838,40.1,1.794,40.1,1.797,0.003
2026-05-07 19:36:03.877,40.1,1.794,40.1,1.797,0.003
2026-05-07 19:36:03.899,40.1,1.794,40.1,1.797,0.003
2026-05-07 19:36:03.937,39.951,1.794,39.951,1.799,0.006
2026-05-07 19:36:03.960,39.951,1.794,39.951,1.799,0.006
2026-05-07 19:36:03.999,39.951,1.794,39.951,1.799,0.006
2026-05-07 19:36:04.038,39.951,1.794,39.951,1.799,0.006
2026-05-07 19:36:04.077,39.951,1.794,39.951,1.799,0.006
2026-05-07 19:36:04.099,39.951,1.794,39.951,1.799,0.006
2026-05-07 19:36:04.137,39.951,1.794,39.951,1.799,0.006
2026-05-07 19:36:04.158,39.951,1.794,39.951,1.799,0.006
2026-05-07 19:36:04.199,39.951,1.794,39.951,1.799,0.006
2026-05-07 19:36:04.237,39.951,1.794,39.951,1.799,0.006
2026-05-07 19:36:04.258,39.951,1.794,39.951,1.799,0.006
2026-05-07 19:36:04.300,39.951,1.794,39.951,1.799,0.006
2026-05-07 19:36:04.338,39.951,1.794,39.951,1.799,0.006
2026-05-07 19:36:04.377,39.951,1.794,39.951,1.799,0.006
2026-05-07 19:36:04.402,39.951,1.794,39.951,1.799,0.006
2026-05-07 19:36:04.438,39.951,1.794,39.951,1.799,0.006
2026-05-07 19:36:04.477,39.72,1.796,39.72,1.803,0.008
2026-05-07 19:36:04.500,39.72,1.796,39.72,1.803,0.008
2026-05-07 19:36:04.538,39.72,1.796,39.72,1.803,0.008
2026-05-07 19:36:04.578,39.72,1.796,39.72,1.803,0.008
2026-05-07 19:36:04.599,39.72,1.796,39.72,1.803,0.008
2026-05-07 19:36:04.638,39.72,1.796,39.72,1.803,0.008
2026-05-07 19:36:04.677,39.72,1.796,39.72,1.803,0.008
2026-05-07 19:36:04.699,39.72,1.796,39.72,1.803,0.008
2026-05-07 19:36:04.738,39.72,1.796,39.72,1.803,0.008
2026-05-07 19:36:04.777,39.72,1.796,39.72,1.803,0.008
2026-05-07 19:36:04.797,39.72,1.796,39.72,1.803,0.008
2026-05-07 19:36:04.838,39.72,1.796,39.72,1.803,0.008
2026-05-07 19:36:04.877,39.72,1.796,39.72,1.803,0.008
2026-05-07 19:36:04.899,39.72,1.796,39.72,1.803,0.008
2026-05-07 19:36:04.940,39.72,1.796,39.72,1.803,0.008
2026-05-07 19:36:04.981,39.419,1.8,39.419,1.808,0.008
2026-05-07 19:36:05.017,39.419,1.8,39.419,1.808,0.008
2026-05-07 19:36:05.037,39.419,1.8,39.419,1.808,0.008
2026-05-07 19:36:05.077,39.419,1.8,39.419,1.808,0.008
2026-05-07 19:36:05.099,39.419,1.8,39.419,1.808,0.008
2026-05-07 19:36:05.137,39.419,1.8,39.419,1.808,0.008
2026-05-07 19:36:05.158,39.419,1.8,39.419,1.808,0.008
2026-05-07 19:36:05.199,39.419,1.8,39.419,1.808,0.008
2026-05-07 19:36:05.237,39.419,1.8,39.419,1.808,0.008
2026-05-07 19:36:05.257,39.419,1.8,39.419,1.808,0.008
2026-05-07 19:36:05.286,39.419,1.8,39.419,1.808,0.008
2026-05-07 19:36:05.317,39.419,1.8,39.419,1.808,0.008
2026-05-07 19:36:05.340,39.054,1.808,39.054,1.814,0.006
2026-05-07 19:36:05.383,39.054,1.808,39.054,1.814,0.006
2026-05-07 19:36:05.420,39.054,1.808,39.054,1.814,0.006
2026-05-07 19:36:05.457,39.054,1.808,39.054,1.814,0.006
2026-05-07 19:36:05.478,39.054,1.808,39.054,1.814,0.006
2026-05-07 19:36:05.499,39.054,1.808,39.054,1.814,0.006
2026-05-07 19:36:05.537,39.054,1.808,39.054,1.814,0.006
2026-05-07 19:36:05.577,39.054,1.808,39.054,1.814,0.006
2026-05-07 19:36:05.598,39.054,1.808,39.054,1.814,0.006
2026-05-07 19:36:05.637,39.054,1.808,39.054,1.814,0.006
2026-05-07 19:36:05.677,39.054,1.808,39.054,1.814,0.006
2026-05-07 19:36:05.700,39.054,1.808,39.054,1.814,0.006
2026-05-07 19:36:05.737,39.054,1.808,39.054,1.814,0.006
2026-05-07 19:36:05.758,39.054,1.808,39.054,1.814,0.006
2026-05-07 19:36:05.800,39.054,1.808,39.054,1.814,0.006
2026-05-07 19:36:05.838,39.054,1.808,39.054,1.814,0.006
2026-05-07 19:36:05.885,39.054,1.808,39.054,1.814,0.006
2026-05-07 19:36:05.918,38.731,1.811,38.731,1.819,0.008
2026-05-07 19:36:05.957,38.731,1.811,38.731,1.819,0.008
2026-05-07 19:36:05.978,38.731,1.811,38.731,1.819,0.008
2026-05-07 19:36:05.999,38.731,1.811,38.731,1.819,0.008
2026-05-07 19:36:06.037,38.731,1.811,38.731,1.819,0.008
2026-05-07 19:36:06.058,38.731,1.811,38.731,1.819,0.008
2026-05-07 19:36:06.099,38.731,1.811,38.731,1.819,0.008
2026-05-07 19:36:06.137,38.731,1.811,38.731,1.819,0.008
2026-05-07 19:36:06.157,38.731,1.811,38.731,1.819,0.008
2026-05-07 19:36:06.178,38.731,1.811,38.731,1.819,0.008
2026-05-07 19:36:06.200,38.731,1.811,38.731,1.819,0.008
2026-05-07 19:36:06.238,38.731,1.811,38.731,1.819,0.008
2026-05-07 19:36:06.278,38.731,1.811,38.731,1.819,0.008
2026-05-07 19:36:06.300,38.731,1.811,38.731,1.819,0.008
2026-05-07 19:36:06.337,38.731,1.811,38.731,1.819,0.008
2026-05-07 19:36:06.357,38.731,1.811,38.731,1.819,0.008
2026-05-07 19:36:06.398,38.731,1.811,38.731,1.819,0.008
2026-05-07 19:36:06.437,38.731,1.811,38.731,1.819,0.008
2026-05-07 19:36:06.458,38.731,1.811,38.731,1.819,0.008
2026-05-07 19:36:06.502,38.456,1.811,38.457,1.823,0.013
2026-05-07 19:36:06.537,38.456,1.811,38.457,1.823,0.013
2026-05-07 19:36:06.557,38.456,1.811,38.457,1.823,0.013
2026-05-07 19:36:06.578,38.456,1.811,38.457,1.823,0.013
2026-05-07 19:36:06.598,38.456,1.811,38.457,1.823,0.013
2026-05-07 19:36:06.637,38.456,1.811,38.457,1.823,0.013
2026-05-07 19:36:06.677,38.456,1.811,38.457,1.823,0.013
2026-05-07 19:36:06.700,38.456,1.811,38.457,1.823,0.013
2026-05-07 19:36:06.737,38.456,1.811,38.457,1.823,0.013
2026-05-07 19:36:06.778,38.456,1.811,38.457,1.823,0.013
2026-05-07 19:36:06.799,38.456,1.811,38.457,1.823,0.013
2026-05-07 19:36:06.837,38.456,1.811,38.457,1.823,0.013
2026-05-07 19:36:06.872,38.456,1.811,38.457,1.823,0.013
2026-05-07 19:36:06.949,38.456,1.811,38.457,1.823,0.013
2026-05-07 19:36:07.056,38.456,1.811,38.457,1.823,0.013
2026-05-07 19:36:07.139,38.229,1.816,38.23,1.827,0.011
2026-05-07 19:36:07.162,38.229,1.816,38.23,1.827,0.011
2026-05-07 19:36:07.200,38.229,1.816,38.23,1.827,0.011
2026-05-07 19:36:07.239,38.229,1.816,38.23,1.827,0.011
2026-05-07 19:36:07.277,38.229,1.816,38.23,1.827,0.011
2026-05-07 19:36:07.300,38.229,1.816,38.23,1.827,0.011
2026-05-07 19:36:07.337,38.229,1.816,38.23,1.827,0.011
2026-05-07 19:36:07.376,38.229,1.816,38.23,1.827,0.011
2026-05-07 19:36:07.405,38.229,1.816,38.23,1.827,0.011
2026-05-07 19:36:07.437,38.229,1.816,38.23,1.827,0.011
2026-05-07 19:36:07.469,38.229,1.816,38.23,1.827,0.011
2026-05-07 19:36:07.499,38.037,1.822,38.037,1.83,0.008
2026-05-07 19:36:07.558,38.037,1.822,38.037,1.83,0.008
2026-05-07 19:36:07.598,38.037,1.822,38.037,1.83,0.008
2026-05-07 19:36:07.638,38.037,1.822,38.037,1.83,0.008
2026-05-07 19:36:07.658,38.037,1.822,38.037,1.83,0.008
2026-05-07 19:36:07.678,38.037,1.822,38.037,1.83,0.008
2026-05-07 19:36:07.700,38.037,1.822,38.037,1.83,0.008
2026-05-07 19:36:07.737,38.037,1.822,38.037,1.83,0.008
2026-05-07 19:36:07.757,38.037,1.822,38.037,1.83,0.008
2026-05-07 19:36:07.797,38.037,1.822,38.037,1.83,0.008
2026-05-07 19:36:07.818,38.037,1.822,38.037,1.83,0.008
2026-05-07 19:36:07.858,38.037,1.822,38.037,1.83,0.008
2026-05-07 19:36:07.899,38.037,1.822,38.037,1.83,0.008
2026-05-07 19:36:07.938,38.037,1.822,38.037,1.83,0.008
2026-05-07 19:36:07.958,38.037,1.822,38.037,1.83,0.008
2026-05-07 19:36:07.999,38.037,1.822,38.037,1.83,0.008
2026-05-07 19:36:08.037,38.037,1.822,38.037,1.83,0.008
2026-05-07 19:36:08.058,38.037,1.822,38.037,1.83,0.008
2026-05-07 19:36:08.078,38.037,1.822,38.037,1.83,0.008
2026-05-07 19:36:08.098,38.037,1.822,38.037,1.83,0.008
2026-05-07 19:36:08.138,38.037,1.822,38.037,1.83,0.008
2026-05-07 19:36:08.173,38.037,1.822,38.037,1.83,0.008
2026-05-07 19:36:08.201,38.037,1.822,38.037,1.83,0.008
2026-05-07 19:36:08.232,38.037,1.822,38.037,1.83,0.008
2026-05-07 19:36:08.256,37.873,1.826,37.873,1.833,0.007
2026-05-07 19:36:08.292,37.873,1.826,37.873,1.833,0.007
2026-05-07 19:36:08.323,37.873,1.826,37.873,1.833,0.007
2026-05-07 19:36:08.373,37.873,1.826,37.873,1.833,0.007
2026-05-07 19:36:08.404,37.721,1.828,37.721,1.835,0.007
2026-05-07 19:36:08.433,37.721,1.828,37.721,1.835,0.007
2026-05-07 19:36:08.467,37.721,1.828,37.721,1.835,0.007
2026-05-07 19:36:08.489,37.721,1.828,37.721,1.835,0.007
2026-05-07 19:36:08.524,37.721,1.828,37.721,1.835,0.007
2026-05-07 19:36:08.571,37.721,1.828,37.721,1.835,0.007
2026-05-07 19:36:08.602,37.721,1.828,37.721,1.835,0.007
2026-05-07 19:36:08.633,37.721,1.828,37.721,1.835,0.007
2026-05-07 19:36:08.669,37.721,1.828,37.721,1.835,0.007
2026-05-07 19:36:08.709,37.721,1.828,37.721,1.835,0.007
2026-05-07 19:36:08.740,37.721,1.828,37.721,1.835,0.007
2026-05-07 19:36:08.773,37.721,1.828,37.721,1.835,0.007
2026-05-07 19:36:08.803,37.721,1.828,37.721,1.835,0.007
2026-05-07 19:36:08.849,37.721,1.828,37.721,1.835,0.007
2026-05-07 19:36:08.882,37.721,1.828,37.721,1.835,0.007
2026-05-07 19:36:08.913,37.721,1.828,37.721,1.835,0.007
2026-05-07 19:36:08.944,37.721,1.828,37.721,1.835,0.007
2026-05-07 19:36:08.991,37.721,1.828,37.721,1.835,0.007
2026-05-07 19:36:09.024,37.721,1.828,37.721,1.835,0.007
2026-05-07 19:36:09.051,37.721,1.828,37.721,1.835,0.007
2026-05-07 19:36:09.082,37.721,1.828,37.721,1.835,0.007
2026-05-07 19:36:09.105,37.721,1.828,37.721,1.835,0.007
2026-05-07 19:36:09.131,37.721,1.828,37.721,1.835,0.007
2026-05-07 19:36:09.159,37.721,1.828,37.721,1.835,0.007
2026-05-07 19:36:09.192,37.534,1.834,37.534,1.838,0.004
2026-05-07 19:36:09.236,37.534,1.834,37.534,1.838,0.004
2026-05-07 19:36:09.270,37.534,1.834,37.534,1.838,0.004
2026-05-07 19:36:09.324,37.534,1.834,37.534,1.838,0.004
2026-05-07 19:36:09.374,37.534,1.834,37.534,1.838,0.004
2026-05-07 19:36:09.406,37.534,1.834,37.534,1.838,0.004
2026-05-07 19:36:09.427,37.534,1.834,37.534,1.838,0.004
2026-05-07 19:36:09.470,37.271,1.847,37.271,1.842,0.005
2026-05-07 19:36:09.502,37.271,1.847,37.04,1.846,0.231
2026-05-07 19:36:09.534,37.271,1.847,37.04,1.846,0.231
2026-05-07 19:36:09.567,37.271,1.847,37.04,1.846,0.231
2026-05-07 19:36:09.611,37.271,1.847,37.04,1.846,0.231
2026-05-07 19:36:09.642,37.271,1.847,37.04,1.846,0.231
2026-05-07 19:36:09.687,37.271,1.847,37.04,1.846,0.231
2026-05-07 19:36:09.720,37.271,1.847,37.04,1.846,0.231
2026-05-07 19:36:09.751,37.271,1.847,37.04,1.846,0.231
2026-05-07 19:36:09.782,37.271,1.847,37.04,1.846,0.231
2026-05-07 19:36:09.828,37.271,1.847,37.04,1.846,0.231
2026-05-07 19:36:09.861,37.271,1.847,37.04,1.846,0.231
2026-05-07 19:36:09.892,36.998,1.863,36.998,1.845,0.018
2026-05-07 19:36:09.924,36.998,1.863,36.998,1.845,0.018
2026-05-07 19:36:09.974,36.998,1.863,36.998,1.845,0.018
2026-05-07 19:36:10.001,36.998,1.863,36.998,1.845,0.018
2026-05-07 19:36:10.031,36.998,1.863,36.998,1.845,0.018
2026-05-07 19:36:10.073,36.998,1.863,36.998,1.845,0.018
2026-05-07 19:36:10.110,36.998,1.863,36.998,1.845,0.018
2026-05-07 19:36:10.140,36.998,1.863,36.998,1.845,0.018
2026-05-07 19:36:10.172,36.998,1.863,36.998,1.845,0.018
2026-05-07 19:36:10.202,36.998,1.863,36.998,1.845,0.018
2026-05-07 19:36:10.249,36.998,1.863,36.998,1.845,0.018
2026-05-07 19:36:10.278,36.998,1.863,36.998,1.845,0.018
2026-05-07 19:36:10.309,36.998,1.863,36.998,1.845,0.018
2026-05-07 19:36:10.340,36.998,1.863,36.998,1.845,0.018
2026-05-07 19:36:10.372,36.998,1.863,36.998,1.845,0.018
2026-05-07 19:36:10.408,36.679,1.882,36.679,1.84,0.042
2026-05-07 19:36:10.450,36.679,1.882,36.679,1.84,0.042
2026-05-07 19:36:10.470,36.679,1.882,36.679,1.84,0.042
2026-05-07 19:36:10.557,36.679,1.882,36.679,1.84,0.042
2026-05-07 19:36:10.608,36.679,1.882,36.679,1.84,0.042
2026-05-07 19:36:10.683,36.679,1.882,36.679,1.84,0.042
2026-05-07 19:36:10.711,36.679,1.882,36.679,1.84,0.042
2026-05-07 19:36:10.738,36.679,1.882,36.679,1.84,0.042
2026-05-07 19:36:10.767,36.679,1.882,36.679,1.84,0.042
2026-05-07 19:36:10.809,36.679,1.882,36.679,1.84,0.042
2026-05-07 19:36:10.833,36.679,1.882,36.679,1.84,0.042
2026-05-07 19:36:10.876,36.679,1.882,36.679,1.84,0.042
2026-05-07 19:36:10.901,36.679,1.882,36.679,1.84,0.042
2026-05-07 19:36:10.932,36.679,1.882,36.679,1.84,0.042
2026-05-07 19:36:10.971,36.402,1.896,36.403,1.835,0.061
2026-05-07 19:36:11.010,36.402,1.896,36.403,1.835,0.061
2026-05-07 19:36:11.041,36.402,1.896,36.403,1.835,0.061
2026-05-07 19:36:11.073,36.402,1.896,36.403,1.835,0.061
2026-05-07 19:36:11.102,36.402,1.896,36.403,1.835,0.061
2026-05-07 19:36:11.149,36.402,1.896,36.403,1.835,0.061
2026-05-07 19:36:11.182,36.402,1.896,36.403,1.835,0.061
2026-05-07 19:36:11.211,36.402,1.896,36.403,1.835,0.061
2026-05-07 19:36:11.242,36.402,1.896,36.403,1.835,0.061
2026-05-07 19:36:11.288,36.402,1.896,36.403,1.835,0.061
2026-05-07 19:36:11.320,36.402,1.896,36.403,1.835,0.061
2026-05-07 19:36:11.351,36.402,1.896,36.403,1.835,0.061
2026-05-07 19:36:11.386,36.115,1.893,36.116,1.831,0.063
2026-05-07 19:36:11.431,36.115,1.893,36.116,1.831,0.063
2026-05-07 19:36:11.459,36.115,1.893,36.116,1.831,0.063
2026-05-07 19:36:11.489,36.115,1.893,36.116,1.831,0.063
2026-05-07 19:36:11.519,36.115,1.893,36.116,1.831,0.063
2026-05-07 19:36:11.551,36.115,1.893,36.116,1.831,0.063
2026-05-07 19:36:11.582,36.115,1.893,36.116,1.831,0.063
2026-05-07 19:36:11.631,36.115,1.893,36.116,1.831,0.063
2026-05-07 19:36:11.659,36.115,1.893,36.116,1.831,0.063
2026-05-07 19:36:11.689,36.115,1.893,36.116,1.831,0.063
2026-05-07 19:36:11.719,36.115,1.893,36.116,1.831,0.063
2026-05-07 19:36:11.751,36.115,1.893,36.116,1.831,0.063
2026-05-07 19:36:11.782,36.115,1.893,36.116,1.831,0.063
2026-05-07 19:36:11.831,36.115,1.893,36.116,1.831,0.063
2026-05-07 19:36:11.853,35.752,1.879,35.753,1.825,0.054
2026-05-07 19:36:11.889,35.752,1.879,35.753,1.825,0.054
2026-05-07 19:36:11.920,35.752,1.879,35.753,1.825,0.054
2026-05-07 19:36:11.951,35.752,1.879,35.753,1.825,0.054
2026-05-07 19:36:11.981,35.752,1.879,35.753,1.825,0.054
2026-05-07 19:36:12.014,35.752,1.879,35.753,1.825,0.054
2026-05-07 19:36:12.043,35.752,1.879,35.753,1.825,0.054
2026-05-07 19:36:12.066,35.752,1.879,35.753,1.825,0.054
2026-05-07 19:36:12.090,35.752,1.879,35.753,1.825,0.054
2026-05-07 19:36:12.121,35.752,1.879,35.753,1.825,0.054
2026-05-07 19:36:12.152,35.752,1.879,35.753,1.825,0.054
2026-05-07 19:36:12.183,35.752,1.879,35.753,1.825,0.054
2026-05-07 19:36:12.233,35.752,1.879,35.753,1.825,0.054
2026-05-07 19:36:12.261,35.752,1.879,35.753,1.825,0.054
2026-05-07 19:36:12.293,35.752,1.879,35.753,1.825,0.054
2026-05-07 19:36:12.314,35.752,1.879,35.753,1.825,0.054
2026-05-07 19:36:12.336,35.752,1.879,35.753,1.825,0.054
2026-05-07 19:36:12.368,35.752,1.879,35.753,1.825,0.054
2026-05-07 19:36:12.393,35.752,1.879,35.753,1.825,0.054
2026-05-07 19:36:12.419,35.752,1.879,35.753,1.825,0.054
2026-05-07 19:36:12.444,35.356,1.847,35.356,1.818,0.029
2026-05-07 19:36:12.468,35.356,1.847,35.356,1.818,0.029
2026-05-07 19:36:12.497,35.356,1.847,35.356,1.818,0.029
2026-05-07 19:36:12.539,35.356,1.847,35.356,1.818,0.029
2026-05-07 19:36:12.559,35.356,1.847,35.356,1.818,0.029
2026-05-07 19:36:12.581,35.356,1.847,35.356,1.818,0.029
2026-05-07 19:36:12.611,35.356,1.847,35.356,1.818,0.029
2026-05-07 19:36:12.642,35.356,1.847,35.356,1.818,0.029
2026-05-07 19:36:12.688,35.356,1.847,35.356,1.818,0.029
2026-05-07 19:36:12.713,35.356,1.847,35.356,1.818,0.029
2026-05-07 19:36:12.749,35.356,1.847,35.356,1.818,0.029
2026-05-07 19:36:12.775,35.356,1.847,35.356,1.818,0.029
2026-05-07 19:36:12.850,35.356,1.847,35.356,1.818,0.029
2026-05-07 19:36:12.968,35.356,1.847,35.356,1.818,0.029
2026-05-07 19:36:13.006,34.996,1.82,34.996,1.812,0.008
2026-05-07 19:36:13.036,34.996,1.82,34.996,1.812,0.008
2026-05-07 19:36:13.059,34.996,1.82,34.996,1.812,0.008
2026-05-07 19:36:13.088,34.996,1.82,34.996,1.812,0.008
2026-05-07 19:36:13.120,34.996,1.82,34.996,1.812,0.008
2026-05-07 19:36:13.151,34.996,1.82,34.996,1.812,0.008
2026-05-07 19:36:13.183,34.996,1.82,34.996,1.812,0.008
2026-05-07 19:36:13.230,34.996,1.82,34.996,1.812,0.008
2026-05-07 19:36:13.260,34.996,1.82,34.996,1.812,0.008
2026-05-07 19:36:13.291,34.996,1.82,34.996,1.812,0.008
2026-05-07 19:36:13.322,34.996,1.82,34.996,1.812,0.008
2026-05-07 19:36:13.371,34.996,1.82,34.996,1.812,0.008
2026-05-07 19:36:13.401,34.996,1.82,34.996,1.812,0.008
2026-05-07 19:36:13.432,34.663,1.81,34.663,1.807,0.003
2026-05-07 19:36:13.465,34.663,1.81,34.663,1.807,0.003
2026-05-07 19:36:13.509,34.663,1.81,34.663,1.807,0.003
2026-05-07 19:36:13.540,34.663,1.81,34.663,1.807,0.003
2026-05-07 19:36:13.572,34.663,1.81,34.663,1.807,0.003
2026-05-07 19:36:13.601,34.663,1.81,34.663,1.807,0.003
2026-05-07 19:36:13.633,34.663,1.81,34.663,1.807,0.003
2026-05-07 19:36:13.666,34.663,1.81,34.663,1.807,0.003
2026-05-07 19:36:13.709,34.663,1.81,34.663,1.807,0.003
2026-05-07 19:36:13.740,34.663,1.81,34.663,1.807,0.003
2026-05-07 19:36:13.771,34.663,1.81,34.663,1.807,0.003
2026-05-07 19:36:13.801,34.663,1.81,34.663,1.807,0.003
2026-05-07 19:36:13.832,34.663,1.81,34.663,1.807,0.003
2026-05-07 19:36:13.871,34.663,1.81,34.663,1.807,0.003
2026-05-07 19:36:13.908,34.663,1.81,34.663,1.807,0.003
2026-05-07 19:36:13.942,34.359,1.804,34.359,1.802,0.002
2026-05-07 19:36:13.971,34.359,1.804,34.359,1.802,0.002
2026-05-07 19:36:14.001,34.359,1.804,34.359,1.802,0.002
2026-05-07 19:36:14.032,34.359,1.804,34.359,1.802,0.002
2026-05-07 19:36:14.073,34.359,1.804,34.359,1.802,0.002
2026-05-07 19:36:14.108,34.359,1.804,34.359,1.802,0.002
2026-05-07 19:36:14.138,34.359,1.804,34.359,1.802,0.002
2026-05-07 19:36:14.170,34.359,1.804,34.359,1.802,0.002
2026-05-07 19:36:14.204,34.359,1.804,34.359,1.802,0.002
2026-05-07 19:36:14.232,34.359,1.804,34.359,1.802,0.002
2026-05-07 19:36:14.258,34.359,1.804,34.359,1.802,0.002
2026-05-07 19:36:14.292,34.359,1.804,34.359,1.802,0.002
2026-05-07 19:36:14.323,34.359,1.804,34.359,1.802,0.002
2026-05-07 19:36:14.369,34.359,1.804,34.359,1.802,0.002
2026-05-07 19:36:14.404,34.359,1.804,34.359,1.802,0.002
2026-05-07 19:36:14.431,34.079,1.797,34.079,1.797,0.0
2026-05-07 19:36:14.471,34.079,1.797,34.079,1.797,0.0
2026-05-07 19:36:14.585,34.079,1.797,34.079,1.797,0.0
2026-05-07 19:36:14.701,34.079,1.797,34.079,1.797,0.0
2026-05-07 19:36:14.722,34.079,1.797,34.079,1.797,0.0
2026-05-07 19:36:14.750,34.079,1.797,34.079,1.797,0.0
2026-05-07 19:36:14.782,34.079,1.797,34.079,1.797,0.0
2026-05-07 19:36:14.814,34.079,1.797,34.079,1.797,0.0
2026-05-07 19:36:14.842,34.079,1.797,34.079,1.797,0.0
2026-05-07 19:36:14.893,33.82,1.79,33.82,1.793,0.003
2026-05-07 19:36:14.920,33.82,1.79,33.82,1.793,0.003
2026-05-07 19:36:14.952,33.82,1.79,33.82,1.793,0.003
2026-05-07 19:36:14.983,33.82,1.79,33.82,1.793,0.003
2026-05-07 19:36:15.036,33.82,1.79,33.82,1.793,0.003
2026-05-07 19:36:15.065,33.82,1.79,33.82,1.793,0.003
2026-05-07 19:36:15.092,33.82,1.79,33.82,1.793,0.003
2026-05-07 19:36:15.122,33.82,1.79,33.82,1.793,0.003
2026-05-07 19:36:15.171,33.82,1.79,33.82,1.793,0.003
2026-05-07 19:36:15.200,33.82,1.79,33.82,1.793,0.003
2026-05-07 19:36:15.241,33.82,1.79,33.82,1.793,0.003
2026-05-07 19:36:15.275,33.82,1.79,33.82,1.793,0.003
2026-05-07 19:36:15.308,33.82,1.79,33.82,1.793,0.003
2026-05-07 19:36:15.339,33.82,1.79,33.82,1.793,0.003
2026-05-07 19:36:15.373,33.82,1.79,33.82,1.793,0.003
2026-05-07 19:36:15.401,33.82,1.79,33.82,1.793,0.003
2026-05-07 19:36:15.433,33.82,1.79,33.82,1.793,0.003
2026-05-07 19:36:15.468,33.585,1.785,33.585,1.789,0.004
2026-05-07 19:36:15.510,33.585,1.785,33.585,1.789,0.004
2026-05-07 19:36:15.541,33.585,1.785,33.585,1.789,0.004
2026-05-07 19:36:15.571,33.585,1.785,33.585,1.789,0.004
2026-05-07 19:36:15.604,33.585,1.785,33.585,1.789,0.004
2026-05-07 19:36:15.650,33.585,1.785,33.585,1.789,0.004
2026-05-07 19:36:15.681,33.585,1.785,33.585,1.789,0.004
2026-05-07 19:36:15.710,33.585,1.785,33.585,1.789,0.004
2026-05-07 19:36:15.741,33.585,1.785,33.585,1.789,0.004
2026-05-07 19:36:15.773,33.585,1.785,33.585,1.789,0.004
2026-05-07 19:36:15.802,33.585,1.785,33.585,1.789,0.004
2026-05-07 19:36:15.849,33.585,1.785,33.585,1.789,0.004
2026-05-07 19:36:15.881,33.585,1.785,33.585,1.789,0.004
2026-05-07 19:36:15.910,33.585,1.785,33.585,1.789,0.004
2026-05-07 19:36:15.935,33.369,1.782,33.369,1.785,0.003
2026-05-07 19:36:15.958,33.369,1.782,33.369,1.785,0.003
2026-05-07 19:36:15.989,33.369,1.782,33.369,1.785,0.003
2026-05-07 19:36:16.019,33.369,1.782,33.369,1.785,0.003
2026-05-07 19:36:16.049,33.369,1.782,33.369,1.785,0.003
2026-05-07 19:36:16.081,33.369,1.782,33.369,1.785,0.003
2026-05-07 19:36:16.110,33.369,1.782,33.369,1.785,0.003
2026-05-07 19:36:16.141,33.369,1.782,33.369,1.785,0.003
2026-05-07 19:36:16.173,33.369,1.782,33.369,1.785,0.003
2026-05-07 19:36:16.203,33.369,1.782,33.369,1.785,0.003
2026-05-07 19:36:16.249,33.369,1.782,33.369,1.785,0.003
2026-05-07 19:36:16.271,33.369,1.782,33.369,1.785,0.003
2026-05-07 19:36:16.311,33.369,1.782,33.369,1.785,0.003
2026-05-07 19:36:16.333,33.369,1.782,33.369,1.785,0.003
2026-05-07 19:36:16.359,33.17,1.78,33.17,1.782,0.003
2026-05-07 19:36:16.387,33.17,1.78,33.17,1.782,0.003
2026-05-07 19:36:16.419,33.17,1.78,33.17,1.782,0.003
2026-05-07 19:36:16.449,33.17,1.78,33.17,1.782,0.003
2026-05-07 19:36:16.481,33.17,1.78,33.17,1.782,0.003
2026-05-07 19:36:16.510,33.17,1.78,33.17,1.782,0.003
2026-05-07 19:36:16.541,33.17,1.78,33.17,1.782,0.003
2026-05-07 19:36:16.590,33.17,1.78,33.17,1.782,0.003
2026-05-07 19:36:16.621,33.17,1.78,33.17,1.782,0.003
2026-05-07 19:36:16.652,33.17,1.78,33.17,1.782,0.003
2026-05-07 19:36:16.682,33.17,1.78,33.17,1.782,0.003
2026-05-07 19:36:16.731,33.17,1.78,33.17,1.782,0.003
2026-05-07 19:36:16.760,33.17,1.78,33.17,1.782,0.003
2026-05-07 19:36:16.792,33.17,1.78,33.17,1.782,0.003
2026-05-07 19:36:16.822,33.17,1.78,33.17,1.782,0.003
2026-05-07 19:36:16.870,33.17,1.78,33.17,1.782,0.003
2026-05-07 19:36:16.900,32.988,1.777,32.988,1.779,0.002
2026-05-07 19:36:16.930,32.988,1.777,32.988,1.779,0.002
2026-05-07 19:36:16.960,32.988,1.777,32.988,1.779,0.002
2026-05-07 19:36:16.991,32.988,1.777,32.988,1.779,0.002
2026-05-07 19:36:17.021,32.988,1.777,32.988,1.779,0.002
2026-05-07 19:36:17.070,32.988,1.777,32.988,1.779,0.002
2026-05-07 19:36:17.100,32.988,1.777,32.988,1.779,0.002
2026-05-07 19:36:17.132,32.988,1.777,32.988,1.779,0.002
2026-05-07 19:36:17.169,32.988,1.777,32.988,1.779,0.002
2026-05-07 19:36:17.208,32.988,1.777,32.988,1.779,0.002
2026-05-07 19:36:17.239,32.988,1.777,32.988,1.779,0.002
2026-05-07 19:36:17.272,32.988,1.777,32.988,1.779,0.002
2026-05-07 19:36:17.303,32.988,1.777,32.988,1.779,0.002
2026-05-07 19:36:17.349,32.988,1.777,32.988,1.779,0.002
2026-05-07 19:36:17.373,32.988,1.777,32.988,1.779,0.002
2026-05-07 19:36:17.410,32.988,1.777,32.988,1.779,0.002
2026-05-07 19:36:17.441,32.82,1.775,32.82,1.776,0.002
2026-05-07 19:36:17.472,32.82,1.775,32.82,1.776,0.002
2026-05-07 19:36:17.503,32.82,1.775,32.82,1.776,0.002
2026-05-07 19:36:17.549,32.82,1.775,32.82,1.776,0.002
2026-05-07 19:36:17.581,32.82,1.775,32.82,1.776,0.002
2026-05-07 19:36:17.610,32.82,1.775,32.82,1.776,0.002
2026-05-07 19:36:17.641,32.82,1.775,32.82,1.776,0.002
2026-05-07 19:36:17.672,32.82,1.775,32.82,1.776,0.002
2026-05-07 19:36:17.704,32.82,1.775,32.82,1.776,0.002
2026-05-07 19:36:17.749,32.82,1.775,32.82,1.776,0.002
2026-05-07 19:36:17.782,32.82,1.775,32.82,1.776,0.002
2026-05-07 19:36:17.810,32.82,1.775,32.82,1.776,0.002
2026-05-07 19:36:17.841,32.82,1.775,32.82,1.776,0.002
2026-05-07 19:36:17.872,32.82,1.775,32.82,1.776,0.002
2026-05-07 19:36:17.903,32.667,1.772,32.667,1.774,0.002
2026-05-07 19:36:17.950,32.667,1.772,32.667,1.774,0.002
2026-05-07 19:36:17.981,32.667,1.772,32.667,1.774,0.002
2026-05-07 19:36:18.010,32.667,1.772,32.667,1.774,0.002
2026-05-07 19:36:18.042,32.667,1.772,32.667,1.774,0.002
2026-05-07 19:36:18.088,32.667,1.772,32.667,1.774,0.002
2026-05-07 19:36:18.119,32.667,1.772,32.667,1.774,0.002
2026-05-07 19:36:18.150,32.667,1.772,32.667,1.774,0.002
2026-05-07 19:36:18.204,32.667,1.772,32.667,1.774,0.002
2026-05-07 19:36:18.306,32.667,1.772,32.667,1.774,0.002
2026-05-07 19:36:18.394,32.667,1.772,32.667,1.774,0.002
2026-05-07 19:36:18.421,32.667,1.772,32.667,1.774,0.002
2026-05-07 19:36:18.448,32.667,1.772,32.667,1.774,0.002
2026-05-07 19:36:18.504,32.667,1.772,32.667,1.774,0.002
2026-05-07 19:36:18.524,32.518,1.77,32.518,1.771,0.002
2026-05-07 19:36:18.570,32.518,1.77,32.518,1.771,0.002
2026-05-07 19:36:18.600,32.518,1.77,32.518,1.771,0.002
2026-05-07 19:36:18.632,32.518,1.77,32.518,1.771,0.002
2026-05-07 19:36:18.668,32.518,1.77,32.518,1.771,0.002
2026-05-07 19:36:18.710,32.518,1.77,32.518,1.771,0.002
2026-05-07 19:36:18.740,32.518,1.77,32.518,1.771,0.002
2026-05-07 19:36:18.770,32.518,1.77,32.518,1.771,0.002
2026-05-07 19:36:18.802,32.518,1.77,32.518,1.771,0.002
2026-05-07 19:36:18.848,32.518,1.77,32.518,1.771,0.002
2026-05-07 19:36:18.881,32.518,1.77,32.518,1.771,0.002
2026-05-07 19:36:18.910,32.518,1.77,32.518,1.771,0.002
2026-05-07 19:36:18.941,32.368,1.769,32.368,1.769,0.0
2026-05-07 19:36:18.971,32.368,1.769,32.368,1.769,0.0
2026-05-07 19:36:19.001,32.368,1.769,32.368,1.769,0.0
2026-05-07 19:36:19.032,32.368,1.769,32.368,1.769,0.0
2026-05-07 19:36:19.068,32.368,1.769,32.368,1.769,0.0
2026-05-07 19:36:19.110,32.368,1.769,32.368,1.769,0.0
2026-05-07 19:36:19.141,32.368,1.769,32.368,1.769,0.0
2026-05-07 19:36:19.172,32.368,1.769,32.368,1.769,0.0
2026-05-07 19:36:19.203,32.368,1.769,32.368,1.769,0.0
2026-05-07 19:36:19.250,32.368,1.769,32.368,1.769,0.0
2026-05-07 19:36:19.281,32.368,1.769,32.368,1.769,0.0
2026-05-07 19:36:19.314,32.368,1.769,32.368,1.769,0.0
2026-05-07 19:36:19.343,32.368,1.769,32.368,1.769,0.0
2026-05-07 19:36:19.390,32.368,1.769,32.368,1.769,0.0
2026-05-07 19:36:19.420,32.368,1.769,32.368,1.769,0.0
2026-05-07 19:36:19.451,32.368,1.769,32.368,1.769,0.0
2026-05-07 19:36:19.483,32.368,1.769,32.368,1.769,0.0
2026-05-07 19:36:19.531,32.368,1.769,32.368,1.769,0.0
2026-05-07 19:36:19.560,32.368,1.769,32.368,1.769,0.0
2026-05-07 19:36:19.591,32.218,1.767,32.218,1.766,0.001
2026-05-07 19:36:19.623,32.218,1.767,32.218,1.766,0.001
2026-05-07 19:36:19.674,32.218,1.767,32.218,1.766,0.001
2026-05-07 19:36:19.700,32.218,1.767,32.218,1.766,0.001
2026-05-07 19:36:19.731,32.218,1.767,32.218,1.766,0.001
2026-05-07 19:36:19.760,32.218,1.767,32.218,1.766,0.001
2026-05-07 19:36:19.790,32.218,1.767,32.218,1.766,0.001
2026-05-07 19:36:19.820,32.218,1.767,32.218,1.766,0.001
2026-05-07 19:36:19.851,32.218,1.767,32.218,1.766,0.001
2026-05-07 19:36:19.883,32.067,1.765,32.067,1.764,0.001
2026-05-07 19:36:19.932,32.067,1.765,32.067,1.764,0.001
2026-05-07 19:36:19.958,32.067,1.765,32.067,1.764,0.001
2026-05-07 19:36:19.989,32.067,1.765,32.067,1.764,0.001
2026-05-07 19:36:20.019,32.067,1.765,32.067,1.764,0.001
2026-05-07 19:36:20.051,32.067,1.765,32.067,1.764,0.001
2026-05-07 19:36:20.081,32.067,1.765,32.067,1.764,0.001
2026-05-07 19:36:20.130,32.067,1.765,32.067,1.764,0.001
2026-05-07 19:36:20.159,32.067,1.765,32.067,1.764,0.001
2026-05-07 19:36:20.189,32.067,1.765,32.067,1.764,0.001
2026-05-07 19:36:20.220,32.067,1.765,32.067,1.764,0.001
2026-05-07 19:36:20.252,32.067,1.765,32.067,1.764,0.001
2026-05-07 19:36:20.283,32.067,1.765,32.067,1.764,0.001
2026-05-07 19:36:20.333,32.067,1.765,32.067,1.764,0.001
2026-05-07 19:36:20.360,32.067,1.765,32.067,1.764,0.001
2026-05-07 19:36:20.392,32.067,1.765,32.067,1.764,0.001
2026-05-07 19:36:20.423,32.067,1.765,32.067,1.764,0.001
2026-05-07 19:36:20.472,31.919,1.763,31.919,1.761,0.001
2026-05-07 19:36:20.501,31.919,1.763,31.919,1.761,0.001
2026-05-07 19:36:20.533,31.919,1.763,31.919,1.761,0.001
2026-05-07 19:36:20.567,31.919,1.763,31.919,1.761,0.001
2026-05-07 19:36:20.610,31.919,1.763,31.919,1.761,0.001
2026-05-07 19:36:20.641,31.919,1.763,31.919,1.761,0.001
2026-05-07 19:36:20.672,31.919,1.763,31.919,1.761,0.001
2026-05-07 19:36:20.701,31.919,1.763,31.919,1.761,0.001
2026-05-07 19:36:20.749,31.919,1.763,31.919,1.761,0.001
2026-05-07 19:36:20.781,31.919,1.763,31.919,1.761,0.001
2026-05-07 19:36:20.814,31.919,1.763,31.919,1.761,0.001
2026-05-07 19:36:20.841,31.919,1.763,31.919,1.761,0.001
2026-05-07 19:36:20.872,31.919,1.763,31.919,1.761,0.001
2026-05-07 19:36:20.903,31.919,1.763,31.919,1.761,0.001
2026-05-07 19:36:20.950,31.919,1.763,31.919,1.761,0.001
2026-05-07 19:36:20.981,31.919,1.763,31.919,1.761,0.001
2026-05-07 19:36:21.015,31.919,1.763,31.919,1.761,0.001
2026-05-07 19:36:21.043,31.919,1.763,31.919,1.761,0.001
2026-05-07 19:36:21.089,31.919,1.763,31.919,1.761,0.001
2026-05-07 19:36:21.119,31.919,1.763,31.919,1.761,0.001
2026-05-07 19:36:21.150,31.919,1.763,31.919,1.761,0.001
2026-05-07 19:36:21.182,31.919,1.763,31.919,1.761,0.001
2026-05-07 19:36:21.231,31.919,1.763,31.919,1.761,0.001
2026-05-07 19:36:21.260,31.919,1.763,31.919,1.761,0.001
2026-05-07 19:36:21.291,31.919,1.763,31.919,1.761,0.001
2026-05-07 19:36:21.322,31.919,1.763,31.919,1.761,0.001
2026-05-07 19:36:21.370,31.919,1.763,31.919,1.761,0.001
2026-05-07 19:36:21.400,31.919,1.763,31.919,1.761,0.001
2026-05-07 19:36:21.430,31.919,1.763,31.919,1.761,0.001
2026-05-07 19:36:21.461,31.919,1.763,31.919,1.761,0.001
2026-05-07 19:36:21.491,31.767,1.761,31.767,1.759,0.002
2026-05-07 19:36:21.522,31.767,1.761,31.767,1.759,0.002
2026-05-07 19:36:21.555,31.613,1.759,31.613,1.756,0.003
2026-05-07 19:36:21.587,31.613,1.759,31.613,1.756,0.003
2026-05-07 19:36:21.630,31.613,1.759,31.613,1.756,0.003
2026-05-07 19:36:21.660,31.613,1.759,31.613,1.756,0.003
2026-05-07 19:36:21.691,31.613,1.759,31.613,1.756,0.003
2026-05-07 19:36:21.721,31.613,1.759,31.613,1.756,0.003
2026-05-07 19:36:21.752,31.613,1.759,31.613,1.756,0.003
2026-05-07 19:36:21.784,31.613,1.759,31.613,1.756,0.003
2026-05-07 19:36:21.831,31.613,1.759,31.613,1.756,0.003
2026-05-07 19:36:21.868,31.613,1.759,31.613,1.756,0.003
2026-05-07 19:36:21.910,31.613,1.759,31.613,1.756,0.003
2026-05-07 19:36:21.941,31.397,1.757,31.397,1.753,0.004
2026-05-07 19:36:21.971,31.397,1.757,31.397,1.753,0.004
2026-05-07 19:36:22.001,31.397,1.757,31.397,1.753,0.004
2026-05-07 19:36:22.032,31.397,1.757,31.397,1.753,0.004
2026-05-07 19:36:22.065,31.397,1.757,31.397,1.753,0.004
2026-05-07 19:36:22.110,31.397,1.757,31.397,1.753,0.004
2026-05-07 19:36:22.141,31.397,1.757,31.397,1.753,0.004
2026-05-07 19:36:22.173,31.397,1.757,31.397,1.753,0.004
2026-05-07 19:36:22.203,31.397,1.757,31.397,1.753,0.004
2026-05-07 19:36:22.248,31.397,1.757,31.397,1.753,0.004
2026-05-07 19:36:22.281,31.397,1.757,31.397,1.753,0.004
2026-05-07 19:36:22.310,31.397,1.757,31.397,1.753,0.004
2026-05-07 19:36:22.341,31.397,1.757,31.397,1.753,0.004
2026-05-07 19:36:22.371,31.397,1.757,31.397,1.753,0.004
2026-05-07 19:36:22.402,31.397,1.757,31.397,1.753,0.004
2026-05-07 19:36:22.449,31.397,1.757,31.397,1.753,0.004
2026-05-07 19:36:22.506,31.397,1.757,31.397,1.753,0.004
2026-05-07 19:36:22.617,31.101,1.756,31.102,1.748,0.008
2026-05-07 19:36:22.693,31.101,1.756,30.99,1.746,0.112
2026-05-07 19:36:22.766,31.101,1.756,30.99,1.746,0.112
2026-05-07 19:36:22.791,31.101,1.756,30.99,1.746,0.112
2026-05-07 19:36:22.821,31.101,1.756,30.99,1.746,0.112
2026-05-07 19:36:22.852,31.101,1.756,30.99,1.746,0.112
2026-05-07 19:36:22.885,30.733,1.756,30.735,1.73,0.025
2026-05-07 19:36:22.930,30.733,1.756,30.735,1.73,0.025
2026-05-07 19:36:22.959,30.733,1.756,30.735,1.73,0.025
2026-05-07 19:36:22.990,30.733,1.756,30.735,1.73,0.025
2026-05-07 19:36:23.021,30.733,1.756,30.735,1.73,0.025
2026-05-07 19:36:23.051,30.733,1.756,30.735,1.73,0.025
2026-05-07 19:36:23.082,30.733,1.756,30.735,1.73,0.025
2026-05-07 19:36:23.130,30.733,1.756,30.735,1.73,0.025
2026-05-07 19:36:23.169,30.733,1.756,30.735,1.73,0.025
2026-05-07 19:36:23.210,30.733,1.756,30.735,1.73,0.025
2026-05-07 19:36:23.241,30.733,1.756,30.735,1.73,0.025
2026-05-07 19:36:23.273,30.733,1.756,30.735,1.73,0.025
2026-05-07 19:36:23.303,30.733,1.756,30.735,1.73,0.025
2026-05-07 19:36:23.350,30.733,1.756,30.735,1.73,0.025
2026-05-07 19:36:23.380,30.346,1.742,30.348,1.707,0.035
2026-05-07 19:36:23.410,30.346,1.742,30.348,1.707,0.035
2026-05-07 19:36:23.443,30.346,1.742,30.348,1.707,0.035
2026-05-07 19:36:23.491,30.346,1.742,30.348,1.707,0.035
2026-05-07 19:36:23.582,30.346,1.742,30.348,1.707,0.035
2026-05-07 19:36:23.708,30.346,1.742,30.348,1.707,0.035
2026-05-07 19:36:23.751,30.346,1.742,30.348,1.707,0.035
2026-05-07 19:36:23.823,30.346,1.742,30.348,1.707,0.035
2026-05-07 19:36:23.939,30.346,1.742,30.348,1.707,0.035
2026-05-07 19:36:23.972,29.952,1.708,29.954,1.682,0.026
2026-05-07 19:36:24.026,29.952,1.708,29.954,1.682,0.026
2026-05-07 19:36:24.053,29.952,1.708,29.954,1.682,0.026
2026-05-07 19:36:24.080,29.952,1.708,29.954,1.682,0.026
2026-05-07 19:36:24.109,29.952,1.708,29.954,1.682,0.026
2026-05-07 19:36:24.140,29.952,1.708,29.954,1.682,0.026
2026-05-07 19:36:24.172,29.952,1.708,29.954,1.682,0.026
2026-05-07 19:36:24.202,29.952,1.708,29.954,1.682,0.026
2026-05-07 19:36:24.249,29.952,1.708,29.954,1.682,0.026
2026-05-07 19:36:24.280,29.952,1.708,29.954,1.682,0.026
2026-05-07 19:36:24.311,29.952,1.708,29.954,1.682,0.026
2026-05-07 19:36:24.341,29.952,1.708,29.954,1.682,0.026
2026-05-07 19:36:24.388,29.952,1.708,29.954,1.682,0.026
2026-05-07 19:36:24.420,29.952,1.708,29.954,1.682,0.026
2026-05-07 19:36:24.451,29.952,1.708,29.954,1.682,0.026
2026-05-07 19:36:24.482,29.952,1.708,29.954,1.682,0.026
2026-05-07 19:36:24.515,29.952,1.708,29.954,1.682,0.026
2026-05-07 19:36:24.544,29.952,1.708,29.954,1.682,0.026
2026-05-07 19:36:24.590,29.552,1.677,29.553,1.658,0.019
2026-05-07 19:36:24.620,29.552,1.677,29.553,1.658,0.019
2026-05-07 19:36:24.651,29.552,1.677,29.553,1.658,0.019
2026-05-07 19:36:24.683,29.552,1.677,29.553,1.658,0.019
2026-05-07 19:36:24.731,29.552,1.677,29.553,1.658,0.019
2026-05-07 19:36:24.760,29.552,1.677,29.553,1.658,0.019
2026-05-07 19:36:24.791,29.552,1.677,29.553,1.658,0.019
2026-05-07 19:36:24.823,29.552,1.677,29.553,1.658,0.019
2026-05-07 19:36:24.870,29.552,1.677,29.553,1.658,0.019
2026-05-07 19:36:24.901,29.156,1.646,29.156,1.634,0.013
2026-05-07 19:36:24.932,29.156,1.646,29.156,1.634,0.013
2026-05-07 19:36:24.966,29.156,1.646,29.156,1.634,0.013
2026-05-07 19:36:24.992,29.156,1.646,29.156,1.634,0.013
2026-05-07 19:36:25.024,29.156,1.646,29.156,1.634,0.013
2026-05-07 19:36:25.071,29.156,1.646,29.156,1.634,0.013
2026-05-07 19:36:25.102,29.156,1.646,29.156,1.634,0.013
2026-05-07 19:36:25.148,29.156,1.646,29.156,1.634,0.013
2026-05-07 19:36:25.180,29.156,1.646,29.156,1.634,0.013
2026-05-07 19:36:25.210,29.156,1.646,29.156,1.634,0.013
2026-05-07 19:36:25.241,29.156,1.646,29.156,1.634,0.013
2026-05-07 19:36:25.288,29.156,1.646,29.156,1.634,0.013
2026-05-07 19:36:25.319,29.156,1.646,29.156,1.634,0.013
2026-05-07 19:36:25.351,29.156,1.646,29.156,1.634,0.013
2026-05-07 19:36:25.381,29.156,1.646,29.156,1.634,0.013
2026-05-07 19:36:25.413,29.156,1.646,29.156,1.634,0.013
2026-05-07 19:36:25.444,28.757,1.616,28.757,1.609,0.007
2026-05-07 19:36:25.489,28.757,1.616,28.757,1.609,0.007
2026-05-07 19:36:25.521,28.757,1.616,28.757,1.609,0.007
2026-05-07 19:36:25.551,28.757,1.616,28.757,1.609,0.007
2026-05-07 19:36:25.582,28.757,1.616,28.757,1.609,0.007
2026-05-07 19:36:25.631,28.757,1.616,28.757,1.609,0.007
2026-05-07 19:36:25.652,28.757,1.616,28.757,1.609,0.007
2026-05-07 19:36:25.690,28.757,1.616,28.757,1.609,0.007
2026-05-07 19:36:25.720,28.757,1.616,28.757,1.609,0.007
2026-05-07 19:36:25.751,28.757,1.616,28.757,1.609,0.007
2026-05-07 19:36:25.782,28.757,1.616,28.757,1.609,0.007
2026-05-07 19:36:25.829,28.757,1.616,28.757,1.609,0.007
2026-05-07 19:36:25.859,28.757,1.616,28.757,1.609,0.007
2026-05-07 19:36:25.891,28.757,1.616,28.757,1.609,0.007
2026-05-07 19:36:25.925,28.359,1.587,28.359,1.585,0.003
2026-05-07 19:36:25.953,28.359,1.587,28.359,1.585,0.003
2026-05-07 19:36:25.983,28.359,1.587,28.359,1.585,0.003
2026-05-07 19:36:26.031,28.359,1.587,28.359,1.585,0.003
2026-05-07 19:36:26.060,28.359,1.587,28.359,1.585,0.003
2026-05-07 19:36:26.091,28.359,1.587,28.359,1.585,0.003
2026-05-07 19:36:26.123,28.359,1.587,28.359,1.585,0.003
2026-05-07 19:36:26.172,28.359,1.587,28.359,1.585,0.003
2026-05-07 19:36:26.201,28.359,1.587,28.359,1.585,0.003
2026-05-07 19:36:26.232,28.359,1.587,28.359,1.585,0.003
2026-05-07 19:36:26.267,28.359,1.587,28.359,1.585,0.003
2026-05-07 19:36:26.309,28.359,1.587,28.359,1.585,0.003
2026-05-07 19:36:26.339,28.359,1.587,28.359,1.585,0.003
2026-05-07 19:36:26.372,28.359,1.587,28.359,1.585,0.003
2026-05-07 19:36:26.406,27.962,1.562,27.962,1.56,0.001
2026-05-07 19:36:26.450,27.962,1.562,27.962,1.56,0.001
2026-05-07 19:36:26.481,27.962,1.562,27.962,1.56,0.001
2026-05-07 19:36:26.512,27.962,1.562,27.962,1.56,0.001
2026-05-07 19:36:26.542,27.962,1.562,27.962,1.56,0.001
2026-05-07 19:36:26.589,27.962,1.562,27.962,1.56,0.001
2026-05-07 19:36:26.620,27.962,1.562,27.962,1.56,0.001
2026-05-07 19:36:26.651,27.962,1.562,27.962,1.56,0.001
2026-05-07 19:36:26.682,27.962,1.562,27.962,1.56,0.001
2026-05-07 19:36:26.730,27.962,1.562,27.962,1.56,0.001
2026-05-07 19:36:26.759,27.962,1.562,27.962,1.56,0.001
2026-05-07 19:36:26.789,27.962,1.562,27.962,1.56,0.001
2026-05-07 19:36:26.821,27.962,1.562,27.962,1.56,0.001
2026-05-07 19:36:26.856,27.562,1.537,27.562,1.536,0.002
2026-05-07 19:36:26.883,27.562,1.537,27.562,1.536,0.002
2026-05-07 19:36:26.929,27.562,1.537,27.562,1.536,0.002
2026-05-07 19:36:26.960,27.562,1.537,27.562,1.536,0.002
2026-05-07 19:36:26.992,27.562,1.537,27.562,1.536,0.002
2026-05-07 19:36:27.024,27.562,1.537,27.562,1.536,0.002
2026-05-07 19:36:27.076,27.562,1.537,27.562,1.536,0.002
2026-05-07 19:36:27.101,27.562,1.537,27.562,1.536,0.002
2026-05-07 19:36:27.132,27.562,1.537,27.562,1.536,0.002
2026-05-07 19:36:27.165,27.562,1.537,27.562,1.536,0.002
2026-05-07 19:36:27.210,27.562,1.537,27.562,1.536,0.002
2026-05-07 19:36:27.241,27.562,1.537,27.562,1.536,0.002
2026-05-07 19:36:27.272,27.562,1.537,27.562,1.536,0.002
2026-05-07 19:36:27.303,27.562,1.537,27.562,1.536,0.002
2026-05-07 19:36:27.350,27.562,1.537,27.562,1.536,0.002
2026-05-07 19:36:27.381,27.562,1.537,27.562,1.536,0.002
2026-05-07 19:36:27.411,27.562,1.537,27.562,1.536,0.002
2026-05-07 19:36:27.434,27.562,1.537,27.562,1.536,0.002
2026-05-07 19:36:27.457,27.164,1.512,27.164,1.511,0.001
2026-05-07 19:36:27.488,27.164,1.512,27.164,1.511,0.001
2026-05-07 19:36:27.519,27.164,1.512,27.164,1.511,0.001
2026-05-07 19:36:27.549,27.164,1.512,27.164,1.511,0.001
2026-05-07 19:36:27.581,27.164,1.512,27.164,1.511,0.001
2026-05-07 19:36:27.609,27.164,1.512,27.164,1.511,0.001
2026-05-07 19:36:27.640,27.164,1.512,27.164,1.511,0.001
2026-05-07 19:36:27.671,27.164,1.512,27.164,1.511,0.001
2026-05-07 19:36:27.703,27.164,1.512,27.164,1.511,0.001
2026-05-07 19:36:27.750,27.164,1.512,27.164,1.511,0.001
2026-05-07 19:36:27.781,27.164,1.512,27.164,1.511,0.001
2026-05-07 19:36:27.815,27.164,1.512,27.164,1.511,0.001
2026-05-07 19:36:27.870,27.164,1.512,27.164,1.511,0.001
2026-05-07 19:36:27.939,27.164,1.512,27.164,1.511,0.001
2026-05-07 19:36:27.982,27.164,1.512,27.164,1.511,0.001
2026-05-07 19:36:28.031,27.164,1.512,27.164,1.511,0.001
2026-05-07 19:36:28.100,27.164,1.512,27.164,1.511,0.001
2026-05-07 19:36:28.123,26.776,1.489,26.776,1.487,0.002
2026-05-07 19:36:28.172,26.776,1.489,26.776,1.487,0.002
2026-05-07 19:36:28.199,26.776,1.489,26.776,1.487,0.002
2026-05-07 19:36:28.232,26.776,1.489,26.776,1.487,0.002
2026-05-07 19:36:28.261,26.776,1.489,26.776,1.487,0.002
2026-05-07 19:36:28.292,26.776,1.489,26.776,1.487,0.002
2026-05-07 19:36:28.322,26.776,1.489,26.776,1.487,0.002
2026-05-07 19:36:28.368,26.776,1.489,26.776,1.487,0.002
2026-05-07 19:36:28.399,26.776,1.489,26.776,1.487,0.002
2026-05-07 19:36:28.430,26.776,1.489,26.776,1.487,0.002
2026-05-07 19:36:28.462,26.776,1.489,26.776,1.487,0.002
2026-05-07 19:36:28.520,26.776,1.489,26.776,1.487,0.002
2026-05-07 19:36:28.569,26.776,1.489,26.776,1.487,0.002
2026-05-07 19:36:28.607,26.776,1.489,26.776,1.487,0.002
2026-05-07 19:36:28.732,26.776,1.489,26.776,1.487,0.002
2026-05-07 19:36:28.831,26.406,1.467,26.406,1.465,0.002
2026-05-07 19:36:28.865,26.406,1.467,26.406,1.465,0.002
2026-05-07 19:36:28.908,26.406,1.467,26.406,1.465,0.002
2026-05-07 19:36:28.939,26.051,1.445,26.051,1.443,0.002
2026-05-07 19:36:28.970,26.051,1.445,26.051,1.443,0.002
2026-05-07 19:36:29.001,26.051,1.445,26.051,1.443,0.002
2026-05-07 19:36:29.032,26.051,1.445,26.051,1.443,0.002
2026-05-07 19:36:29.070,26.051,1.445,26.051,1.443,0.002
2026-05-07 19:36:29.110,26.051,1.445,26.051,1.443,0.002
2026-05-07 19:36:29.141,26.051,1.445,26.051,1.443,0.002
2026-05-07 19:36:29.172,26.051,1.445,26.051,1.443,0.002
2026-05-07 19:36:29.204,26.051,1.445,26.051,1.443,0.002
2026-05-07 19:36:29.251,26.051,1.445,26.051,1.443,0.002
2026-05-07 19:36:29.282,26.051,1.445,26.051,1.443,0.002
2026-05-07 19:36:29.331,26.051,1.445,26.051,1.443,0.002
2026-05-07 19:36:29.370,25.701,1.424,25.702,1.422,0.003
2026-05-07 19:36:29.391,25.701,1.424,25.702,1.422,0.003
2026-05-07 19:36:29.421,25.701,1.424,25.702,1.422,0.003
2026-05-07 19:36:29.453,25.701,1.424,25.702,1.422,0.003
2026-05-07 19:36:29.483,25.701,1.424,25.702,1.422,0.003
2026-05-07 19:36:29.532,25.701,1.424,25.702,1.422,0.003
2026-05-07 19:36:29.559,25.701,1.424,25.702,1.422,0.003
2026-05-07 19:36:29.590,25.701,1.424,25.702,1.422,0.003
2026-05-07 19:36:29.621,25.701,1.424,25.702,1.422,0.003
2026-05-07 19:36:29.652,25.701,1.424,25.702,1.422,0.003
2026-05-07 19:36:29.682,25.701,1.424,25.702,1.422,0.003
2026-05-07 19:36:29.731,25.701,1.424,25.702,1.422,0.003
2026-05-07 19:36:29.761,25.701,1.424,25.702,1.422,0.003
2026-05-07 19:36:29.793,25.701,1.424,25.702,1.422,0.003
2026-05-07 19:36:29.824,25.701,1.424,25.702,1.422,0.003
2026-05-07 19:36:29.870,25.701,1.424,25.702,1.422,0.003
2026-05-07 19:36:29.902,25.701,1.424,25.702,1.422,0.003
2026-05-07 19:36:29.949,25.701,1.424,25.702,1.422,0.003
2026-05-07 19:36:29.981,25.701,1.424,25.702,1.422,0.003
2026-05-07 19:36:30.014,25.701,1.424,25.702,1.422,0.003
2026-05-07 19:36:30.042,25.364,1.405,25.365,1.401,0.004
2026-05-07 19:36:30.088,25.364,1.405,25.365,1.401,0.004
2026-05-07 19:36:30.119,25.364,1.405,25.365,1.401,0.004
2026-05-07 19:36:30.150,25.364,1.405,25.365,1.401,0.004
2026-05-07 19:36:30.181,25.364,1.405,25.365,1.401,0.004
2026-05-07 19:36:30.214,25.364,1.405,25.365,1.401,0.004
2026-05-07 19:36:30.243,25.364,1.405,25.365,1.401,0.004
2026-05-07 19:36:30.290,25.364,1.405,25.365,1.401,0.004
2026-05-07 19:36:30.321,25.364,1.405,25.365,1.401,0.004
2026-05-07 19:36:30.352,25.364,1.405,25.365,1.401,0.004
2026-05-07 19:36:30.382,25.364,1.405,25.365,1.401,0.004
2026-05-07 19:36:30.428,25.364,1.405,25.365,1.401,0.004
2026-05-07 19:36:30.459,25.364,1.405,25.365,1.401,0.004
2026-05-07 19:36:30.490,25.364,1.405,25.365,1.401,0.004
2026-05-07 19:36:30.521,25.364,1.405,25.365,1.401,0.004
2026-05-07 19:36:30.553,25.036,1.386,25.036,1.381,0.005
2026-05-07 19:36:30.583,25.036,1.386,25.036,1.381,0.005
2026-05-07 19:36:30.630,25.036,1.386,25.036,1.381,0.005
2026-05-07 19:36:30.664,25.036,1.386,25.036,1.381,0.005
2026-05-07 19:36:30.693,25.036,1.386,25.036,1.381,0.005
2026-05-07 19:36:30.724,25.036,1.386,25.036,1.381,0.005
2026-05-07 19:36:30.772,25.036,1.386,25.036,1.381,0.005
2026-05-07 19:36:30.801,25.036,1.386,25.036,1.381,0.005
2026-05-07 19:36:30.832,25.036,1.386,25.036,1.381,0.005
2026-05-07 19:36:30.865,25.036,1.386,25.036,1.381,0.005
2026-05-07 19:36:30.909,25.036,1.386,25.036,1.381,0.005
2026-05-07 19:36:30.941,24.707,1.367,24.708,1.361,0.007
2026-05-07 19:36:30.971,24.707,1.367,24.708,1.361,0.007
2026-05-07 19:36:31.002,24.707,1.367,24.708,1.361,0.007
2026-05-07 19:36:31.048,24.707,1.367,24.708,1.361,0.007
2026-05-07 19:36:31.080,24.707,1.367,24.708,1.361,0.007
2026-05-07 19:36:31.113,24.707,1.367,24.708,1.361,0.007
2026-05-07 19:36:31.141,24.707,1.367,24.708,1.361,0.007
2026-05-07 19:36:31.171,24.707,1.367,24.708,1.361,0.007
2026-05-07 19:36:31.202,24.707,1.367,24.708,1.361,0.007
2026-05-07 19:36:31.248,24.707,1.367,24.708,1.361,0.007
2026-05-07 19:36:31.281,24.707,1.367,24.708,1.361,0.007
2026-05-07 19:36:31.310,24.707,1.367,24.708,1.361,0.007
2026-05-07 19:36:31.341,24.707,1.367,24.708,1.361,0.007
2026-05-07 19:36:31.371,24.707,1.367,24.708,1.361,0.007
2026-05-07 19:36:31.404,24.707,1.367,24.708,1.361,0.007
2026-05-07 19:36:31.450,24.707,1.367,24.708,1.361,0.007
2026-05-07 19:36:31.481,24.707,1.367,24.708,1.361,0.007
2026-05-07 19:36:31.513,24.707,1.367,24.708,1.361,0.007
2026-05-07 19:36:31.543,24.707,1.367,24.708,1.361,0.007
2026-05-07 19:36:31.589,24.707,1.367,24.708,1.361,0.007
2026-05-07 19:36:31.620,24.403,1.349,24.403,1.342,0.007
2026-05-07 19:36:31.651,24.403,1.349,24.403,1.342,0.007
2026-05-07 19:36:31.682,24.403,1.349,24.403,1.342,0.007
2026-05-07 19:36:31.731,24.403,1.349,24.403,1.342,0.007
2026-05-07 19:36:31.760,24.403,1.349,24.403,1.342,0.007
2026-05-07 19:36:31.792,24.403,1.349,24.403,1.342,0.007
2026-05-07 19:36:31.823,24.403,1.349,24.403,1.342,0.007
2026-05-07 19:36:31.869,24.403,1.349,24.403,1.342,0.007
2026-05-07 19:36:31.901,24.403,1.349,24.403,1.342,0.007
2026-05-07 19:36:31.932,24.403,1.349,24.403,1.342,0.007
2026-05-07 19:36:31.966,24.403,1.349,24.403,1.342,0.007
2026-05-07 19:36:32.010,24.403,1.349,24.403,1.342,0.007
2026-05-07 19:36:32.041,24.403,1.349,24.403,1.342,0.007
2026-05-07 19:36:32.071,24.403,1.349,24.403,1.342,0.007
2026-05-07 19:36:32.103,24.403,1.349,24.403,1.342,0.007
2026-05-07 19:36:32.132,24.403,1.349,24.403,1.342,0.007
2026-05-07 19:36:32.164,24.403,1.349,24.403,1.342,0.007
2026-05-07 19:36:32.209,24.403,1.349,24.403,1.342,0.007
2026-05-07 19:36:32.239,24.403,1.349,24.403,1.342,0.007
2026-05-07 19:36:32.270,24.403,1.349,24.403,1.342,0.007
2026-05-07 19:36:32.301,24.403,1.349,24.403,1.342,0.007
2026-05-07 19:36:32.332,24.403,1.349,24.403,1.342,0.007
2026-05-07 19:36:32.362,24.403,1.349,24.403,1.342,0.007
2026-05-07 19:36:32.392,24.403,1.349,24.403,1.342,0.007
2026-05-07 19:36:32.422,24.403,1.349,24.403,1.342,0.007
2026-05-07 19:36:32.468,24.403,1.349,24.403,1.342,0.007
2026-05-07 19:36:32.500,24.403,1.349,24.403,1.342,0.007
2026-05-07 19:36:32.531,24.403,1.349,24.403,1.342,0.007
2026-05-07 19:36:32.569,24.403,1.349,24.403,1.342,0.007
2026-05-07 19:36:32.609,24.403,1.349,24.403,1.342,0.007
2026-05-07 19:36:32.640,24.403,1.349,24.403,1.342,0.007
2026-05-07 19:36:32.671,24.403,1.349,24.403,1.342,0.007
2026-05-07 19:36:32.702,24.403,1.349,24.403,1.342,0.007
2026-05-07 19:36:32.748,24.403,1.349,24.403,1.342,0.007
2026-05-07 19:36:32.776,24.403,1.349,24.403,1.342,0.007
2026-05-07 19:36:32.826,24.403,1.349,24.403,1.342,0.007
2026-05-07 19:36:32.848,24.403,1.349,24.403,1.342,0.007
2026-05-07 19:36:32.873,24.403,1.349,24.403,1.342,0.007
2026-05-07 19:36:32.952,24.403,1.349,24.403,1.342,0.007
2026-05-07 19:36:33.008,24.403,1.349,24.403,1.342,0.007
2026-05-07 19:36:33.043,24.109,1.329,24.109,1.324,0.005
2026-05-07 19:36:33.102,24.109,1.329,24.109,1.324,0.005
2026-05-07 19:36:33.148,24.109,1.329,24.109,1.324,0.005
2026-05-07 19:36:33.181,24.109,1.329,24.109,1.324,0.005
2026-05-07 19:36:33.210,24.109,1.329,24.109,1.324,0.005
2026-05-07 19:36:33.242,24.109,1.329,24.109,1.324,0.005
2026-05-07 19:36:33.299,23.814,1.309,23.814,1.306,0.003
2026-05-07 19:36:33.350,23.814,1.309,23.814,1.306,0.003
2026-05-07 19:36:33.381,23.538,1.291,23.538,1.289,0.002
2026-05-07 19:36:33.432,23.538,1.291,23.538,1.289,0.002
2026-05-07 19:36:33.459,23.538,1.291,23.538,1.289,0.002
2026-05-07 19:36:33.490,23.538,1.291,23.538,1.289,0.002
2026-05-07 19:36:33.522,23.268,1.273,23.268,1.272,0.001
2026-05-07 19:36:33.571,23.268,1.273,23.268,1.272,0.001
2026-05-07 19:36:33.601,23.268,1.273,23.268,1.272,0.001
2026-05-07 19:36:33.632,23.268,1.273,23.268,1.272,0.001
2026-05-07 19:36:33.665,23.268,1.273,23.268,1.272,0.001
2026-05-07 19:36:33.717,23.268,1.273,23.268,1.272,0.001
2026-05-07 19:36:33.739,23.268,1.273,23.268,1.272,0.001
2026-05-07 19:36:33.786,23.268,1.273,23.268,1.272,0.001
2026-05-07 19:36:33.818,23.268,1.273,23.268,1.272,0.001
2026-05-07 19:36:33.910,23.268,1.273,23.268,1.272,0.001
2026-05-07 19:36:34.057,23.006,1.257,23.006,1.256,0.0
2026-05-07 19:36:34.108,23.006,1.257,23.006,1.256,0.0
2026-05-07 19:36:34.136,23.006,1.257,23.006,1.256,0.0
2026-05-07 19:36:34.159,23.006,1.257,23.006,1.256,0.0
2026-05-07 19:36:34.190,23.006,1.257,23.006,1.256,0.0
2026-05-07 19:36:34.221,23.006,1.257,23.006,1.256,0.0
2026-05-07 19:36:34.252,23.006,1.257,23.006,1.256,0.0
2026-05-07 19:36:34.283,23.006,1.257,23.006,1.256,0.0
2026-05-07 19:36:34.331,23.006,1.257,23.006,1.256,0.0
2026-05-07 19:36:34.360,23.006,1.257,23.006,1.256,0.0
2026-05-07 19:36:34.391,23.006,1.257,23.006,1.256,0.0
2026-05-07 19:36:34.422,22.751,1.241,22.751,1.241,0.001
2026-05-07 19:36:34.469,22.751,1.241,22.751,1.241,0.001
2026-05-07 19:36:34.500,22.751,1.241,22.751,1.241,0.001
2026-05-07 19:36:34.531,22.751,1.241,22.751,1.241,0.001
2026-05-07 19:36:34.563,22.751,1.241,22.751,1.241,0.001
2026-05-07 19:36:34.592,22.751,1.241,22.751,1.241,0.001
2026-05-07 19:36:34.623,22.751,1.241,22.751,1.241,0.001
2026-05-07 19:36:34.670,22.751,1.241,22.751,1.241,0.001
2026-05-07 19:36:34.700,22.751,1.241,22.751,1.241,0.001
2026-05-07 19:36:34.731,22.751,1.241,22.751,1.241,0.001
2026-05-07 19:36:34.764,22.751,1.241,22.751,1.241,0.001
2026-05-07 19:36:34.808,22.751,1.241,22.751,1.241,0.001
2026-05-07 19:36:34.838,22.751,1.241,22.751,1.241,0.001
2026-05-07 19:36:34.872,22.751,1.241,22.751,1.241,0.001
2026-05-07 19:36:34.900,22.5,1.225,22.5,1.225,0.0
2026-05-07 19:36:34.931,22.5,1.225,22.5,1.225,0.0
2026-05-07 19:36:34.963,22.5,1.225,22.5,1.225,0.0
2026-05-07 19:36:35.007,22.5,1.225,22.5,1.225,0.0
2026-05-07 19:36:35.039,22.5,1.225,22.5,1.225,0.0
2026-05-07 19:36:35.070,22.5,1.225,22.5,1.225,0.0
2026-05-07 19:36:35.101,22.5,1.225,22.5,1.225,0.0
2026-05-07 19:36:35.132,22.5,1.225,22.5,1.225,0.0
2026-05-07 19:36:35.164,22.5,1.225,22.5,1.225,0.0
2026-05-07 19:36:35.213,22.5,1.225,22.5,1.225,0.0
2026-05-07 19:36:35.242,22.5,1.225,22.5,1.225,0.0
2026-05-07 19:36:35.270,22.5,1.225,22.5,1.225,0.0
2026-05-07 19:36:35.304,22.5,1.225,22.5,1.225,0.0
2026-05-07 19:36:35.350,22.262,1.211,22.262,1.211,0.0
2026-05-07 19:36:35.381,22.262,1.211,22.262,1.211,0.0
2026-05-07 19:36:35.413,22.262,1.211,22.262,1.211,0.0
2026-05-07 19:36:35.442,22.262,1.211,22.262,1.211,0.0
2026-05-07 19:36:35.487,22.262,1.211,22.262,1.211,0.0
2026-05-07 19:36:35.519,22.262,1.211,22.262,1.211,0.0
2026-05-07 19:36:35.549,22.262,1.211,22.262,1.211,0.0
2026-05-07 19:36:35.581,22.262,1.211,22.262,1.211,0.0
2026-05-07 19:36:35.614,22.262,1.211,22.262,1.211,0.0
2026-05-07 19:36:35.642,22.262,1.211,22.262,1.211,0.0
2026-05-07 19:36:35.689,22.262,1.211,22.262,1.211,0.0
2026-05-07 19:36:35.720,22.262,1.211,22.262,1.211,0.0
2026-05-07 19:36:35.751,22.262,1.211,22.262,1.211,0.0
2026-05-07 19:36:35.782,22.262,1.211,22.262,1.211,0.0
2026-05-07 19:36:35.832,22.262,1.211,22.262,1.211,0.0
2026-05-07 19:36:35.859,22.03,1.198,22.03,1.196,0.001
2026-05-07 19:36:35.890,22.03,1.198,22.03,1.196,0.001
2026-05-07 19:36:35.911,22.03,1.198,22.03,1.196,0.001
2026-05-07 19:36:35.935,22.03,1.198,22.03,1.196,0.001
2026-05-07 19:36:35.955,22.03,1.198,22.03,1.196,0.001
2026-05-07 19:36:35.984,22.03,1.198,22.03,1.196,0.001
2026-05-07 19:36:36.019,22.03,1.198,22.03,1.196,0.001
2026-05-07 19:36:36.103,22.03,1.198,22.03,1.196,0.001
2026-05-07 19:36:36.132,22.03,1.198,22.03,1.196,0.001
2026-05-07 19:36:36.169,22.03,1.198,22.03,1.196,0.001
2026-05-07 19:36:36.199,22.03,1.198,22.03,1.196,0.001
2026-05-07 19:36:36.234,22.03,1.198,22.03,1.196,0.001
2026-05-07 19:36:36.266,22.03,1.198,22.03,1.196,0.001
2026-05-07 19:36:36.310,22.03,1.198,22.03,1.196,0.001
2026-05-07 19:36:36.341,22.03,1.198,22.03,1.196,0.001
2026-05-07 19:36:36.372,22.03,1.198,22.03,1.196,0.001
2026-05-07 19:36:36.403,22.03,1.198,22.03,1.196,0.001
2026-05-07 19:36:36.450,22.03,1.198,22.03,1.196,0.001
2026-05-07 19:36:36.474,22.03,1.198,22.03,1.196,0.001
2026-05-07 19:36:36.514,21.806,1.185,21.806,1.183,0.003
2026-05-07 19:36:36.542,21.806,1.185,21.806,1.183,0.003
2026-05-07 19:36:36.588,21.806,1.185,21.806,1.183,0.003
2026-05-07 19:36:36.618,21.806,1.185,21.806,1.183,0.003
2026-05-07 19:36:36.649,21.806,1.185,21.806,1.183,0.003
2026-05-07 19:36:36.681,21.806,1.185,21.806,1.183,0.003
2026-05-07 19:36:36.710,21.806,1.185,21.806,1.183,0.003
2026-05-07 19:36:36.740,21.806,1.185,21.806,1.183,0.003
2026-05-07 19:36:36.771,21.806,1.185,21.806,1.183,0.003
2026-05-07 19:36:36.802,21.806,1.185,21.806,1.183,0.003
2026-05-07 19:36:36.848,21.806,1.185,21.806,1.183,0.003
2026-05-07 19:36:36.882,21.806,1.185,21.806,1.183,0.003
2026-05-07 19:36:36.910,21.806,1.185,21.806,1.183,0.003
2026-05-07 19:36:36.940,21.806,1.185,21.806,1.183,0.003
2026-05-07 19:36:36.972,21.588,1.173,21.589,1.169,0.004
2026-05-07 19:36:37.004,21.588,1.173,21.589,1.169,0.004
2026-05-07 19:36:37.048,21.588,1.173,21.589,1.169,0.004
2026-05-07 19:36:37.081,21.588,1.173,21.589,1.169,0.004
2026-05-07 19:36:37.110,21.588,1.173,21.589,1.169,0.004
2026-05-07 19:36:37.141,21.588,1.173,21.589,1.169,0.004
2026-05-07 19:36:37.172,21.588,1.173,21.589,1.169,0.004
2026-05-07 19:36:37.203,21.588,1.173,21.589,1.169,0.004
2026-05-07 19:36:37.250,21.588,1.173,21.589,1.169,0.004
2026-05-07 19:36:37.283,21.588,1.173,21.589,1.169,0.004
2026-05-07 19:36:37.313,21.588,1.173,21.589,1.169,0.004
2026-05-07 19:36:37.342,21.588,1.173,21.589,1.169,0.004
2026-05-07 19:36:37.367,21.375,1.159,21.375,1.156,0.003
2026-05-07 19:36:37.389,21.375,1.159,21.375,1.156,0.003
2026-05-07 19:36:37.418,21.375,1.159,21.375,1.156,0.003
2026-05-07 19:36:37.451,21.375,1.159,21.375,1.156,0.003
2026-05-07 19:36:37.472,21.375,1.159,21.375,1.156,0.003
2026-05-07 19:36:37.514,21.375,1.159,21.375,1.156,0.003
2026-05-07 19:36:37.541,21.375,1.159,21.375,1.156,0.003
2026-05-07 19:36:37.572,21.375,1.159,21.375,1.156,0.003
2026-05-07 19:36:37.604,21.375,1.159,21.375,1.156,0.003
2026-05-07 19:36:37.650,21.375,1.159,21.375,1.156,0.003
2026-05-07 19:36:37.681,21.375,1.159,21.375,1.156,0.003
2026-05-07 19:36:37.715,21.375,1.159,21.375,1.156,0.003
2026-05-07 19:36:37.756,21.375,1.159,21.375,1.156,0.003
2026-05-07 19:36:37.791,21.375,1.159,21.375,1.156,0.003
2026-05-07 19:36:37.820,21.375,1.159,21.375,1.156,0.003
2026-05-07 19:36:37.850,21.375,1.159,21.375,1.156,0.003
2026-05-07 19:36:37.870,21.375,1.159,21.375,1.156,0.003
2026-05-07 19:36:37.915,21.375,1.159,21.375,1.156,0.003
2026-05-07 19:36:37.949,21.171,1.147,21.171,1.144,0.003
2026-05-07 19:36:37.988,21.171,1.147,21.171,1.144,0.003
2026-05-07 19:36:38.134,21.171,1.147,21.171,1.144,0.003
2026-05-07 19:36:38.187,21.171,1.147,21.171,1.144,0.003
2026-05-07 19:36:38.219,21.171,1.147,21.171,1.144,0.003
2026-05-07 19:36:38.248,21.171,1.147,21.171,1.144,0.003
2026-05-07 19:36:38.271,21.171,1.147,21.171,1.144,0.003
2026-05-07 19:36:38.302,21.171,1.147,21.171,1.144,0.003
2026-05-07 19:36:38.325,21.171,1.147,21.171,1.144,0.003
2026-05-07 19:36:38.372,21.171,1.147,21.171,1.144,0.003
2026-05-07 19:36:38.402,21.171,1.147,21.171,1.144,0.003
2026-05-07 19:36:38.450,20.972,1.136,20.972,1.131,0.004
2026-05-07 19:36:38.481,20.972,1.136,20.972,1.131,0.004
2026-05-07 19:36:38.513,20.972,1.136,20.972,1.131,0.004
2026-05-07 19:36:38.543,20.972,1.136,20.972,1.131,0.004
2026-05-07 19:36:38.590,20.972,1.136,20.972,1.131,0.004
2026-05-07 19:36:38.655,20.972,1.136,20.972,1.131,0.004
2026-05-07 19:36:38.809,20.972,1.136,20.972,1.131,0.004
2026-05-07 19:36:38.905,20.972,1.136,20.972,1.131,0.004
2026-05-07 19:36:38.932,20.778,1.123,20.778,1.12,0.004
2026-05-07 19:36:38.965,20.778,1.123,20.778,1.12,0.004
2026-05-07 19:36:39.042,20.778,1.123,20.778,1.12,0.004
2026-05-07 19:36:39.166,20.778,1.123,20.778,1.12,0.004
2026-05-07 19:36:39.284,20.778,1.123,20.778,1.12,0.004
2026-05-07 19:36:39.308,20.778,1.123,20.778,1.12,0.004
2026-05-07 19:36:39.335,20.778,1.123,20.778,1.12,0.004
2026-05-07 19:36:39.370,20.778,1.123,20.778,1.12,0.004
2026-05-07 19:36:39.400,20.778,1.123,20.778,1.12,0.004
2026-05-07 19:36:39.431,20.778,1.123,20.778,1.12,0.004
2026-05-07 19:36:39.471,20.778,1.123,20.778,1.12,0.004
2026-05-07 19:36:39.492,20.778,1.123,20.778,1.12,0.004
2026-05-07 19:36:39.523,20.778,1.123,20.778,1.12,0.004
2026-05-07 19:36:39.572,20.592,1.112,20.592,1.108,0.004
2026-05-07 19:36:39.633,20.592,1.112,20.592,1.108,0.004
2026-05-07 19:36:39.864,20.592,1.112,20.592,1.108,0.004
2026-05-07 19:36:39.970,20.592,1.112,20.592,1.108,0.004
2026-05-07 19:36:39.998,20.409,1.101,20.41,1.097,0.004
2026-05-07 19:36:40.021,20.409,1.101,20.41,1.097,0.004
2026-05-07 19:36:40.049,20.409,1.101,20.41,1.097,0.004
2026-05-07 19:36:40.081,20.409,1.101,20.41,1.097,0.004
2026-05-07 19:36:40.113,20.409,1.101,20.41,1.097,0.004
2026-05-07 19:36:40.143,20.409,1.101,20.41,1.097,0.004
2026-05-07 19:36:40.188,20.409,1.101,20.41,1.097,0.004
2026-05-07 19:36:40.220,20.409,1.101,20.41,1.097,0.004
2026-05-07 19:36:40.252,20.409,1.101,20.41,1.097,0.004
2026-05-07 19:36:40.283,20.409,1.101,20.41,1.097,0.004
2026-05-07 19:36:40.331,20.409,1.101,20.41,1.097,0.004
2026-05-07 19:36:40.362,20.409,1.101,20.41,1.097,0.004
2026-05-07 19:36:40.392,20.409,1.101,20.41,1.097,0.004
2026-05-07 19:36:40.428,20.231,1.089,20.232,1.086,0.003
2026-05-07 19:36:40.469,20.231,1.089,20.232,1.086,0.003
2026-05-07 19:36:40.500,20.231,1.089,20.232,1.086,0.003
2026-05-07 19:36:40.530,20.231,1.089,20.232,1.086,0.003
2026-05-07 19:36:40.564,20.231,1.089,20.232,1.086,0.003
2026-05-07 19:36:40.609,20.231,1.089,20.232,1.086,0.003
2026-05-07 19:36:40.639,20.231,1.089,20.232,1.086,0.003
2026-05-07 19:36:40.671,20.231,1.089,20.232,1.086,0.003
2026-05-07 19:36:40.702,20.231,1.089,20.232,1.086,0.003
2026-05-07 19:36:40.750,20.231,1.089,20.232,1.086,0.003
2026-05-07 19:36:40.781,20.231,1.089,20.232,1.086,0.003
2026-05-07 19:36:40.813,20.231,1.089,20.232,1.086,0.003
2026-05-07 19:36:40.842,20.231,1.089,20.232,1.086,0.003
2026-05-07 19:36:40.890,20.062,1.077,20.062,1.076,0.002
2026-05-07 19:36:40.919,20.062,1.077,20.062,1.076,0.002
2026-05-07 19:36:40.950,20.062,1.077,20.062,1.076,0.002
2026-05-07 19:36:40.981,20.062,1.077,20.062,1.076,0.002
2026-05-07 19:36:41.014,20.062,1.077,20.062,1.076,0.002
2026-05-07 19:36:41.042,20.062,1.077,20.062,1.076,0.002
2026-05-07 19:36:41.087,20.062,1.077,20.062,1.076,0.002
2026-05-07 19:36:41.119,20.062,1.077,20.062,1.076,0.002
2026-05-07 19:36:41.150,20.062,1.077,20.062,1.076,0.002
2026-05-07 19:36:41.180,20.062,1.077,20.062,1.076,0.002
2026-05-07 19:36:41.214,20.062,1.077,20.062,1.076,0.002
2026-05-07 19:36:41.243,20.062,1.077,20.062,1.076,0.002
2026-05-07 19:36:41.289,20.062,1.077,20.062,1.076,0.002
2026-05-07 19:36:41.321,20.062,1.077,20.062,1.076,0.002
2026-05-07 19:36:41.351,20.062,1.077,20.062,1.076,0.002
2026-05-07 19:36:41.382,20.062,1.077,20.062,1.076,0.002
2026-05-07 19:36:41.429,19.899,1.067,19.899,1.066,0.001
2026-05-07 19:36:41.460,19.899,1.067,19.899,1.066,0.001
2026-05-07 19:36:41.492,19.899,1.067,19.899,1.066,0.001
2026-05-07 19:36:41.523,19.899,1.067,19.899,1.066,0.001
2026-05-07 19:36:41.570,19.899,1.067,19.899,1.066,0.001
2026-05-07 19:36:41.599,19.899,1.067,19.899,1.066,0.001
2026-05-07 19:36:41.631,19.899,1.067,19.899,1.066,0.001
2026-05-07 19:36:41.664,19.899,1.067,19.899,1.066,0.001
2026-05-07 19:36:41.710,19.899,1.067,19.899,1.066,0.001
2026-05-07 19:36:41.741,19.899,1.067,19.899,1.066,0.001
2026-05-07 19:36:41.788,19.899,1.067,19.899,1.066,0.001
2026-05-07 19:36:41.819,19.899,1.067,19.899,1.066,0.001
2026-05-07 19:36:41.850,19.899,1.067,19.899,1.066,0.001
2026-05-07 19:36:41.880,19.899,1.067,19.899,1.066,0.001
2026-05-07 19:36:41.914,19.899,1.067,19.899,1.066,0.001
2026-05-07 19:36:41.942,19.899,1.067,19.899,1.066,0.001
2026-05-07 19:36:41.988,19.739,1.057,19.739,1.056,0.001
2026-05-07 19:36:42.020,19.739,1.057,19.739,1.056,0.001
2026-05-07 19:36:42.051,19.739,1.057,19.739,1.056,0.001
2026-05-07 19:36:42.082,19.739,1.057,19.739,1.056,0.001
2026-05-07 19:36:42.130,19.739,1.057,19.739,1.056,0.001
2026-05-07 19:36:42.160,19.739,1.057,19.739,1.056,0.001
2026-05-07 19:36:42.190,19.739,1.057,19.739,1.056,0.001
2026-05-07 19:36:42.221,19.739,1.057,19.739,1.056,0.001
2026-05-07 19:36:42.252,19.739,1.057,19.739,1.056,0.001
2026-05-07 19:36:42.284,19.739,1.057,19.739,1.056,0.001
2026-05-07 19:36:42.331,19.739,1.057,19.739,1.056,0.001
2026-05-07 19:36:42.364,19.739,1.057,19.739,1.056,0.001
2026-05-07 19:36:42.408,19.739,1.057,19.739,1.056,0.001
2026-05-07 19:36:42.431,19.583,1.046,19.583,1.046,0.0
2026-05-07 19:36:42.473,19.583,1.046,19.583,1.046,0.0
2026-05-07 19:36:42.501,19.583,1.046,19.583,1.046,0.0
2026-05-07 19:36:42.532,19.583,1.046,19.583,1.046,0.0
2026-05-07 19:36:42.564,19.583,1.046,19.583,1.046,0.0
2026-05-07 19:36:42.610,19.583,1.046,19.583,1.046,0.0
2026-05-07 19:36:42.641,19.583,1.046,19.583,1.046,0.0
2026-05-07 19:36:42.671,19.583,1.046,19.583,1.046,0.0
2026-05-07 19:36:42.702,19.583,1.046,19.583,1.046,0.0
2026-05-07 19:36:42.750,19.583,1.046,19.583,1.046,0.0
2026-05-07 19:36:42.782,19.583,1.046,19.583,1.046,0.0
2026-05-07 19:36:42.814,19.583,1.046,19.583,1.046,0.0
2026-05-07 19:36:42.843,19.583,1.046,19.583,1.046,0.0
2026-05-07 19:36:42.889,19.583,1.046,19.583,1.046,0.0
2026-05-07 19:36:42.920,19.583,1.046,19.583,1.046,0.0
2026-05-07 19:36:42.950,19.583,1.046,19.583,1.046,0.0
2026-05-07 19:36:42.987,19.432,1.036,19.432,1.037,0.001
2026-05-07 19:36:43.016,19.432,1.036,19.432,1.037,0.001
2026-05-07 19:36:43.043,19.432,1.036,19.432,1.037,0.001
2026-05-07 19:36:43.089,19.432,1.036,19.432,1.037,0.001
2026-05-07 19:36:43.120,19.432,1.036,19.432,1.037,0.001
2026-05-07 19:36:43.151,19.432,1.036,19.432,1.037,0.001
2026-05-07 19:36:43.182,19.432,1.036,19.432,1.037,0.001
2026-05-07 19:36:43.230,19.432,1.036,19.432,1.037,0.001
2026-05-07 19:36:43.260,19.432,1.036,19.432,1.037,0.001
2026-05-07 19:36:43.290,19.432,1.036,19.432,1.037,0.001
2026-05-07 19:36:43.322,19.432,1.036,19.432,1.037,0.001
2026-05-07 19:36:43.369,19.432,1.036,19.432,1.037,0.001
2026-05-07 19:36:43.400,19.284,1.027,19.284,1.028,0.001
2026-05-07 19:36:43.433,19.284,1.027,19.284,1.028,0.001
2026-05-07 19:36:43.467,19.284,1.027,19.284,1.028,0.001
2026-05-07 19:36:43.508,19.284,1.027,19.284,1.028,0.001
2026-05-07 19:36:43.539,19.284,1.027,19.284,1.028,0.001
2026-05-07 19:36:43.571,19.284,1.027,19.284,1.028,0.001
2026-05-07 19:36:43.602,19.284,1.027,19.284,1.028,0.001
2026-05-07 19:36:43.649,19.284,1.027,19.284,1.028,0.001
2026-05-07 19:36:43.680,19.284,1.027,19.284,1.028,0.001
2026-05-07 19:36:43.712,19.284,1.027,19.284,1.028,0.001
2026-05-07 19:36:43.741,19.284,1.027,19.284,1.028,0.001
2026-05-07 19:36:43.789,19.284,1.027,19.284,1.028,0.001
2026-05-07 19:36:43.820,19.284,1.027,19.284,1.028,0.001
2026-05-07 19:36:43.851,19.284,1.027,19.284,1.028,0.001
2026-05-07 19:36:43.883,19.284,1.027,19.284,1.028,0.001
2026-05-07 19:36:43.930,19.284,1.027,19.284,1.028,0.001
2026-05-07 19:36:43.959,19.135,1.018,19.135,1.019,0.0
2026-05-07 19:36:43.989,19.135,1.018,19.135,1.019,0.0
2026-05-07 19:36:44.021,19.135,1.018,19.135,1.019,0.0
2026-05-07 19:36:44.052,19.135,1.018,19.135,1.019,0.0
2026-05-07 19:36:44.083,19.135,1.018,19.135,1.019,0.0
2026-05-07 19:36:44.130,19.135,1.018,19.135,1.019,0.0
2026-05-07 19:36:44.163,19.135,1.018,19.135,1.019,0.0
2026-05-07 19:36:44.191,19.135,1.018,19.135,1.019,0.0
2026-05-07 19:36:44.222,19.135,1.018,19.135,1.019,0.0
2026-05-07 19:36:44.269,19.135,1.018,19.135,1.019,0.0
2026-05-07 19:36:44.299,19.135,1.018,19.135,1.019,0.0
2026-05-07 19:36:44.332,19.135,1.018,19.135,1.019,0.0
2026-05-07 19:36:44.363,19.135,1.018,19.135,1.019,0.0
2026-05-07 19:36:44.409,19.135,1.018,19.135,1.019,0.0
2026-05-07 19:36:44.441,19.135,1.018,19.135,1.019,0.0
2026-05-07 19:36:44.472,19.135,1.018,19.135,1.019,0.0
2026-05-07 19:36:44.502,19.135,1.018,19.135,1.019,0.0
2026-05-07 19:36:44.550,19.135,1.018,19.135,1.019,0.0
2026-05-07 19:36:44.572,19.135,1.018,19.135,1.019,0.0
2026-05-07 19:36:44.613,19.135,1.018,19.135,1.019,0.0
2026-05-07 19:36:44.651,19.135,1.018,19.135,1.019,0.0
2026-05-07 19:36:44.672,19.135,1.018,19.135,1.019,0.0
2026-05-07 19:36:44.742,19.135,1.018,19.135,1.019,0.0
2026-05-07 19:36:44.831,18.984,1.009,18.984,1.009,0.001
2026-05-07 19:36:45.087,18.984,1.009,18.984,1.009,0.001
2026-05-07 19:36:45.282,18.835,0.999,18.835,1.0,0.001
2026-05-07 19:36:45.373,18.835,0.999,18.835,1.0,0.001
2026-05-07 19:36:45.408,18.686,0.99,18.686,0.991,0.001
2026-05-07 19:36:45.452,18.686,0.99,18.686,0.991,0.001
2026-05-07 19:36:45.484,18.686,0.99,18.686,0.991,0.001
2026-05-07 19:36:45.531,18.686,0.99,18.686,0.991,0.001
2026-05-07 19:36:45.564,18.686,0.99,18.686,0.991,0.001
2026-05-07 19:36:45.608,18.686,0.99,18.686,0.991,0.001
2026-05-07 19:36:45.639,18.686,0.99,18.686,0.991,0.001
2026-05-07 19:36:45.670,18.686,0.99,18.686,0.991,0.001
2026-05-07 19:36:45.700,18.686,0.99,18.686,0.991,0.001
2026-05-07 19:36:45.731,18.686,0.99,18.686,0.991,0.001
2026-05-07 19:36:45.764,18.686,0.99,18.686,0.991,0.001
2026-05-07 19:36:45.812,18.686,0.99,18.686,0.991,0.001
2026-05-07 19:36:45.841,18.686,0.99,18.686,0.991,0.001
2026-05-07 19:36:45.870,18.686,0.99,18.686,0.991,0.001
2026-05-07 19:36:45.901,18.686,0.99,18.686,0.991,0.001
2026-05-07 19:36:45.931,18.686,0.99,18.686,0.991,0.001
2026-05-07 19:36:45.963,18.686,0.99,18.686,0.991,0.001
2026-05-07 19:36:45.983,18.686,0.99,18.686,0.991,0.001
2026-05-07 19:36:46.008,18.536,0.982,18.536,0.982,0.0
2026-05-07 19:36:46.040,18.536,0.982,18.536,0.982,0.0
2026-05-07 19:36:46.070,18.536,0.982,18.536,0.982,0.0
2026-05-07 19:36:46.101,18.536,0.982,18.536,0.982,0.0
2026-05-07 19:36:46.147,18.536,0.982,18.536,0.982,0.0
2026-05-07 19:36:46.180,18.536,0.982,18.536,0.982,0.0
2026-05-07 19:36:46.210,18.536,0.982,18.536,0.982,0.0
2026-05-07 19:36:46.240,18.536,0.982,18.536,0.982,0.0
2026-05-07 19:36:46.271,18.536,0.982,18.536,0.982,0.0
2026-05-07 19:36:46.302,18.536,0.982,18.536,0.982,0.0
2026-05-07 19:36:46.349,18.536,0.982,18.536,0.982,0.0
2026-05-07 19:36:46.380,18.536,0.982,18.536,0.982,0.0
2026-05-07 19:36:46.418,18.387,0.972,18.387,0.973,0.0
2026-05-07 19:36:46.442,18.387,0.972,18.387,0.973,0.0
2026-05-07 19:36:46.472,18.387,0.972,18.387,0.973,0.0
2026-05-07 19:36:46.502,18.387,0.972,18.387,0.973,0.0
2026-05-07 19:36:46.548,18.387,0.972,18.387,0.973,0.0
2026-05-07 19:36:46.580,18.387,0.972,18.387,0.973,0.0
2026-05-07 19:36:46.613,18.387,0.972,18.387,0.973,0.0
2026-05-07 19:36:46.643,18.387,0.972,18.387,0.973,0.0
2026-05-07 19:36:46.689,18.387,0.972,18.387,0.973,0.0
2026-05-07 19:36:46.720,18.387,0.972,18.387,0.973,0.0
2026-05-07 19:36:46.750,18.387,0.972,18.387,0.973,0.0
2026-05-07 19:36:46.780,18.387,0.972,18.387,0.973,0.0
2026-05-07 19:36:46.813,18.387,0.972,18.387,0.973,0.0
2026-05-07 19:36:46.843,18.387,0.972,18.387,0.973,0.0
2026-05-07 19:36:46.889,18.387,0.972,18.387,0.973,0.0
2026-05-07 19:36:46.921,18.387,0.972,18.387,0.973,0.0
2026-05-07 19:36:46.952,18.238,0.963,18.238,0.964,0.0
2026-05-07 19:36:46.973,18.238,0.963,18.238,0.964,0.0
2026-05-07 19:36:46.998,18.238,0.963,18.238,0.964,0.0
2026-05-07 19:36:47.030,18.238,0.963,18.238,0.964,0.0
2026-05-07 19:36:47.060,18.238,0.963,18.238,0.964,0.0
2026-05-07 19:36:47.090,18.238,0.963,18.238,0.964,0.0
2026-05-07 19:36:47.121,18.238,0.963,18.238,0.964,0.0
2026-05-07 19:36:47.169,18.238,0.963,18.238,0.964,0.0
2026-05-07 19:36:47.200,18.238,0.963,18.238,0.964,0.0
2026-05-07 19:36:47.230,18.238,0.963,18.238,0.964,0.0
2026-05-07 19:36:47.264,18.238,0.963,18.238,0.964,0.0
2026-05-07 19:36:47.311,18.238,0.963,18.238,0.964,0.0
2026-05-07 19:36:47.341,18.238,0.963,18.238,0.964,0.0
2026-05-07 19:36:47.371,18.238,0.963,18.238,0.964,0.0
2026-05-07 19:36:47.402,18.238,0.963,18.238,0.964,0.0
2026-05-07 19:36:47.432,18.238,0.963,18.238,0.964,0.0
2026-05-07 19:36:47.473,18.089,0.955,18.089,0.955,0.0
2026-05-07 19:36:47.510,18.089,0.955,18.089,0.955,0.0
2026-05-07 19:36:47.539,18.089,0.955,18.089,0.955,0.0
2026-05-07 19:36:47.570,18.089,0.955,18.089,0.955,0.0
2026-05-07 19:36:47.600,18.089,0.955,18.089,0.955,0.0
2026-05-07 19:36:47.631,18.089,0.955,18.089,0.955,0.0
2026-05-07 19:36:47.663,18.089,0.955,18.089,0.955,0.0
2026-05-07 19:36:47.709,18.089,0.955,18.089,0.955,0.0
2026-05-07 19:36:47.740,18.089,0.955,18.089,0.955,0.0
2026-05-07 19:36:47.771,18.089,0.955,18.089,0.955,0.0
2026-05-07 19:36:47.805,18.089,0.955,18.089,0.955,0.0
2026-05-07 19:36:47.831,18.089,0.955,18.089,0.955,0.0
2026-05-07 19:36:47.858,17.939,0.946,17.939,0.945,0.0
2026-05-07 19:36:47.940,17.939,0.946,17.939,0.945,0.0
2026-05-07 19:36:47.990,17.939,0.946,17.939,0.945,0.0
2026-05-07 19:36:48.049,17.939,0.946,17.939,0.945,0.0
2026-05-07 19:36:48.075,17.939,0.946,17.939,0.945,0.0
2026-05-07 19:36:48.106,17.939,0.946,17.939,0.945,0.0
2026-05-07 19:36:48.127,17.939,0.946,17.939,0.945,0.0
2026-05-07 19:36:48.159,17.939,0.946,17.939,0.945,0.0
2026-05-07 19:36:48.191,17.939,0.946,17.939,0.945,0.0
2026-05-07 19:36:48.222,17.939,0.946,17.939,0.945,0.0
2026-05-07 19:36:48.270,17.939,0.946,17.939,0.945,0.0
2026-05-07 19:36:48.300,17.939,0.946,17.939,0.945,0.0
2026-05-07 19:36:48.331,17.939,0.946,17.939,0.945,0.0
2026-05-07 19:36:48.363,17.939,0.946,17.939,0.945,0.0
2026-05-07 19:36:48.385,17.789,0.937,17.789,0.936,0.0
2026-05-07 19:36:48.409,17.789,0.937,17.789,0.936,0.0
2026-05-07 19:36:48.439,17.789,0.937,17.789,0.936,0.0
2026-05-07 19:36:48.471,17.789,0.937,17.789,0.936,0.0
2026-05-07 19:36:48.502,17.789,0.937,17.789,0.936,0.0
2026-05-07 19:36:48.549,17.789,0.937,17.789,0.936,0.0
2026-05-07 19:36:48.580,17.789,0.937,17.789,0.936,0.0
2026-05-07 19:36:48.612,17.789,0.937,17.789,0.936,0.0
2026-05-07 19:36:48.641,17.789,0.937,17.789,0.936,0.0
2026-05-07 19:36:48.672,17.789,0.937,17.789,0.936,0.0
2026-05-07 19:36:48.703,17.789,0.937,17.789,0.936,0.0
2026-05-07 19:36:48.750,17.789,0.937,17.789,0.936,0.0
2026-05-07 19:36:48.781,17.789,0.937,17.789,0.936,0.0
2026-05-07 19:36:48.813,17.789,0.937,17.789,0.936,0.0
2026-05-07 19:36:48.843,17.789,0.937,17.789,0.936,0.0
2026-05-07 19:36:48.867,17.639,0.927,17.639,0.927,0.0
2026-05-07 19:36:48.890,17.639,0.927,17.639,0.927,0.0
2026-05-07 19:36:48.923,17.639,0.927,17.639,0.927,0.0
2026-05-07 19:36:48.968,17.639,0.927,17.639,0.927,0.0
2026-05-07 19:36:48.999,17.639,0.927,17.639,0.927,0.0
2026-05-07 19:36:49.032,17.639,0.927,17.639,0.927,0.0
2026-05-07 19:36:49.062,17.639,0.927,17.639,0.927,0.0
2026-05-07 19:36:49.108,17.639,0.927,17.639,0.927,0.0
2026-05-07 19:36:49.140,17.639,0.927,17.639,0.927,0.0
2026-05-07 19:36:49.171,17.639,0.927,17.639,0.927,0.0
2026-05-07 19:36:49.201,17.639,0.927,17.639,0.927,0.0
2026-05-07 19:36:49.232,17.639,0.927,17.639,0.927,0.0
2026-05-07 19:36:49.263,17.639,0.927,17.639,0.927,0.0
2026-05-07 19:36:49.307,17.639,0.927,17.639,0.927,0.0
2026-05-07 19:36:49.338,17.639,0.927,17.639,0.927,0.0
2026-05-07 19:36:49.370,17.639,0.927,17.639,0.927,0.0
2026-05-07 19:36:49.400,17.639,0.927,17.639,0.927,0.0
2026-05-07 19:36:49.432,17.639,0.927,17.639,0.927,0.0
2026-05-07 19:36:49.463,17.639,0.927,17.639,0.927,0.0
2026-05-07 19:36:49.511,17.491,0.919,17.491,0.918,0.001
2026-05-07 19:36:49.540,17.491,0.919,17.491,0.918,0.001
2026-05-07 19:36:49.570,17.491,0.919,17.491,0.918,0.001
2026-05-07 19:36:49.601,17.491,0.919,17.491,0.918,0.001
2026-05-07 19:36:49.637,17.491,0.919,17.491,0.918,0.001
2026-05-07 19:36:49.688,17.491,0.919,17.491,0.918,0.001
2026-05-07 19:36:49.717,17.491,0.919,17.491,0.918,0.001
2026-05-07 19:36:49.738,17.491,0.919,17.491,0.918,0.001
2026-05-07 19:36:49.769,17.491,0.919,17.491,0.918,0.001
2026-05-07 19:36:49.802,17.491,0.919,17.491,0.918,0.001
2026-05-07 19:36:49.832,17.491,0.919,17.491,0.918,0.001
2026-05-07 19:36:49.863,17.491,0.919,17.491,0.918,0.001
2026-05-07 19:36:49.907,17.491,0.919,17.491,0.918,0.001
2026-05-07 19:36:49.942,17.491,0.919,17.491,0.918,0.001
2026-05-07 19:36:49.969,17.341,0.91,17.341,0.909,0.001
2026-05-07 19:36:50.003,17.341,0.91,17.341,0.909,0.001
2026-05-07 19:36:50.121,17.341,0.91,17.341,0.909,0.001
2026-05-07 19:36:50.187,17.341,0.91,17.341,0.909,0.001
2026-05-07 19:36:50.220,17.341,0.91,17.341,0.909,0.001
2026-05-07 19:36:50.245,17.341,0.91,17.341,0.909,0.001
2026-05-07 19:36:50.290,17.341,0.91,17.341,0.909,0.001
2026-05-07 19:36:50.321,17.341,0.91,17.341,0.909,0.001
2026-05-07 19:36:50.415,17.192,0.9,17.192,0.899,0.001
2026-05-07 19:36:50.542,17.192,0.9,17.192,0.899,0.001
2026-05-07 19:36:50.576,17.192,0.9,17.192,0.899,0.001
2026-05-07 19:36:50.651,17.192,0.9,17.192,0.899,0.001
2026-05-07 19:36:50.737,17.192,0.9,17.192,0.899,0.001
2026-05-07 19:36:50.771,17.192,0.9,17.192,0.899,0.001
2026-05-07 19:36:50.801,17.192,0.9,17.192,0.899,0.001
2026-05-07 19:36:50.850,17.192,0.9,17.192,0.899,0.001
2026-05-07 19:36:50.882,17.192,0.9,17.192,0.899,0.001
2026-05-07 19:36:50.930,17.042,0.891,17.042,0.89,0.001
2026-05-07 19:36:50.966,17.042,0.891,17.042,0.89,0.001
2026-05-07 19:36:50.991,17.042,0.891,17.042,0.89,0.001
2026-05-07 19:36:51.022,17.042,0.891,17.042,0.89,0.001
2026-05-07 19:36:51.052,17.042,0.891,17.042,0.89,0.001
2026-05-07 19:36:51.083,17.042,0.891,17.042,0.89,0.001
2026-05-07 19:36:51.130,17.042,0.891,17.042,0.89,0.001
2026-05-07 19:36:51.169,17.042,0.891,17.042,0.89,0.001
2026-05-07 19:36:51.191,17.042,0.891,17.042,0.89,0.001
2026-05-07 19:36:51.222,17.042,0.891,17.042,0.89,0.001
2026-05-07 19:36:51.270,17.042,0.891,17.042,0.89,0.001
2026-05-07 19:36:51.299,17.042,0.891,17.042,0.89,0.001
2026-05-07 19:36:51.332,17.042,0.891,17.042,0.89,0.001
2026-05-07 19:36:51.364,17.042,0.891,17.042,0.89,0.001
2026-05-07 19:36:51.409,17.042,0.891,17.042,0.89,0.001
2026-05-07 19:36:51.433,16.891,0.881,16.891,0.881,0.0
2026-05-07 19:36:51.470,16.891,0.881,16.891,0.881,0.0
2026-05-07 19:36:51.501,16.891,0.881,16.891,0.881,0.0
2026-05-07 19:36:51.533,16.891,0.881,16.891,0.881,0.0
2026-05-07 19:36:51.566,16.891,0.881,16.891,0.881,0.0
2026-05-07 19:36:51.614,16.891,0.881,16.891,0.881,0.0
2026-05-07 19:36:51.644,16.891,0.881,16.891,0.881,0.0
2026-05-07 19:36:51.689,16.891,0.881,16.891,0.881,0.0
2026-05-07 19:36:51.719,16.891,0.881,16.891,0.881,0.0
2026-05-07 19:36:51.750,16.891,0.881,16.891,0.881,0.0
2026-05-07 19:36:51.782,16.891,0.881,16.891,0.881,0.0
2026-05-07 19:36:51.813,16.891,0.881,16.891,0.881,0.0
2026-05-07 19:36:51.846,16.891,0.881,16.891,0.881,0.0
2026-05-07 19:36:51.890,16.891,0.881,16.891,0.881,0.0
2026-05-07 19:36:51.921,16.743,0.872,16.743,0.872,0.0
2026-05-07 19:36:51.969,16.743,0.872,16.743,0.872,0.0
2026-05-07 19:36:51.999,16.743,0.872,16.743,0.872,0.0
2026-05-07 19:36:52.030,16.743,0.872,16.743,0.872,0.0
2026-05-07 19:36:52.063,16.743,0.872,16.743,0.872,0.0
2026-05-07 19:36:52.092,16.743,0.872,16.743,0.872,0.0
2026-05-07 19:36:52.123,16.743,0.872,16.743,0.872,0.0
2026-05-07 19:36:52.172,16.743,0.872,16.743,0.872,0.0
2026-05-07 19:36:52.201,16.743,0.872,16.743,0.872,0.0
2026-05-07 19:36:52.231,16.743,0.872,16.743,0.872,0.0
2026-05-07 19:36:52.263,16.743,0.872,16.743,0.872,0.0
2026-05-07 19:36:52.309,16.743,0.872,16.743,0.872,0.0
2026-05-07 19:36:52.339,16.743,0.872,16.743,0.872,0.0
2026-05-07 19:36:52.372,16.743,0.872,16.743,0.872,0.0
2026-05-07 19:36:52.402,16.743,0.872,16.743,0.872,0.0
2026-05-07 19:36:52.448,16.743,0.872,16.743,0.872,0.0
2026-05-07 19:36:52.472,16.593,0.863,16.593,0.863,0.0
2026-05-07 19:36:52.511,16.593,0.863,16.593,0.863,0.0
2026-05-07 19:36:52.541,16.593,0.863,16.593,0.863,0.0
2026-05-07 19:36:52.572,16.593,0.863,16.593,0.863,0.0
2026-05-07 19:36:52.603,16.593,0.863,16.593,0.863,0.0
2026-05-07 19:36:52.648,16.593,0.863,16.593,0.863,0.0
2026-05-07 19:36:52.681,16.593,0.863,16.593,0.863,0.0
2026-05-07 19:36:52.712,16.593,0.863,16.593,0.863,0.0
2026-05-07 19:36:52.741,16.593,0.863,16.593,0.863,0.0
2026-05-07 19:36:52.788,16.593,0.863,16.593,0.863,0.0
2026-05-07 19:36:52.819,16.593,0.863,16.593,0.863,0.0
2026-05-07 19:36:52.850,16.593,0.863,16.593,0.863,0.0
2026-05-07 19:36:52.885,16.593,0.863,16.593,0.863,0.0
2026-05-07 19:36:52.913,16.444,0.852,16.444,0.854,0.001
2026-05-07 19:36:52.941,16.444,0.852,16.444,0.854,0.001
2026-05-07 19:36:52.972,16.444,0.852,16.444,0.854,0.001
2026-05-07 19:36:53.003,16.444,0.852,16.444,0.854,0.001
2026-05-07 19:36:53.050,16.444,0.852,16.444,0.854,0.001
2026-05-07 19:36:53.082,16.444,0.852,16.444,0.854,0.001
2026-05-07 19:36:53.113,16.444,0.852,16.444,0.854,0.001
2026-05-07 19:36:53.142,16.444,0.852,16.444,0.854,0.001
2026-05-07 19:36:53.189,16.444,0.852,16.444,0.854,0.001
2026-05-07 19:36:53.220,16.444,0.852,16.444,0.854,0.001
2026-05-07 19:36:53.251,16.444,0.852,16.444,0.854,0.001
2026-05-07 19:36:53.282,16.444,0.852,16.444,0.854,0.001
2026-05-07 19:36:53.304,16.444,0.852,16.444,0.854,0.001
2026-05-07 19:36:53.382,16.444,0.852,16.444,0.854,0.001
2026-05-07 19:36:53.519,16.444,0.852,16.444,0.854,0.001
2026-05-07 19:36:53.547,16.296,0.842,16.295,0.844,0.002
2026-05-07 19:36:53.581,16.296,0.842,16.295,0.844,0.002
2026-05-07 19:36:53.609,16.296,0.842,16.295,0.844,0.002
2026-05-07 19:36:53.634,16.296,0.842,16.295,0.844,0.002
2026-05-07 19:36:53.671,16.296,0.842,16.295,0.844,0.002
2026-05-07 19:36:53.701,16.296,0.842,16.295,0.844,0.002
2026-05-07 19:36:53.748,16.296,0.842,16.295,0.844,0.002
2026-05-07 19:36:53.780,16.296,0.842,16.295,0.844,0.002
2026-05-07 19:36:53.813,16.296,0.842,16.295,0.844,0.002
2026-05-07 19:36:53.841,16.296,0.842,16.295,0.844,0.002
2026-05-07 19:36:53.888,16.296,0.842,16.295,0.844,0.002
2026-05-07 19:36:53.920,16.296,0.842,16.295,0.844,0.002
2026-05-07 19:36:53.952,16.147,0.833,16.147,0.835,0.002
2026-05-07 19:36:53.981,16.147,0.833,16.147,0.835,0.002
2026-05-07 19:36:54.012,16.147,0.833,16.147,0.835,0.002
2026-05-07 19:36:54.046,16.147,0.833,16.147,0.835,0.002
2026-05-07 19:36:54.091,16.147,0.833,16.147,0.835,0.002
2026-05-07 19:36:54.122,16.147,0.833,16.147,0.835,0.002
2026-05-07 19:36:54.170,16.147,0.833,16.147,0.835,0.002
2026-05-07 19:36:54.201,16.147,0.833,16.147,0.835,0.002
2026-05-07 19:36:54.234,16.147,0.833,16.147,0.835,0.002
2026-05-07 19:36:54.263,16.147,0.833,16.147,0.835,0.002
2026-05-07 19:36:54.309,16.147,0.833,16.147,0.835,0.002
2026-05-07 19:36:54.341,16.147,0.833,16.147,0.835,0.002
2026-05-07 19:36:54.400,15.996,0.824,15.996,0.826,0.002
2026-05-07 19:36:54.450,15.996,0.824,15.996,0.826,0.002
2026-05-07 19:36:54.482,15.996,0.824,15.996,0.826,0.002
2026-05-07 19:36:54.529,15.996,0.824,15.996,0.826,0.002
2026-05-07 19:36:54.559,15.996,0.824,15.996,0.826,0.002
2026-05-07 19:36:54.590,15.996,0.824,15.996,0.826,0.002
2026-05-07 19:36:54.620,15.996,0.824,15.996,0.826,0.002
2026-05-07 19:36:54.652,15.996,0.824,15.996,0.826,0.002
2026-05-07 19:36:54.684,15.996,0.824,15.996,0.826,0.002
2026-05-07 19:36:54.730,15.996,0.824,15.996,0.826,0.002
2026-05-07 19:36:54.761,15.996,0.824,15.996,0.826,0.002
2026-05-07 19:36:54.792,15.996,0.824,15.996,0.826,0.002
2026-05-07 19:36:54.823,15.996,0.824,15.996,0.826,0.002
2026-05-07 19:36:54.873,15.846,0.814,15.846,0.817,0.003
2026-05-07 19:36:54.900,15.846,0.814,15.846,0.817,0.003
2026-05-07 19:36:54.930,15.846,0.814,15.846,0.817,0.003
2026-05-07 19:36:54.963,15.846,0.814,15.846,0.817,0.003
2026-05-07 19:36:54.992,15.846,0.814,15.846,0.817,0.003
2026-05-07 19:36:55.023,15.846,0.814,15.846,0.817,0.003
2026-05-07 19:36:55.069,15.846,0.814,15.846,0.817,0.003
2026-05-07 19:36:55.100,15.846,0.814,15.846,0.817,0.003
2026-05-07 19:36:55.131,15.846,0.814,15.846,0.817,0.003
2026-05-07 19:36:55.163,15.846,0.814,15.846,0.817,0.003
2026-05-07 19:36:55.209,15.846,0.814,15.846,0.817,0.003
2026-05-07 19:36:55.239,15.846,0.814,15.846,0.817,0.003
2026-05-07 19:36:55.272,15.846,0.814,15.846,0.817,0.003
2026-05-07 19:36:55.302,15.846,0.814,15.846,0.817,0.003
2026-05-07 19:36:55.349,15.846,0.814,15.846,0.817,0.003
2026-05-07 19:36:55.381,15.846,0.814,15.846,0.817,0.003
2026-05-07 19:36:55.420,15.696,0.804,15.696,0.808,0.004
2026-05-07 19:36:55.442,15.696,0.804,15.696,0.808,0.004
2026-05-07 19:36:55.485,15.696,0.804,15.696,0.808,0.004
2026-05-07 19:36:55.539,15.696,0.804,15.696,0.808,0.004
2026-05-07 19:36:55.566,15.696,0.804,15.696,0.808,0.004
2026-05-07 19:36:55.603,15.696,0.804,15.696,0.808,0.004
2026-05-07 19:36:55.718,15.696,0.804,15.696,0.808,0.004
2026-05-07 19:36:55.752,15.696,0.804,15.696,0.808,0.004
2026-05-07 19:36:55.783,15.696,0.804,15.696,0.808,0.004
2026-05-07 19:36:55.830,15.696,0.804,15.696,0.808,0.004
2026-05-07 19:36:55.863,15.696,0.804,15.696,0.808,0.004
2026-05-07 19:36:55.891,15.696,0.804,15.696,0.808,0.004
2026-05-07 19:36:55.922,15.696,0.804,15.696,0.808,0.004
2026-05-07 19:36:55.972,15.696,0.804,15.696,0.808,0.004
2026-05-07 19:36:56.001,15.548,0.795,15.548,0.799,0.003
2026-05-07 19:36:56.032,15.548,0.795,15.548,0.799,0.003
2026-05-07 19:36:56.063,15.548,0.795,15.548,0.799,0.003
2026-05-07 19:36:56.095,15.548,0.795,15.548,0.799,0.003
2026-05-07 19:36:56.123,15.548,0.795,15.548,0.799,0.003
2026-05-07 19:36:56.170,15.548,0.795,15.548,0.799,0.003
2026-05-07 19:36:56.201,15.548,0.795,15.548,0.799,0.003
2026-05-07 19:36:56.232,15.548,0.795,15.548,0.799,0.003
2026-05-07 19:36:56.266,15.548,0.795,15.548,0.799,0.003
2026-05-07 19:36:56.308,15.548,0.795,15.548,0.799,0.003
2026-05-07 19:36:56.340,15.548,0.795,15.548,0.799,0.003
2026-05-07 19:36:56.371,15.548,0.795,15.548,0.799,0.003
2026-05-07 19:36:56.402,15.398,0.786,15.398,0.789,0.003
2026-05-07 19:36:56.450,15.398,0.786,15.398,0.789,0.003
2026-05-07 19:36:56.480,15.398,0.786,15.398,0.789,0.003
2026-05-07 19:36:56.512,15.398,0.786,15.398,0.789,0.003
2026-05-07 19:36:56.542,15.398,0.786,15.398,0.789,0.003
2026-05-07 19:36:56.588,15.398,0.786,15.398,0.789,0.003
2026-05-07 19:36:56.619,15.398,0.786,15.398,0.789,0.003
2026-05-07 19:36:56.650,15.398,0.786,15.398,0.789,0.003
2026-05-07 19:36:56.681,15.398,0.786,15.398,0.789,0.003
2026-05-07 19:36:56.713,15.398,0.786,15.398,0.789,0.003
2026-05-07 19:36:56.743,15.398,0.786,15.398,0.789,0.003
2026-05-07 19:36:56.789,15.398,0.786,15.398,0.789,0.003
2026-05-07 19:36:56.820,15.398,0.786,15.398,0.789,0.003
2026-05-07 19:36:56.852,15.398,0.786,15.398,0.789,0.003
2026-05-07 19:36:56.881,15.398,0.786,15.398,0.789,0.003
2026-05-07 19:36:56.912,15.398,0.786,15.398,0.789,0.003
2026-05-07 19:36:56.944,15.398,0.786,15.398,0.789,0.003
2026-05-07 19:36:56.991,15.224,0.776,15.223,0.779,0.003
2026-05-07 19:36:57.032,15.224,0.776,15.223,0.779,0.003
2026-05-07 19:36:57.065,15.224,0.776,15.223,0.779,0.003
2026-05-07 19:36:57.099,15.224,0.776,15.223,0.779,0.003
2026-05-07 19:36:57.131,15.224,0.776,15.223,0.779,0.003
2026-05-07 19:36:57.162,15.224,0.776,15.223,0.779,0.003
2026-05-07 19:36:57.192,15.224,0.776,15.223,0.779,0.003
2026-05-07 19:36:57.224,15.224,0.776,15.223,0.779,0.003
2026-05-07 19:36:57.271,15.224,0.776,15.223,0.779,0.003
2026-05-07 19:36:57.302,15.224,0.776,15.223,0.779,0.003
2026-05-07 19:36:57.349,15.224,0.776,15.223,0.779,0.003
2026-05-07 19:36:57.379,15.224,0.776,15.223,0.779,0.003
2026-05-07 19:36:57.413,15.224,0.776,15.223,0.779,0.003
2026-05-07 19:36:57.446,15.224,0.776,15.223,0.779,0.003
2026-05-07 19:36:57.490,15.224,0.776,15.223,0.779,0.003
2026-05-07 19:36:57.521,14.972,0.763,14.972,0.763,0.001
2026-05-07 19:36:57.552,14.972,0.763,14.69,0.746,0.283
2026-05-07 19:36:57.590,14.972,0.763,14.69,0.746,0.283
2026-05-07 19:36:57.629,14.972,0.763,14.69,0.746,0.283
2026-05-07 19:36:57.662,14.972,0.763,14.69,0.746,0.283
2026-05-07 19:36:57.692,14.972,0.763,14.69,0.746,0.283
2026-05-07 19:36:57.724,14.972,0.763,14.69,0.746,0.283
2026-05-07 19:36:57.770,14.972,0.763,14.69,0.746,0.283
2026-05-07 19:36:57.801,14.972,0.763,14.69,0.746,0.283
2026-05-07 19:36:57.832,14.972,0.763,14.69,0.746,0.283
2026-05-07 19:36:57.864,14.972,0.763,14.69,0.746,0.283
2026-05-07 19:36:57.910,14.972,0.763,14.69,0.746,0.283
2026-05-07 19:36:57.940,14.972,0.763,14.69,0.746,0.283
2026-05-07 19:36:57.971,14.972,0.763,14.69,0.746,0.283
2026-05-07 19:36:58.001,14.972,0.763,14.69,0.746,0.283
2026-05-07 19:36:58.032,14.972,0.763,14.69,0.746,0.283
2026-05-07 19:36:58.064,14.972,0.763,14.69,0.746,0.283
2026-05-07 19:36:58.112,14.972,0.763,14.69,0.746,0.283
2026-05-07 19:36:58.140,14.972,0.763,14.69,0.746,0.283
2026-05-07 19:36:58.171,14.972,0.763,14.69,0.746,0.283
2026-05-07 19:36:58.202,14.972,0.763,14.69,0.746,0.283
2026-05-07 19:36:58.232,14.64,0.747,14.641,0.745,0.002
2026-05-07 19:36:58.263,14.64,0.747,14.641,0.745,0.002
2026-05-07 19:36:58.311,14.64,0.747,14.641,0.745,0.002
2026-05-07 19:36:58.341,14.64,0.747,14.641,0.745,0.002
2026-05-07 19:36:58.372,14.64,0.747,14.641,0.745,0.002
2026-05-07 19:36:58.404,14.64,0.747,14.641,0.745,0.002
2026-05-07 19:36:58.450,14.64,0.747,14.641,0.745,0.002
2026-05-07 19:36:58.473,14.248,0.729,14.248,0.733,0.004
2026-05-07 19:36:58.512,14.248,0.729,14.248,0.733,0.004
2026-05-07 19:36:58.543,14.248,0.729,14.248,0.733,0.004
2026-05-07 19:36:58.587,14.248,0.729,14.248,0.733,0.004
2026-05-07 19:36:58.618,14.248,0.729,14.248,0.733,0.004
2026-05-07 19:36:58.650,14.248,0.729,14.248,0.733,0.004
2026-05-07 19:36:58.681,14.248,0.729,14.248,0.733,0.004
2026-05-07 19:36:58.711,14.248,0.729,14.248,0.733,0.004
2026-05-07 19:36:58.742,14.248,0.729,14.248,0.733,0.004
2026-05-07 19:36:58.789,14.248,0.729,14.248,0.733,0.004
2026-05-07 19:36:58.820,14.248,0.729,14.248,0.733,0.004
2026-05-07 19:36:58.851,14.248,0.729,14.248,0.733,0.004
2026-05-07 19:36:58.882,14.248,0.729,14.248,0.733,0.004
2026-05-07 19:36:58.930,14.248,0.729,14.248,0.733,0.004
2026-05-07 19:36:58.962,13.851,0.711,13.851,0.722,0.011
2026-05-07 19:36:59.048,13.851,0.711,13.851,0.722,0.011
2026-05-07 19:36:59.069,13.851,0.711,13.851,0.722,0.011
2026-05-07 19:36:59.100,13.851,0.711,13.851,0.722,0.011
2026-05-07 19:36:59.130,13.851,0.711,13.851,0.722,0.011
2026-05-07 19:36:59.162,13.851,0.711,13.851,0.722,0.011
2026-05-07 19:36:59.192,13.851,0.711,13.851,0.722,0.011
2026-05-07 19:36:59.224,13.851,0.711,13.851,0.722,0.011
2026-05-07 19:36:59.271,13.851,0.711,13.851,0.722,0.011
2026-05-07 19:36:59.301,13.851,0.711,13.851,0.722,0.011
2026-05-07 19:36:59.348,13.851,0.711,13.851,0.722,0.011
2026-05-07 19:36:59.381,13.851,0.711,13.851,0.722,0.011
2026-05-07 19:36:59.412,13.458,0.697,13.458,0.71,0.014
2026-05-07 19:36:59.441,13.458,0.697,13.458,0.71,0.014
2026-05-07 19:36:59.488,13.458,0.697,13.458,0.71,0.014
2026-05-07 19:36:59.520,13.458,0.697,13.458,0.71,0.014
2026-05-07 19:36:59.551,13.458,0.697,13.458,0.71,0.014
2026-05-07 19:36:59.582,13.458,0.697,13.458,0.71,0.014
2026-05-07 19:36:59.629,13.458,0.697,13.458,0.71,0.014
2026-05-07 19:36:59.663,13.458,0.697,13.458,0.71,0.014
2026-05-07 19:36:59.691,13.458,0.697,13.458,0.71,0.014
2026-05-07 19:36:59.723,13.458,0.697,13.458,0.71,0.014
2026-05-07 19:36:59.770,13.458,0.697,13.458,0.71,0.014
2026-05-07 19:36:59.799,13.458,0.697,13.458,0.71,0.014
2026-05-07 19:36:59.831,13.458,0.697,13.458,0.71,0.014
2026-05-07 19:36:59.863,13.458,0.697,13.458,0.71,0.014
2026-05-07 19:36:59.892,13.458,0.697,13.458,0.71,0.014
2026-05-07 19:36:59.924,13.458,0.697,13.458,0.71,0.014
2026-05-07 19:36:59.970,13.458,0.697,13.458,0.71,0.014
2026-05-07 19:37:00.001,13.458,0.697,13.458,0.71,0.014
2026-05-07 19:37:00.032,13.458,0.697,13.458,0.71,0.014
2026-05-07 19:37:00.062,13.061,0.687,13.061,0.699,0.011
2026-05-07 19:37:00.109,13.061,0.687,13.061,0.699,0.011
2026-05-07 19:37:00.140,13.061,0.687,13.061,0.699,0.011
2026-05-07 19:37:00.171,13.061,0.687,13.061,0.699,0.011
2026-05-07 19:37:00.202,13.061,0.687,13.061,0.699,0.011
2026-05-07 19:37:00.248,13.061,0.687,13.061,0.699,0.011
2026-05-07 19:37:00.279,13.061,0.687,13.061,0.699,0.011
2026-05-07 19:37:00.312,13.061,0.687,13.061,0.699,0.011
2026-05-07 19:37:00.340,13.061,0.687,13.061,0.699,0.011
2026-05-07 19:37:00.371,13.061,0.687,13.061,0.699,0.011
2026-05-07 19:37:00.402,13.061,0.687,13.061,0.699,0.011
2026-05-07 19:37:00.423,12.661,0.678,12.661,0.687,0.009
2026-05-07 19:37:00.449,12.661,0.678,12.661,0.687,0.009
2026-05-07 19:37:00.480,12.661,0.678,12.661,0.687,0.009
2026-05-07 19:37:00.514,12.661,0.678,12.661,0.687,0.009
2026-05-07 19:37:00.541,12.661,0.678,12.661,0.687,0.009
2026-05-07 19:37:00.588,12.661,0.678,12.661,0.687,0.009
2026-05-07 19:37:00.618,12.661,0.678,12.661,0.687,0.009
2026-05-07 19:37:00.648,12.661,0.678,12.661,0.687,0.009
2026-05-07 19:37:00.680,12.661,0.678,12.661,0.687,0.009
2026-05-07 19:37:00.713,12.661,0.678,12.661,0.687,0.009
2026-05-07 19:37:00.741,12.661,0.678,12.661,0.687,0.009
2026-05-07 19:37:00.772,12.661,0.678,12.661,0.687,0.009
2026-05-07 19:37:00.804,12.661,0.678,12.661,0.687,0.009
2026-05-07 19:37:00.851,12.661,0.678,12.661,0.687,0.009
2026-05-07 19:37:00.882,12.267,0.668,12.267,0.675,0.007
2026-05-07 19:37:00.929,12.267,0.668,12.267,0.675,0.007
2026-05-07 19:37:00.962,12.267,0.668,12.267,0.675,0.007
2026-05-07 19:37:00.990,12.267,0.668,12.267,0.675,0.007
2026-05-07 19:37:01.022,12.267,0.668,12.267,0.675,0.007
2026-05-07 19:37:01.069,12.267,0.668,12.267,0.675,0.007
2026-05-07 19:37:01.103,12.267,0.668,12.267,0.675,0.007
2026-05-07 19:37:01.131,12.267,0.668,12.267,0.675,0.007
2026-05-07 19:37:01.162,12.267,0.668,12.267,0.675,0.007
2026-05-07 19:37:01.191,12.267,0.668,12.267,0.675,0.007
2026-05-07 19:37:01.222,12.267,0.668,12.267,0.675,0.007
2026-05-07 19:37:01.268,12.267,0.668,12.267,0.675,0.007
2026-05-07 19:37:01.300,12.267,0.668,12.267,0.675,0.007
2026-05-07 19:37:01.330,12.267,0.668,12.267,0.675,0.007
2026-05-07 19:37:01.362,12.267,0.668,12.267,0.675,0.007
2026-05-07 19:37:01.398,11.878,0.658,11.878,0.664,0.006
2026-05-07 19:37:01.424,11.878,0.658,11.878,0.664,0.006
2026-05-07 19:37:01.488,11.878,0.658,11.878,0.664,0.006
2026-05-07 19:37:01.531,11.878,0.658,11.878,0.664,0.006
2026-05-07 19:37:01.563,11.878,0.658,11.878,0.664,0.006
2026-05-07 19:37:01.612,11.878,0.658,11.878,0.664,0.006
2026-05-07 19:37:01.641,11.878,0.658,11.878,0.664,0.006
2026-05-07 19:37:01.676,11.878,0.658,11.878,0.664,0.006
2026-05-07 19:37:01.707,11.878,0.658,11.878,0.664,0.006
2026-05-07 19:37:01.737,11.878,0.658,11.878,0.664,0.006
2026-05-07 19:37:01.767,11.878,0.658,11.878,0.664,0.006
2026-05-07 19:37:01.812,11.878,0.658,11.878,0.664,0.006
2026-05-07 19:37:01.843,11.878,0.658,11.878,0.664,0.006
2026-05-07 19:37:01.890,11.878,0.658,11.878,0.664,0.006
2026-05-07 19:37:01.922,11.878,0.658,11.878,0.664,0.006
2026-05-07 19:37:01.969,11.878,0.658,11.878,0.664,0.006
2026-05-07 19:37:02.000,11.878,0.658,11.878,0.664,0.006
2026-05-07 19:37:02.032,11.878,0.658,11.878,0.664,0.006
2026-05-07 19:37:02.065,11.878,0.658,11.878,0.664,0.006
2026-05-07 19:37:02.113,11.878,0.658,11.878,0.664,0.006
2026-05-07 19:37:02.142,11.878,0.658,11.878,0.664,0.006
2026-05-07 19:37:02.188,11.878,0.658,11.878,0.664,0.006
2026-05-07 19:37:02.220,11.878,0.658,11.878,0.664,0.006
2026-05-07 19:37:02.251,11.878,0.658,11.878,0.664,0.006
2026-05-07 19:37:02.282,11.878,0.658,11.878,0.664,0.006
2026-05-07 19:37:02.330,11.878,0.658,11.878,0.664,0.006
2026-05-07 19:37:02.371,11.163,0.636,11.162,0.643,0.008
2026-05-07 19:37:02.405,11.163,0.636,11.162,0.643,0.008
2026-05-07 19:37:02.452,11.163,0.636,11.162,0.643,0.008
2026-05-07 19:37:02.483,11.163,0.636,11.162,0.643,0.008
2026-05-07 19:37:02.530,11.163,0.636,11.162,0.643,0.008
2026-05-07 19:37:02.563,11.163,0.636,11.162,0.643,0.008
2026-05-07 19:37:02.609,11.163,0.636,11.162,0.643,0.008
2026-05-07 19:37:02.640,11.163,0.636,11.162,0.643,0.008
2026-05-07 19:37:02.672,11.163,0.636,11.162,0.643,0.008
2026-05-07 19:37:02.703,11.163,0.636,11.162,0.643,0.008
2026-05-07 19:37:02.749,11.163,0.636,11.162,0.643,0.008
2026-05-07 19:37:02.779,11.163,0.636,11.162,0.643,0.008
2026-05-07 19:37:02.814,11.163,0.636,11.162,0.643,0.008
2026-05-07 19:37:02.843,11.163,0.636,11.162,0.643,0.008
2026-05-07 19:37:02.890,11.163,0.636,11.162,0.643,0.008
2026-05-07 19:37:02.920,11.163,0.636,11.162,0.643,0.008
2026-05-07 19:37:02.951,11.163,0.636,11.162,0.643,0.008
2026-05-07 19:37:02.982,10.83,0.627,10.83,0.634,0.006
2026-05-07 19:37:03.031,10.83,0.627,10.83,0.634,0.006
2026-05-07 19:37:03.062,10.83,0.627,10.83,0.634,0.006
2026-05-07 19:37:03.092,10.83,0.627,10.83,0.634,0.006
2026-05-07 19:37:03.122,10.83,0.627,10.83,0.634,0.006
2026-05-07 19:37:03.170,10.83,0.627,10.83,0.634,0.006
2026-05-07 19:37:03.201,10.83,0.627,10.83,0.634,0.006
2026-05-07 19:37:03.232,10.83,0.627,10.83,0.634,0.006
2026-05-07 19:37:03.263,10.83,0.627,10.83,0.634,0.006
2026-05-07 19:37:03.293,10.83,0.627,10.83,0.634,0.006
2026-05-07 19:37:03.324,10.83,0.627,10.83,0.634,0.006
2026-05-07 19:37:03.369,10.83,0.627,10.83,0.634,0.006
2026-05-07 19:37:03.402,10.83,0.627,10.83,0.634,0.006
2026-05-07 19:37:03.448,10.83,0.627,10.83,0.634,0.006
2026-05-07 19:37:03.479,10.83,0.627,10.83,0.634,0.006
2026-05-07 19:37:03.511,11.512,0.646,11.512,0.653,0.007
2026-05-07 19:37:03.541,11.512,0.646,11.512,0.653,0.007
2026-05-07 19:37:03.576,11.512,0.646,11.512,0.653,0.007
2026-05-07 19:37:03.603,11.512,0.646,11.512,0.653,0.007
2026-05-07 19:37:03.649,11.512,0.646,11.512,0.653,0.007
2026-05-07 19:37:03.680,11.512,0.646,11.512,0.653,0.007
2026-05-07 19:37:03.712,11.512,0.646,11.512,0.653,0.007
2026-05-07 19:37:03.742,10.513,0.618,10.513,0.624,0.006
2026-05-07 19:37:03.772,10.513,0.618,10.513,0.624,0.006
2026-05-07 19:37:03.803,10.513,0.618,10.513,0.624,0.006
2026-05-07 19:37:03.848,10.513,0.618,10.513,0.624,0.006
2026-05-07 19:37:03.880,10.222,0.611,10.222,0.616,0.005
2026-05-07 19:37:03.913,10.222,0.611,10.222,0.616,0.005
2026-05-07 19:37:03.940,10.222,0.611,10.222,0.616,0.005
2026-05-07 19:37:03.970,10.222,0.611,10.222,0.616,0.005
2026-05-07 19:37:04.001,10.222,0.611,10.222,0.616,0.005
2026-05-07 19:37:04.032,10.222,0.611,10.222,0.616,0.005
2026-05-07 19:37:04.065,10.222,0.611,10.222,0.616,0.005
2026-05-07 19:37:04.112,10.222,0.611,10.222,0.616,0.005
2026-05-07 19:37:04.141,10.222,0.611,10.222,0.616,0.005
2026-05-07 19:37:04.172,10.222,0.611,10.222,0.616,0.005
2026-05-07 19:37:04.202,10.222,0.611,10.222,0.616,0.005
2026-05-07 19:37:04.248,10.222,0.611,10.222,0.616,0.005
2026-05-07 19:37:04.279,10.222,0.611,10.222,0.616,0.005
2026-05-07 19:37:04.312,10.222,0.611,10.222,0.616,0.005
2026-05-07 19:37:04.336,10.222,0.611,10.222,0.616,0.005
2026-05-07 19:37:04.372,10.222,0.611,10.222,0.616,0.005
2026-05-07 19:37:04.398,10.222,0.611,10.222,0.616,0.005
2026-05-07 19:37:04.419,10.222,0.611,10.222,0.616,0.005
2026-05-07 19:37:04.454,9.944,0.607,9.944,0.608,0.001
2026-05-07 19:37:04.483,9.944,0.607,9.944,0.608,0.001
2026-05-07 19:37:04.507,9.944,0.607,9.944,0.608,0.001
2026-05-07 19:37:04.538,9.944,0.607,9.944,0.608,0.001
2026-05-07 19:37:04.562,9.944,0.607,9.944,0.608,0.001
2026-05-07 19:37:04.591,9.944,0.607,9.944,0.608,0.001
2026-05-07 19:37:04.621,9.944,0.607,9.944,0.608,0.001
2026-05-07 19:37:04.652,9.944,0.607,9.944,0.608,0.001
2026-05-07 19:37:04.687,9.944,0.607,9.944,0.608,0.001
2026-05-07 19:37:04.729,9.944,0.607,9.944,0.608,0.001
2026-05-07 19:37:04.764,9.944,0.607,9.944,0.608,0.001
2026-05-07 19:37:04.792,9.944,0.607,9.944,0.608,0.001
2026-05-07 19:37:04.824,9.944,0.607,9.944,0.608,0.001
2026-05-07 19:37:04.876,9.671,0.599,9.671,0.6,0.0
2026-05-07 19:37:04.902,9.671,0.599,9.671,0.6,0.0
2026-05-07 19:37:04.948,9.671,0.599,9.671,0.6,0.0
2026-05-07 19:37:04.980,9.671,0.599,9.671,0.6,0.0
2026-05-07 19:37:05.013,9.671,0.599,9.671,0.6,0.0
2026-05-07 19:37:05.041,9.671,0.599,9.671,0.6,0.0
2026-05-07 19:37:05.072,9.671,0.599,9.671,0.6,0.0
2026-05-07 19:37:05.103,9.671,0.599,9.671,0.6,0.0
2026-05-07 19:37:05.149,9.671,0.599,9.671,0.6,0.0
2026-05-07 19:37:05.181,9.671,0.599,9.671,0.6,0.0
2026-05-07 19:37:05.213,9.671,0.599,9.671,0.6,0.0
2026-05-07 19:37:05.247,9.671,0.599,9.671,0.6,0.0
2026-05-07 19:37:05.290,9.671,0.599,9.671,0.6,0.0
2026-05-07 19:37:05.321,9.671,0.599,9.671,0.6,0.0
2026-05-07 19:37:05.368,9.396,0.588,9.396,0.592,0.004
2026-05-07 19:37:05.400,9.396,0.588,9.396,0.592,0.004
2026-05-07 19:37:05.431,9.396,0.588,9.396,0.592,0.004
2026-05-07 19:37:05.452,9.396,0.588,9.396,0.592,0.004
2026-05-07 19:37:05.479,9.396,0.588,9.396,0.592,0.004
2026-05-07 19:37:05.509,9.396,0.588,9.396,0.592,0.004
2026-05-07 19:37:05.539,9.396,0.588,9.396,0.592,0.004
2026-05-07 19:37:05.570,9.396,0.588,9.396,0.592,0.004
2026-05-07 19:37:05.601,9.396,0.588,9.396,0.592,0.004
2026-05-07 19:37:05.632,9.396,0.588,9.396,0.592,0.004
2026-05-07 19:37:05.663,9.396,0.588,9.396,0.592,0.004
2026-05-07 19:37:05.711,9.396,0.588,9.396,0.592,0.004
2026-05-07 19:37:05.741,9.396,0.588,9.396,0.592,0.004
2026-05-07 19:37:05.772,9.396,0.588,9.396,0.592,0.004
2026-05-07 19:37:05.803,9.396,0.588,9.396,0.592,0.004
2026-05-07 19:37:05.849,9.124,0.58,9.124,0.584,0.003
2026-05-07 19:37:05.884,9.124,0.58,9.124,0.584,0.003
2026-05-07 19:37:05.912,9.124,0.58,9.124,0.584,0.003
2026-05-07 19:37:05.942,9.124,0.58,9.124,0.584,0.003
2026-05-07 19:37:05.971,9.124,0.58,9.124,0.584,0.003
2026-05-07 19:37:06.003,9.124,0.58,9.124,0.584,0.003
2026-05-07 19:37:06.048,9.124,0.58,9.124,0.584,0.003
2026-05-07 19:37:06.080,9.124,0.58,9.124,0.584,0.003
2026-05-07 19:37:06.112,9.124,0.58,9.124,0.584,0.003
2026-05-07 19:37:06.145,9.124,0.58,9.124,0.584,0.003
2026-05-07 19:37:06.209,9.124,0.58,9.124,0.584,0.003
2026-05-07 19:37:06.230,9.124,0.58,9.124,0.584,0.003
2026-05-07 19:37:06.307,9.124,0.58,9.124,0.584,0.003
2026-05-07 19:37:06.475,9.124,0.58,9.124,0.584,0.003
2026-05-07 19:37:06.769,8.851,0.57,8.85,0.576,0.006
2026-05-07 19:37:06.991,8.851,0.57,8.85,0.576,0.006
2026-05-07 19:37:07.173,8.579,0.561,8.578,0.568,0.007
2026-05-07 19:37:07.204,8.579,0.561,8.578,0.568,0.007
2026-05-07 19:37:07.251,8.579,0.561,8.578,0.568,0.007
2026-05-07 19:37:07.300,8.579,0.561,8.578,0.568,0.007
2026-05-07 19:37:07.324,8.579,0.561,8.578,0.568,0.007
2026-05-07 19:37:07.371,8.579,0.561,8.578,0.568,0.007
2026-05-07 19:37:07.398,8.306,0.551,8.305,0.56,0.009
2026-05-07 19:37:07.450,8.306,0.551,8.305,0.56,0.009
2026-05-07 19:37:07.481,8.306,0.551,8.305,0.56,0.009
2026-05-07 19:37:07.503,8.306,0.551,8.305,0.56,0.009
2026-05-07 19:37:07.568,8.306,0.551,8.305,0.56,0.009
2026-05-07 19:37:07.591,8.306,0.551,8.305,0.56,0.009
2026-05-07 19:37:07.623,8.306,0.551,8.305,0.56,0.009
2026-05-07 19:37:07.669,8.306,0.551,8.305,0.56,0.009
2026-05-07 19:37:07.701,8.306,0.551,8.305,0.56,0.009
2026-05-07 19:37:07.739,8.306,0.551,8.305,0.56,0.009
2026-05-07 19:37:07.762,8.306,0.551,8.305,0.56,0.009
2026-05-07 19:37:07.815,8.306,0.551,8.305,0.56,0.009
2026-05-07 19:37:07.838,8.306,0.551,8.305,0.56,0.009
2026-05-07 19:37:07.871,8.306,0.551,8.305,0.56,0.009
2026-05-07 19:37:07.902,8.306,0.551,8.305,0.56,0.009
2026-05-07 19:37:07.937,8.033,0.542,8.033,0.552,0.01
2026-05-07 19:37:08.002,8.033,0.542,8.033,0.552,0.01
2026-05-07 19:37:08.120,8.033,0.542,8.033,0.552,0.01
2026-05-07 19:37:08.184,8.033,0.542,8.033,0.552,0.01
2026-05-07 19:37:08.221,8.033,0.542,8.033,0.552,0.01
2026-05-07 19:37:08.271,8.033,0.542,8.033,0.552,0.01
2026-05-07 19:37:08.302,8.033,0.542,8.033,0.552,0.01
2026-05-07 19:37:08.332,8.033,0.542,8.033,0.552,0.01
2026-05-07 19:37:08.363,8.033,0.542,8.033,0.552,0.01
2026-05-07 19:37:08.411,8.033,0.542,8.033,0.552,0.01
2026-05-07 19:37:08.440,8.033,0.542,8.033,0.552,0.01
2026-05-07 19:37:08.470,7.705,0.533,7.705,0.543,0.009
2026-05-07 19:37:08.490,7.705,0.533,7.705,0.543,0.009
2026-05-07 19:37:08.531,7.705,0.533,7.705,0.543,0.009
2026-05-07 19:37:08.563,7.705,0.533,7.705,0.543,0.009
2026-05-07 19:37:08.612,7.705,0.533,7.705,0.543,0.009
2026-05-07 19:37:08.640,7.705,0.533,7.705,0.543,0.009
2026-05-07 19:37:08.672,7.705,0.533,7.705,0.543,0.009
2026-05-07 19:37:08.703,7.705,0.533,7.705,0.543,0.009
2026-05-07 19:37:08.750,7.705,0.533,7.705,0.543,0.009
2026-05-07 19:37:08.781,7.705,0.533,7.705,0.543,0.009
2026-05-07 19:37:08.831,7.705,0.533,7.705,0.543,0.009
2026-05-07 19:37:08.865,7.705,0.533,7.705,0.543,0.009
2026-05-07 19:37:08.893,7.705,0.533,7.705,0.543,0.009
2026-05-07 19:37:08.922,7.705,0.533,7.705,0.543,0.009
2026-05-07 19:37:08.952,7.432,0.524,7.432,0.535,0.011
2026-05-07 19:37:08.985,7.432,0.524,7.432,0.535,0.011
2026-05-07 19:37:09.033,7.432,0.524,7.432,0.535,0.011
2026-05-07 19:37:09.063,7.432,0.524,7.432,0.535,0.011
2026-05-07 19:37:09.090,7.432,0.524,7.432,0.535,0.011
2026-05-07 19:37:09.121,7.432,0.524,7.432,0.535,0.011
2026-05-07 19:37:09.152,7.432,0.524,7.432,0.535,0.011
2026-05-07 19:37:09.183,7.432,0.524,7.432,0.535,0.011
2026-05-07 19:37:09.230,7.432,0.524,7.432,0.535,0.011
2026-05-07 19:37:09.263,7.432,0.524,7.432,0.535,0.011
2026-05-07 19:37:09.308,7.432,0.524,7.432,0.535,0.011
2026-05-07 19:37:09.340,7.432,0.524,7.432,0.535,0.011
2026-05-07 19:37:09.385,7.159,0.516,7.159,0.527,0.01
2026-05-07 19:37:09.417,7.159,0.516,7.159,0.527,0.01
2026-05-07 19:37:09.449,7.159,0.516,7.159,0.527,0.01
2026-05-07 19:37:09.480,7.159,0.516,7.159,0.527,0.01
2026-05-07 19:37:09.513,7.159,0.516,7.159,0.527,0.01
2026-05-07 19:37:09.545,7.159,0.516,7.159,0.527,0.01
2026-05-07 19:37:09.597,7.159,0.516,7.159,0.527,0.01
2026-05-07 19:37:09.619,7.159,0.516,7.159,0.527,0.01
2026-05-07 19:37:09.650,7.159,0.516,7.159,0.527,0.01
2026-05-07 19:37:09.682,7.159,0.516,7.159,0.527,0.01
2026-05-07 19:37:09.727,7.159,0.516,7.159,0.527,0.01
2026-05-07 19:37:09.760,7.159,0.516,7.159,0.527,0.01
2026-05-07 19:37:09.790,7.159,0.516,7.159,0.527,0.01
2026-05-07 19:37:09.821,7.159,0.516,7.159,0.527,0.01
2026-05-07 19:37:09.852,7.159,0.516,7.159,0.527,0.01
2026-05-07 19:37:09.883,7.159,0.516,7.159,0.527,0.01
2026-05-07 19:37:09.930,7.159,0.516,7.159,0.527,0.01
2026-05-07 19:37:09.963,6.886,0.513,6.886,0.519,0.006
2026-05-07 19:37:09.991,6.886,0.513,6.886,0.519,0.006
2026-05-07 19:37:10.022,6.886,0.513,6.886,0.519,0.006
2026-05-07 19:37:10.047,6.886,0.513,6.886,0.519,0.006
2026-05-07 19:37:10.072,6.886,0.513,6.886,0.519,0.006
2026-05-07 19:37:10.102,6.886,0.513,6.886,0.519,0.006
2026-05-07 19:37:10.149,6.886,0.513,6.886,0.519,0.006
2026-05-07 19:37:10.182,6.886,0.513,6.886,0.519,0.006
2026-05-07 19:37:10.211,6.886,0.513,6.886,0.519,0.006
2026-05-07 19:37:10.240,6.886,0.513,6.886,0.519,0.006
2026-05-07 19:37:10.271,6.886,0.513,6.886,0.519,0.006
2026-05-07 19:37:10.303,6.886,0.513,6.886,0.519,0.006
2026-05-07 19:37:10.353,6.886,0.513,6.886,0.519,0.006
2026-05-07 19:37:10.446,6.886,0.513,6.886,0.519,0.006
2026-05-07 19:37:10.517,6.614,0.513,6.614,0.511,0.002
2026-05-07 19:37:10.566,6.614,0.513,6.614,0.511,0.002
2026-05-07 19:37:10.591,6.614,0.513,6.614,0.511,0.002
2026-05-07 19:37:10.635,6.614,0.513,6.614,0.511,0.002
2026-05-07 19:37:10.658,6.614,0.513,6.614,0.511,0.002
2026-05-07 19:37:10.690,6.614,0.513,6.614,0.511,0.002
2026-05-07 19:37:10.717,6.614,0.513,6.614,0.511,0.002
2026-05-07 19:37:10.753,6.614,0.513,6.614,0.511,0.002
2026-05-07 19:37:10.785,6.614,0.513,6.614,0.511,0.002
2026-05-07 19:37:10.831,6.614,0.513,6.614,0.511,0.002
2026-05-07 19:37:10.887,6.614,0.513,6.614,0.511,0.002
2026-05-07 19:37:10.935,6.341,0.51,6.341,0.503,0.007
2026-05-07 19:37:11.136,6.341,0.51,6.341,0.503,0.007
2026-05-07 19:37:11.203,6.341,0.51,6.341,0.503,0.007
2026-05-07 19:37:11.233,6.341,0.51,6.341,0.503,0.007
2026-05-07 19:37:11.266,6.341,0.51,6.341,0.503,0.007
2026-05-07 19:37:11.287,6.341,0.51,6.341,0.503,0.007
2026-05-07 19:37:11.312,6.341,0.51,6.341,0.503,0.007
2026-05-07 19:37:11.340,6.341,0.51,6.341,0.503,0.007
2026-05-07 19:37:11.372,6.341,0.51,6.341,0.503,0.007
2026-05-07 19:37:11.402,6.341,0.51,6.341,0.503,0.007
2026-05-07 19:37:11.456,6.341,0.51,6.341,0.503,0.007
2026-05-07 19:37:11.501,6.341,0.51,6.341,0.503,0.007
2026-05-07 19:37:11.529,6.068,0.504,6.068,0.495,0.009
2026-05-07 19:37:11.561,6.068,0.504,6.068,0.495,0.009
2026-05-07 19:37:11.590,6.068,0.504,6.068,0.495,0.009
2026-05-07 19:37:11.621,6.068,0.504,6.068,0.495,0.009
2026-05-07 19:37:11.652,6.068,0.504,6.068,0.495,0.009
2026-05-07 19:37:11.673,6.068,0.504,6.068,0.495,0.009
2026-05-07 19:37:11.700,6.068,0.504,6.068,0.495,0.009
2026-05-07 19:37:11.731,6.068,0.504,6.068,0.495,0.009
2026-05-07 19:37:11.764,6.068,0.504,6.068,0.495,0.009
2026-05-07 19:37:11.793,6.068,0.504,6.068,0.495,0.009
2026-05-07 19:37:11.823,6.068,0.504,6.068,0.495,0.009
2026-05-07 19:37:11.870,6.068,0.504,6.068,0.495,0.009
2026-05-07 19:37:11.901,6.068,0.504,6.068,0.495,0.009
2026-05-07 19:37:11.948,6.068,0.504,6.068,0.495,0.009
2026-05-07 19:37:11.980,6.068,0.504,6.068,0.495,0.009
2026-05-07 19:37:12.012,6.068,0.504,6.068,0.495,0.009
2026-05-07 19:37:12.046,6.068,0.504,6.068,0.495,0.009
2026-05-07 19:37:12.088,5.795,0.497,5.795,0.487,0.01
2026-05-07 19:37:12.120,5.795,0.497,5.795,0.487,0.01
2026-05-07 19:37:12.150,5.795,0.497,5.795,0.487,0.01
2026-05-07 19:37:12.181,5.795,0.497,5.795,0.487,0.01
2026-05-07 19:37:12.212,5.795,0.497,5.795,0.487,0.01
2026-05-07 19:37:12.244,5.795,0.497,5.795,0.487,0.01
2026-05-07 19:37:12.290,5.795,0.497,5.795,0.487,0.01
2026-05-07 19:37:12.321,5.795,0.497,5.795,0.487,0.01
2026-05-07 19:37:12.351,5.795,0.497,5.795,0.487,0.01
2026-05-07 19:37:12.383,5.795,0.497,5.795,0.487,0.01
2026-05-07 19:37:12.430,5.795,0.497,5.795,0.487,0.01
2026-05-07 19:37:12.462,5.795,0.497,5.795,0.487,0.01
2026-05-07 19:37:12.491,5.522,0.49,5.522,0.479,0.011
2026-05-07 19:37:12.523,5.522,0.49,5.522,0.479,0.011
2026-05-07 19:37:12.571,5.522,0.49,5.522,0.479,0.011
2026-05-07 19:37:12.601,5.522,0.49,5.522,0.479,0.011
2026-05-07 19:37:12.632,5.522,0.49,5.522,0.479,0.011
2026-05-07 19:37:12.663,5.522,0.49,5.522,0.479,0.011
2026-05-07 19:37:12.711,5.522,0.49,5.522,0.479,0.011
2026-05-07 19:37:12.741,5.522,0.49,5.522,0.479,0.011
2026-05-07 19:37:12.771,5.522,0.49,5.522,0.479,0.011
2026-05-07 19:37:12.801,5.522,0.49,5.522,0.479,0.011
2026-05-07 19:37:12.848,5.522,0.49,5.522,0.479,0.011
2026-05-07 19:37:12.880,5.522,0.49,5.522,0.479,0.011
2026-05-07 19:37:12.912,5.522,0.49,5.522,0.479,0.011
2026-05-07 19:37:12.944,5.303,0.485,5.303,0.473,0.013
2026-05-07 19:37:12.990,5.303,0.485,5.303,0.473,0.013
2026-05-07 19:37:13.020,5.303,0.485,5.303,0.473,0.013
2026-05-07 19:37:13.051,5.303,0.485,5.303,0.473,0.013
2026-05-07 19:37:13.083,5.303,0.485,5.303,0.473,0.013
2026-05-07 19:37:13.130,5.303,0.485,5.303,0.473,0.013
2026-05-07 19:37:13.161,5.303,0.485,5.303,0.473,0.013
2026-05-07 19:37:13.190,5.303,0.485,5.303,0.473,0.013
2026-05-07 19:37:13.255,5.303,0.485,5.303,0.473,0.013
2026-05-07 19:37:13.367,5.303,0.485,5.303,0.473,0.013
2026-05-07 19:37:13.566,5.303,0.485,5.303,0.473,0.013
2026-05-07 19:37:13.640,5.029,0.477,5.029,0.465,0.013
2026-05-07 19:37:13.674,5.029,0.477,5.029,0.465,0.013
2026-05-07 19:37:13.702,5.029,0.477,5.029,0.465,0.013
2026-05-07 19:37:13.731,5.029,0.477,5.029,0.465,0.013
2026-05-07 19:37:13.765,5.029,0.477,5.029,0.465,0.013
2026-05-07 19:37:13.811,5.029,0.477,5.029,0.465,0.013
2026-05-07 19:37:13.841,5.029,0.477,5.029,0.465,0.013
2026-05-07 19:37:13.871,5.029,0.477,5.029,0.465,0.013
2026-05-07 19:37:13.904,5.029,0.477,5.029,0.465,0.013
2026-05-07 19:37:13.953,4.757,0.471,4.758,0.457,0.014
2026-05-07 19:37:13.983,4.757,0.471,4.758,0.457,0.014
2026-05-07 19:37:14.031,4.757,0.471,4.758,0.457,0.014
2026-05-07 19:37:14.064,4.757,0.471,4.758,0.457,0.014
2026-05-07 19:37:14.107,4.757,0.471,4.758,0.457,0.014
2026-05-07 19:37:14.138,4.757,0.471,4.758,0.457,0.014
2026-05-07 19:37:14.170,4.757,0.471,4.758,0.457,0.014
2026-05-07 19:37:14.199,4.757,0.471,4.758,0.457,0.014
2026-05-07 19:37:14.231,4.757,0.471,4.758,0.457,0.014
2026-05-07 19:37:14.263,4.757,0.471,4.758,0.457,0.014
2026-05-07 19:37:14.297,4.757,0.471,4.758,0.457,0.014
2026-05-07 19:37:14.322,4.757,0.471,4.758,0.457,0.014
2026-05-07 19:37:14.368,4.757,0.471,4.758,0.457,0.014
2026-05-07 19:37:14.400,4.757,0.471,4.758,0.457,0.014
2026-05-07 19:37:14.431,4.485,0.463,4.485,0.449,0.014
2026-05-07 19:37:14.462,4.485,0.463,4.39,0.446,0.096
2026-05-07 19:37:14.512,4.485,0.463,4.39,0.446,0.096
2026-05-07 19:37:14.532,4.485,0.463,4.39,0.446,0.096
2026-05-07 19:37:14.571,4.485,0.463,4.39,0.446,0.096
2026-05-07 19:37:14.602,4.485,0.463,4.39,0.446,0.096
2026-05-07 19:37:14.650,4.485,0.463,4.39,0.446,0.096
2026-05-07 19:37:14.681,4.485,0.463,4.39,0.446,0.096
2026-05-07 19:37:14.712,4.485,0.463,4.39,0.446,0.096
2026-05-07 19:37:14.746,4.485,0.463,4.39,0.446,0.096
2026-05-07 19:37:14.790,4.485,0.463,4.39,0.446,0.096
2026-05-07 19:37:14.820,4.485,0.463,4.39,0.446,0.096
2026-05-07 19:37:14.850,4.485,0.463,4.39,0.446,0.096
2026-05-07 19:37:14.881,4.485,0.463,4.39,0.446,0.096
2026-05-07 19:37:14.912,4.211,0.455,4.218,0.417,0.038
2026-05-07 19:37:14.945,4.211,0.455,4.218,0.417,0.038
2026-05-07 19:37:14.990,4.211,0.455,4.218,0.417,0.038
2026-05-07 19:37:15.021,4.211,0.455,4.218,0.417,0.038
2026-05-07 19:37:15.067,4.211,0.455,4.218,0.417,0.038
2026-05-07 19:37:15.099,4.211,0.455,4.218,0.417,0.038
2026-05-07 19:37:15.131,4.211,0.455,4.218,0.417,0.038
2026-05-07 19:37:15.162,4.211,0.455,4.218,0.417,0.038
2026-05-07 19:37:15.190,4.211,0.455,4.218,0.417,0.038
2026-05-07 19:37:15.222,4.211,0.455,4.218,0.417,0.038
2026-05-07 19:37:15.252,4.211,0.455,4.218,0.417,0.038
2026-05-07 19:37:15.288,4.211,0.455,4.218,0.417,0.038
2026-05-07 19:37:15.329,4.211,0.455,4.218,0.417,0.038
2026-05-07 19:37:15.360,4.211,0.455,4.218,0.417,0.038
2026-05-07 19:37:15.392,3.939,0.446,3.951,0.373,0.075
2026-05-07 19:37:15.421,3.939,0.446,3.951,0.373,0.075
2026-05-07 19:37:15.452,3.939,0.446,3.951,0.373,0.075
2026-05-07 19:37:15.483,3.939,0.446,3.951,0.373,0.075
2026-05-07 19:37:15.530,3.939,0.446,3.951,0.373,0.075
2026-05-07 19:37:15.560,3.939,0.446,3.951,0.373,0.075
2026-05-07 19:37:15.590,3.939,0.446,3.951,0.373,0.075
2026-05-07 19:37:15.620,3.939,0.446,3.951,0.373,0.075
2026-05-07 19:37:15.651,3.939,0.446,3.951,0.373,0.075
2026-05-07 19:37:15.682,3.939,0.446,3.951,0.373,0.075
2026-05-07 19:37:15.730,3.939,0.446,3.951,0.373,0.075
2026-05-07 19:37:15.762,3.939,0.446,3.951,0.373,0.075
2026-05-07 19:37:15.791,3.939,0.446,3.951,0.373,0.075
2026-05-07 19:37:15.822,3.939,0.446,3.951,0.373,0.075
2026-05-07 19:37:15.868,3.939,0.446,3.951,0.373,0.075
2026-05-07 19:37:15.899,3.939,0.446,3.951,0.373,0.075
2026-05-07 19:37:15.930,3.665,0.439,3.684,0.328,0.112
2026-05-07 19:37:15.962,3.665,0.439,3.684,0.328,0.112
2026-05-07 19:37:15.996,3.665,0.439,3.684,0.328,0.112
2026-05-07 19:37:16.023,3.665,0.439,3.684,0.328,0.112
2026-05-07 19:37:16.070,3.665,0.439,3.684,0.328,0.112
2026-05-07 19:37:16.100,3.665,0.439,3.684,0.328,0.112
2026-05-07 19:37:16.131,3.665,0.439,3.684,0.328,0.112
2026-05-07 19:37:16.163,3.665,0.439,3.684,0.328,0.112
2026-05-07 19:37:16.214,3.665,0.439,3.684,0.328,0.112
2026-05-07 19:37:16.264,3.665,0.439,3.684,0.328,0.112
2026-05-07 19:37:16.287,3.665,0.439,3.684,0.328,0.112
2026-05-07 19:37:16.319,3.665,0.439,3.684,0.328,0.112
2026-05-07 19:37:16.350,3.665,0.439,3.684,0.328,0.112
2026-05-07 19:37:16.501,3.665,0.439,3.684,0.328,0.112
2026-05-07 19:37:16.691,3.393,0.431,3.418,0.284,0.149
2026-05-07 19:37:16.753,3.393,0.431,3.418,0.284,0.149
2026-05-07 19:37:16.805,3.393,0.431,3.418,0.284,0.149
2026-05-07 19:37:16.829,3.393,0.431,3.418,0.284,0.149
2026-05-07 19:37:16.858,3.393,0.431,3.418,0.284,0.149
2026-05-07 19:37:16.889,3.393,0.431,3.418,0.284,0.149
2026-05-07 19:37:16.922,3.12,0.423,3.15,0.239,0.186
2026-05-07 19:37:16.950,3.12,0.423,3.15,0.239,0.186
2026-05-07 19:37:16.981,3.12,0.423,3.15,0.239,0.186
2026-05-07 19:37:17.011,3.12,0.423,3.15,0.239,0.186
2026-05-07 19:37:17.033,3.12,0.423,3.15,0.239,0.186
2026-05-07 19:37:17.053,3.12,0.423,3.15,0.239,0.186
2026-05-07 19:37:17.095,3.12,0.423,3.15,0.239,0.186
2026-05-07 19:37:17.119,3.12,0.423,3.15,0.239,0.186
2026-05-07 19:37:17.150,3.12,0.423,3.15,0.239,0.186
2026-05-07 19:37:17.180,3.12,0.423,3.15,0.239,0.186
2026-05-07 19:37:17.211,3.12,0.423,3.15,0.239,0.186
2026-05-07 19:37:17.241,3.12,0.423,3.15,0.239,0.186
2026-05-07 19:37:17.271,3.12,0.423,3.15,0.239,0.186
2026-05-07 19:37:17.301,3.12,0.423,3.15,0.239,0.186
2026-05-07 19:37:17.332,3.12,0.423,3.15,0.239,0.186
2026-05-07 19:37:17.365,2.846,0.415,2.883,0.195,0.223
2026-05-07 19:37:17.410,2.846,0.415,2.883,0.195,0.223
2026-05-07 19:37:17.440,2.846,0.415,2.883,0.195,0.223
2026-05-07 19:37:17.472,2.846,0.415,2.883,0.195,0.223
2026-05-07 19:37:17.502,2.846,0.415,2.883,0.195,0.223
2026-05-07 19:37:17.548,2.846,0.415,2.883,0.195,0.223
2026-05-07 19:37:17.587,2.846,0.415,2.883,0.195,0.223
2026-05-07 19:37:17.613,2.846,0.415,2.883,0.195,0.223
2026-05-07 19:37:17.640,2.846,0.415,2.883,0.195,0.223
2026-05-07 19:37:17.671,2.846,0.415,2.883,0.195,0.223
2026-05-07 19:37:17.703,2.846,0.415,2.883,0.195,0.223
2026-05-07 19:37:17.749,2.846,0.415,2.883,0.195,0.223
2026-05-07 19:37:17.780,2.846,0.415,2.883,0.195,0.223
2026-05-07 19:37:17.814,2.846,0.415,2.883,0.195,0.223
2026-05-07 19:37:17.837,2.846,0.415,2.883,0.195,0.223
2026-05-07 19:37:17.902,2.846,0.415,2.883,0.195,0.223
2026-05-07 19:37:17.971,2.846,0.415,2.883,0.195,0.223
2026-05-07 19:37:18.198,2.574,0.408,2.617,0.151,0.261
2026-05-07 19:37:18.373,2.574,0.408,2.617,0.151,0.261
2026-05-07 19:37:18.436,2.574,0.408,2.617,0.151,0.261
2026-05-07 19:37:18.461,2.574,0.408,2.617,0.151,0.261
2026-05-07 19:37:18.493,2.301,0.401,2.35,0.106,0.299
2026-05-07 19:37:18.524,2.301,0.401,2.35,0.106,0.299
2026-05-07 19:37:18.571,2.301,0.401,2.35,0.106,0.299
2026-05-07 19:37:18.602,2.301,0.401,2.35,0.106,0.299
2026-05-07 19:37:18.650,2.301,0.401,2.35,0.106,0.299
2026-05-07 19:37:18.681,2.301,0.401,2.35,0.106,0.299
2026-05-07 19:37:18.712,2.301,0.401,2.35,0.106,0.299
2026-05-07 19:37:18.739,2.301,0.401,2.35,0.106,0.299
2026-05-07 19:37:18.793,2.301,0.401,2.35,0.106,0.299
2026-05-07 19:37:18.818,2.301,0.401,2.35,0.106,0.299
2026-05-07 19:37:18.849,2.301,0.401,2.35,0.106,0.299
2026-05-07 19:37:18.887,2.301,0.401,2.35,0.106,0.299
2026-05-07 19:37:18.998,2.028,0.395,2.084,0.062,0.338
2026-05-07 19:37:19.105,2.028,0.395,2.084,0.062,0.338
2026-05-07 19:37:19.200,2.028,0.395,2.084,0.062,0.338
2026-05-07 19:37:19.272,2.028,0.395,2.084,0.062,0.338
2026-05-07 19:37:19.299,2.028,0.395,2.084,0.062,0.338
2026-05-07 19:37:19.329,2.028,0.395,2.084,0.062,0.338
2026-05-07 19:37:19.362,2.028,0.395,2.084,0.062,0.338
2026-05-07 19:37:19.392,2.028,0.395,2.084,0.062,0.338
2026-05-07 19:37:19.423,2.028,0.395,2.084,0.062,0.338
2026-05-07 19:37:19.468,2.028,0.395,2.084,0.062,0.338
2026-05-07 19:37:19.489,1.756,0.387,1.818,0.017,0.375
2026-05-07 19:37:19.530,1.756,0.387,1.818,0.017,0.375
2026-05-07 19:37:19.561,1.756,0.387,1.818,0.017,0.375
2026-05-07 19:37:19.593,1.756,0.387,1.818,0.017,0.375
2026-05-07 19:37:19.623,1.756,0.387,1.818,0.017,0.375
2026-05-07 19:37:19.670,1.756,0.387,1.818,0.017,0.375
2026-05-07 19:37:19.701,1.756,0.387,1.818,0.017,0.375
2026-05-07 19:37:19.732,1.756,0.387,1.818,0.017,0.375
2026-05-07 19:37:19.758,1.756,0.387,1.818,0.017,0.375
2026-05-07 19:37:19.780,1.756,0.387,1.818,0.017,0.375
2026-05-07 19:37:19.811,1.756,0.387,1.818,0.017,0.375
2026-05-07 19:37:19.844,1.756,0.387,1.818,0.017,0.375
2026-05-07 19:37:19.898,1.483,0.38,1.551,-0.027,0.413
2026-05-07 19:37:19.920,1.483,0.38,1.551,-0.027,0.413
2026-05-07 19:37:19.951,1.483,0.38,1.551,-0.027,0.413
2026-05-07 19:37:19.985,1.483,0.38,1.551,-0.027,0.413
2026-05-07 19:37:20.016,1.483,0.38,1.551,-0.027,0.413
2026-05-07 19:37:20.047,1.483,0.38,1.551,-0.027,0.413
2026-05-07 19:37:20.091,1.483,0.38,1.551,-0.027,0.413
2026-05-07 19:37:20.121,1.483,0.38,1.551,-0.027,0.413
2026-05-07 19:37:20.167,1.483,0.38,1.551,-0.027,0.413
2026-05-07 19:37:20.199,1.483,0.38,1.551,-0.027,0.413
2026-05-07 19:37:20.231,1.483,0.38,1.551,-0.027,0.413
2026-05-07 19:37:20.262,1.483,0.38,1.551,-0.027,0.413
2026-05-07 19:37:20.297,1.483,0.38,1.551,-0.027,0.413
2026-05-07 19:37:20.324,1.483,0.38,1.551,-0.027,0.413
2026-05-07 19:37:20.400,1.209,0.375,1.39,-0.054,0.465
2026-05-07 19:37:20.420,1.209,0.375,1.209,-0.054,0.429
2026-05-07 19:37:20.448,1.209,0.375,1.209,-0.054,0.429
2026-05-07 19:37:20.484,1.209,0.375,1.209,-0.054,0.429
2026-05-07 19:37:20.512,1.209,0.375,1.209,-0.054,0.429
2026-05-07 19:37:20.533,1.209,0.375,1.209,-0.054,0.429
2026-05-07 19:37:20.557,1.209,0.375,1.209,-0.054,0.429
2026-05-07 19:37:20.588,1.209,0.375,1.209,-0.054,0.429
2026-05-07 19:37:20.619,1.209,0.375,1.209,-0.054,0.429
2026-05-07 19:37:20.650,1.209,0.375,1.209,-0.054,0.429
2026-05-07 19:37:20.680,1.209,0.375,1.209,-0.054,0.429
2026-05-07 19:37:20.711,1.209,0.375,1.209,-0.054,0.429
2026-05-07 19:37:20.745,1.209,0.375,1.209,-0.054,0.429
2026-05-07 19:37:20.772,1.209,0.375,1.209,-0.054,0.429
2026-05-07 19:37:20.802,1.209,0.375,1.209,-0.054,0.429
2026-05-07 19:37:20.848,1.209,0.375,1.209,-0.054,0.429
2026-05-07 19:37:20.880,1.209,0.375,1.209,-0.054,0.429
2026-05-07 19:37:20.911,1.209,0.375,1.209,-0.054,0.429
2026-05-07 19:37:20.943,1.209,0.375,1.209,-0.054,0.429
2026-05-07 19:37:20.989,1.209,0.375,1.209,-0.054,0.429
2026-05-07 19:37:21.021,0.936,0.367,0.936,-0.054,0.421
2026-05-07 19:37:21.052,0.936,0.367,0.936,-0.054,0.421
2026-05-07 19:37:21.096,0.936,0.367,0.936,-0.054,0.421
2026-05-07 19:37:21.129,0.936,0.367,0.936,-0.054,0.421
2026-05-07 19:37:21.159,0.936,0.367,0.936,-0.054,0.421
2026-05-07 19:37:21.190,0.936,0.367,0.936,-0.054,0.421
2026-05-07 19:37:21.219,0.936,0.367,0.936,-0.054,0.421
2026-05-07 19:37:21.251,0.936,0.367,0.936,-0.054,0.421
2026-05-07 19:37:21.282,0.936,0.367,0.936,-0.054,0.421
2026-05-07 19:37:21.312,0.936,0.367,0.936,-0.054,0.421
2026-05-07 19:37:21.343,0.936,0.367,0.936,-0.054,0.421
2026-05-07 19:37:21.390,0.936,0.367,0.936,-0.054,0.421
2026-05-07 19:37:21.412,0.936,0.367,0.936,-0.054,0.421
2026-05-07 19:37:21.452,0.936,0.367,0.936,-0.054,0.421
2026-05-07 19:37:21.483,0.936,0.367,0.936,-0.054,0.421
2026-05-07 19:37:21.530,0.664,0.359,0.664,-0.054,0.413
2026-05-07 19:37:21.562,0.664,0.359,0.664,-0.054,0.413
2026-05-07 19:37:21.593,0.664,0.359,0.664,-0.054,0.413
2026-05-07 19:37:21.622,0.664,0.359,0.664,-0.054,0.413
2026-05-07 19:37:21.652,0.664,0.359,0.664,-0.054,0.413

Avg error: 0.032m | Max error: 0.465m
