time,actual_x,actual_y,plan_x,plan_y,error_m
2026-05-09 19:58:23.821,0.292,-0.049,0.03,-0.023,0.263
2026-05-09 19:58:23.856,0.671,-0.463,0.03,-0.023,0.778
2026-05-09 19:58:23.881,0.671,-0.463,0.03,-0.023,0.778
2026-05-09 19:58:23.926,0.693,-0.601,0.03,-0.023,0.88
2026-05-09 19:58:23.959,0.693,-0.601,0.03,-0.023,0.88
2026-05-09 19:58:23.980,0.693,-0.601,0.03,-0.023,0.88
2026-05-09 19:58:24.020,0.693,-0.601,0.03,-0.023,0.88
2026-05-09 19:58:24.042,0.693,-0.601,0.03,-0.023,0.88
2026-05-09 19:58:24.080,0.693,-0.601,0.03,-0.023,0.88
2026-05-09 19:58:24.120,0.693,-0.601,0.03,-0.023,0.88
2026-05-09 19:58:24.159,0.693,-0.601,0.03,-0.023,0.88
2026-05-09 19:58:24.179,0.693,-0.601,0.03,-0.023,0.88
2026-05-09 19:58:24.199,0.693,-0.601,0.03,-0.023,0.88
2026-05-09 19:58:24.219,0.693,-0.601,0.03,-0.023,0.88
2026-05-09 19:58:24.259,0.693,-0.601,0.03,-0.023,0.88
2026-05-09 19:58:24.279,0.693,-0.601,0.03,-0.023,0.88
2026-05-09 19:58:24.300,0.693,-0.601,0.03,-0.023,0.88
2026-05-09 19:58:24.320,0.693,-0.601,0.03,-0.023,0.88
2026-05-09 19:58:24.359,0.693,-0.601,0.03,-0.023,0.88
2026-05-09 19:58:24.380,0.693,-0.601,0.03,-0.023,0.88
2026-05-09 19:58:24.420,0.693,-0.601,0.03,-0.023,0.88
2026-05-09 19:58:24.460,0.696,-0.757,0.03,-0.023,0.991
2026-05-09 19:58:24.480,0.696,-0.757,0.03,-0.023,0.991
2026-05-09 19:58:24.520,0.696,-0.757,0.03,-0.023,0.991
2026-05-09 19:58:24.559,0.696,-0.757,0.03,-0.023,0.991
2026-05-09 19:58:24.583,0.696,-0.757,0.03,-0.023,0.991
2026-05-09 19:58:24.620,0.696,-0.757,0.03,-0.023,0.991
2026-05-09 19:58:24.660,0.696,-0.757,0.03,-0.023,0.991
2026-05-09 19:58:24.680,0.696,-0.757,0.03,-0.023,0.991
2026-05-09 19:58:24.719,0.696,-0.757,0.03,-0.023,0.991
2026-05-09 19:58:24.740,0.696,-0.757,0.03,-0.023,0.991
2026-05-09 19:58:24.760,0.696,-0.757,0.03,-0.023,0.991
2026-05-09 19:58:24.780,0.696,-0.757,0.03,-0.023,0.991
2026-05-09 19:58:24.819,0.696,-0.757,0.03,-0.023,0.991
2026-05-09 19:58:24.839,0.696,-0.757,0.03,-0.023,0.991
2026-05-09 19:58:24.879,0.696,-0.757,0.03,-0.023,0.991
2026-05-09 19:58:24.901,0.696,-0.757,0.03,-0.023,0.991
2026-05-09 19:58:24.940,0.696,-0.757,0.03,-0.023,0.991
2026-05-09 19:58:24.960,0.696,-0.757,0.03,-0.023,0.991
2026-05-09 19:58:24.980,0.686,-0.979,0.03,-0.023,1.16
2026-05-09 19:58:25.019,0.686,-0.979,0.03,-0.023,1.16
2026-05-09 19:58:25.039,0.686,-0.979,0.03,-0.023,1.16
2026-05-09 19:58:25.080,0.686,-0.979,0.03,-0.023,1.16
2026-05-09 19:58:25.100,0.686,-0.979,0.03,-0.023,1.16
2026-05-09 19:58:25.139,0.686,-0.979,0.03,-0.023,1.16
2026-05-09 19:58:25.159,0.686,-0.979,0.03,-0.023,1.16
2026-05-09 19:58:25.180,0.686,-0.979,0.03,-0.023,1.16
2026-05-09 19:58:25.220,0.686,-0.979,0.03,-0.023,1.16
2026-05-09 19:58:25.259,0.686,-0.979,0.03,-0.023,1.16
2026-05-09 19:58:25.280,0.686,-0.979,0.03,-0.023,1.16
2026-05-09 19:58:25.320,0.686,-0.979,0.03,-0.023,1.16
2026-05-09 19:58:25.349,0.686,-0.979,0.03,-0.023,1.16
2026-05-09 19:58:25.380,0.686,-0.979,0.03,-0.023,1.16
2026-05-09 19:58:25.420,0.686,-0.979,0.03,-0.023,1.16
2026-05-09 19:58:25.459,0.686,-0.979,0.03,-0.023,1.16
2026-05-09 19:58:25.480,0.645,-1.274,0.03,-0.023,1.394
2026-05-09 19:58:25.519,0.645,-1.274,0.03,-0.023,1.394
2026-05-09 19:58:25.540,0.645,-1.274,0.03,-0.023,1.394
2026-05-09 19:58:25.579,0.645,-1.274,0.03,-0.023,1.394
2026-05-09 19:58:25.600,0.645,-1.274,0.03,-0.023,1.394
2026-05-09 19:58:25.640,0.645,-1.274,0.03,-0.023,1.394
2026-05-09 19:58:25.686,0.645,-1.274,0.03,-0.023,1.394
2026-05-09 19:58:25.719,0.645,-1.274,0.03,-0.023,1.394
2026-05-09 19:58:25.740,0.645,-1.274,0.03,-0.023,1.394
2026-05-09 19:58:25.760,0.645,-1.274,0.03,-0.023,1.394
2026-05-09 19:58:25.786,0.645,-1.274,0.03,-0.023,1.394
2026-05-09 19:58:25.819,0.645,-1.274,0.03,-0.023,1.394
2026-05-09 19:58:25.839,0.645,-1.274,0.03,-0.023,1.394
2026-05-09 19:58:25.879,0.645,-1.274,0.03,-0.023,1.394
2026-05-09 19:58:25.919,0.606,-1.505,0.03,-0.023,1.59
2026-05-09 19:58:25.939,0.606,-1.505,0.03,-0.023,1.59
2026-05-09 19:58:25.960,0.606,-1.505,0.03,-0.023,1.59
2026-05-09 19:58:26.000,0.606,-1.505,0.03,-0.023,1.59
2026-05-09 19:58:26.040,0.606,-1.505,0.03,-0.023,1.59
2026-05-09 19:58:26.080,0.606,-1.505,0.03,-0.023,1.59
2026-05-09 19:58:26.121,0.606,-1.505,0.03,-0.023,1.59
2026-05-09 19:58:26.159,0.606,-1.505,0.03,-0.023,1.59
2026-05-09 19:58:26.180,0.606,-1.505,0.03,-0.023,1.59
2026-05-09 19:58:26.200,0.606,-1.505,0.03,-0.023,1.59
2026-05-09 19:58:26.229,0.606,-1.505,0.03,-0.023,1.59
2026-05-09 19:58:26.259,0.606,-1.505,0.03,-0.023,1.59
2026-05-09 19:58:26.280,0.606,-1.505,0.03,-0.023,1.59
2026-05-09 19:58:26.300,0.606,-1.505,0.03,-0.023,1.59
2026-05-09 19:58:26.339,0.606,-1.505,0.03,-0.023,1.59
2026-05-09 19:58:26.359,0.606,-1.505,0.03,-0.023,1.59
2026-05-09 19:58:26.379,0.606,-1.505,0.03,-0.023,1.59
2026-05-09 19:58:26.400,0.606,-1.505,0.03,-0.023,1.59
2026-05-09 19:58:26.420,0.61,-1.65,0.03,-0.023,1.727
2026-05-09 19:58:26.442,0.61,-1.65,0.03,-0.023,1.727
2026-05-09 19:58:26.480,0.61,-1.65,0.03,-0.023,1.727
2026-05-09 19:58:26.520,0.61,-1.65,0.03,-0.023,1.727
2026-05-09 19:58:26.540,0.61,-1.65,0.03,-0.023,1.727
2026-05-09 19:58:26.579,0.61,-1.65,0.03,-0.023,1.727
2026-05-09 19:58:26.599,0.61,-1.65,0.03,-0.023,1.727
2026-05-09 19:58:26.620,0.61,-1.65,0.03,-0.023,1.727
2026-05-09 19:58:26.640,0.61,-1.65,0.03,-0.023,1.727
2026-05-09 19:58:26.679,0.61,-1.65,0.03,-0.023,1.727
2026-05-09 19:58:26.720,0.61,-1.65,0.03,-0.023,1.727
2026-05-09 19:58:26.740,0.61,-1.65,0.03,-0.023,1.727
2026-05-09 19:58:26.768,0.61,-1.65,0.03,-0.023,1.727
2026-05-09 19:58:26.799,0.61,-1.65,0.03,-0.023,1.727
2026-05-09 19:58:26.820,0.61,-1.65,0.03,-0.023,1.727
2026-05-09 19:58:26.859,0.61,-1.65,0.03,-0.023,1.727
2026-05-09 19:58:26.880,0.61,-1.65,0.03,-0.023,1.727
2026-05-09 19:58:26.900,0.61,-1.65,0.03,-0.023,1.727
2026-05-09 19:58:26.920,0.636,-1.818,0.03,-0.023,1.895
2026-05-09 19:58:26.960,0.636,-1.818,0.03,-0.023,1.895
2026-05-09 19:58:26.990,0.636,-1.818,0.03,-0.023,1.895
2026-05-09 19:58:27.020,0.636,-1.818,0.03,-0.023,1.895
2026-05-09 19:58:27.040,0.636,-1.818,0.03,-0.023,1.895
2026-05-09 19:58:27.060,0.636,-1.818,0.03,-0.023,1.895
2026-05-09 19:58:27.099,0.636,-1.818,0.03,-0.023,1.895
2026-05-09 19:58:27.120,0.636,-1.818,0.03,-0.023,1.895
2026-05-09 19:58:27.160,0.636,-1.818,0.03,-0.023,1.895
2026-05-09 19:58:27.199,0.636,-1.818,0.03,-0.023,1.895
2026-05-09 19:58:27.220,0.636,-1.818,0.03,-0.023,1.895
2026-05-09 19:58:27.240,0.636,-1.818,0.03,-0.023,1.895
2026-05-09 19:58:27.280,0.636,-1.818,0.03,-0.023,1.895
2026-05-09 19:58:27.300,0.636,-1.818,0.03,-0.023,1.895
2026-05-09 19:58:27.339,0.636,-1.818,0.03,-0.023,1.895
2026-05-09 19:58:27.359,0.636,-1.818,0.03,-0.023,1.895
2026-05-09 19:58:27.380,0.636,-1.818,0.03,-0.023,1.895
2026-05-09 19:58:27.420,0.636,-1.818,0.03,-0.023,1.895
2026-05-09 19:58:27.460,0.69,-2.047,0.03,-0.023,2.128
2026-05-09 19:58:27.500,0.69,-2.047,0.03,-0.023,2.128
2026-05-09 19:58:27.520,0.69,-2.047,0.03,-0.023,2.128
2026-05-09 19:58:27.546,0.69,-2.047,0.03,-0.023,2.128
2026-05-09 19:58:27.579,0.69,-2.047,0.03,-0.023,2.128
2026-05-09 19:58:27.599,0.69,-2.047,0.03,-0.023,2.128
2026-05-09 19:58:27.620,0.69,-2.047,0.03,-0.023,2.128
2026-05-09 19:58:27.660,0.69,-2.047,0.03,-0.023,2.128
2026-05-09 19:58:27.680,0.69,-2.047,0.03,-0.023,2.128
2026-05-09 19:58:27.720,0.69,-2.047,0.03,-0.023,2.128
2026-05-09 19:58:27.740,0.69,-2.047,0.03,-0.023,2.128
2026-05-09 19:58:27.780,0.69,-2.047,0.03,-0.023,2.128
2026-05-09 19:58:27.819,0.69,-2.047,0.03,-0.023,2.128
2026-05-09 19:58:27.859,0.69,-2.047,0.03,-0.023,2.128
2026-05-09 19:58:27.880,0.69,-2.047,0.03,-0.023,2.128
2026-05-09 19:58:27.919,0.69,-2.047,0.03,-0.023,2.128
2026-05-09 19:58:27.940,0.777,-2.282,0.03,-0.023,2.379
2026-05-09 19:58:27.960,0.777,-2.282,0.03,-0.023,2.379
2026-05-09 19:58:28.000,0.777,-2.282,0.03,-0.023,2.379
2026-05-09 19:58:28.039,0.777,-2.282,0.03,-0.023,2.379
2026-05-09 19:58:28.059,0.777,-2.282,0.03,-0.023,2.379
2026-05-09 19:58:28.079,0.777,-2.282,0.03,-0.023,2.379
2026-05-09 19:58:28.100,0.777,-2.282,0.03,-0.023,2.379
2026-05-09 19:58:28.139,0.777,-2.282,0.03,-0.023,2.379
2026-05-09 19:58:28.160,0.777,-2.282,0.03,-0.023,2.379
2026-05-09 19:58:28.200,0.777,-2.282,0.03,-0.023,2.379
2026-05-09 19:58:28.219,0.777,-2.282,0.03,-0.023,2.379
2026-05-09 19:58:28.259,0.777,-2.282,0.03,-0.023,2.379
2026-05-09 19:58:28.300,0.777,-2.282,0.03,-0.023,2.379
2026-05-09 19:58:28.340,0.777,-2.282,0.03,-0.023,2.379
2026-05-09 19:58:28.360,0.777,-2.282,0.03,-0.023,2.379
2026-05-09 19:58:28.399,0.777,-2.282,0.03,-0.023,2.379
2026-05-09 19:58:28.419,0.777,-2.282,0.03,-0.023,2.379
2026-05-09 19:58:28.440,0.777,-2.282,0.03,-0.023,2.379
2026-05-09 19:58:28.460,0.86,-2.466,0.03,-0.023,2.58
2026-05-09 19:58:28.500,0.86,-2.466,0.03,-0.023,2.58
2026-05-09 19:58:28.525,0.86,-2.466,0.03,-0.023,2.58
2026-05-09 19:58:28.559,0.86,-2.466,0.03,-0.023,2.58
2026-05-09 19:58:28.580,0.86,-2.466,0.03,-0.023,2.58
2026-05-09 19:58:28.620,0.86,-2.466,0.03,-0.023,2.58
2026-05-09 19:58:28.640,0.86,-2.466,0.03,-0.023,2.58
2026-05-09 19:58:28.680,0.86,-2.466,0.03,-0.023,2.58
2026-05-09 19:58:28.719,0.86,-2.466,0.03,-0.023,2.58
2026-05-09 19:58:28.741,0.86,-2.466,0.03,-0.023,2.58
2026-05-09 19:58:28.780,0.86,-2.466,0.03,-0.023,2.58
2026-05-09 19:58:28.819,0.86,-2.466,0.03,-0.023,2.58
2026-05-09 19:58:28.839,0.86,-2.466,0.03,-0.023,2.58
2026-05-09 19:58:28.860,0.86,-2.466,0.03,-0.023,2.58
2026-05-09 19:58:28.900,0.86,-2.466,0.03,-0.023,2.58
2026-05-09 19:58:28.939,0.86,-2.466,0.03,-0.023,2.58
2026-05-09 19:58:28.959,0.86,-2.466,0.03,-0.023,2.58
2026-05-09 19:58:28.980,0.926,-2.631,0.03,-0.023,2.757
2026-05-09 19:58:29.020,0.926,-2.631,0.03,-0.023,2.757
2026-05-09 19:58:29.059,0.926,-2.631,0.03,-0.023,2.757
2026-05-09 19:58:29.080,0.926,-2.631,0.03,-0.023,2.757
2026-05-09 19:58:29.120,0.926,-2.631,0.03,-0.023,2.757
2026-05-09 19:58:29.160,0.926,-2.631,0.03,-0.023,2.757
2026-05-09 19:58:29.180,0.926,-2.631,0.03,-0.023,2.757
2026-05-09 19:58:29.219,0.926,-2.631,0.03,-0.023,2.757
2026-05-09 19:58:29.240,0.926,-2.631,0.03,-0.023,2.757
2026-05-09 19:58:29.260,0.926,-2.631,0.03,-0.023,2.757
2026-05-09 19:58:29.282,0.926,-2.631,0.03,-0.023,2.757
2026-05-09 19:58:29.320,0.926,-2.631,0.03,-0.023,2.757
2026-05-09 19:58:29.360,0.926,-2.631,0.03,-0.023,2.757
2026-05-09 19:58:29.380,0.926,-2.631,0.03,-0.023,2.757
2026-05-09 19:58:29.419,0.926,-2.631,0.03,-0.023,2.757
2026-05-09 19:58:29.440,0.926,-2.631,0.03,-0.023,2.757
2026-05-09 19:58:29.479,0.985,-2.775,0.03,-0.023,2.913
2026-05-09 19:58:29.500,0.985,-2.775,0.03,-0.023,2.913
2026-05-09 19:58:29.540,0.985,-2.775,0.03,-0.023,2.913
2026-05-09 19:58:29.579,0.985,-2.775,0.03,-0.023,2.913
2026-05-09 19:58:29.600,0.985,-2.775,0.03,-0.023,2.913
2026-05-09 19:58:29.626,0.985,-2.775,0.03,-0.023,2.913
2026-05-09 19:58:29.659,0.985,-2.775,0.03,-0.023,2.913
2026-05-09 19:58:29.680,0.985,-2.775,0.03,-0.023,2.913
2026-05-09 19:58:29.720,0.985,-2.775,0.03,-0.023,2.913
2026-05-09 19:58:29.740,0.985,-2.775,0.03,-0.023,2.913
2026-05-09 19:58:29.760,0.985,-2.775,0.03,-0.023,2.913
2026-05-09 19:58:29.780,0.985,-2.775,0.03,-0.023,2.913
2026-05-09 19:58:29.820,0.985,-2.775,0.03,-0.023,2.913
2026-05-09 19:58:29.859,0.985,-2.775,0.03,-0.023,2.913
2026-05-09 19:58:29.880,0.985,-2.775,0.03,-0.023,2.913
2026-05-09 19:58:29.919,0.985,-2.775,0.03,-0.023,2.913
2026-05-09 19:58:29.940,0.985,-2.775,0.03,-0.023,2.913
2026-05-09 19:58:29.981,1.045,-2.913,0.03,-0.023,3.063
2026-05-09 19:58:30.020,1.045,-2.913,0.03,-0.023,3.063
2026-05-09 19:58:30.040,1.045,-2.913,0.03,-0.023,3.063
2026-05-09 19:58:30.079,1.045,-2.913,0.03,-0.023,3.063
2026-05-09 19:58:30.099,1.045,-2.913,0.03,-0.023,3.063
2026-05-09 19:58:30.120,1.045,-2.913,0.03,-0.023,3.063
2026-05-09 19:58:30.140,1.045,-2.913,0.03,-0.023,3.063
2026-05-09 19:58:30.164,1.045,-2.913,0.03,-0.023,3.063
2026-05-09 19:58:30.200,1.045,-2.913,0.03,-0.023,3.063
2026-05-09 19:58:30.240,1.045,-2.913,0.03,-0.023,3.063
2026-05-09 19:58:30.266,1.045,-2.913,0.03,-0.023,3.063
2026-05-09 19:58:30.300,1.045,-2.913,0.03,-0.023,3.063
2026-05-09 19:58:30.320,1.045,-2.913,0.03,-0.023,3.063
2026-05-09 19:58:30.359,1.045,-2.913,0.03,-0.023,3.063
2026-05-09 19:58:30.386,1.045,-2.913,0.03,-0.023,3.063
2026-05-09 19:58:30.419,1.045,-2.913,0.03,-0.023,3.063
2026-05-09 19:58:30.440,1.045,-2.913,0.03,-0.023,3.063
2026-05-09 19:58:30.479,1.103,-3.051,0.03,-0.023,3.213
2026-05-09 19:58:30.500,1.103,-3.051,0.03,-0.023,3.213
2026-05-09 19:58:30.540,1.103,-3.051,0.03,-0.023,3.213
2026-05-09 19:58:30.580,1.103,-3.051,0.03,-0.023,3.213
2026-05-09 19:58:30.600,1.103,-3.051,0.03,-0.023,3.213
2026-05-09 19:58:30.640,1.103,-3.051,0.03,-0.023,3.213
2026-05-09 19:58:30.679,1.103,-3.051,0.03,-0.023,3.213
2026-05-09 19:58:30.700,1.103,-3.051,0.03,-0.023,3.213
2026-05-09 19:58:30.720,1.103,-3.051,0.03,-0.023,3.213
2026-05-09 19:58:30.759,1.103,-3.051,0.03,-0.023,3.213
2026-05-09 19:58:30.779,1.103,-3.051,0.03,-0.023,3.213
2026-05-09 19:58:30.819,1.103,-3.051,0.03,-0.023,3.213
2026-05-09 19:58:30.840,1.103,-3.051,0.03,-0.023,3.213
2026-05-09 19:58:30.879,1.103,-3.051,0.03,-0.023,3.213
2026-05-09 19:58:30.899,1.103,-3.051,0.03,-0.023,3.213
2026-05-09 19:58:30.920,1.103,-3.051,0.03,-0.023,3.213
2026-05-09 19:58:30.959,1.103,-3.051,0.03,-0.023,3.213
2026-05-09 19:58:30.979,1.103,-3.051,0.03,-0.023,3.213
2026-05-09 19:58:31.023,1.161,-3.195,0.03,-0.023,3.368
2026-05-09 19:58:31.059,1.161,-3.195,0.03,-0.023,3.368
2026-05-09 19:58:31.080,1.161,-3.195,0.03,-0.023,3.368
2026-05-09 19:58:31.119,1.161,-3.195,0.03,-0.023,3.368
2026-05-09 19:58:31.144,1.161,-3.195,0.03,-0.023,3.368
2026-05-09 19:58:31.179,1.161,-3.195,0.03,-0.023,3.368
2026-05-09 19:58:31.200,1.161,-3.195,0.03,-0.023,3.368
2026-05-09 19:58:31.240,1.161,-3.195,0.03,-0.023,3.368
2026-05-09 19:58:31.260,1.161,-3.195,0.03,-0.023,3.368
2026-05-09 19:58:31.280,1.161,-3.195,0.03,-0.023,3.368
2026-05-09 19:58:31.300,1.161,-3.195,0.03,-0.023,3.368
2026-05-09 19:58:31.340,1.161,-3.195,0.03,-0.023,3.368
2026-05-09 19:58:31.379,1.241,-3.402,0.03,-0.023,3.589
2026-05-09 19:58:31.399,1.241,-3.402,0.03,-0.023,3.589
2026-05-09 19:58:31.419,1.241,-3.402,0.03,-0.023,3.589
2026-05-09 19:58:31.440,1.241,-3.402,0.03,-0.023,3.589
2026-05-09 19:58:31.479,1.241,-3.402,0.03,-0.023,3.589
2026-05-09 19:58:31.500,1.241,-3.402,0.03,-0.023,3.589
2026-05-09 19:58:31.520,1.241,-3.402,0.03,-0.023,3.589
2026-05-09 19:58:31.559,1.241,-3.402,0.03,-0.023,3.589
2026-05-09 19:58:31.580,1.241,-3.402,0.03,-0.023,3.589
2026-05-09 19:58:31.620,1.241,-3.402,0.03,-0.023,3.589
2026-05-09 19:58:31.659,1.241,-3.402,0.03,-0.023,3.589
2026-05-09 19:58:31.699,1.241,-3.402,0.03,-0.023,3.589
2026-05-09 19:58:31.720,1.241,-3.402,0.03,-0.023,3.589
2026-05-09 19:58:31.759,1.241,-3.402,0.03,-0.023,3.589
2026-05-09 19:58:31.780,1.241,-3.402,0.03,-0.023,3.589
2026-05-09 19:58:31.803,1.241,-3.402,0.03,-0.023,3.589
2026-05-09 19:58:31.840,1.241,-3.402,0.03,-0.023,3.589
2026-05-09 19:58:31.879,1.241,-3.402,0.03,-0.023,3.589
2026-05-09 19:58:31.900,1.241,-3.402,0.03,-0.023,3.589
2026-05-09 19:58:31.920,1.241,-3.402,0.03,-0.023,3.589
2026-05-09 19:58:31.940,1.241,-3.402,0.03,-0.023,3.589
2026-05-09 19:58:31.979,1.241,-3.402,0.03,-0.023,3.589
2026-05-09 19:58:32.000,1.241,-3.402,0.03,-0.023,3.589
2026-05-09 19:58:32.020,1.241,-3.402,0.03,-0.023,3.589
2026-05-09 19:58:32.059,1.333,-3.652,0.03,-0.023,3.856
2026-05-09 19:58:32.079,1.333,-3.652,0.03,-0.023,3.856
2026-05-09 19:58:32.100,1.333,-3.652,0.03,-0.023,3.856
2026-05-09 19:58:32.139,1.333,-3.652,0.03,-0.023,3.856
2026-05-09 19:58:32.160,1.333,-3.652,0.03,-0.023,3.856
2026-05-09 19:58:32.180,1.333,-3.652,0.03,-0.023,3.856
2026-05-09 19:58:32.219,1.333,-3.652,0.03,-0.023,3.856
2026-05-09 19:58:32.240,1.333,-3.652,0.03,-0.023,3.856
2026-05-09 19:58:32.260,1.333,-3.652,0.03,-0.023,3.856
2026-05-09 19:58:32.300,1.333,-3.652,0.03,-0.023,3.856
2026-05-09 19:58:32.320,1.333,-3.652,0.03,-0.023,3.856
2026-05-09 19:58:32.346,1.333,-3.652,0.03,-0.023,3.856
2026-05-09 19:58:32.379,1.333,-3.652,0.03,-0.023,3.856
2026-05-09 19:58:32.402,1.376,-3.844,0.03,-0.023,4.051
2026-05-09 19:58:32.440,1.376,-3.844,0.03,-0.023,4.051
2026-05-09 19:58:32.479,1.376,-3.844,0.03,-0.023,4.051
2026-05-09 19:58:32.500,1.376,-3.844,0.03,-0.023,4.051
2026-05-09 19:58:32.540,1.376,-3.844,0.03,-0.023,4.051
2026-05-09 19:58:32.561,1.376,-3.844,0.03,-0.023,4.051
2026-05-09 19:58:32.597,1.376,-3.844,0.03,-0.023,4.051
2026-05-09 19:58:32.619,1.376,-3.844,0.03,-0.023,4.051
2026-05-09 19:58:32.641,1.376,-3.844,0.03,-0.023,4.051
2026-05-09 19:58:32.679,1.376,-3.844,0.03,-0.023,4.051
2026-05-09 19:58:32.700,1.376,-3.844,0.03,-0.023,4.051
2026-05-09 19:58:32.740,1.376,-3.844,0.03,-0.023,4.051
2026-05-09 19:58:32.779,1.376,-3.844,0.03,-0.023,4.051
2026-05-09 19:58:32.800,1.376,-3.844,0.03,-0.023,4.051
2026-05-09 19:58:32.840,1.376,-3.844,0.03,-0.023,4.051
2026-05-09 19:58:32.860,1.376,-3.844,0.03,-0.023,4.051
2026-05-09 19:58:32.880,1.376,-3.844,0.03,-0.023,4.051
2026-05-09 19:58:32.920,1.376,-3.844,0.03,-0.023,4.051
2026-05-09 19:58:32.940,1.376,-3.844,0.03,-0.023,4.051
2026-05-09 19:58:32.979,1.376,-3.844,0.03,-0.023,4.051
2026-05-09 19:58:32.999,1.376,-3.844,0.03,-0.023,4.051
2026-05-09 19:58:33.020,1.376,-3.844,0.03,-0.023,4.051
2026-05-09 19:58:33.059,1.376,-3.844,0.03,-0.023,4.051
2026-05-09 19:58:33.079,1.376,-3.844,0.03,-0.023,4.051
2026-05-09 19:58:33.100,1.376,-3.844,0.03,-0.023,4.051
2026-05-09 19:58:33.121,1.376,-3.844,0.03,-0.023,4.051
2026-05-09 19:58:33.159,1.376,-3.844,0.03,-0.023,4.051
2026-05-09 19:58:33.184,1.396,-4.066,0.03,-0.023,4.268
2026-05-09 19:58:33.220,1.396,-4.066,0.03,-0.023,4.268
2026-05-09 19:58:33.260,1.396,-4.066,0.03,-0.023,4.268
2026-05-09 19:58:33.299,1.396,-4.066,0.03,-0.023,4.268
2026-05-09 19:58:33.320,1.396,-4.066,0.03,-0.023,4.268
2026-05-09 19:58:33.340,1.396,-4.066,0.03,-0.023,4.268
2026-05-09 19:58:33.379,1.396,-4.066,0.03,-0.023,4.268
2026-05-09 19:58:33.400,1.396,-4.066,0.03,-0.023,4.268
2026-05-09 19:58:33.440,1.396,-4.066,0.03,-0.023,4.268
2026-05-09 19:58:33.460,1.396,-4.066,0.03,-0.023,4.268
2026-05-09 19:58:33.500,1.396,-4.066,0.03,-0.023,4.268
2026-05-09 19:58:33.520,1.396,-4.066,0.03,-0.023,4.268
2026-05-09 19:58:33.541,1.396,-4.066,0.03,-0.023,4.268
2026-05-09 19:58:33.580,1.396,-4.066,0.03,-0.023,4.268
2026-05-09 19:58:33.600,1.396,-4.066,0.03,-0.023,4.268
2026-05-09 19:58:33.620,1.396,-4.066,0.03,-0.023,4.268
2026-05-09 19:58:33.647,1.407,-4.372,0.03,-0.023,4.562
2026-05-09 19:58:33.680,1.407,-4.372,0.03,-0.023,4.562
2026-05-09 19:58:33.700,1.407,-4.372,0.03,-0.023,4.562
2026-05-09 19:58:33.739,1.407,-4.372,0.03,-0.023,4.562
2026-05-09 19:58:33.760,1.407,-4.372,0.03,-0.023,4.562
2026-05-09 19:58:33.799,1.407,-4.372,0.03,-0.023,4.562
2026-05-09 19:58:33.819,1.407,-4.372,0.03,-0.023,4.562
2026-05-09 19:58:33.839,1.407,-4.372,0.03,-0.023,4.562
2026-05-09 19:58:33.860,1.407,-4.372,0.03,-0.023,4.562
2026-05-09 19:58:33.880,1.407,-4.372,0.03,-0.023,4.562
2026-05-09 19:58:33.920,1.407,-4.372,0.03,-0.023,4.562
2026-05-09 19:58:33.940,1.407,-4.372,0.03,-0.023,4.562
2026-05-09 19:58:33.965,1.382,-4.732,0.03,-0.023,4.9
2026-05-09 19:58:34.000,1.382,-4.732,0.03,-0.023,4.9
2026-05-09 19:58:34.020,1.382,-4.732,0.03,-0.023,4.9
2026-05-09 19:58:34.059,1.382,-4.732,0.03,-0.023,4.9
2026-05-09 19:58:34.079,1.382,-4.732,0.03,-0.023,4.9
2026-05-09 19:58:34.119,1.382,-4.732,0.03,-0.023,4.9
2026-05-09 19:58:34.140,1.382,-4.732,0.03,-0.023,4.9
2026-05-09 19:58:34.160,1.382,-4.732,0.03,-0.023,4.9
2026-05-09 19:58:34.199,1.382,-4.732,0.03,-0.023,4.9
2026-05-09 19:58:34.240,1.382,-4.732,0.03,-0.023,4.9
2026-05-09 19:58:34.280,1.382,-4.732,0.03,-0.023,4.9
2026-05-09 19:58:34.319,1.382,-4.732,0.03,-0.023,4.9
2026-05-09 19:58:34.339,1.382,-4.732,0.03,-0.023,4.9
2026-05-09 19:58:34.360,1.382,-4.732,0.03,-0.023,4.9
2026-05-09 19:58:34.380,1.382,-4.732,0.03,-0.023,4.9
2026-05-09 19:58:34.400,1.382,-4.732,0.03,-0.023,4.9
2026-05-09 19:58:34.440,1.382,-4.732,0.03,-0.023,4.9
2026-05-09 19:58:34.479,1.382,-4.732,0.03,-0.023,4.9
2026-05-09 19:58:34.500,1.359,-5.07,0.03,-0.023,5.219
2026-05-09 19:58:34.539,1.359,-5.07,0.03,-0.023,5.219
2026-05-09 19:58:34.559,1.359,-5.07,0.03,-0.023,5.219
2026-05-09 19:58:34.579,1.359,-5.07,0.03,-0.023,5.219
2026-05-09 19:58:34.600,1.359,-5.07,0.03,-0.023,5.219
2026-05-09 19:58:34.641,1.359,-5.07,0.03,-0.023,5.219
2026-05-09 19:58:34.680,1.359,-5.07,0.03,-0.023,5.219
2026-05-09 19:58:34.719,1.359,-5.07,0.03,-0.023,5.219
2026-05-09 19:58:34.740,1.359,-5.07,0.03,-0.023,5.219
2026-05-09 19:58:34.780,1.359,-5.07,0.03,-0.023,5.219
2026-05-09 19:58:34.800,1.359,-5.07,0.03,-0.023,5.219
2026-05-09 19:58:34.820,1.359,-5.07,0.03,-0.023,5.219
2026-05-09 19:58:34.859,1.359,-5.07,0.03,-0.023,5.219
2026-05-09 19:58:34.879,1.359,-5.07,0.03,-0.023,5.219
2026-05-09 19:58:34.900,1.359,-5.07,0.03,-0.023,5.219
2026-05-09 19:58:34.939,1.359,-5.07,0.03,-0.023,5.219
2026-05-09 19:58:34.960,1.359,-5.07,0.03,-0.023,5.219
2026-05-09 19:58:34.980,1.359,-5.07,0.03,-0.023,5.219
2026-05-09 19:58:35.003,1.365,-5.365,0.03,-0.023,5.507
2026-05-09 19:58:35.039,1.365,-5.365,0.03,-0.023,5.507
2026-05-09 19:58:35.059,1.365,-5.365,0.03,-0.023,5.507
2026-05-09 19:58:35.080,1.365,-5.365,0.03,-0.023,5.507
2026-05-09 19:58:35.120,1.365,-5.365,0.03,-0.023,5.507
2026-05-09 19:58:35.140,1.365,-5.365,0.03,-0.023,5.507
2026-05-09 19:58:35.179,1.365,-5.365,0.03,-0.023,5.507
2026-05-09 19:58:35.200,1.365,-5.365,0.03,-0.023,5.507
2026-05-09 19:58:35.220,1.365,-5.365,0.03,-0.023,5.507
2026-05-09 19:58:35.240,1.365,-5.365,0.03,-0.023,5.507
2026-05-09 19:58:35.279,1.365,-5.365,0.03,-0.023,5.507
2026-05-09 19:58:35.299,1.365,-5.365,0.03,-0.023,5.507
2026-05-09 19:58:35.319,1.365,-5.365,0.03,-0.023,5.507
2026-05-09 19:58:35.340,1.365,-5.365,0.03,-0.023,5.507
2026-05-09 19:58:35.379,1.365,-5.365,0.03,-0.023,5.507
2026-05-09 19:58:35.399,1.365,-5.365,0.03,-0.023,5.507
2026-05-09 19:58:35.420,1.376,-5.671,0.03,-0.023,5.806
2026-05-09 19:58:35.459,1.376,-5.671,0.03,-0.023,5.806
2026-05-09 19:58:35.480,1.376,-5.671,0.03,-0.023,5.806
2026-05-09 19:58:35.500,1.376,-5.671,0.03,-0.023,5.806
2026-05-09 19:58:35.524,1.376,-5.671,0.03,-0.023,5.806
2026-05-09 19:58:35.559,1.376,-5.671,0.03,-0.023,5.806
2026-05-09 19:58:35.580,1.376,-5.671,0.03,-0.023,5.806
2026-05-09 19:58:35.619,1.376,-5.671,0.03,-0.023,5.806
2026-05-09 19:58:35.659,1.376,-5.671,0.03,-0.023,5.806
2026-05-09 19:58:35.680,1.376,-5.671,0.03,-0.023,5.806
2026-05-09 19:58:35.720,1.376,-5.671,0.03,-0.023,5.806
2026-05-09 19:58:35.743,1.376,-5.671,0.03,-0.023,5.806
2026-05-09 19:58:35.779,1.376,-5.671,0.03,-0.023,5.806
2026-05-09 19:58:35.799,1.376,-5.671,0.03,-0.023,5.806
2026-05-09 19:58:35.820,1.376,-5.671,0.03,-0.023,5.806
2026-05-09 19:58:35.859,1.376,-5.671,0.03,-0.023,5.806
2026-05-09 19:58:35.880,1.376,-5.671,0.03,-0.023,5.806
2026-05-09 19:58:35.920,1.387,-5.929,0.03,-0.023,6.06
2026-05-09 19:58:35.940,1.387,-5.929,0.03,-0.023,6.06
2026-05-09 19:58:35.980,1.387,-5.929,0.03,-0.023,6.06
2026-05-09 19:58:36.000,1.387,-5.929,0.03,-0.023,6.06
2026-05-09 19:58:36.040,1.387,-5.929,0.03,-0.023,6.06
2026-05-09 19:58:36.065,1.387,-5.929,0.03,-0.023,6.06
2026-05-09 19:58:36.100,1.387,-5.929,0.03,-0.023,6.06
2026-05-09 19:58:36.140,1.387,-5.929,0.03,-0.023,6.06
2026-05-09 19:58:36.160,1.387,-5.929,0.03,-0.023,6.06
2026-05-09 19:58:36.200,1.387,-5.929,0.03,-0.023,6.06
2026-05-09 19:58:36.220,1.387,-5.929,0.03,-0.023,6.06
2026-05-09 19:58:36.259,1.387,-5.929,0.03,-0.023,6.06
2026-05-09 19:58:36.283,1.387,-5.929,0.03,-0.023,6.06
2026-05-09 19:58:36.320,1.387,-5.929,0.03,-0.023,6.06
2026-05-09 19:58:36.359,1.387,-5.929,0.03,-0.023,6.06
2026-05-09 19:58:36.380,1.387,-5.929,0.03,-0.023,6.06
2026-05-09 19:58:36.400,1.387,-5.929,0.03,-0.023,6.06
2026-05-09 19:58:36.440,1.391,-6.156,0.03,-0.023,6.282
2026-05-09 19:58:36.479,1.391,-6.156,0.03,-0.023,6.282
2026-05-09 19:58:36.503,1.391,-6.156,0.03,-0.023,6.282
2026-05-09 19:58:36.540,1.391,-6.156,0.03,-0.023,6.282
2026-05-09 19:58:36.579,1.391,-6.156,0.03,-0.023,6.282
2026-05-09 19:58:36.600,1.391,-6.156,0.03,-0.023,6.282
2026-05-09 19:58:36.620,1.391,-6.156,0.03,-0.023,6.282
2026-05-09 19:58:36.659,1.391,-6.156,0.03,-0.023,6.282
2026-05-09 19:58:36.679,1.391,-6.156,0.03,-0.023,6.282
2026-05-09 19:58:36.699,1.391,-6.156,0.03,-0.023,6.282
2026-05-09 19:58:36.723,1.391,-6.156,0.03,-0.023,6.282
2026-05-09 19:58:36.760,1.391,-6.156,0.03,-0.023,6.282
2026-05-09 19:58:36.800,1.391,-6.156,0.03,-0.023,6.282
2026-05-09 19:58:36.820,1.391,-6.156,0.03,-0.023,6.282
2026-05-09 19:58:36.859,1.391,-6.156,0.03,-0.023,6.282
2026-05-09 19:58:36.880,1.391,-6.156,0.03,-0.023,6.282
2026-05-09 19:58:36.919,1.391,-6.156,0.03,-0.023,6.282
2026-05-09 19:58:36.960,1.391,-6.386,0.03,-0.023,6.507
2026-05-09 19:58:36.999,1.391,-6.386,0.03,-0.023,6.507
2026-05-09 19:58:37.039,1.391,-6.386,0.03,-0.023,6.507
2026-05-09 19:58:37.059,1.391,-6.386,0.03,-0.023,6.507
2026-05-09 19:58:37.080,1.391,-6.386,0.03,-0.023,6.507
2026-05-09 19:58:37.120,1.391,-6.386,0.03,-0.023,6.507
2026-05-09 19:58:37.159,1.391,-6.386,0.03,-0.023,6.507
2026-05-09 19:58:37.180,1.391,-6.386,0.03,-0.023,6.507
2026-05-09 19:58:37.219,1.391,-6.386,0.03,-0.023,6.507
2026-05-09 19:58:37.240,1.391,-6.386,0.03,-0.023,6.507
2026-05-09 19:58:37.264,1.391,-6.386,0.03,-0.023,6.507
2026-05-09 19:58:37.300,1.391,-6.386,0.03,-0.023,6.507
2026-05-09 19:58:37.320,1.391,-6.386,0.03,-0.023,6.507
2026-05-09 19:58:37.359,1.391,-6.386,0.03,-0.023,6.507
2026-05-09 19:58:37.379,1.391,-6.386,0.03,-0.023,6.507
2026-05-09 19:58:37.399,1.391,-6.386,0.03,-0.023,6.507
2026-05-09 19:58:37.440,1.391,-6.386,0.03,-0.023,6.507
2026-05-09 19:58:37.479,1.393,-6.554,0.03,-0.023,6.672
2026-05-09 19:58:37.499,1.393,-6.554,0.03,-0.023,6.672
2026-05-09 19:58:37.520,1.393,-6.554,0.03,-0.023,6.672
2026-05-09 19:58:37.559,1.393,-6.554,0.03,-0.023,6.672
2026-05-09 19:58:37.579,1.393,-6.554,0.03,-0.023,6.672
2026-05-09 19:58:37.600,1.393,-6.554,0.03,-0.023,6.672
2026-05-09 19:58:37.620,1.393,-6.554,0.03,-0.023,6.672
2026-05-09 19:58:37.659,1.393,-6.554,0.03,-0.023,6.672
2026-05-09 19:58:37.680,1.393,-6.554,0.03,-0.023,6.672
2026-05-09 19:58:37.704,1.393,-6.554,0.03,-0.023,6.672
2026-05-09 19:58:37.739,1.393,-6.554,0.03,-0.023,6.672
2026-05-09 19:58:37.760,1.393,-6.554,0.03,-0.023,6.672
2026-05-09 19:58:37.799,1.393,-6.554,0.03,-0.023,6.672
2026-05-09 19:58:37.821,1.393,-6.554,0.03,-0.023,6.672
2026-05-09 19:58:37.861,1.393,-6.554,0.03,-0.023,6.672
2026-05-09 19:58:37.899,1.393,-6.554,0.03,-0.023,6.672
2026-05-09 19:58:37.922,1.393,-6.554,0.03,-0.023,6.672
2026-05-09 19:58:37.959,1.395,-6.672,0.03,-0.023,6.788
2026-05-09 19:58:37.980,1.395,-6.672,0.03,-0.023,6.788
2026-05-09 19:58:38.019,1.395,-6.672,0.03,-0.023,6.788
2026-05-09 19:58:38.043,1.395,-6.672,0.03,-0.023,6.788
2026-05-09 19:58:38.080,1.395,-6.672,0.03,-0.023,6.788
2026-05-09 19:58:38.119,1.395,-6.672,0.03,-0.023,6.788
2026-05-09 19:58:38.140,1.395,-6.672,0.03,-0.023,6.788
2026-05-09 19:58:38.160,1.395,-6.672,0.03,-0.023,6.788
2026-05-09 19:58:38.200,1.395,-6.672,0.03,-0.023,6.788
2026-05-09 19:58:38.220,1.395,-6.672,0.03,-0.023,6.788
2026-05-09 19:58:38.261,1.395,-6.672,0.03,-0.023,6.788
2026-05-09 19:58:38.300,1.395,-6.672,0.03,-0.023,6.788
2026-05-09 19:58:38.320,1.395,-6.672,0.03,-0.023,6.788
2026-05-09 19:58:38.359,1.395,-6.672,0.03,-0.023,6.788
2026-05-09 19:58:38.379,1.395,-6.672,0.03,-0.023,6.788
2026-05-09 19:58:38.400,1.395,-6.672,0.03,-0.023,6.788
2026-05-09 19:58:38.440,1.395,-6.672,0.03,-0.023,6.788
2026-05-09 19:58:38.460,1.395,-6.672,0.03,-0.023,6.788
2026-05-09 19:58:38.485,1.396,-6.822,0.03,-0.023,6.935
2026-05-09 19:58:38.519,1.396,-6.822,0.03,-0.023,6.935
2026-05-09 19:58:38.539,1.396,-6.822,0.03,-0.023,6.935
2026-05-09 19:58:38.560,1.396,-6.822,0.03,-0.023,6.935
2026-05-09 19:58:38.588,1.396,-6.822,0.03,-0.023,6.935
2026-05-09 19:58:38.620,1.396,-6.822,0.03,-0.023,6.935
2026-05-09 19:58:38.640,1.396,-6.822,0.03,-0.023,6.935
2026-05-09 19:58:38.660,1.396,-6.822,0.03,-0.023,6.935
2026-05-09 19:58:38.700,1.396,-6.822,0.03,-0.023,6.935
2026-05-09 19:58:38.739,1.396,-6.822,0.03,-0.023,6.935
2026-05-09 19:58:38.779,1.396,-6.822,0.03,-0.023,6.935
2026-05-09 19:58:38.806,1.396,-6.822,0.03,-0.023,6.935
2026-05-09 19:58:38.839,1.396,-6.822,0.03,-0.023,6.935
2026-05-09 19:58:38.859,1.396,-6.822,0.03,-0.023,6.935
2026-05-09 19:58:38.880,1.396,-6.822,0.03,-0.023,6.935
2026-05-09 19:58:38.900,1.396,-6.822,0.03,-0.023,6.935
2026-05-09 19:58:38.939,1.396,-6.822,0.03,-0.023,6.935
2026-05-09 19:58:38.980,1.396,-6.822,0.03,-0.023,6.935
2026-05-09 19:58:39.003,1.396,-6.971,0.03,-0.023,7.081
2026-05-09 19:58:39.040,1.396,-6.971,0.03,-0.023,7.081
2026-05-09 19:58:39.079,1.396,-6.971,0.03,-0.023,7.081
2026-05-09 19:58:39.100,1.396,-6.971,0.03,-0.023,7.081
2026-05-09 19:58:39.128,1.396,-6.971,0.03,-0.023,7.081
2026-05-09 19:58:39.160,1.396,-6.971,0.03,-0.023,7.081
2026-05-09 19:58:39.199,1.396,-6.971,0.03,-0.023,7.081
2026-05-09 19:58:39.220,1.396,-6.971,0.03,-0.023,7.081
2026-05-09 19:58:39.242,1.396,-6.971,0.03,-0.023,7.081
2026-05-09 19:58:39.279,1.396,-6.971,0.03,-0.023,7.081
2026-05-09 19:58:39.300,1.396,-6.971,0.03,-0.023,7.081
2026-05-09 19:58:39.340,1.396,-6.971,0.03,-0.023,7.081
2026-05-09 19:58:39.360,1.396,-6.971,0.03,-0.023,7.081
2026-05-09 19:58:39.400,1.396,-6.971,0.03,-0.023,7.081
2026-05-09 19:58:39.420,1.397,-7.121,0.03,-0.023,7.228
2026-05-09 19:58:39.460,1.397,-7.121,0.03,-0.023,7.228
2026-05-09 19:58:39.499,1.397,-7.121,0.03,-0.023,7.228
2026-05-09 19:58:39.519,1.397,-7.121,0.03,-0.023,7.228
2026-05-09 19:58:39.540,1.397,-7.121,0.03,-0.023,7.228
2026-05-09 19:58:39.569,1.397,-7.121,0.03,-0.023,7.228
2026-05-09 19:58:39.599,1.397,-7.121,0.03,-0.023,7.228
2026-05-09 19:58:39.620,1.397,-7.121,0.03,-0.023,7.228
2026-05-09 19:58:39.640,1.397,-7.121,0.03,-0.023,7.228
2026-05-09 19:58:39.680,1.397,-7.121,0.03,-0.023,7.228
2026-05-09 19:58:39.719,1.397,-7.121,0.03,-0.023,7.228
2026-05-09 19:58:39.740,1.397,-7.121,0.03,-0.023,7.228
2026-05-09 19:58:39.785,1.397,-7.121,0.03,-0.023,7.228
2026-05-09 19:58:39.819,1.397,-7.121,0.03,-0.023,7.228
2026-05-09 19:58:39.839,1.397,-7.121,0.03,-0.023,7.228
2026-05-09 19:58:39.879,1.397,-7.121,0.03,-0.023,7.228
2026-05-09 19:58:39.900,1.397,-7.121,0.03,-0.023,7.228
2026-05-09 19:58:39.940,1.397,-7.121,0.03,-0.023,7.228
2026-05-09 19:58:39.960,1.397,-7.121,0.03,-0.023,7.228
2026-05-09 19:58:40.001,1.397,-7.121,0.03,-0.023,7.228
2026-05-09 19:58:40.039,1.381,-7.302,0.03,-0.023,7.403
2026-05-09 19:58:40.059,1.381,-7.302,0.03,-0.023,7.403
2026-05-09 19:58:40.079,1.381,-7.302,0.03,-0.023,7.403
2026-05-09 19:58:40.100,1.381,-7.302,0.03,-0.023,7.403
2026-05-09 19:58:40.129,1.381,-7.302,0.03,-0.023,7.403
2026-05-09 19:58:40.159,1.381,-7.302,0.03,-0.023,7.403
2026-05-09 19:58:40.180,1.381,-7.302,0.03,-0.023,7.403
2026-05-09 19:58:40.200,1.381,-7.302,0.03,-0.023,7.403
2026-05-09 19:58:40.240,1.381,-7.302,0.03,-0.023,7.403
2026-05-09 19:58:40.279,1.381,-7.302,0.03,-0.023,7.403
2026-05-09 19:58:40.300,1.381,-7.302,0.03,-0.023,7.403
2026-05-09 19:58:40.339,1.381,-7.302,0.03,-0.023,7.403
2026-05-09 19:58:40.359,1.381,-7.302,0.03,-0.023,7.403
2026-05-09 19:58:40.380,1.381,-7.302,0.03,-0.023,7.403
2026-05-09 19:58:40.400,1.381,-7.302,0.03,-0.023,7.403
2026-05-09 19:58:40.420,1.381,-7.302,0.03,-0.023,7.403
2026-05-09 19:58:40.459,1.346,-7.415,0.03,-0.023,7.508
2026-05-09 19:58:40.480,1.346,-7.415,0.03,-0.023,7.508
2026-05-09 19:58:40.519,1.346,-7.415,0.03,-0.023,7.508
2026-05-09 19:58:40.539,1.346,-7.415,0.03,-0.023,7.508
2026-05-09 19:58:40.560,1.346,-7.415,0.03,-0.023,7.508
2026-05-09 19:58:40.580,1.346,-7.415,0.03,-0.023,7.508
2026-05-09 19:58:40.619,1.346,-7.415,0.03,-0.023,7.508
2026-05-09 19:58:40.650,1.346,-7.415,0.03,-0.023,7.508
2026-05-09 19:58:40.679,1.346,-7.415,0.03,-0.023,7.508
2026-05-09 19:58:40.720,1.346,-7.415,0.03,-0.023,7.508
2026-05-09 19:58:40.759,1.346,-7.415,0.03,-0.023,7.508
2026-05-09 19:58:40.779,1.346,-7.415,0.03,-0.023,7.508
2026-05-09 19:58:40.800,1.346,-7.415,0.03,-0.023,7.508
2026-05-09 19:58:40.840,1.346,-7.415,0.03,-0.023,7.508
2026-05-09 19:58:40.860,1.346,-7.415,0.03,-0.023,7.508
2026-05-09 19:58:40.882,1.346,-7.415,0.03,-0.023,7.508
2026-05-09 19:58:40.919,1.346,-7.415,0.03,-0.023,7.508
2026-05-09 19:58:40.940,1.346,-7.415,0.03,-0.023,7.508
2026-05-09 19:58:40.960,1.346,-7.415,0.03,-0.023,7.508
2026-05-09 19:58:40.985,1.276,-7.543,0.03,-0.023,7.623
2026-05-09 19:58:41.019,1.276,-7.543,0.03,-0.023,7.623
2026-05-09 19:58:41.040,1.276,-7.543,0.03,-0.023,7.623
2026-05-09 19:58:41.060,1.276,-7.543,0.03,-0.023,7.623
2026-05-09 19:58:41.100,1.276,-7.543,0.03,-0.023,7.623
2026-05-09 19:58:41.139,1.276,-7.543,0.03,-0.023,7.623
2026-05-09 19:58:41.160,1.276,-7.543,0.03,-0.023,7.623
2026-05-09 19:58:41.180,1.276,-7.543,0.03,-0.023,7.623
2026-05-09 19:58:41.209,1.276,-7.543,0.03,-0.023,7.623
2026-05-09 19:58:41.240,1.276,-7.543,0.03,-0.023,7.623
2026-05-09 19:58:41.260,1.276,-7.543,0.03,-0.023,7.623
2026-05-09 19:58:41.280,1.276,-7.543,0.03,-0.023,7.623
2026-05-09 19:58:41.319,1.276,-7.543,0.03,-0.023,7.623
2026-05-09 19:58:41.339,1.276,-7.543,0.03,-0.023,7.623
2026-05-09 19:58:41.379,1.276,-7.543,0.03,-0.023,7.623
2026-05-09 19:58:41.400,1.276,-7.543,0.03,-0.023,7.623
2026-05-09 19:58:41.424,1.276,-7.543,0.03,-0.023,7.623
2026-05-09 19:58:41.460,1.178,-7.653,0.03,-0.023,7.716
2026-05-09 19:58:41.500,1.178,-7.653,0.03,-0.023,7.716
2026-05-09 19:58:41.539,1.178,-7.653,0.03,-0.023,7.716
2026-05-09 19:58:41.560,1.178,-7.653,0.03,-0.023,7.716
2026-05-09 19:58:41.599,1.178,-7.653,0.03,-0.023,7.716
2026-05-09 19:58:41.620,1.178,-7.653,0.03,-0.023,7.716
2026-05-09 19:58:41.646,1.178,-7.653,0.03,-0.023,7.716
2026-05-09 19:58:41.679,1.178,-7.653,0.03,-0.023,7.716
2026-05-09 19:58:41.699,1.178,-7.653,0.03,-0.023,7.716
2026-05-09 19:58:41.719,1.178,-7.653,0.03,-0.023,7.716
2026-05-09 19:58:41.740,1.178,-7.653,0.03,-0.023,7.716
2026-05-09 19:58:41.760,1.178,-7.653,0.03,-0.023,7.716
2026-05-09 19:58:41.799,1.178,-7.653,0.03,-0.023,7.716
2026-05-09 19:58:41.820,1.178,-7.653,0.03,-0.023,7.716
2026-05-09 19:58:41.860,1.178,-7.653,0.03,-0.023,7.716
2026-05-09 19:58:41.880,1.178,-7.653,0.03,-0.023,7.716
2026-05-09 19:58:41.920,1.178,-7.653,0.03,-0.023,7.716
2026-05-09 19:58:41.940,1.178,-7.653,0.03,-0.023,7.716
2026-05-09 19:58:41.968,1.057,-7.736,0.03,-0.023,7.782
2026-05-09 19:58:42.000,1.057,-7.736,0.03,-0.023,7.782
2026-05-09 19:58:42.020,1.057,-7.736,0.03,-0.023,7.782
2026-05-09 19:58:42.059,1.057,-7.736,0.03,-0.023,7.782
2026-05-09 19:58:42.079,1.057,-7.736,0.03,-0.023,7.782
2026-05-09 19:58:42.100,1.057,-7.736,0.03,-0.023,7.782
2026-05-09 19:58:42.139,1.057,-7.736,0.03,-0.023,7.782
2026-05-09 19:58:42.160,1.057,-7.736,0.03,-0.023,7.782
2026-05-09 19:58:42.180,1.057,-7.736,0.03,-0.023,7.782
2026-05-09 19:58:42.200,1.057,-7.736,0.03,-0.023,7.782
2026-05-09 19:58:42.220,1.057,-7.736,0.03,-0.023,7.782
2026-05-09 19:58:42.259,1.057,-7.736,0.03,-0.023,7.782
2026-05-09 19:58:42.280,1.057,-7.736,0.03,-0.023,7.782
2026-05-09 19:58:42.320,1.057,-7.736,0.03,-0.023,7.782
2026-05-09 19:58:42.340,1.057,-7.736,0.03,-0.023,7.782
2026-05-09 19:58:42.380,0.922,-7.787,0.03,-0.023,7.815
2026-05-09 19:58:42.400,0.922,-7.787,0.03,-0.023,7.815
2026-05-09 19:58:42.420,0.922,-7.787,0.03,-0.023,7.815
2026-05-09 19:58:42.460,0.922,-7.787,0.03,-0.023,7.815
2026-05-09 19:58:42.480,0.922,-7.787,0.03,-0.023,7.815
2026-05-09 19:58:42.500,0.922,-7.787,0.03,-0.023,7.815
2026-05-09 19:58:42.540,0.922,-7.787,0.03,-0.023,7.815
2026-05-09 19:58:42.560,0.922,-7.787,0.03,-0.023,7.815
2026-05-09 19:58:42.599,0.922,-7.787,0.03,-0.023,7.815
2026-05-09 19:58:42.619,0.922,-7.787,0.03,-0.023,7.815
2026-05-09 19:58:42.640,0.922,-7.787,0.03,-0.023,7.815
2026-05-09 19:58:42.660,0.922,-7.787,0.03,-0.023,7.815
2026-05-09 19:58:42.699,0.922,-7.787,0.03,-0.023,7.815
2026-05-09 19:58:42.720,0.922,-7.787,0.03,-0.023,7.815
2026-05-09 19:58:42.745,0.922,-7.787,0.03,-0.023,7.815
2026-05-09 19:58:42.780,0.922,-7.787,0.03,-0.023,7.815
2026-05-09 19:58:42.800,0.922,-7.787,0.03,-0.023,7.815
2026-05-09 19:58:42.840,0.922,-7.787,0.03,-0.023,7.815
2026-05-09 19:58:42.860,0.922,-7.787,0.03,-0.023,7.815
2026-05-09 19:58:42.900,0.922,-7.787,0.03,-0.023,7.815
2026-05-09 19:58:42.920,0.922,-7.787,0.03,-0.023,7.815
2026-05-09 19:58:42.959,0.776,-7.808,0.03,-0.023,7.82
2026-05-09 19:58:42.979,0.776,-7.808,0.03,-0.023,7.82
2026-05-09 19:58:43.000,0.776,-7.808,0.03,-0.023,7.82
2026-05-09 19:58:43.040,0.776,-7.808,0.03,-0.023,7.82
2026-05-09 19:58:43.068,0.776,-7.808,0.03,-0.023,7.82
2026-05-09 19:58:43.100,0.776,-7.808,0.03,-0.023,7.82
2026-05-09 19:58:43.120,0.776,-7.808,0.03,-0.023,7.82
2026-05-09 19:58:43.140,0.776,-7.808,0.03,-0.023,7.82
2026-05-09 19:58:43.160,0.776,-7.808,0.03,-0.023,7.82
2026-05-09 19:58:43.200,0.776,-7.808,0.03,-0.023,7.82
2026-05-09 19:58:43.239,0.776,-7.808,0.03,-0.023,7.82
2026-05-09 19:58:43.260,0.776,-7.808,0.03,-0.023,7.82
2026-05-09 19:58:43.288,0.776,-7.808,0.03,-0.023,7.82
2026-05-09 19:58:43.319,0.776,-7.808,0.03,-0.023,7.82
2026-05-09 19:58:43.340,0.776,-7.808,0.03,-0.023,7.82
2026-05-09 19:58:43.379,0.776,-7.808,0.03,-0.023,7.82
2026-05-09 19:58:43.400,0.776,-7.808,0.03,-0.023,7.82
2026-05-09 19:58:43.439,0.776,-7.808,0.03,-0.023,7.82
2026-05-09 19:58:43.462,0.776,-7.808,0.03,-0.023,7.82
2026-05-09 19:58:43.503,0.629,-7.792,0.03,-0.023,7.792
2026-05-09 19:58:43.539,0.629,-7.792,0.03,-0.023,7.792
2026-05-09 19:58:43.559,0.629,-7.792,0.03,-0.023,7.792
2026-05-09 19:58:43.599,0.629,-7.792,0.03,-0.023,7.792
2026-05-09 19:58:43.640,0.629,-7.792,0.03,-0.023,7.792
2026-05-09 19:58:43.660,0.629,-7.792,0.03,-0.023,7.792
2026-05-09 19:58:43.699,0.629,-7.792,0.03,-0.023,7.792
2026-05-09 19:58:43.722,0.629,-7.792,0.03,-0.023,7.792
2026-05-09 19:58:43.759,0.629,-7.792,0.03,-0.023,7.792
2026-05-09 19:58:43.780,0.629,-7.792,0.03,-0.023,7.792
2026-05-09 19:58:43.820,0.629,-7.792,0.03,-0.023,7.792
2026-05-09 19:58:43.859,0.629,-7.792,0.03,-0.023,7.792
2026-05-09 19:58:43.880,0.629,-7.792,0.03,-0.023,7.792
2026-05-09 19:58:43.920,0.629,-7.792,0.03,-0.023,7.792
2026-05-09 19:58:43.959,0.629,-7.792,0.03,-0.023,7.792
2026-05-09 19:58:43.979,0.629,-7.792,0.03,-0.023,7.792
2026-05-09 19:58:44.000,0.629,-7.792,0.03,-0.023,7.792
2026-05-09 19:58:44.039,0.467,-7.727,0.03,-0.023,7.716
2026-05-09 19:58:44.060,0.467,-7.727,0.03,-0.023,7.716
2026-05-09 19:58:44.080,0.467,-7.727,0.03,-0.023,7.716
2026-05-09 19:58:44.120,0.467,-7.727,0.03,-0.023,7.716
2026-05-09 19:58:44.159,0.467,-7.727,0.03,-0.023,7.716
2026-05-09 19:58:44.180,0.467,-7.727,0.03,-0.023,7.716
2026-05-09 19:58:44.220,0.467,-7.727,0.03,-0.023,7.716
2026-05-09 19:58:44.240,0.467,-7.727,0.03,-0.023,7.716
2026-05-09 19:58:44.280,0.467,-7.727,0.03,-0.023,7.716
2026-05-09 19:58:44.300,0.467,-7.727,0.03,-0.023,7.716
2026-05-09 19:58:44.339,0.467,-7.727,0.03,-0.023,7.716
2026-05-09 19:58:44.379,0.467,-7.727,0.03,-0.023,7.716
2026-05-09 19:58:44.399,0.385,-7.665,0.03,-0.023,7.651
2026-05-09 19:58:44.420,0.385,-7.665,0.03,-0.023,7.651
2026-05-09 19:58:44.460,0.385,-7.665,0.03,-0.023,7.651
2026-05-09 19:58:44.487,0.385,-7.665,0.03,-0.023,7.651
2026-05-09 19:58:44.520,0.385,-7.665,0.03,-0.023,7.651
2026-05-09 19:58:44.540,0.385,-7.665,0.03,-0.023,7.651
2026-05-09 19:58:44.560,0.385,-7.665,0.03,-0.023,7.651
2026-05-09 19:58:44.599,0.385,-7.665,0.03,-0.023,7.651
2026-05-09 19:58:44.620,0.385,-7.665,0.03,-0.023,7.651
2026-05-09 19:58:44.660,0.385,-7.665,0.03,-0.023,7.651
2026-05-09 19:58:44.680,0.385,-7.665,0.03,-0.023,7.651
2026-05-09 19:58:44.705,0.385,-7.665,0.03,-0.023,7.651
2026-05-09 19:58:44.740,0.385,-7.665,0.03,-0.023,7.651
2026-05-09 19:58:44.760,0.385,-7.665,0.03,-0.023,7.651
2026-05-09 19:58:44.780,0.385,-7.665,0.03,-0.023,7.651
2026-05-09 19:58:44.827,0.385,-7.665,0.03,-0.023,7.651
2026-05-09 19:58:44.859,0.385,-7.665,0.03,-0.023,7.651
2026-05-09 19:58:44.880,0.385,-7.665,0.03,-0.023,7.651
2026-05-09 19:58:44.920,0.288,-7.552,0.03,-0.023,7.533
2026-05-09 19:58:44.960,0.288,-7.552,0.03,-0.023,7.533
2026-05-09 19:58:45.000,0.288,-7.552,0.03,-0.023,7.533
2026-05-09 19:58:45.020,0.288,-7.552,0.03,-0.023,7.533
2026-05-09 19:58:45.045,0.288,-7.552,0.03,-0.023,7.533
2026-05-09 19:58:45.079,0.288,-7.552,0.03,-0.023,7.533
2026-05-09 19:58:45.099,0.288,-7.552,0.03,-0.023,7.533
2026-05-09 19:58:45.120,0.288,-7.552,0.03,-0.023,7.533
2026-05-09 19:58:45.145,0.288,-7.552,0.03,-0.023,7.533
2026-05-09 19:58:45.180,0.288,-7.552,0.03,-0.023,7.533
2026-05-09 19:58:45.200,0.288,-7.552,0.03,-0.023,7.533
2026-05-09 19:58:45.239,0.288,-7.552,0.03,-0.023,7.533
2026-05-09 19:58:45.260,0.288,-7.552,0.03,-0.023,7.533
2026-05-09 19:58:45.300,0.288,-7.552,0.03,-0.023,7.533
2026-05-09 19:58:45.320,0.288,-7.552,0.03,-0.023,7.533
2026-05-09 19:58:45.360,0.288,-7.552,0.03,-0.023,7.533
2026-05-09 19:58:45.399,0.288,-7.552,0.03,-0.023,7.533
2026-05-09 19:58:45.420,0.288,-7.552,0.03,-0.023,7.533
2026-05-09 19:58:45.440,0.288,-7.552,0.03,-0.023,7.533
2026-05-09 19:58:45.460,0.225,-7.418,0.03,-0.023,7.398
2026-05-09 19:58:45.480,0.225,-7.418,0.03,-0.023,7.398
2026-05-09 19:58:45.519,0.225,-7.418,0.03,-0.023,7.398
2026-05-09 19:58:45.539,0.225,-7.418,0.03,-0.023,7.398
2026-05-09 19:58:45.560,0.225,-7.418,0.03,-0.023,7.398
2026-05-09 19:58:45.585,0.225,-7.418,0.03,-0.023,7.398
2026-05-09 19:58:45.620,0.225,-7.418,0.03,-0.023,7.398
2026-05-09 19:58:45.659,0.225,-7.418,0.03,-0.023,7.398
2026-05-09 19:58:45.680,0.225,-7.418,0.03,-0.023,7.398
2026-05-09 19:58:45.719,0.225,-7.418,0.03,-0.023,7.398
2026-05-09 19:58:45.740,0.225,-7.418,0.03,-0.023,7.398
2026-05-09 19:58:45.779,0.225,-7.418,0.03,-0.023,7.398
2026-05-09 19:58:45.807,0.225,-7.418,0.03,-0.023,7.398
2026-05-09 19:58:45.839,0.225,-7.418,0.03,-0.023,7.398
2026-05-09 19:58:45.860,0.225,-7.418,0.03,-0.023,7.398
2026-05-09 19:58:45.899,0.225,-7.418,0.03,-0.023,7.398
2026-05-09 19:58:45.920,0.225,-7.418,0.03,-0.023,7.398
2026-05-09 19:58:45.959,0.204,-7.277,0.03,-0.023,7.256
2026-05-09 19:58:45.979,0.204,-7.277,0.03,-0.023,7.256
2026-05-09 19:58:46.000,0.204,-7.277,0.03,-0.023,7.256
2026-05-09 19:58:46.022,0.204,-7.277,0.03,-0.023,7.256
2026-05-09 19:58:46.060,0.204,-7.277,0.03,-0.023,7.256
2026-05-09 19:58:46.099,0.204,-7.277,0.03,-0.023,7.256
2026-05-09 19:58:46.121,0.204,-7.277,0.03,-0.023,7.256
2026-05-09 19:58:46.160,0.204,-7.277,0.03,-0.023,7.256
2026-05-09 19:58:46.180,0.204,-7.277,0.03,-0.023,7.256
2026-05-09 19:58:46.200,0.204,-7.277,0.03,-0.023,7.256
2026-05-09 19:58:46.239,0.204,-7.277,0.03,-0.023,7.256
2026-05-09 19:58:46.260,0.204,-7.277,0.03,-0.023,7.256
2026-05-09 19:58:46.300,0.204,-7.277,0.03,-0.023,7.256
2026-05-09 19:58:46.344,0.204,-7.277,0.03,-0.023,7.256
2026-05-09 19:58:46.379,0.204,-7.277,0.03,-0.023,7.256
2026-05-09 19:58:46.420,0.222,-7.134,0.03,-0.023,7.113
2026-05-09 19:58:46.459,0.222,-7.134,0.03,-0.023,7.113
2026-05-09 19:58:46.479,0.222,-7.134,0.03,-0.023,7.113
2026-05-09 19:58:46.500,0.222,-7.134,0.03,-0.023,7.113
2026-05-09 19:58:46.520,0.222,-7.134,0.03,-0.023,7.113
2026-05-09 19:58:46.540,0.222,-7.134,0.03,-0.023,7.113
2026-05-09 19:58:46.579,0.222,-7.134,0.03,-0.023,7.113
2026-05-09 19:58:46.599,0.222,-7.134,0.03,-0.023,7.113
2026-05-09 19:58:46.619,0.222,-7.134,0.03,-0.023,7.113
2026-05-09 19:58:46.660,0.222,-7.134,0.03,-0.023,7.113
2026-05-09 19:58:46.685,0.222,-7.134,0.03,-0.023,7.113
2026-05-09 19:58:46.719,0.222,-7.134,0.03,-0.023,7.113
2026-05-09 19:58:46.740,0.222,-7.134,0.03,-0.023,7.113
2026-05-09 19:58:46.780,0.222,-7.134,0.03,-0.023,7.113
2026-05-09 19:58:46.800,0.222,-7.134,0.03,-0.023,7.113
2026-05-09 19:58:46.820,0.222,-7.134,0.03,-0.023,7.113
2026-05-09 19:58:46.863,0.292,-6.974,0.03,-0.023,6.956
2026-05-09 19:58:46.899,0.292,-6.974,0.03,-0.023,6.956
2026-05-09 19:58:46.920,0.292,-6.974,0.03,-0.023,6.956
2026-05-09 19:58:46.959,0.292,-6.974,0.03,-0.023,6.956
2026-05-09 19:58:46.980,0.292,-6.974,0.03,-0.023,6.956
2026-05-09 19:58:47.000,0.292,-6.974,0.03,-0.023,6.956
2026-05-09 19:58:47.020,0.292,-6.974,0.03,-0.023,6.956
2026-05-09 19:58:47.059,0.292,-6.974,0.03,-0.023,6.956
2026-05-09 19:58:47.079,0.292,-6.974,0.03,-0.023,6.956
2026-05-09 19:58:47.100,0.292,-6.974,0.03,-0.023,6.956
2026-05-09 19:58:47.120,0.292,-6.974,0.03,-0.023,6.956
2026-05-09 19:58:47.159,0.292,-6.974,0.03,-0.023,6.956
2026-05-09 19:58:47.180,0.292,-6.974,0.03,-0.023,6.956
2026-05-09 19:58:47.220,0.292,-6.974,0.03,-0.023,6.956
2026-05-09 19:58:47.260,0.292,-6.974,0.03,-0.023,6.956
2026-05-09 19:58:47.299,0.292,-6.974,0.03,-0.023,6.956
2026-05-09 19:58:47.320,0.292,-6.974,0.03,-0.023,6.956
2026-05-09 19:58:47.359,0.292,-6.974,0.03,-0.023,6.956
2026-05-09 19:58:47.380,0.292,-6.974,0.03,-0.023,6.956
2026-05-09 19:58:47.420,0.292,-6.974,0.03,-0.023,6.956
2026-05-09 19:58:47.441,0.292,-6.974,0.03,-0.023,6.956
2026-05-09 19:58:47.479,0.359,-6.865,0.03,-0.023,6.85
2026-05-09 19:58:47.499,0.359,-6.865,0.03,-0.023,6.85
2026-05-09 19:58:47.520,0.359,-6.865,0.03,-0.023,6.85
2026-05-09 19:58:47.560,0.359,-6.865,0.03,-0.023,6.85
2026-05-09 19:58:47.599,0.359,-6.865,0.03,-0.023,6.85
2026-05-09 19:58:47.620,0.359,-6.865,0.03,-0.023,6.85
2026-05-09 19:58:47.659,0.359,-6.865,0.03,-0.023,6.85
2026-05-09 19:58:47.680,0.359,-6.865,0.03,-0.023,6.85
2026-05-09 19:58:47.719,0.359,-6.865,0.03,-0.023,6.85
2026-05-09 19:58:47.740,0.359,-6.865,0.03,-0.023,6.85
2026-05-09 19:58:47.779,0.359,-6.865,0.03,-0.023,6.85
2026-05-09 19:58:47.800,0.359,-6.865,0.03,-0.023,6.85
2026-05-09 19:58:47.839,0.359,-6.865,0.03,-0.023,6.85
2026-05-09 19:58:47.859,0.359,-6.865,0.03,-0.023,6.85
2026-05-09 19:58:47.902,0.518,-6.638,0.03,-0.023,6.633
2026-05-09 19:58:47.939,0.518,-6.638,0.03,-0.023,6.633
2026-05-09 19:58:47.960,0.518,-6.638,0.03,-0.023,6.633
2026-05-09 19:58:47.989,0.518,-6.638,0.03,-0.023,6.633
2026-05-09 19:58:48.019,0.518,-6.638,0.03,-0.023,6.633
2026-05-09 19:58:48.040,0.518,-6.638,0.03,-0.023,6.633
2026-05-09 19:58:48.060,0.518,-6.638,0.03,-0.023,6.633
2026-05-09 19:58:48.099,0.518,-6.638,0.03,-0.023,6.633
2026-05-09 19:58:48.119,0.518,-6.638,0.03,-0.023,6.633
2026-05-09 19:58:48.140,0.518,-6.638,0.03,-0.023,6.633
2026-05-09 19:58:48.179,0.518,-6.638,0.03,-0.023,6.633
2026-05-09 19:58:48.206,0.518,-6.638,0.03,-0.023,6.633
2026-05-09 19:58:48.239,0.518,-6.638,0.03,-0.023,6.633
2026-05-09 19:58:48.260,0.518,-6.638,0.03,-0.023,6.633
2026-05-09 19:58:48.280,0.518,-6.638,0.03,-0.023,6.633
2026-05-09 19:58:48.300,0.518,-6.638,0.03,-0.023,6.633
2026-05-09 19:58:48.339,0.518,-6.638,0.03,-0.023,6.633
2026-05-09 19:58:48.360,0.518,-6.638,0.03,-0.023,6.633
2026-05-09 19:58:48.400,0.518,-6.638,0.03,-0.023,6.633
2026-05-09 19:58:48.421,0.678,-6.454,0.03,-0.023,6.463
2026-05-09 19:58:48.459,0.678,-6.454,0.03,-0.023,6.463
2026-05-09 19:58:48.499,0.678,-6.454,0.03,-0.023,6.463
2026-05-09 19:58:48.520,0.678,-6.454,0.03,-0.023,6.463
2026-05-09 19:58:48.548,0.678,-6.454,0.03,-0.023,6.463
2026-05-09 19:58:48.580,0.678,-6.454,0.03,-0.023,6.463
2026-05-09 19:58:48.619,0.678,-6.454,0.03,-0.023,6.463
2026-05-09 19:58:48.639,0.678,-6.454,0.03,-0.023,6.463
2026-05-09 19:58:48.660,0.678,-6.454,0.03,-0.023,6.463
2026-05-09 19:58:48.680,0.678,-6.454,0.03,-0.023,6.463
2026-05-09 19:58:48.720,0.678,-6.454,0.03,-0.023,6.463
2026-05-09 19:58:48.740,0.678,-6.454,0.03,-0.023,6.463
2026-05-09 19:58:48.761,0.678,-6.454,0.03,-0.023,6.463
2026-05-09 19:58:48.799,0.678,-6.454,0.03,-0.023,6.463
2026-05-09 19:58:48.819,0.678,-6.454,0.03,-0.023,6.463
2026-05-09 19:58:48.860,0.678,-6.454,0.03,-0.023,6.463
2026-05-09 19:58:48.880,0.678,-6.454,0.03,-0.023,6.463
2026-05-09 19:58:48.919,0.678,-6.454,0.03,-0.023,6.463
2026-05-09 19:58:48.939,0.678,-6.454,0.03,-0.023,6.463
2026-05-09 19:58:48.960,0.678,-6.454,0.03,-0.023,6.463
2026-05-09 19:58:49.000,0.678,-6.454,0.03,-0.023,6.463
2026-05-09 19:58:49.039,0.853,-6.28,0.03,-0.023,6.311
2026-05-09 19:58:49.079,0.853,-6.28,0.03,-0.023,6.311
2026-05-09 19:58:49.100,0.853,-6.28,0.03,-0.023,6.311
2026-05-09 19:58:49.120,0.853,-6.28,0.03,-0.023,6.311
2026-05-09 19:58:49.159,0.853,-6.28,0.03,-0.023,6.311
2026-05-09 19:58:49.180,0.853,-6.28,0.03,-0.023,6.311
2026-05-09 19:58:49.219,0.853,-6.28,0.03,-0.023,6.311
2026-05-09 19:58:49.239,0.853,-6.28,0.03,-0.023,6.311
2026-05-09 19:58:49.260,0.853,-6.28,0.03,-0.023,6.311
2026-05-09 19:58:49.299,0.853,-6.28,0.03,-0.023,6.311
2026-05-09 19:58:49.320,0.853,-6.28,0.03,-0.023,6.311
2026-05-09 19:58:49.359,0.853,-6.28,0.03,-0.023,6.311
2026-05-09 19:58:49.379,0.853,-6.28,0.03,-0.023,6.311
2026-05-09 19:58:49.400,0.853,-6.28,0.03,-0.023,6.311
2026-05-09 19:58:49.439,0.941,-6.162,0.03,-0.023,6.206
2026-05-09 19:58:49.459,0.941,-6.162,0.03,-0.023,6.206
2026-05-09 19:58:49.480,0.941,-6.162,0.03,-0.023,6.206
2026-05-09 19:58:49.525,0.941,-6.162,0.03,-0.023,6.206
2026-05-09 19:58:49.560,0.941,-6.162,0.03,-0.023,6.206
2026-05-09 19:58:49.599,0.941,-6.162,0.03,-0.023,6.206
2026-05-09 19:58:49.623,0.941,-6.162,0.03,-0.023,6.206
2026-05-09 19:58:49.660,0.941,-6.162,0.03,-0.023,6.206
2026-05-09 19:58:49.680,0.941,-6.162,0.03,-0.023,6.206
2026-05-09 19:58:49.700,0.941,-6.162,0.03,-0.023,6.206
2026-05-09 19:58:49.740,0.941,-6.162,0.03,-0.023,6.206
2026-05-09 19:58:49.779,0.941,-6.162,0.03,-0.023,6.206
2026-05-09 19:58:49.820,0.941,-6.162,0.03,-0.023,6.206
2026-05-09 19:58:49.846,0.941,-6.162,0.03,-0.023,6.206
2026-05-09 19:58:49.879,0.941,-6.162,0.03,-0.023,6.206
2026-05-09 19:58:49.900,0.941,-6.162,0.03,-0.023,6.206
2026-05-09 19:58:49.920,0.941,-6.162,0.03,-0.023,6.206
2026-05-09 19:58:49.959,1.007,-5.989,0.03,-0.023,6.045
2026-05-09 19:58:49.980,1.007,-5.989,0.03,-0.023,6.045
2026-05-09 19:58:50.019,1.007,-5.989,0.03,-0.023,6.045
2026-05-09 19:58:50.066,1.007,-5.989,0.03,-0.023,6.045
2026-05-09 19:58:50.099,1.007,-5.989,0.03,-0.023,6.045
2026-05-09 19:58:50.139,1.007,-5.989,0.03,-0.023,6.045
2026-05-09 19:58:50.160,1.007,-5.989,0.03,-0.023,6.045
2026-05-09 19:58:50.200,1.007,-5.989,0.03,-0.023,6.045
2026-05-09 19:58:50.220,1.007,-5.989,0.03,-0.023,6.045
2026-05-09 19:58:50.240,1.007,-5.989,0.03,-0.023,6.045
2026-05-09 19:58:50.260,1.007,-5.989,0.03,-0.023,6.045
2026-05-09 19:58:50.283,1.007,-5.989,0.03,-0.023,6.045
2026-05-09 19:58:50.320,1.007,-5.989,0.03,-0.023,6.045
2026-05-09 19:58:50.340,1.007,-5.989,0.03,-0.023,6.045
2026-05-09 19:58:50.379,1.007,-5.989,0.03,-0.023,6.045
2026-05-09 19:58:50.400,1.007,-5.989,0.03,-0.023,6.045
2026-05-09 19:58:50.439,1.007,-5.989,0.03,-0.023,6.045
2026-05-09 19:58:50.459,1.007,-5.989,0.03,-0.023,6.045
2026-05-09 19:58:50.480,1.007,-5.989,0.03,-0.023,6.045
2026-05-09 19:58:50.500,1.007,-5.989,0.03,-0.023,6.045
2026-05-09 19:58:50.539,1.007,-5.989,0.03,-0.023,6.045
2026-05-09 19:58:50.560,1.029,-5.87,0.03,-0.023,5.931
2026-05-09 19:58:50.580,1.029,-5.87,0.03,-0.023,5.931
2026-05-09 19:58:50.626,1.029,-5.87,0.03,-0.023,5.931
2026-05-09 19:58:50.660,1.029,-5.87,0.03,-0.023,5.931
2026-05-09 19:58:50.699,1.029,-5.87,0.03,-0.023,5.931
2026-05-09 19:58:50.720,1.029,-5.87,0.03,-0.023,5.931
2026-05-09 19:58:50.759,1.029,-5.87,0.03,-0.023,5.931
2026-05-09 19:58:50.780,1.029,-5.87,0.03,-0.023,5.931
2026-05-09 19:58:50.800,1.029,-5.87,0.03,-0.023,5.931
2026-05-09 19:58:50.820,1.029,-5.87,0.03,-0.023,5.931
2026-05-09 19:58:50.844,1.029,-5.87,0.03,-0.023,5.931
2026-05-09 19:58:50.879,1.029,-5.87,0.03,-0.023,5.931
2026-05-09 19:58:50.899,1.029,-5.87,0.03,-0.023,5.931
2026-05-09 19:58:50.920,1.029,-5.87,0.03,-0.023,5.931
2026-05-09 19:58:50.959,1.029,-5.87,0.03,-0.023,5.931
2026-05-09 19:58:50.982,1.042,-5.71,0.03,-0.023,5.776
2026-05-09 19:58:51.019,1.042,-5.71,0.03,-0.023,5.776
2026-05-09 19:58:51.040,1.042,-5.71,0.03,-0.023,5.776
2026-05-09 19:58:51.060,1.042,-5.71,0.03,-0.023,5.776
2026-05-09 19:58:51.100,1.042,-5.71,0.03,-0.023,5.776
2026-05-09 19:58:51.140,1.042,-5.71,0.03,-0.023,5.776
2026-05-09 19:58:51.185,1.042,-5.71,0.03,-0.023,5.776
2026-05-09 19:58:51.220,1.042,-5.71,0.03,-0.023,5.776
2026-05-09 19:58:51.260,1.042,-5.71,0.03,-0.023,5.776
2026-05-09 19:58:51.299,1.042,-5.71,0.03,-0.023,5.776
2026-05-09 19:58:51.320,1.042,-5.71,0.03,-0.023,5.776
2026-05-09 19:58:51.359,1.042,-5.71,0.03,-0.023,5.776
2026-05-09 19:58:51.380,1.042,-5.71,0.03,-0.023,5.776
2026-05-09 19:58:51.400,1.042,-5.71,0.03,-0.023,5.776
2026-05-09 19:58:51.420,1.042,-5.71,0.03,-0.023,5.776
2026-05-09 19:58:51.460,1.042,-5.71,0.03,-0.023,5.776
2026-05-09 19:58:51.480,1.042,-5.71,0.03,-0.023,5.776
2026-05-09 19:58:51.509,1.044,-5.471,0.03,-0.023,5.541
2026-05-09 19:58:51.539,1.044,-5.471,0.03,-0.023,5.541
2026-05-09 19:58:51.559,1.044,-5.471,0.03,-0.023,5.541
2026-05-09 19:58:51.580,1.044,-5.471,0.03,-0.023,5.541
2026-05-09 19:58:51.620,1.044,-5.471,0.03,-0.023,5.541
2026-05-09 19:58:51.659,1.044,-5.471,0.03,-0.023,5.541
2026-05-09 19:58:51.679,1.044,-5.471,0.03,-0.023,5.541
2026-05-09 19:58:51.699,1.044,-5.471,0.03,-0.023,5.541
2026-05-09 19:58:51.720,1.044,-5.471,0.03,-0.023,5.541
2026-05-09 19:58:51.760,1.044,-5.471,0.03,-0.023,5.541
2026-05-09 19:58:51.780,1.044,-5.471,0.03,-0.023,5.541
2026-05-09 19:58:51.819,1.044,-5.471,0.03,-0.023,5.541
2026-05-09 19:58:51.840,1.044,-5.471,0.03,-0.023,5.541
2026-05-09 19:58:51.860,1.044,-5.471,0.03,-0.023,5.541
2026-05-09 19:58:51.880,1.044,-5.471,0.03,-0.023,5.541
2026-05-09 19:58:51.919,1.044,-5.471,0.03,-0.023,5.541
2026-05-09 19:58:51.939,1.044,-5.471,0.03,-0.023,5.541
2026-05-09 19:58:51.960,1.044,-5.471,0.03,-0.023,5.541
2026-05-09 19:58:51.999,1.02,-5.243,0.03,-0.023,5.313
2026-05-09 19:58:52.039,1.02,-5.243,0.03,-0.023,5.313
2026-05-09 19:58:52.060,1.02,-5.243,0.03,-0.023,5.313
2026-05-09 19:58:52.099,1.02,-5.243,0.03,-0.023,5.313
2026-05-09 19:58:52.120,1.02,-5.243,0.03,-0.023,5.313
2026-05-09 19:58:52.166,1.02,-5.243,0.03,-0.023,5.313
2026-05-09 19:58:52.199,1.02,-5.243,0.03,-0.023,5.313
2026-05-09 19:58:52.220,1.02,-5.243,0.03,-0.023,5.313
2026-05-09 19:58:52.259,1.02,-5.243,0.03,-0.023,5.313
2026-05-09 19:58:52.280,1.02,-5.243,0.03,-0.023,5.313
2026-05-09 19:58:52.320,1.02,-5.243,0.03,-0.023,5.313
2026-05-09 19:58:52.360,1.02,-5.243,0.03,-0.023,5.313
2026-05-09 19:58:52.388,1.02,-5.243,0.03,-0.023,5.313
2026-05-09 19:58:52.419,1.02,-5.243,0.03,-0.023,5.313
2026-05-09 19:58:52.440,1.02,-5.243,0.03,-0.023,5.313
2026-05-09 19:58:52.480,1.02,-5.243,0.03,-0.023,5.313
2026-05-09 19:58:52.500,1.02,-5.243,0.03,-0.023,5.313
2026-05-09 19:58:52.539,1.02,-5.243,0.03,-0.023,5.313
2026-05-09 19:58:52.560,1.02,-5.243,0.03,-0.023,5.313
2026-05-09 19:58:52.602,1.02,-5.243,0.03,-0.023,5.313
2026-05-09 19:58:52.639,1.02,-5.243,0.03,-0.023,5.313
2026-05-09 19:58:52.680,1.02,-5.243,0.03,-0.023,5.313
2026-05-09 19:58:52.700,1.02,-5.243,0.03,-0.023,5.313
2026-05-09 19:58:52.720,1.02,-5.243,0.03,-0.023,5.313
2026-05-09 19:58:52.760,1.02,-5.243,0.03,-0.023,5.313
2026-05-09 19:58:52.780,1.02,-5.243,0.03,-0.023,5.313
2026-05-09 19:58:52.820,1.02,-5.243,0.03,-0.023,5.313
2026-05-09 19:58:52.859,1.02,-5.243,0.03,-0.023,5.313
2026-05-09 19:58:52.879,0.974,-4.974,0.03,-0.023,5.04
2026-05-09 19:58:52.900,0.974,-4.974,0.03,-0.023,5.04
2026-05-09 19:58:52.927,0.974,-4.974,0.03,-0.023,5.04
2026-05-09 19:58:52.960,0.923,-4.722,0.03,-0.023,4.783
2026-05-09 19:58:53.000,0.923,-4.722,0.03,-0.023,4.783
2026-05-09 19:58:53.020,0.923,-4.722,0.03,-0.023,4.783
2026-05-09 19:58:53.040,0.923,-4.722,0.03,-0.023,4.783
2026-05-09 19:58:53.080,0.923,-4.722,0.03,-0.023,4.783
2026-05-09 19:58:53.100,0.923,-4.722,0.03,-0.023,4.783
2026-05-09 19:58:53.120,0.923,-4.722,0.03,-0.023,4.783
2026-05-09 19:58:53.144,0.923,-4.722,0.03,-0.023,4.783
2026-05-09 19:58:53.180,0.923,-4.722,0.03,-0.023,4.783
2026-05-09 19:58:53.220,0.923,-4.722,0.03,-0.023,4.783
2026-05-09 19:58:53.259,0.923,-4.722,0.03,-0.023,4.783
2026-05-09 19:58:53.280,0.923,-4.722,0.03,-0.023,4.783
2026-05-09 19:58:53.320,0.923,-4.722,0.03,-0.023,4.783
2026-05-09 19:58:53.340,0.923,-4.722,0.03,-0.023,4.783
2026-05-09 19:58:53.363,0.923,-4.722,0.03,-0.023,4.783
2026-05-09 19:58:53.400,0.923,-4.722,0.03,-0.023,4.783
2026-05-09 19:58:53.439,0.923,-4.722,0.03,-0.023,4.783
2026-05-09 19:58:53.466,0.845,-4.414,0.03,-0.023,4.466
2026-05-09 19:58:53.500,0.845,-4.414,0.03,-0.023,4.466
2026-05-09 19:58:53.520,0.845,-4.414,0.03,-0.023,4.466
2026-05-09 19:58:53.559,0.845,-4.414,0.03,-0.023,4.466
2026-05-09 19:58:53.583,0.845,-4.414,0.03,-0.023,4.466
2026-05-09 19:58:53.619,0.845,-4.414,0.03,-0.023,4.466
2026-05-09 19:58:53.639,0.845,-4.414,0.03,-0.023,4.466
2026-05-09 19:58:53.660,0.845,-4.414,0.03,-0.023,4.466
2026-05-09 19:58:53.702,0.845,-4.414,0.03,-0.023,4.466
2026-05-09 19:58:53.739,0.845,-4.414,0.03,-0.023,4.466
2026-05-09 19:58:53.779,0.845,-4.414,0.03,-0.023,4.466
2026-05-09 19:58:53.800,0.845,-4.414,0.03,-0.023,4.466
2026-05-09 19:58:53.839,0.845,-4.414,0.03,-0.023,4.466
2026-05-09 19:58:53.860,0.845,-4.414,0.03,-0.023,4.466
2026-05-09 19:58:53.900,0.845,-4.414,0.03,-0.023,4.466
2026-05-09 19:58:53.920,0.845,-4.414,0.03,-0.023,4.466
2026-05-09 19:58:53.959,0.757,-4.08,0.03,-0.023,4.122
2026-05-09 19:58:53.979,0.757,-4.08,0.03,-0.023,4.122
2026-05-09 19:58:54.011,0.757,-4.08,0.03,-0.023,4.122
2026-05-09 19:58:54.039,0.757,-4.08,0.03,-0.023,4.122
2026-05-09 19:58:54.060,0.757,-4.08,0.03,-0.023,4.122
2026-05-09 19:58:54.100,0.757,-4.08,0.03,-0.023,4.122
2026-05-09 19:58:54.129,0.757,-4.08,0.03,-0.023,4.122
2026-05-09 19:58:54.160,0.757,-4.08,0.03,-0.023,4.122
2026-05-09 19:58:54.200,0.757,-4.08,0.03,-0.023,4.122
2026-05-09 19:58:54.220,0.757,-4.08,0.03,-0.023,4.122
2026-05-09 19:58:54.249,0.757,-4.08,0.03,-0.023,4.122
2026-05-09 19:58:54.280,0.757,-4.08,0.03,-0.023,4.122
2026-05-09 19:58:54.320,0.757,-4.08,0.03,-0.023,4.122
2026-05-09 19:58:54.360,0.757,-4.08,0.03,-0.023,4.122
2026-05-09 19:58:54.380,0.757,-4.08,0.03,-0.023,4.122
2026-05-09 19:58:54.420,0.757,-4.08,0.03,-0.023,4.122
2026-05-09 19:58:54.469,0.694,-3.818,0.03,-0.023,3.852
2026-05-09 19:58:54.499,0.694,-3.818,0.03,-0.023,3.852
2026-05-09 19:58:54.519,0.694,-3.818,0.03,-0.023,3.852
2026-05-09 19:58:54.560,0.694,-3.818,0.03,-0.023,3.852
2026-05-09 19:58:54.599,0.694,-3.818,0.03,-0.023,3.852
2026-05-09 19:58:54.639,0.694,-3.818,0.03,-0.023,3.852
2026-05-09 19:58:54.660,0.694,-3.818,0.03,-0.023,3.852
2026-05-09 19:58:54.682,0.694,-3.818,0.03,-0.023,3.852
2026-05-09 19:58:54.720,0.694,-3.818,0.03,-0.023,3.852
2026-05-09 19:58:54.760,0.694,-3.818,0.03,-0.023,3.852
2026-05-09 19:58:54.786,0.694,-3.818,0.03,-0.023,3.852
2026-05-09 19:58:54.820,0.694,-3.818,0.03,-0.023,3.852
2026-05-09 19:58:54.840,0.694,-3.818,0.03,-0.023,3.852
2026-05-09 19:58:54.879,0.694,-3.818,0.03,-0.023,3.852
2026-05-09 19:58:54.900,0.694,-3.818,0.03,-0.023,3.852
2026-05-09 19:58:54.920,0.694,-3.818,0.03,-0.023,3.852
2026-05-09 19:58:54.960,0.694,-3.818,0.03,-0.023,3.852
2026-05-09 19:58:55.000,0.642,-3.572,0.03,-0.023,3.601
2026-05-09 19:58:55.039,0.642,-3.572,0.03,-0.023,3.601
2026-05-09 19:58:55.060,0.642,-3.572,0.03,-0.023,3.601
2026-05-09 19:58:55.100,0.642,-3.572,0.03,-0.023,3.601
2026-05-09 19:58:55.120,0.642,-3.572,0.03,-0.023,3.601
2026-05-09 19:58:55.159,0.642,-3.572,0.03,-0.023,3.601
2026-05-09 19:58:55.179,0.642,-3.572,0.03,-0.023,3.601
2026-05-09 19:58:55.200,0.642,-3.572,0.03,-0.023,3.601
2026-05-09 19:58:55.223,0.642,-3.572,0.03,-0.023,3.601
2026-05-09 19:58:55.259,0.642,-3.572,0.03,-0.023,3.601
2026-05-09 19:58:55.300,0.642,-3.572,0.03,-0.023,3.601
2026-05-09 19:58:55.342,0.642,-3.572,0.03,-0.023,3.601
2026-05-09 19:58:55.380,0.642,-3.572,0.03,-0.023,3.601
2026-05-09 19:58:55.419,0.642,-3.572,0.03,-0.023,3.601
2026-05-09 19:58:55.439,0.642,-3.572,0.03,-0.023,3.601
2026-05-09 19:58:55.483,0.594,-3.345,0.03,-0.023,3.369
2026-05-09 19:58:55.520,0.594,-3.345,0.03,-0.023,3.369
2026-05-09 19:58:55.542,0.594,-3.345,0.03,-0.023,3.369
2026-05-09 19:58:55.580,0.594,-3.345,0.03,-0.023,3.369
2026-05-09 19:58:55.619,0.594,-3.345,0.03,-0.023,3.369
2026-05-09 19:58:55.640,0.594,-3.345,0.03,-0.023,3.369
2026-05-09 19:58:55.666,0.594,-3.345,0.03,-0.023,3.369
2026-05-09 19:58:55.700,0.594,-3.345,0.03,-0.023,3.369
2026-05-09 19:58:55.740,0.594,-3.345,0.03,-0.023,3.369
2026-05-09 19:58:55.764,0.594,-3.345,0.03,-0.023,3.369
2026-05-09 19:58:55.800,0.594,-3.345,0.03,-0.023,3.369
2026-05-09 19:58:55.839,0.594,-3.345,0.03,-0.023,3.369
2026-05-09 19:58:55.860,0.566,-3.223,0.03,-0.023,3.245
2026-05-09 19:58:55.880,0.566,-3.223,0.03,-0.023,3.245
2026-05-09 19:58:55.920,0.566,-3.223,0.03,-0.023,3.245
2026-05-09 19:58:55.959,0.566,-3.223,0.03,-0.023,3.245
2026-05-09 19:58:55.980,0.566,-3.223,0.03,-0.023,3.245
2026-05-09 19:58:56.000,0.566,-3.223,0.03,-0.023,3.245
2026-05-09 19:58:56.040,0.566,-3.223,0.03,-0.023,3.245
2026-05-09 19:58:56.079,0.566,-3.223,0.03,-0.023,3.245
2026-05-09 19:58:56.119,0.566,-3.223,0.03,-0.023,3.245
2026-05-09 19:58:56.140,0.566,-3.223,0.03,-0.023,3.245
2026-05-09 19:58:56.160,0.566,-3.223,0.03,-0.023,3.245
2026-05-09 19:58:56.200,0.566,-3.223,0.03,-0.023,3.245
2026-05-09 19:58:56.220,0.566,-3.223,0.03,-0.023,3.245
2026-05-09 19:58:56.259,0.566,-3.223,0.03,-0.023,3.245
2026-05-09 19:58:56.280,0.566,-3.223,0.03,-0.023,3.245
2026-05-09 19:58:56.300,0.566,-3.223,0.03,-0.023,3.245
2026-05-09 19:58:56.320,0.566,-3.223,0.03,-0.023,3.245
2026-05-09 19:58:56.340,0.566,-3.223,0.03,-0.023,3.245
2026-05-09 19:58:56.360,0.566,-3.223,0.03,-0.023,3.245
2026-05-09 19:58:56.400,0.566,-3.223,0.03,-0.023,3.245
2026-05-09 19:58:56.424,0.56,-3.203,0.03,-0.023,3.224
2026-05-09 19:58:56.460,0.56,-3.203,0.03,-0.023,3.224
2026-05-09 19:58:56.499,0.56,-3.203,0.03,-0.023,3.224
2026-05-09 19:58:56.520,0.56,-3.203,0.03,-0.023,3.224
2026-05-09 19:58:56.560,0.56,-3.203,0.03,-0.023,3.224
2026-05-09 19:58:56.599,0.56,-3.203,0.03,-0.023,3.224
2026-05-09 19:58:56.620,0.56,-3.203,0.03,-0.023,3.224
2026-05-09 19:58:56.642,0.56,-3.203,0.03,-0.023,3.224
2026-05-09 19:58:56.679,0.56,-3.203,0.03,-0.023,3.224
2026-05-09 19:58:56.700,0.56,-3.203,0.03,-0.023,3.224
2026-05-09 19:58:56.739,0.56,-3.203,0.03,-0.023,3.224
2026-05-09 19:58:56.760,0.56,-3.203,0.03,-0.023,3.224
2026-05-09 19:58:56.780,0.56,-3.203,0.03,-0.023,3.224
2026-05-09 19:58:56.800,0.56,-3.203,0.03,-0.023,3.224
2026-05-09 19:58:56.839,0.56,-3.203,0.03,-0.023,3.224
2026-05-09 19:58:56.862,0.56,-3.203,0.03,-0.023,3.224
2026-05-09 19:58:56.900,0.56,-3.203,0.03,-0.023,3.224
2026-05-09 19:58:56.920,0.56,-3.203,0.03,-0.023,3.224
2026-05-09 19:58:56.940,0.56,-3.203,0.03,-0.023,3.224
2026-05-09 19:58:56.983,0.56,-3.203,0.03,-0.023,3.224
2026-05-09 19:58:57.023,0.554,-3.179,0.03,-0.023,3.199
2026-05-09 19:58:57.060,0.554,-3.179,0.03,-0.023,3.199
2026-05-09 19:58:57.100,0.554,-3.179,0.03,-0.023,3.199
2026-05-09 19:58:57.120,0.554,-3.179,0.03,-0.023,3.199
2026-05-09 19:58:57.160,0.554,-3.179,0.03,-0.023,3.199
2026-05-09 19:58:57.180,0.554,-3.179,0.03,-0.023,3.199
2026-05-09 19:58:57.219,0.554,-3.179,0.03,-0.023,3.199
2026-05-09 19:58:57.240,0.554,-3.179,0.03,-0.023,3.199
2026-05-09 19:58:57.279,0.554,-3.179,0.03,-0.023,3.199
2026-05-09 19:58:57.300,0.554,-3.179,0.03,-0.023,3.199
2026-05-09 19:58:57.327,0.554,-3.179,0.03,-0.023,3.199
2026-05-09 19:58:57.359,0.554,-3.179,0.03,-0.023,3.199
2026-05-09 19:58:57.380,0.554,-3.179,0.03,-0.023,3.199
2026-05-09 19:58:57.400,0.524,-3.024,0.03,-0.023,3.041
2026-05-09 19:58:57.440,0.524,-3.024,0.03,-0.023,3.041
2026-05-09 19:58:57.460,0.524,-3.024,0.03,-0.023,3.041
2026-05-09 19:58:57.499,0.524,-3.024,0.03,-0.023,3.041
2026-05-09 19:58:57.519,0.524,-3.024,0.03,-0.023,3.041
2026-05-09 19:58:57.540,0.524,-3.024,0.03,-0.023,3.041
2026-05-09 19:58:57.580,0.524,-3.024,0.03,-0.023,3.041
2026-05-09 19:58:57.600,0.524,-3.024,0.03,-0.023,3.041
2026-05-09 19:58:57.639,0.524,-3.024,0.03,-0.023,3.041
2026-05-09 19:58:57.679,0.524,-3.024,0.03,-0.023,3.041
2026-05-09 19:58:57.700,0.524,-3.024,0.03,-0.023,3.041
2026-05-09 19:58:57.740,0.524,-3.024,0.03,-0.023,3.041
2026-05-09 19:58:57.760,0.524,-3.024,0.03,-0.023,3.041
2026-05-09 19:58:57.799,0.524,-3.024,0.03,-0.023,3.041
2026-05-09 19:58:57.819,0.524,-3.024,0.03,-0.023,3.041
2026-05-09 19:58:57.840,0.524,-3.024,0.03,-0.023,3.041
2026-05-09 19:58:57.867,0.524,-3.024,0.03,-0.023,3.041
2026-05-09 19:58:57.899,0.524,-3.024,0.03,-0.023,3.041
2026-05-09 19:58:57.919,0.5,-2.848,0.03,-0.023,2.864
2026-05-09 19:58:57.939,0.5,-2.848,0.03,-0.023,2.864
2026-05-09 19:58:57.960,0.5,-2.848,0.03,-0.023,2.864
2026-05-09 19:58:57.999,0.5,-2.848,0.03,-0.023,2.864
2026-05-09 19:58:58.019,0.5,-2.848,0.03,-0.023,2.864
2026-05-09 19:58:58.039,0.5,-2.848,0.03,-0.023,2.864
2026-05-09 19:58:58.059,0.5,-2.848,0.03,-0.023,2.864
2026-05-09 19:58:58.083,0.5,-2.848,0.03,-0.023,2.864
2026-05-09 19:58:58.119,0.5,-2.848,0.03,-0.023,2.864
2026-05-09 19:58:58.159,0.5,-2.848,0.03,-0.023,2.864
2026-05-09 19:58:58.180,0.5,-2.848,0.03,-0.023,2.864
2026-05-09 19:58:58.220,0.5,-2.848,0.03,-0.023,2.864
2026-05-09 19:58:58.240,0.5,-2.848,0.03,-0.023,2.864
2026-05-09 19:58:58.280,0.5,-2.848,0.03,-0.023,2.864
2026-05-09 19:58:58.320,0.5,-2.848,0.03,-0.023,2.864
2026-05-09 19:58:58.340,0.5,-2.848,0.03,-0.023,2.864
2026-05-09 19:58:58.379,0.5,-2.848,0.03,-0.023,2.864
2026-05-09 19:58:58.400,0.475,-2.68,0.03,-0.023,2.694
2026-05-09 19:58:58.439,0.475,-2.68,0.03,-0.023,2.694
2026-05-09 19:58:58.459,0.475,-2.68,0.03,-0.023,2.694
2026-05-09 19:58:58.480,0.475,-2.68,0.03,-0.023,2.694
2026-05-09 19:58:58.519,0.475,-2.68,0.03,-0.023,2.694
2026-05-09 19:58:58.539,0.475,-2.68,0.03,-0.023,2.694
2026-05-09 19:58:58.560,0.475,-2.68,0.03,-0.023,2.694
2026-05-09 19:58:58.599,0.475,-2.68,0.03,-0.023,2.694
2026-05-09 19:58:58.640,0.475,-2.68,0.03,-0.023,2.694
2026-05-09 19:58:58.679,0.475,-2.68,0.03,-0.023,2.694
2026-05-09 19:58:58.699,0.475,-2.68,0.03,-0.023,2.694
2026-05-09 19:58:58.720,0.475,-2.68,0.03,-0.023,2.694
2026-05-09 19:58:58.740,0.475,-2.68,0.03,-0.023,2.694
2026-05-09 19:58:58.779,0.475,-2.68,0.03,-0.023,2.694
2026-05-09 19:58:58.819,0.475,-2.68,0.03,-0.023,2.694
2026-05-09 19:58:58.840,0.475,-2.68,0.03,-0.023,2.694
2026-05-09 19:58:58.879,0.447,-2.505,0.03,-0.023,2.517
2026-05-09 19:58:58.900,0.447,-2.505,0.03,-0.023,2.517
2026-05-09 19:58:58.940,0.447,-2.505,0.03,-0.023,2.517
2026-05-09 19:58:58.962,0.447,-2.505,0.03,-0.023,2.517
2026-05-09 19:58:58.999,0.447,-2.505,0.03,-0.023,2.517
2026-05-09 19:58:59.039,0.447,-2.505,0.03,-0.023,2.517
2026-05-09 19:58:59.063,0.447,-2.505,0.03,-0.023,2.517
2026-05-09 19:58:59.099,0.447,-2.505,0.03,-0.023,2.517
2026-05-09 19:58:59.120,0.447,-2.505,0.03,-0.023,2.517
2026-05-09 19:58:59.159,0.447,-2.505,0.03,-0.023,2.517
2026-05-09 19:58:59.180,0.447,-2.505,0.03,-0.023,2.517
2026-05-09 19:58:59.220,0.447,-2.505,0.03,-0.023,2.517
2026-05-09 19:58:59.240,0.447,-2.505,0.03,-0.023,2.517
2026-05-09 19:58:59.280,0.447,-2.505,0.03,-0.023,2.517
2026-05-09 19:58:59.320,0.447,-2.505,0.03,-0.023,2.517
2026-05-09 19:58:59.360,0.447,-2.505,0.03,-0.023,2.517
2026-05-09 19:58:59.380,0.447,-2.505,0.03,-0.023,2.517
2026-05-09 19:58:59.400,0.42,-2.331,0.03,-0.023,2.341
2026-05-09 19:58:59.439,0.42,-2.331,0.03,-0.023,2.341
2026-05-09 19:58:59.459,0.42,-2.331,0.03,-0.023,2.341
2026-05-09 19:58:59.480,0.42,-2.331,0.03,-0.023,2.341
2026-05-09 19:58:59.507,0.42,-2.331,0.03,-0.023,2.341
2026-05-09 19:58:59.539,0.42,-2.331,0.03,-0.023,2.341
2026-05-09 19:58:59.579,0.42,-2.331,0.03,-0.023,2.341
2026-05-09 19:58:59.600,0.42,-2.331,0.03,-0.023,2.341
2026-05-09 19:58:59.639,0.42,-2.331,0.03,-0.023,2.341
2026-05-09 19:58:59.660,0.42,-2.331,0.03,-0.023,2.341
2026-05-09 19:58:59.680,0.42,-2.331,0.03,-0.023,2.341
2026-05-09 19:58:59.700,0.42,-2.331,0.03,-0.023,2.341
2026-05-09 19:58:59.739,0.42,-2.331,0.03,-0.023,2.341
2026-05-09 19:58:59.759,0.42,-2.331,0.03,-0.023,2.341
2026-05-09 19:58:59.790,0.42,-2.331,0.03,-0.023,2.341
2026-05-09 19:58:59.819,0.42,-2.331,0.03,-0.023,2.341
2026-05-09 19:58:59.839,0.42,-2.331,0.03,-0.023,2.341
2026-05-09 19:58:59.860,0.42,-2.331,0.03,-0.023,2.341
2026-05-09 19:58:59.899,0.42,-2.331,0.03,-0.023,2.341
2026-05-09 19:58:59.919,0.42,-2.331,0.03,-0.023,2.341
2026-05-09 19:58:59.939,0.42,-2.331,0.03,-0.023,2.341
2026-05-09 19:58:59.960,0.391,-2.158,0.03,-0.023,2.165
2026-05-09 19:58:59.999,0.391,-2.158,0.03,-0.023,2.165
2026-05-09 19:59:00.019,0.391,-2.158,0.03,-0.023,2.165
2026-05-09 19:59:00.040,0.391,-2.158,0.03,-0.023,2.165
2026-05-09 19:59:00.079,0.391,-2.158,0.03,-0.023,2.165
2026-05-09 19:59:00.119,0.391,-2.158,0.03,-0.023,2.165
2026-05-09 19:59:00.139,0.391,-2.158,0.03,-0.023,2.165
2026-05-09 19:59:00.164,0.391,-2.158,0.03,-0.023,2.165
2026-05-09 19:59:00.199,0.391,-2.158,0.03,-0.023,2.165
2026-05-09 19:59:00.220,0.391,-2.158,0.03,-0.023,2.165
2026-05-09 19:59:00.240,0.391,-2.158,0.03,-0.023,2.165
2026-05-09 19:59:00.280,0.391,-2.158,0.03,-0.023,2.165
2026-05-09 19:59:00.320,0.391,-2.158,0.03,-0.023,2.165
2026-05-09 19:59:00.359,0.391,-2.158,0.03,-0.023,2.165
2026-05-09 19:59:00.383,0.391,-2.158,0.03,-0.023,2.165
2026-05-09 19:59:00.420,0.363,-1.984,0.03,-0.023,1.989
2026-05-09 19:59:00.459,0.363,-1.984,0.03,-0.023,1.989
2026-05-09 19:59:00.484,0.363,-1.984,0.03,-0.023,1.989
2026-05-09 19:59:00.519,0.363,-1.984,0.03,-0.023,1.989
2026-05-09 19:59:00.540,0.363,-1.984,0.03,-0.023,1.989
2026-05-09 19:59:00.560,0.363,-1.984,0.03,-0.023,1.989
2026-05-09 19:59:00.605,0.363,-1.984,0.03,-0.023,1.989
2026-05-09 19:59:00.639,0.363,-1.984,0.03,-0.023,1.989
2026-05-09 19:59:00.660,0.363,-1.984,0.03,-0.023,1.989
2026-05-09 19:59:00.699,0.363,-1.984,0.03,-0.023,1.989
2026-05-09 19:59:00.720,0.363,-1.984,0.03,-0.023,1.989
2026-05-09 19:59:00.740,0.363,-1.984,0.03,-0.023,1.989
2026-05-09 19:59:00.779,0.363,-1.984,0.03,-0.023,1.989
2026-05-09 19:59:00.799,0.363,-1.984,0.03,-0.023,1.989
2026-05-09 19:59:00.821,0.363,-1.984,0.03,-0.023,1.989
2026-05-09 19:59:00.859,0.363,-1.984,0.03,-0.023,1.989
2026-05-09 19:59:00.880,0.363,-1.984,0.03,-0.023,1.989
2026-05-09 19:59:00.920,0.335,-1.809,0.03,-0.023,1.812
2026-05-09 19:59:00.959,0.335,-1.809,0.03,-0.023,1.812
2026-05-09 19:59:00.979,0.335,-1.809,0.03,-0.023,1.812
2026-05-09 19:59:01.000,0.335,-1.809,0.03,-0.023,1.812
2026-05-09 19:59:01.040,0.335,-1.809,0.03,-0.023,1.812
2026-05-09 19:59:01.060,0.335,-1.809,0.03,-0.023,1.812
2026-05-09 19:59:01.080,0.335,-1.809,0.03,-0.023,1.812
2026-05-09 19:59:01.100,0.335,-1.809,0.03,-0.023,1.812
2026-05-09 19:59:01.143,0.335,-1.809,0.03,-0.023,1.812
2026-05-09 19:59:01.179,0.335,-1.809,0.03,-0.023,1.812
2026-05-09 19:59:01.199,0.335,-1.809,0.03,-0.023,1.812
2026-05-09 19:59:01.220,0.335,-1.809,0.03,-0.023,1.812
2026-05-09 19:59:01.240,0.335,-1.809,0.03,-0.023,1.812
2026-05-09 19:59:01.280,0.335,-1.809,0.03,-0.023,1.812
2026-05-09 19:59:01.319,0.335,-1.809,0.03,-0.023,1.812
2026-05-09 19:59:01.340,0.335,-1.809,0.03,-0.023,1.812
2026-05-09 19:59:01.365,0.335,-1.809,0.03,-0.023,1.812
2026-05-09 19:59:01.399,0.307,-1.634,0.03,-0.023,1.635
2026-05-09 19:59:01.420,0.307,-1.634,0.03,-0.023,1.635
2026-05-09 19:59:01.459,0.307,-1.634,0.03,-0.023,1.635
2026-05-09 19:59:01.480,0.307,-1.634,0.03,-0.023,1.635
2026-05-09 19:59:01.520,0.307,-1.634,0.03,-0.023,1.635
2026-05-09 19:59:01.559,0.307,-1.634,0.03,-0.023,1.635
2026-05-09 19:59:01.580,0.307,-1.634,0.03,-0.023,1.635
2026-05-09 19:59:01.600,0.307,-1.634,0.03,-0.023,1.635
2026-05-09 19:59:01.620,0.307,-1.634,0.03,-0.023,1.635
2026-05-09 19:59:01.660,0.307,-1.634,0.03,-0.023,1.635
2026-05-09 19:59:01.699,0.307,-1.634,0.03,-0.023,1.635
2026-05-09 19:59:01.720,0.307,-1.634,0.03,-0.023,1.635
2026-05-09 19:59:01.759,0.307,-1.634,0.03,-0.023,1.635
2026-05-09 19:59:01.780,0.307,-1.634,0.03,-0.023,1.635
2026-05-09 19:59:01.820,0.307,-1.634,0.03,-0.023,1.635
2026-05-09 19:59:01.859,0.276,-1.46,0.03,-0.023,1.458
2026-05-09 19:59:01.880,0.276,-1.46,0.03,-0.023,1.458
2026-05-09 19:59:01.900,0.276,-1.46,0.03,-0.023,1.458
2026-05-09 19:59:01.920,0.276,-1.46,0.03,-0.023,1.458
2026-05-09 19:59:01.960,0.276,-1.46,0.03,-0.023,1.458
2026-05-09 19:59:02.000,0.276,-1.46,0.03,-0.023,1.458
2026-05-09 19:59:02.040,0.276,-1.46,0.03,-0.023,1.458
2026-05-09 19:59:02.060,0.276,-1.46,0.03,-0.023,1.458
2026-05-09 19:59:02.099,0.276,-1.46,0.03,-0.023,1.458
2026-05-09 19:59:02.123,0.276,-1.46,0.03,-0.023,1.458
2026-05-09 19:59:02.160,0.276,-1.46,0.03,-0.023,1.458
2026-05-09 19:59:02.199,0.276,-1.46,0.03,-0.023,1.458
2026-05-09 19:59:02.219,0.276,-1.46,0.03,-0.023,1.458
2026-05-09 19:59:02.243,0.276,-1.46,0.03,-0.023,1.458
2026-05-09 19:59:02.279,0.276,-1.46,0.03,-0.023,1.458
2026-05-09 19:59:02.300,0.276,-1.46,0.03,-0.023,1.458
2026-05-09 19:59:02.339,0.276,-1.46,0.03,-0.023,1.458
2026-05-09 19:59:02.359,0.276,-1.46,0.03,-0.023,1.458
2026-05-09 19:59:02.380,0.276,-1.46,0.03,-0.023,1.458
2026-05-09 19:59:02.419,0.276,-1.46,0.03,-0.023,1.458
2026-05-09 19:59:02.439,0.276,-1.46,0.03,-0.023,1.458
2026-05-09 19:59:02.460,0.246,-1.285,0.03,-0.023,1.281
2026-05-09 19:59:02.500,0.246,-1.285,0.03,-0.023,1.281
2026-05-09 19:59:02.520,0.246,-1.285,0.03,-0.023,1.281
2026-05-09 19:59:02.540,0.246,-1.285,0.03,-0.023,1.281
2026-05-09 19:59:02.579,0.246,-1.285,0.03,-0.023,1.281
2026-05-09 19:59:02.600,0.246,-1.285,0.03,-0.023,1.281
2026-05-09 19:59:02.639,0.246,-1.285,0.03,-0.023,1.281
2026-05-09 19:59:02.660,0.246,-1.285,0.03,-0.023,1.281
2026-05-09 19:59:02.681,0.246,-1.285,0.03,-0.023,1.281
2026-05-09 19:59:02.719,0.246,-1.285,0.03,-0.023,1.281
2026-05-09 19:59:02.740,0.246,-1.285,0.03,-0.023,1.281
2026-05-09 19:59:02.788,0.246,-1.285,0.03,-0.023,1.281
2026-05-09 19:59:02.819,0.246,-1.285,0.03,-0.023,1.281
2026-05-09 19:59:02.840,0.246,-1.285,0.03,-0.023,1.281
2026-05-09 19:59:02.879,0.246,-1.285,0.03,-0.023,1.281
2026-05-09 19:59:02.900,0.218,-1.11,0.03,-0.023,1.103
2026-05-09 19:59:02.939,0.218,-1.11,0.03,-0.023,1.103
2026-05-09 19:59:02.960,0.218,-1.11,0.03,-0.023,1.103
2026-05-09 19:59:02.980,0.218,-1.11,0.03,-0.023,1.103
2026-05-09 19:59:03.000,0.218,-1.11,0.03,-0.023,1.103
2026-05-09 19:59:03.039,0.218,-1.11,0.03,-0.023,1.103
2026-05-09 19:59:03.060,0.218,-1.11,0.03,-0.023,1.103
2026-05-09 19:59:03.100,0.218,-1.11,0.03,-0.023,1.103
2026-05-09 19:59:03.120,0.218,-1.11,0.03,-0.023,1.103
2026-05-09 19:59:03.160,0.218,-1.11,0.03,-0.023,1.103
2026-05-09 19:59:03.180,0.218,-1.11,0.03,-0.023,1.103
2026-05-09 19:59:03.220,0.218,-1.11,0.03,-0.023,1.103
2026-05-09 19:59:03.259,0.218,-1.11,0.03,-0.023,1.103
2026-05-09 19:59:03.280,0.218,-1.11,0.03,-0.023,1.103
2026-05-09 19:59:03.319,0.218,-1.11,0.03,-0.023,1.103
2026-05-09 19:59:03.340,0.218,-1.11,0.03,-0.023,1.103
2026-05-09 19:59:03.360,0.218,-1.11,0.03,-0.023,1.103
2026-05-09 19:59:03.399,0.191,-0.936,0.03,-0.023,0.927
2026-05-09 19:59:03.419,0.191,-0.936,0.03,-0.023,0.927
2026-05-09 19:59:03.446,0.191,-0.936,0.03,-0.023,0.927
2026-05-09 19:59:03.480,0.191,-0.936,0.03,-0.023,0.927
2026-05-09 19:59:03.500,0.191,-0.936,0.03,-0.023,0.927
2026-05-09 19:59:03.539,0.191,-0.936,0.03,-0.023,0.927
2026-05-09 19:59:03.560,0.191,-0.936,0.03,-0.023,0.927
2026-05-09 19:59:03.599,0.191,-0.936,0.03,-0.023,0.927
2026-05-09 19:59:03.619,0.191,-0.936,0.03,-0.023,0.927
2026-05-09 19:59:03.640,0.191,-0.936,0.03,-0.023,0.927
2026-05-09 19:59:03.680,0.191,-0.936,0.03,-0.023,0.927
2026-05-09 19:59:03.700,0.191,-0.936,0.03,-0.023,0.927
2026-05-09 19:59:03.740,0.191,-0.936,0.03,-0.023,0.927
2026-05-09 19:59:03.760,0.191,-0.936,0.03,-0.023,0.927
2026-05-09 19:59:03.780,0.191,-0.936,0.03,-0.023,0.927
2026-05-09 19:59:03.800,0.191,-0.936,0.03,-0.023,0.927
2026-05-09 19:59:03.840,0.191,-0.936,0.03,-0.023,0.927
2026-05-09 19:59:03.879,0.191,-0.936,0.03,-0.023,0.927
2026-05-09 19:59:03.900,0.191,-0.936,0.03,-0.023,0.927
2026-05-09 19:59:03.940,0.163,-0.762,0.03,-0.023,0.751
2026-05-09 19:59:03.980,0.163,-0.762,0.03,-0.023,0.751
2026-05-09 19:59:04.000,0.163,-0.762,0.03,-0.023,0.751
2026-05-09 19:59:04.039,0.163,-0.762,0.03,-0.023,0.751
2026-05-09 19:59:04.060,0.163,-0.762,0.03,-0.023,0.751
2026-05-09 19:59:04.100,0.163,-0.762,0.03,-0.023,0.751
2026-05-09 19:59:04.139,0.163,-0.762,0.03,-0.023,0.751
2026-05-09 19:59:04.160,0.163,-0.762,0.03,-0.023,0.751
2026-05-09 19:59:04.200,0.163,-0.762,0.03,-0.023,0.751
2026-05-09 19:59:04.220,0.163,-0.762,0.03,-0.023,0.751
2026-05-09 19:59:04.259,0.163,-0.762,0.03,-0.023,0.751
2026-05-09 19:59:04.279,0.163,-0.762,0.03,-0.023,0.751
2026-05-09 19:59:04.300,0.163,-0.762,0.03,-0.023,0.751
2026-05-09 19:59:04.340,0.163,-0.762,0.03,-0.023,0.751
2026-05-09 19:59:04.379,0.163,-0.762,0.03,-0.023,0.751
2026-05-09 19:59:04.399,0.163,-0.762,0.03,-0.023,0.751
2026-05-09 19:59:04.419,0.163,-0.762,0.03,-0.023,0.751
2026-05-09 19:59:04.439,0.163,-0.762,0.03,-0.023,0.751
2026-05-09 19:59:04.479,0.163,-0.762,0.03,-0.023,0.751
2026-05-09 19:59:04.500,0.136,-0.588,0.03,-0.023,0.575
2026-05-09 19:59:04.540,0.136,-0.588,0.03,-0.023,0.575
2026-05-09 19:59:04.560,0.136,-0.588,0.03,-0.023,0.575
2026-05-09 19:59:04.600,0.136,-0.588,0.03,-0.023,0.575
2026-05-09 19:59:04.620,0.136,-0.588,0.03,-0.023,0.575
2026-05-09 19:59:04.643,0.136,-0.588,0.03,-0.023,0.575
2026-05-09 19:59:04.679,0.136,-0.588,0.03,-0.023,0.575
2026-05-09 19:59:04.719,0.136,-0.588,0.03,-0.023,0.575
2026-05-09 19:59:04.739,0.136,-0.588,0.03,-0.023,0.575
2026-05-09 19:59:04.760,0.136,-0.588,0.03,-0.023,0.575
2026-05-09 19:59:04.800,0.136,-0.588,0.03,-0.023,0.575
2026-05-09 19:59:04.820,0.136,-0.588,0.03,-0.023,0.575
2026-05-09 19:59:04.840,0.136,-0.588,0.03,-0.023,0.575
2026-05-09 19:59:04.860,0.136,-0.588,0.03,-0.023,0.575
2026-05-09 19:59:04.900,0.136,-0.588,0.03,-0.023,0.575
2026-05-09 19:59:04.923,0.109,-0.418,0.03,-0.023,0.403
2026-05-09 19:59:04.959,0.109,-0.418,0.03,-0.023,0.403
2026-05-09 19:59:04.979,0.109,-0.418,0.03,-0.023,0.403
2026-05-09 19:59:05.000,0.109,-0.418,0.03,-0.023,0.403
2026-05-09 19:59:05.040,0.109,-0.418,0.03,-0.023,0.403
2026-05-09 19:59:05.060,0.109,-0.418,0.03,-0.023,0.403
2026-05-09 19:59:05.100,0.109,-0.418,0.03,-0.023,0.403
2026-05-09 19:59:05.140,0.109,-0.418,0.03,-0.023,0.403
2026-05-09 19:59:05.160,0.109,-0.418,0.03,-0.023,0.403
2026-05-09 19:59:05.199,0.109,-0.418,0.03,-0.023,0.403
2026-05-09 19:59:05.220,0.109,-0.418,0.03,-0.023,0.403
2026-05-09 19:59:05.260,0.109,-0.418,0.03,-0.023,0.403
2026-05-09 19:59:05.300,0.109,-0.418,0.03,-0.023,0.403
2026-05-09 19:59:05.320,0.109,-0.418,0.03,-0.023,0.403
2026-05-09 19:59:05.359,0.109,-0.418,0.03,-0.023,0.403
2026-05-09 19:59:05.380,0.109,-0.418,0.03,-0.023,0.403
2026-05-09 19:59:05.416,0.109,-0.418,0.03,-0.023,0.403
2026-05-09 19:59:05.439,0.109,-0.418,0.03,-0.023,0.403
2026-05-09 19:59:05.460,0.109,-0.418,0.03,-0.023,0.403
2026-05-09 19:59:05.500,0.109,-0.418,0.03,-0.023,0.403
2026-05-09 19:59:05.522,0.109,-0.418,0.03,-0.023,0.403
2026-05-09 19:59:05.559,0.098,-0.365,0.03,-0.023,0.349
2026-05-09 19:59:05.580,0.098,-0.365,0.03,-0.023,0.349
2026-05-09 19:59:05.620,0.098,-0.365,0.03,-0.023,0.349
2026-05-09 19:59:05.640,0.098,-0.365,0.03,-0.023,0.349
2026-05-09 19:59:05.660,0.098,-0.365,0.03,-0.023,0.349
2026-05-09 19:59:05.700,0.098,-0.365,0.03,-0.023,0.349
2026-05-09 19:59:05.720,0.098,-0.365,0.03,-0.023,0.349
2026-05-09 19:59:05.741,0.098,-0.365,0.03,-0.023,0.349
2026-05-09 19:59:05.779,0.098,-0.365,0.03,-0.023,0.349
2026-05-09 19:59:05.799,0.098,-0.365,0.03,-0.023,0.349
2026-05-09 19:59:05.820,0.098,-0.365,0.03,-0.023,0.349
2026-05-09 19:59:05.859,0.098,-0.365,0.03,-0.023,0.349
2026-05-09 19:59:05.883,0.098,-0.365,0.03,-0.023,0.349
2026-05-09 19:59:05.919,0.097,-0.358,0.03,-0.023,0.342
2026-05-09 19:59:05.959,0.097,-0.358,0.03,-0.023,0.342
2026-05-09 19:59:05.980,0.097,-0.358,0.03,-0.023,0.342
2026-05-09 19:59:06.000,0.097,-0.358,0.03,-0.023,0.342
2026-05-09 19:59:06.039,0.097,-0.358,0.03,-0.023,0.342
2026-05-09 19:59:06.063,0.097,-0.358,0.03,-0.023,0.342
2026-05-09 19:59:06.100,0.097,-0.358,0.03,-0.023,0.342
2026-05-09 19:59:06.120,0.097,-0.358,0.03,-0.023,0.342
2026-05-09 19:59:06.140,0.097,-0.358,0.03,-0.023,0.342
2026-05-09 19:59:06.182,0.097,-0.358,0.03,-0.023,0.342
2026-05-09 19:59:06.220,0.097,-0.358,0.03,-0.023,0.342
2026-05-09 19:59:06.259,0.097,-0.358,0.03,-0.023,0.342
2026-05-09 19:59:06.299,0.097,-0.358,0.03,-0.023,0.342
2026-05-09 19:59:06.320,0.097,-0.358,0.03,-0.023,0.342
2026-05-09 19:59:06.360,0.097,-0.358,0.03,-0.023,0.342
2026-05-09 19:59:06.380,0.097,-0.358,0.03,-0.023,0.342
2026-05-09 19:59:06.419,0.097,-0.358,0.03,-0.023,0.342
2026-05-09 19:59:06.443,0.097,-0.358,0.03,-0.023,0.342
2026-05-09 19:59:06.479,0.097,-0.358,0.03,-0.023,0.342
2026-05-09 19:59:06.505,0.097,-0.358,0.03,-0.023,0.342
2026-05-09 19:59:06.539,0.097,-0.358,0.03,-0.023,0.342
2026-05-09 19:59:06.560,0.097,-0.358,0.03,-0.023,0.342
2026-05-09 19:59:06.580,0.097,-0.358,0.03,-0.023,0.342
2026-05-09 19:59:06.620,0.097,-0.358,0.03,-0.023,0.342
2026-05-09 19:59:06.660,0.097,-0.358,0.03,-0.023,0.342
2026-05-09 19:59:06.680,0.097,-0.358,0.03,-0.023,0.342
2026-05-09 19:59:06.719,0.097,-0.358,0.03,-0.023,0.342
2026-05-09 19:59:06.760,0.097,-0.358,0.03,-0.023,0.342
2026-05-09 19:59:06.800,0.097,-0.358,0.03,-0.023,0.342
2026-05-09 19:59:06.820,0.097,-0.358,0.03,-0.023,0.342
2026-05-09 19:59:06.859,0.097,-0.358,0.03,-0.023,0.342
2026-05-09 19:59:06.899,0.097,-0.358,0.03,-0.023,0.342
2026-05-09 19:59:06.920,0.098,-0.368,0.03,-0.023,0.351
2026-05-09 19:59:06.959,0.098,-0.368,0.03,-0.023,0.351
2026-05-09 19:59:06.999,0.098,-0.368,0.03,-0.023,0.351
2026-05-09 19:59:07.020,0.098,-0.368,0.03,-0.023,0.351
2026-05-09 19:59:07.059,0.098,-0.368,0.03,-0.023,0.351
2026-05-09 19:59:07.079,0.098,-0.368,0.03,-0.023,0.351
2026-05-09 19:59:07.099,0.098,-0.368,0.03,-0.023,0.351
2026-05-09 19:59:07.120,0.098,-0.368,0.03,-0.023,0.351
2026-05-09 19:59:07.140,0.098,-0.368,0.03,-0.023,0.351
2026-05-09 19:59:07.168,0.098,-0.368,0.03,-0.023,0.351
2026-05-09 19:59:07.199,0.098,-0.368,0.03,-0.023,0.351
2026-05-09 19:59:07.220,0.098,-0.368,0.03,-0.023,0.351
2026-05-09 19:59:07.241,0.098,-0.368,0.03,-0.023,0.351
2026-05-09 19:59:07.279,0.098,-0.368,0.03,-0.023,0.351
2026-05-09 19:59:07.300,0.098,-0.368,0.03,-0.023,0.351
2026-05-09 19:59:07.340,0.098,-0.368,0.03,-0.023,0.351
2026-05-09 19:59:07.380,0.098,-0.368,0.03,-0.023,0.351
2026-05-09 19:59:07.446,0.098,-0.368,0.03,-0.023,0.351
2026-05-09 19:59:07.479,0.108,-0.442,0.03,-0.023,0.426
2026-05-09 19:59:07.499,0.108,-0.442,0.03,-0.023,0.426
2026-05-09 19:59:07.520,0.108,-0.442,0.03,-0.023,0.426
2026-05-09 19:59:07.560,0.108,-0.442,0.03,-0.023,0.426
2026-05-09 19:59:07.582,0.108,-0.442,0.03,-0.023,0.426
2026-05-09 19:59:07.619,0.108,-0.442,0.03,-0.023,0.426
2026-05-09 19:59:07.639,0.108,-0.442,0.03,-0.023,0.426
2026-05-09 19:59:07.664,0.108,-0.442,0.03,-0.023,0.426
2026-05-09 19:59:07.699,0.108,-0.442,0.03,-0.023,0.426
2026-05-09 19:59:07.720,0.108,-0.442,0.03,-0.023,0.426
2026-05-09 19:59:07.744,0.108,-0.442,0.03,-0.023,0.426
2026-05-09 19:59:07.779,0.108,-0.442,0.03,-0.023,0.426
2026-05-09 19:59:07.800,0.108,-0.442,0.03,-0.023,0.426
2026-05-09 19:59:07.841,0.108,-0.442,0.03,-0.023,0.426
2026-05-09 19:59:07.879,0.112,-0.437,0.03,-0.023,0.422
2026-05-09 19:59:07.926,0.112,-0.437,0.03,-0.023,0.422
2026-05-09 19:59:07.964,0.112,-0.437,0.03,-0.023,0.422
2026-05-09 19:59:07.999,0.112,-0.437,0.03,-0.023,0.422
2026-05-09 19:59:08.042,0.112,-0.437,0.03,-0.023,0.422
2026-05-09 19:59:08.079,0.112,-0.437,0.03,-0.023,0.422
2026-05-09 19:59:08.120,0.112,-0.437,0.03,-0.023,0.422
2026-05-09 19:59:08.147,0.112,-0.437,0.03,-0.023,0.422
2026-05-09 19:59:08.179,0.112,-0.437,0.03,-0.023,0.422
2026-05-09 19:59:08.199,0.112,-0.437,0.03,-0.023,0.422
2026-05-09 19:59:08.220,0.112,-0.437,0.03,-0.023,0.422
2026-05-09 19:59:08.265,0.112,-0.437,0.03,-0.023,0.422
2026-05-09 19:59:08.299,0.112,-0.437,0.03,-0.023,0.422
2026-05-09 19:59:08.339,0.112,-0.437,0.03,-0.023,0.422
2026-05-09 19:59:08.363,0.112,-0.437,0.03,-0.023,0.422
2026-05-09 19:59:08.399,0.112,-0.437,0.03,-0.023,0.422
2026-05-09 19:59:08.419,0.1,-0.358,0.03,-0.023,0.342
2026-05-09 19:59:08.439,0.1,-0.358,0.03,-0.023,0.342
2026-05-09 19:59:08.475,0.1,-0.358,0.03,-0.023,0.342
2026-05-09 19:59:08.499,0.1,-0.358,0.03,-0.023,0.342
2026-05-09 19:59:08.519,0.1,-0.358,0.03,-0.023,0.342
2026-05-09 19:59:08.560,0.1,-0.358,0.03,-0.023,0.342
2026-05-09 19:59:08.583,0.1,-0.358,0.03,-0.023,0.342
2026-05-09 19:59:08.619,0.1,-0.358,0.03,-0.023,0.342
2026-05-09 19:59:08.639,0.1,-0.358,0.03,-0.023,0.342
2026-05-09 19:59:08.659,0.1,-0.358,0.03,-0.023,0.342
2026-05-09 19:59:08.679,0.1,-0.358,0.03,-0.023,0.342
2026-05-09 19:59:08.700,0.1,-0.358,0.03,-0.023,0.342
2026-05-09 19:59:08.720,0.1,-0.358,0.03,-0.023,0.342
2026-05-09 19:59:08.759,0.1,-0.358,0.03,-0.023,0.342
2026-05-09 19:59:08.780,0.1,-0.358,0.03,-0.023,0.342
2026-05-09 19:59:08.819,0.1,-0.358,0.03,-0.023,0.342
2026-05-09 19:59:08.839,0.1,-0.358,0.03,-0.023,0.342
2026-05-09 19:59:08.859,0.1,-0.358,0.03,-0.023,0.342
2026-05-09 19:59:08.899,0.125,-0.221,0.03,-0.023,0.219
2026-05-09 19:59:08.919,0.125,-0.221,-0.057,-0.05,0.249
2026-05-09 19:59:08.939,0.125,-0.221,0.021,-0.261,0.111
2026-05-09 19:59:08.979,0.125,-0.221,0.021,-0.261,0.111
2026-05-09 19:59:09.000,0.125,-0.221,0.021,-0.261,0.111
2026-05-09 19:59:09.039,0.125,-0.221,0.021,-0.261,0.111
2026-05-09 19:59:09.060,0.125,-0.221,0.021,-0.261,0.111
2026-05-09 19:59:09.100,0.125,-0.221,0.021,-0.261,0.111
2026-05-09 19:59:09.124,0.125,-0.221,0.021,-0.261,0.111
2026-05-09 19:59:09.159,0.125,-0.221,0.021,-0.261,0.111
2026-05-09 19:59:09.180,0.125,-0.221,0.021,-0.261,0.111
2026-05-09 19:59:09.219,0.125,-0.221,0.021,-0.261,0.111
2026-05-09 19:59:09.259,0.125,-0.221,0.021,-0.261,0.111
2026-05-09 19:59:09.300,0.125,-0.221,0.021,-0.261,0.111
2026-05-09 19:59:09.320,0.125,-0.221,0.021,-0.261,0.111
2026-05-09 19:59:09.359,0.125,-0.221,0.021,-0.261,0.111
2026-05-09 19:59:09.379,0.125,-0.221,0.021,-0.261,0.111
2026-05-09 19:59:09.420,0.168,-0.137,-0.002,-0.203,0.182
2026-05-09 19:59:09.459,0.168,-0.137,-0.002,-0.203,0.182
2026-05-09 19:59:09.499,0.168,-0.137,-0.002,-0.203,0.182
2026-05-09 19:59:09.520,0.168,-0.137,-0.002,-0.203,0.182
2026-05-09 19:59:09.564,0.168,-0.137,-0.002,-0.203,0.182
2026-05-09 19:59:09.600,0.168,-0.137,-0.002,-0.203,0.182
2026-05-09 19:59:09.640,0.168,-0.137,-0.002,-0.203,0.182
2026-05-09 19:59:09.660,0.168,-0.137,-0.002,-0.203,0.182
2026-05-09 19:59:09.700,0.168,-0.137,-0.002,-0.203,0.182
2026-05-09 19:59:09.739,0.168,-0.137,-0.002,-0.203,0.182
2026-05-09 19:59:09.760,0.168,-0.137,-0.002,-0.203,0.182
2026-05-09 19:59:09.786,0.168,-0.137,-0.002,-0.203,0.182
2026-05-09 19:59:09.819,0.168,-0.137,-0.002,-0.203,0.182
2026-05-09 19:59:09.860,0.168,-0.137,-0.002,-0.203,0.182
2026-05-09 19:59:09.880,0.168,-0.137,-0.002,-0.203,0.182
2026-05-09 19:59:09.900,0.168,-0.137,-0.002,-0.203,0.182
2026-05-09 19:59:09.940,0.216,-0.107,-0.005,-0.194,0.238
2026-05-09 19:59:09.960,0.216,-0.107,-0.005,-0.194,0.238
2026-05-09 19:59:09.999,0.216,-0.107,-0.005,-0.194,0.238
2026-05-09 19:59:10.020,0.216,-0.107,-0.005,-0.194,0.238
2026-05-09 19:59:10.041,0.216,-0.107,-0.005,-0.194,0.238
2026-05-09 19:59:10.079,0.216,-0.107,-0.005,-0.194,0.238
2026-05-09 19:59:10.099,0.216,-0.107,-0.005,-0.194,0.238
2026-05-09 19:59:10.120,0.216,-0.107,-0.005,-0.194,0.238
2026-05-09 19:59:10.140,0.216,-0.107,-0.005,-0.194,0.238
2026-05-09 19:59:10.179,0.216,-0.107,-0.005,-0.194,0.238
2026-05-09 19:59:10.199,0.216,-0.107,-0.005,-0.194,0.238
2026-05-09 19:59:10.229,0.216,-0.107,-0.005,-0.194,0.238
2026-05-09 19:59:10.259,0.216,-0.107,-0.005,-0.194,0.238
2026-05-09 19:59:10.279,0.216,-0.107,-0.005,-0.194,0.238
2026-05-09 19:59:10.299,0.216,-0.107,-0.005,-0.194,0.238
2026-05-09 19:59:10.319,0.216,-0.107,-0.005,-0.194,0.238
2026-05-09 19:59:10.340,0.216,-0.107,-0.005,-0.194,0.238
2026-05-09 19:59:10.379,0.216,-0.107,-0.005,-0.194,0.238
2026-05-09 19:59:10.399,0.239,-0.1,-0.004,-0.196,0.261
2026-05-09 19:59:10.420,0.239,-0.1,-0.004,-0.196,0.261
2026-05-09 19:59:10.441,0.239,-0.1,-0.004,-0.196,0.261
2026-05-09 19:59:10.479,0.239,-0.1,-0.004,-0.196,0.261
2026-05-09 19:59:10.499,0.239,-0.1,-0.004,-0.196,0.261
2026-05-09 19:59:10.519,0.239,-0.1,-0.004,-0.196,0.261
2026-05-09 19:59:10.540,0.239,-0.1,-0.004,-0.196,0.261
2026-05-09 19:59:10.579,0.239,-0.1,-0.004,-0.196,0.261
2026-05-09 19:59:10.600,0.239,-0.1,-0.004,-0.196,0.261
2026-05-09 19:59:10.640,0.239,-0.1,-0.004,-0.196,0.261
2026-05-09 19:59:10.679,0.239,-0.1,-0.004,-0.196,0.261
2026-05-09 19:59:10.700,0.239,-0.1,-0.004,-0.196,0.261
2026-05-09 19:59:10.740,0.239,-0.1,-0.004,-0.196,0.261
2026-05-09 19:59:10.779,0.239,-0.1,-0.004,-0.196,0.261
2026-05-09 19:59:10.820,0.239,-0.1,-0.004,-0.196,0.261
2026-05-09 19:59:10.860,0.239,-0.1,-0.004,-0.196,0.261
2026-05-09 19:59:10.882,0.239,-0.1,-0.004,-0.196,0.261
2026-05-09 19:59:10.927,0.254,-0.112,0.001,-0.211,0.271
2026-05-09 19:59:10.959,0.254,-0.112,0.001,-0.211,0.271
2026-05-09 19:59:10.980,0.254,-0.112,0.001,-0.211,0.271
2026-05-09 19:59:11.139,0.254,-0.112,0.001,-0.211,0.271
2026-05-09 19:59:11.215,0.254,-0.112,0.001,-0.211,0.271
2026-05-09 19:59:11.245,0.254,-0.112,0.001,-0.211,0.271
2026-05-09 19:59:11.279,0.254,-0.112,0.001,-0.211,0.271
2026-05-09 19:59:11.299,0.254,-0.112,0.001,-0.211,0.271
2026-05-09 19:59:11.339,0.254,-0.112,0.001,-0.211,0.271
2026-05-09 19:59:11.359,0.254,-0.112,0.001,-0.211,0.271
2026-05-09 19:59:11.379,0.254,-0.112,0.001,-0.211,0.271
2026-05-09 19:59:11.420,0.254,-0.112,0.001,-0.211,0.271
2026-05-09 19:59:11.440,0.254,-0.112,0.001,-0.211,0.271
2026-05-09 19:59:11.461,0.266,-0.103,0.0,-0.208,0.285
2026-05-09 19:59:11.500,0.266,-0.103,0.0,-0.208,0.285
2026-05-09 19:59:11.543,0.266,-0.103,0.0,-0.208,0.285
2026-05-09 19:59:11.579,0.266,-0.103,0.0,-0.208,0.285
2026-05-09 19:59:11.620,0.266,-0.103,0.0,-0.208,0.285
2026-05-09 19:59:11.640,0.266,-0.103,0.0,-0.208,0.285
2026-05-09 19:59:11.679,0.266,-0.103,0.0,-0.208,0.285
2026-05-09 19:59:11.719,0.266,-0.103,0.0,-0.208,0.285
2026-05-09 19:59:11.740,0.266,-0.103,0.0,-0.208,0.285
2026-05-09 19:59:11.815,0.266,-0.103,0.0,-0.208,0.285
2026-05-09 19:59:11.839,0.266,-0.103,0.0,-0.208,0.285
2026-05-09 19:59:11.860,0.266,-0.103,0.0,-0.208,0.285
2026-05-09 19:59:11.899,0.246,-0.105,-0.002,-0.202,0.266
2026-05-09 19:59:11.920,0.246,-0.105,-0.002,-0.202,0.266
2026-05-09 19:59:11.940,0.246,-0.105,-0.002,-0.202,0.266
2026-05-09 19:59:11.960,0.246,-0.105,-0.002,-0.202,0.266
2026-05-09 19:59:11.984,0.246,-0.105,-0.002,-0.202,0.266
2026-05-09 19:59:12.011,0.246,-0.105,-0.002,-0.202,0.266
2026-05-09 19:59:12.039,0.246,-0.105,-0.002,-0.202,0.266
2026-05-09 19:59:12.059,0.246,-0.105,-0.002,-0.202,0.266
2026-05-09 19:59:12.099,0.246,-0.105,-0.002,-0.202,0.266
2026-05-09 19:59:12.140,0.246,-0.105,-0.002,-0.202,0.266
2026-05-09 19:59:12.179,0.246,-0.105,-0.002,-0.202,0.266
2026-05-09 19:59:12.219,0.246,-0.105,-0.002,-0.202,0.266
2026-05-09 19:59:12.239,0.246,-0.105,-0.002,-0.202,0.266
2026-05-09 19:59:12.259,0.246,-0.105,-0.002,-0.202,0.266
2026-05-09 19:59:12.280,0.246,-0.105,-0.002,-0.202,0.266
2026-05-09 19:59:12.319,0.246,-0.105,-0.002,-0.202,0.266
2026-05-09 19:59:12.340,0.246,-0.105,-0.002,-0.202,0.266
2026-05-09 19:59:12.379,0.246,-0.105,-0.002,-0.202,0.266
2026-05-09 19:59:12.399,0.246,-0.105,-0.002,-0.202,0.266
2026-05-09 19:59:12.439,0.17,-0.115,-0.009,-0.185,0.192
2026-05-09 19:59:12.479,0.17,-0.115,-0.009,-0.185,0.192
2026-05-09 19:59:12.500,0.17,-0.115,-0.009,-0.185,0.192
2026-05-09 19:59:12.540,0.17,-0.115,-0.009,-0.185,0.192
2026-05-09 19:59:12.579,0.17,-0.115,-0.009,-0.185,0.192
2026-05-09 19:59:12.600,0.17,-0.115,-0.009,-0.185,0.192
2026-05-09 19:59:12.629,0.17,-0.115,-0.009,-0.185,0.192
2026-05-09 19:59:12.659,0.17,-0.115,-0.009,-0.185,0.192
2026-05-09 19:59:12.679,0.17,-0.115,-0.009,-0.185,0.192
2026-05-09 19:59:12.700,0.17,-0.115,-0.009,-0.185,0.192
2026-05-09 19:59:12.720,0.17,-0.115,-0.009,-0.185,0.192
2026-05-09 19:59:12.747,0.17,-0.115,-0.009,-0.185,0.192
2026-05-09 19:59:12.779,0.17,-0.115,-0.009,-0.185,0.192
2026-05-09 19:59:12.799,0.17,-0.115,-0.009,-0.185,0.192
2026-05-09 19:59:12.820,0.17,-0.115,-0.009,-0.185,0.192
2026-05-09 19:59:12.860,0.17,-0.115,-0.009,-0.185,0.192
2026-05-09 19:59:12.900,0.17,-0.115,-0.009,-0.185,0.192
2026-05-09 19:59:12.920,0.17,-0.115,-0.009,-0.185,0.192
2026-05-09 19:59:12.961,0.087,-0.072,-0.034,-0.12,0.131
2026-05-09 19:59:12.999,0.087,-0.072,-0.034,-0.12,0.131
2026-05-09 19:59:13.020,0.087,-0.072,-0.034,-0.12,0.131
2026-05-09 19:59:13.064,0.087,-0.072,-0.034,-0.12,0.131
2026-05-09 19:59:13.100,0.087,-0.072,-0.034,-0.12,0.131
2026-05-09 19:59:13.120,0.087,-0.072,-0.034,-0.12,0.131
2026-05-09 19:59:13.159,0.087,-0.072,-0.034,-0.12,0.131
2026-05-09 19:59:13.180,0.087,-0.072,-0.034,-0.12,0.131
2026-05-09 19:59:13.200,0.087,-0.072,-0.034,-0.12,0.131
2026-05-09 19:59:13.240,0.087,-0.072,-0.034,-0.12,0.131
2026-05-09 19:59:13.279,0.087,-0.072,-0.034,-0.12,0.131
2026-05-09 19:59:13.299,0.087,-0.072,-0.034,-0.12,0.131
2026-05-09 19:59:13.320,0.087,-0.072,-0.034,-0.12,0.131
2026-05-09 19:59:13.360,0.087,-0.072,-0.034,-0.12,0.131
2026-05-09 19:59:13.403,0.036,-0.016,-0.06,-0.054,0.103
2026-05-09 19:59:13.439,0.036,-0.016,-0.06,-0.054,0.103
2026-05-09 19:59:13.459,0.036,-0.016,-0.06,-0.054,0.103
2026-05-09 19:59:13.480,0.036,-0.016,-0.06,-0.054,0.103
2026-05-09 19:59:13.503,0.036,-0.016,-0.06,-0.054,0.103
2026-05-09 19:59:13.540,0.036,-0.016,-0.06,-0.054,0.103
2026-05-09 19:59:13.580,0.036,-0.016,-0.06,-0.054,0.103
2026-05-09 19:59:13.600,0.036,-0.016,-0.06,-0.054,0.103
2026-05-09 19:59:13.639,0.036,-0.016,-0.06,-0.054,0.103
2026-05-09 19:59:13.660,0.036,-0.016,-0.06,-0.054,0.103
2026-05-09 19:59:13.699,0.036,-0.016,-0.06,-0.054,0.103
2026-05-09 19:59:13.724,0.036,-0.016,-0.06,-0.054,0.103
2026-05-09 19:59:13.760,0.036,-0.016,-0.06,-0.054,0.103
2026-05-09 19:59:13.780,0.036,-0.016,-0.06,-0.054,0.103
2026-05-09 19:59:13.819,0.036,-0.016,-0.06,-0.054,0.103
2026-05-09 19:59:13.859,-0.026,0.028,-0.06,-0.054,0.089
2026-05-09 19:59:13.884,-0.026,0.028,-0.06,-0.054,0.089
2026-05-09 19:59:13.919,-0.026,0.028,-0.06,-0.054,0.089
2026-05-09 19:59:13.959,-0.026,0.028,-0.06,-0.054,0.089
2026-05-09 19:59:13.979,-0.026,0.028,-0.06,-0.054,0.089
2026-05-09 19:59:14.000,-0.026,0.028,-0.06,-0.054,0.089
2026-05-09 19:59:14.042,-0.026,0.028,-0.06,-0.054,0.089
2026-05-09 19:59:14.079,-0.026,0.028,-0.06,-0.054,0.089
2026-05-09 19:59:14.099,-0.026,0.028,-0.06,-0.054,0.089
2026-05-09 19:59:14.120,-0.026,0.028,-0.06,-0.054,0.089
2026-05-09 19:59:14.159,-0.026,0.028,-0.06,-0.054,0.089
2026-05-09 19:59:14.180,-0.026,0.028,-0.06,-0.054,0.089
2026-05-09 19:59:14.219,-0.026,0.028,-0.06,-0.054,0.089
2026-05-09 19:59:14.240,-0.026,0.028,-0.06,-0.054,0.089
2026-05-09 19:59:14.260,-0.026,0.028,-0.06,-0.054,0.089
2026-05-09 19:59:14.280,-0.026,0.028,-0.06,-0.054,0.089
2026-05-09 19:59:14.319,-0.026,0.028,-0.06,-0.054,0.089
2026-05-09 19:59:14.340,-0.026,0.028,-0.06,-0.054,0.089
2026-05-09 19:59:14.360,-0.026,0.028,-0.06,-0.054,0.089
2026-05-09 19:59:14.383,-0.026,0.028,-0.06,-0.054,0.089
2026-05-09 19:59:14.419,-0.026,0.028,-0.06,-0.054,0.089
2026-05-09 19:59:14.439,-0.026,0.028,-0.06,-0.054,0.089
2026-05-09 19:59:14.462,-0.095,0.047,-0.06,-0.054,0.107
2026-05-09 19:59:14.483,-0.095,0.047,-0.06,-0.054,0.107
2026-05-09 19:59:14.519,-0.095,0.047,-0.06,-0.054,0.107
2026-05-09 19:59:14.559,-0.095,0.047,-0.06,-0.054,0.107
2026-05-09 19:59:14.580,-0.095,0.047,-0.06,-0.054,0.107
2026-05-09 19:59:14.600,-0.095,0.047,-0.06,-0.054,0.107
2026-05-09 19:59:14.640,-0.095,0.047,-0.06,-0.054,0.107
2026-05-09 19:59:14.679,-0.095,0.047,-0.06,-0.054,0.107
2026-05-09 19:59:14.705,-0.095,0.047,-0.06,-0.054,0.107
2026-05-09 19:59:14.739,-0.095,0.047,-0.06,-0.054,0.107
2026-05-09 19:59:14.760,-0.095,0.047,-0.06,-0.054,0.107
2026-05-09 19:59:14.799,-0.095,0.047,-0.06,-0.054,0.107
2026-05-09 19:59:14.820,-0.095,0.047,-0.06,-0.054,0.107
2026-05-09 19:59:14.840,-0.095,0.047,-0.06,-0.054,0.107
2026-05-09 19:59:14.879,-0.095,0.047,-0.06,-0.054,0.107
2026-05-09 19:59:14.899,-0.095,0.047,-0.06,-0.054,0.107
2026-05-09 19:59:14.924,-0.095,0.047,-0.06,-0.054,0.107
2026-05-09 19:59:14.959,-0.105,0.035,-0.06,-0.054,0.1
2026-05-09 19:59:14.980,-0.105,0.035,-0.06,-0.054,0.1
2026-05-09 19:59:15.019,-0.105,0.035,-0.06,-0.054,0.1
2026-05-09 19:59:15.040,-0.105,0.035,-0.06,-0.054,0.1
2026-05-09 19:59:15.079,-0.105,0.035,-0.06,-0.054,0.1
2026-05-09 19:59:15.099,-0.105,0.035,-0.06,-0.054,0.1
2026-05-09 19:59:15.120,-0.105,0.035,-0.06,-0.054,0.1
2026-05-09 19:59:15.159,-0.105,0.035,-0.06,-0.054,0.1
2026-05-09 19:59:15.180,-0.105,0.035,-0.06,-0.054,0.1
2026-05-09 19:59:15.219,-0.105,0.035,-0.06,-0.054,0.1
2026-05-09 19:59:15.260,-0.105,0.035,-0.06,-0.054,0.1
2026-05-09 19:59:15.280,-0.105,0.035,-0.06,-0.054,0.1
2026-05-09 19:59:15.319,-0.105,0.035,-0.06,-0.054,0.1
2026-05-09 19:59:15.340,-0.105,0.035,-0.06,-0.054,0.1
2026-05-09 19:59:15.361,-0.105,0.035,-0.06,-0.054,0.1
2026-05-09 19:59:15.399,-0.084,0.025,-0.06,-0.054,0.082
2026-05-09 19:59:15.420,-0.084,0.025,-0.06,-0.054,0.082
2026-05-09 19:59:15.460,-0.084,0.025,-0.06,-0.054,0.082
2026-05-09 19:59:15.480,-0.084,0.025,-0.06,-0.054,0.082
2026-05-09 19:59:15.500,-0.084,0.025,-0.06,-0.054,0.082
2026-05-09 19:59:15.539,-0.084,0.025,-0.06,-0.054,0.082
2026-05-09 19:59:15.580,-0.084,0.025,-0.06,-0.054,0.082
2026-05-09 19:59:15.619,-0.084,0.025,-0.06,-0.054,0.082
2026-05-09 19:59:15.639,-0.084,0.025,-0.06,-0.054,0.082
2026-05-09 19:59:15.659,-0.084,0.025,-0.06,-0.054,0.082
2026-05-09 19:59:15.700,-0.084,0.025,-0.06,-0.054,0.082
2026-05-09 19:59:15.739,-0.084,0.025,-0.06,-0.054,0.082
2026-05-09 19:59:15.760,-0.084,0.025,-0.06,-0.054,0.082
2026-05-09 19:59:15.799,-0.084,0.025,-0.06,-0.054,0.082
2026-05-09 19:59:15.820,-0.084,0.025,-0.06,-0.054,0.082
2026-05-09 19:59:15.859,-0.084,0.025,-0.06,-0.054,0.082
2026-05-09 19:59:15.880,-0.084,0.025,-0.06,-0.054,0.082
2026-05-09 19:59:15.900,-0.084,0.025,-0.06,-0.054,0.082
2026-05-09 19:59:15.924,-0.036,0.02,-0.06,-0.054,0.078
2026-05-09 19:59:15.960,-0.036,0.02,-0.06,-0.054,0.078
2026-05-09 19:59:15.999,-0.036,0.02,-0.06,-0.054,0.078
2026-05-09 19:59:16.025,-0.036,0.02,-0.06,-0.054,0.078
2026-05-09 19:59:16.059,-0.036,0.02,-0.06,-0.054,0.078
2026-05-09 19:59:16.099,-0.036,0.02,-0.06,-0.054,0.078
2026-05-09 19:59:16.127,-0.036,0.02,-0.06,-0.054,0.078
2026-05-09 19:59:16.159,-0.036,0.02,-0.06,-0.054,0.078
2026-05-09 19:59:16.179,-0.036,0.02,-0.06,-0.054,0.078
2026-05-09 19:59:16.199,-0.036,0.02,-0.06,-0.054,0.078
2026-05-09 19:59:16.241,-0.036,0.02,-0.06,-0.054,0.078
2026-05-09 19:59:16.281,-0.036,0.02,-0.06,-0.054,0.078
2026-05-09 19:59:16.319,-0.036,0.02,-0.06,-0.054,0.078
2026-05-09 19:59:16.359,-0.036,0.02,-0.06,-0.054,0.078
2026-05-09 19:59:16.383,-0.014,0.021,-0.06,-0.054,0.088
2026-05-09 19:59:16.421,-0.014,0.021,-0.06,-0.054,0.088
2026-05-09 19:59:16.459,-0.014,0.021,-0.06,-0.054,0.088
2026-05-09 19:59:16.480,-0.014,0.021,-0.06,-0.054,0.088
2026-05-09 19:59:16.519,-0.014,0.021,-0.06,-0.054,0.088
2026-05-09 19:59:16.563,-0.014,0.021,-0.06,-0.054,0.088
2026-05-09 19:59:16.599,-0.014,0.021,-0.06,-0.054,0.088
2026-05-09 19:59:16.619,-0.014,0.021,-0.06,-0.054,0.088
2026-05-09 19:59:16.659,-0.014,0.021,-0.06,-0.054,0.088
2026-05-09 19:59:16.679,-0.014,0.021,-0.06,-0.054,0.088
2026-05-09 19:59:16.719,-0.014,0.021,-0.06,-0.054,0.088
2026-05-09 19:59:16.741,-0.014,0.021,-0.06,-0.054,0.088
2026-05-09 19:59:16.779,-0.014,0.021,-0.06,-0.054,0.088
2026-05-09 19:59:16.800,-0.014,0.021,-0.06,-0.054,0.088
2026-05-09 19:59:16.821,-0.014,0.021,-0.06,-0.054,0.088
2026-05-09 19:59:16.862,-0.028,0.024,-0.06,-0.054,0.084
2026-05-09 19:59:16.900,-0.028,0.024,-0.06,-0.054,0.084
2026-05-09 19:59:16.940,-0.028,0.024,-0.06,-0.054,0.084
2026-05-09 19:59:16.960,-0.028,0.024,-0.06,-0.054,0.084
2026-05-09 19:59:16.999,-0.028,0.024,-0.06,-0.054,0.084
2026-05-09 19:59:17.022,-0.028,0.024,-0.06,-0.054,0.084
2026-05-09 19:59:17.066,-0.028,0.024,-0.06,-0.054,0.084
2026-05-09 19:59:17.099,-0.028,0.024,-0.06,-0.054,0.084
2026-05-09 19:59:17.140,-0.028,0.024,-0.06,-0.054,0.084
2026-05-09 19:59:17.179,-0.028,0.024,-0.06,-0.054,0.084
2026-05-09 19:59:17.200,-0.028,0.024,-0.06,-0.054,0.084
2026-05-09 19:59:17.227,-0.028,0.024,-0.06,-0.054,0.084
2026-05-09 19:59:17.259,-0.028,0.024,-0.06,-0.054,0.084
2026-05-09 19:59:17.279,-0.028,0.024,-0.06,-0.054,0.084
2026-05-09 19:59:17.300,-0.028,0.024,-0.06,-0.054,0.084
2026-05-09 19:59:17.339,-0.028,0.024,-0.06,-0.054,0.084
2026-05-09 19:59:17.359,-0.028,0.024,-0.06,-0.054,0.084
2026-05-09 19:59:17.379,-0.028,0.024,-0.06,-0.054,0.084
2026-05-09 19:59:17.401,-0.045,0.022,-0.06,-0.054,0.077
2026-05-09 19:59:17.445,-0.045,0.022,-0.06,-0.054,0.077
2026-05-09 19:59:17.479,-0.045,0.022,-0.06,-0.054,0.077
2026-05-09 19:59:17.499,-0.045,0.022,-0.06,-0.054,0.077
2026-05-09 19:59:17.520,-0.045,0.022,-0.06,-0.054,0.077
2026-05-09 19:59:17.542,-0.045,0.022,-0.06,-0.054,0.077
2026-05-09 19:59:17.579,-0.045,0.022,-0.06,-0.054,0.077
2026-05-09 19:59:17.600,-0.045,0.022,-0.06,-0.054,0.077
2026-05-09 19:59:17.639,-0.045,0.022,-0.06,-0.054,0.077
2026-05-09 19:59:17.660,-0.045,0.022,-0.06,-0.054,0.077
2026-05-09 19:59:17.699,-0.045,0.022,-0.06,-0.054,0.077
2026-05-09 19:59:17.720,-0.045,0.022,-0.06,-0.054,0.077
2026-05-09 19:59:17.766,-0.045,0.022,-0.06,-0.054,0.077
2026-05-09 19:59:17.799,-0.045,0.022,-0.06,-0.054,0.077
2026-05-09 19:59:17.819,-0.045,0.022,-0.06,-0.054,0.077
2026-05-09 19:59:17.840,-0.045,0.022,-0.06,-0.054,0.077
2026-05-09 19:59:17.884,-0.045,0.022,-0.06,-0.054,0.077
2026-05-09 19:59:17.920,-0.045,0.022,-0.06,-0.054,0.077
2026-05-09 19:59:17.959,-0.045,0.022,-0.06,-0.054,0.077
2026-05-09 19:59:17.980,-0.045,0.022,-0.06,-0.054,0.077
2026-05-09 19:59:18.000,-0.045,0.022,-0.06,-0.054,0.077
2026-05-09 19:59:18.041,-0.045,0.022,-0.06,-0.054,0.077
2026-05-09 19:59:18.079,-0.045,0.022,-0.06,-0.054,0.077
2026-05-09 19:59:18.100,-0.045,0.022,-0.06,-0.054,0.077
2026-05-09 19:59:18.140,-0.045,0.022,-0.06,-0.054,0.077
2026-05-09 19:59:18.179,-0.045,0.022,-0.06,-0.054,0.077
2026-05-09 19:59:18.200,-0.045,0.022,-0.06,-0.054,0.077
2026-05-09 19:59:18.221,-0.045,0.022,-0.06,-0.054,0.077
2026-05-09 19:59:18.259,-0.045,0.022,-0.06,-0.054,0.077
2026-05-09 19:59:18.280,-0.045,0.022,-0.06,-0.054,0.077
2026-05-09 19:59:18.324,-0.045,0.022,-0.06,-0.054,0.077
2026-05-09 19:59:18.360,-0.045,0.022,-0.06,-0.054,0.077
2026-05-09 19:59:18.399,-0.045,0.022,-0.06,-0.054,0.077
2026-05-09 19:59:18.419,-0.045,0.022,-0.06,-0.054,0.077
2026-05-09 19:59:18.460,-0.045,0.022,-0.06,-0.054,0.077
2026-05-09 19:59:18.483,-0.045,0.022,-0.06,-0.054,0.077
2026-05-09 19:59:18.520,-0.045,0.022,-0.06,-0.054,0.077
2026-05-09 19:59:18.559,-0.045,0.022,-0.06,-0.054,0.077
2026-05-09 19:59:18.579,-0.045,0.022,-0.06,-0.054,0.077
2026-05-09 19:59:18.600,-0.045,0.022,-0.06,-0.054,0.077
2026-05-09 19:59:18.646,-0.045,0.022,-0.06,-0.054,0.077
2026-05-09 19:59:18.679,-0.045,0.022,-0.06,-0.054,0.077
2026-05-09 19:59:18.700,-0.045,0.022,-0.06,-0.054,0.077
2026-05-09 19:59:18.739,-0.045,0.022,-0.06,-0.054,0.077
2026-05-09 19:59:18.759,-0.045,0.022,-0.06,-0.054,0.077
2026-05-09 19:59:18.799,-0.045,0.022,-0.06,-0.054,0.077
2026-05-09 19:59:18.821,-0.045,0.022,-0.06,-0.054,0.077
2026-05-09 19:59:18.846,-0.045,0.022,-0.06,-0.054,0.077
2026-05-09 19:59:18.880,-0.045,0.022,-0.06,-0.054,0.077
2026-05-09 19:59:18.900,-0.045,0.022,-0.06,-0.054,0.077
2026-05-09 19:59:18.939,-0.045,0.022,-0.06,-0.054,0.077
2026-05-09 19:59:18.959,-0.045,0.022,-0.06,-0.054,0.077
2026-05-09 19:59:18.981,-0.045,0.022,-0.06,-0.054,0.077
2026-05-09 19:59:19.020,-0.045,0.022,-0.06,-0.054,0.077
2026-05-09 19:59:19.040,-0.045,0.022,-0.06,-0.054,0.077
2026-05-09 19:59:19.060,-0.045,0.022,-0.06,-0.054,0.077
2026-05-09 19:59:19.099,-0.045,0.022,-0.06,-0.054,0.077
2026-05-09 19:59:19.119,-0.045,0.022,-0.06,-0.054,0.077
2026-05-09 19:59:19.159,-0.045,0.022,-0.06,-0.054,0.077
2026-05-09 19:59:19.181,-0.045,0.022,-0.06,-0.054,0.077
2026-05-09 19:59:19.219,-0.045,0.022,-0.06,-0.054,0.077
2026-05-09 19:59:19.259,-0.045,0.022,-0.06,-0.054,0.077
2026-05-09 19:59:19.279,-0.045,0.022,-0.06,-0.054,0.077
2026-05-09 19:59:19.320,-0.045,0.022,-0.06,-0.054,0.077
2026-05-09 19:59:19.359,-0.045,0.022,-0.06,-0.054,0.077
2026-05-09 19:59:19.380,-0.045,0.022,-0.06,-0.054,0.077
2026-05-09 19:59:19.400,-0.045,0.022,-0.06,-0.054,0.077
2026-05-09 19:59:19.420,-0.045,0.022,-0.06,-0.054,0.077
2026-05-09 19:59:19.459,-0.045,0.022,-0.06,-0.054,0.077
2026-05-09 19:59:19.479,-0.045,0.022,-0.06,-0.054,0.077
2026-05-09 19:59:19.500,-0.045,0.022,-0.06,-0.054,0.077
2026-05-09 19:59:19.527,-0.045,0.022,-0.06,-0.054,0.077
2026-05-09 19:59:19.559,-0.045,0.022,-0.06,-0.054,0.077
2026-05-09 19:59:19.580,-0.045,0.022,-0.06,-0.054,0.077
2026-05-09 19:59:19.619,-0.045,0.022,-0.06,-0.054,0.077
2026-05-09 19:59:19.640,-0.045,0.022,-0.06,-0.054,0.077
2026-05-09 19:59:19.679,-0.045,0.022,-0.06,-0.054,0.077
2026-05-09 19:59:19.700,-0.045,0.022,-0.06,-0.054,0.077
2026-05-09 19:59:19.745,-0.045,0.022,-0.06,-0.054,0.077
2026-05-09 19:59:19.779,-0.045,0.022,-0.06,-0.054,0.077
2026-05-09 19:59:19.800,-0.045,0.022,-0.06,-0.054,0.077
2026-05-09 19:59:19.839,-0.045,0.022,-0.06,-0.054,0.077
2026-05-09 19:59:19.859,-0.045,0.022,-0.06,-0.054,0.077
2026-05-09 19:59:19.880,-0.045,0.022,-0.06,-0.054,0.077
2026-05-09 19:59:19.919,-0.045,0.022,-0.06,-0.054,0.077
2026-05-09 19:59:19.940,-0.045,0.022,-0.06,-0.054,0.077
2026-05-09 19:59:19.979,-0.045,0.022,-0.06,-0.054,0.077
2026-05-09 19:59:20.000,-0.045,0.022,-0.06,-0.054,0.077
2026-05-09 19:59:20.039,-0.045,0.022,-0.06,-0.054,0.077
2026-05-09 19:59:20.065,-0.045,0.022,-0.06,-0.054,0.077
2026-05-09 19:59:20.099,-0.045,0.022,-0.06,-0.054,0.077
2026-05-09 19:59:20.120,-0.045,0.022,-0.06,-0.054,0.077
2026-05-09 19:59:20.140,-0.045,0.022,-0.06,-0.054,0.077
2026-05-09 19:59:20.179,-0.045,0.022,-0.06,-0.054,0.077
2026-05-09 19:59:20.199,-0.045,0.022,-0.06,-0.054,0.077
2026-05-09 19:59:20.220,-0.045,0.022,-0.06,-0.054,0.077
2026-05-09 19:59:20.259,-0.045,0.022,-0.06,-0.054,0.077
2026-05-09 19:59:20.300,-0.045,0.022,-0.06,-0.054,0.077
2026-05-09 19:59:20.339,-0.045,0.022,-0.06,-0.054,0.077
2026-05-09 19:59:20.360,-0.045,0.022,-0.06,-0.054,0.077
2026-05-09 19:59:20.399,-0.045,0.022,-0.06,-0.054,0.077
2026-05-09 19:59:20.419,-0.045,0.022,-0.06,-0.054,0.077
2026-05-09 19:59:20.440,-0.045,0.022,-0.06,-0.054,0.077
2026-05-09 19:59:20.479,-0.045,0.022,-0.06,-0.054,0.077
2026-05-09 19:59:20.499,-0.045,0.022,-0.06,-0.054,0.077
2026-05-09 19:59:20.539,-0.045,0.022,-0.06,-0.054,0.077
2026-05-09 19:59:20.560,-0.045,0.022,-0.06,-0.054,0.077
2026-05-09 19:59:20.599,-0.045,0.022,-0.06,-0.054,0.077
2026-05-09 19:59:20.639,-0.045,0.022,-0.06,-0.054,0.077
2026-05-09 19:59:20.659,-0.045,0.022,-0.06,-0.054,0.077
2026-05-09 19:59:20.680,-0.045,0.022,-0.06,-0.054,0.077
2026-05-09 19:59:20.719,-0.045,0.022,-0.06,-0.054,0.077
2026-05-09 19:59:20.740,-0.045,0.022,-0.06,-0.054,0.077
2026-05-09 19:59:20.779,-0.045,0.022,-0.06,-0.054,0.077
2026-05-09 19:59:20.799,-0.045,0.022,-0.06,-0.054,0.077
2026-05-09 19:59:20.819,-0.045,0.022,-0.06,-0.054,0.077
2026-05-09 19:59:20.840,-0.045,0.022,-0.06,-0.054,0.077
2026-05-09 19:59:20.879,-0.045,0.022,-0.06,-0.054,0.077
2026-05-09 19:59:20.919,-0.045,0.022,-0.06,-0.054,0.077
2026-05-09 19:59:20.945,-0.045,0.022,-0.06,-0.054,0.077
2026-05-09 19:59:20.980,-0.045,0.022,-0.06,-0.054,0.077
2026-05-09 19:59:21.000,-0.045,0.022,-0.06,-0.054,0.077
2026-05-09 19:59:21.039,-0.045,0.022,-0.06,-0.054,0.077
2026-05-09 19:59:21.059,-0.045,0.022,-0.06,-0.054,0.077
2026-05-09 19:59:21.099,-0.045,0.022,-0.06,-0.054,0.077
2026-05-09 19:59:21.139,-0.045,0.022,-0.06,-0.054,0.077
2026-05-09 19:59:21.160,-0.045,0.022,-0.06,-0.054,0.077
2026-05-09 19:59:21.199,-0.045,0.022,-0.06,-0.054,0.077
2026-05-09 19:59:21.220,-0.045,0.022,-0.06,-0.054,0.077
2026-05-09 19:59:21.260,-0.045,0.022,-0.06,-0.054,0.077
2026-05-09 19:59:21.300,-0.045,0.022,-0.06,-0.054,0.077
2026-05-09 19:59:21.320,-0.045,0.022,-0.06,-0.054,0.077
2026-05-09 19:59:21.341,-0.045,0.022,-0.06,-0.054,0.077
2026-05-09 19:59:21.384,-0.045,0.022,-0.06,-0.054,0.077
2026-05-09 19:59:21.419,-0.045,0.022,-0.06,-0.054,0.077
2026-05-09 19:59:21.440,-0.045,0.022,-0.06,-0.054,0.077
2026-05-09 19:59:21.479,-0.045,0.022,-0.06,-0.054,0.077
2026-05-09 19:59:21.500,-0.045,0.022,-0.06,-0.054,0.077
2026-05-09 19:59:21.539,-0.045,0.022,-0.06,-0.054,0.077
2026-05-09 19:59:21.559,-0.045,0.022,-0.06,-0.054,0.077
2026-05-09 19:59:21.579,-0.045,0.022,-0.06,-0.054,0.077
2026-05-09 19:59:21.600,-0.045,0.022,-0.06,-0.054,0.077
2026-05-09 19:59:21.620,-0.045,0.022,-0.06,-0.054,0.077
2026-05-09 19:59:21.659,-0.045,0.022,-0.06,-0.054,0.077
2026-05-09 19:59:21.679,-0.045,0.022,-0.06,-0.054,0.077
2026-05-09 19:59:21.699,-0.045,0.022,-0.06,-0.054,0.077
2026-05-09 19:59:21.739,-0.045,0.022,-0.06,-0.054,0.077
2026-05-09 19:59:21.760,-0.045,0.022,-0.06,-0.054,0.077
2026-05-09 19:59:21.800,-0.045,0.022,-0.06,-0.054,0.077
2026-05-09 19:59:21.820,-0.045,0.022,-0.06,-0.054,0.077
2026-05-09 19:59:21.840,-0.045,0.022,-0.06,-0.054,0.077
2026-05-09 19:59:21.879,-0.045,0.022,-0.06,-0.054,0.077
2026-05-09 19:59:21.899,-0.045,0.022,-0.06,-0.054,0.077
2026-05-09 19:59:21.920,-0.045,0.022,-0.06,-0.054,0.077
2026-05-09 19:59:21.940,-0.045,0.022,-0.06,-0.054,0.077
2026-05-09 19:59:21.979,-0.045,0.022,-0.06,-0.054,0.077
2026-05-09 19:59:21.999,-0.045,0.022,-0.06,-0.054,0.077
2026-05-09 19:59:22.020,-0.045,0.022,-0.06,-0.054,0.077
2026-05-09 19:59:22.041,-0.045,0.022,-0.06,-0.054,0.077
2026-05-09 19:59:22.079,-0.045,0.022,-0.06,-0.054,0.077
2026-05-09 19:59:22.100,-0.045,0.022,-0.06,-0.054,0.077
2026-05-09 19:59:22.141,-0.045,0.022,-0.06,-0.054,0.077
2026-05-09 19:59:22.179,-0.045,0.022,-0.06,-0.054,0.077
2026-05-09 19:59:22.199,-0.045,0.022,-0.06,-0.054,0.077
2026-05-09 19:59:22.239,-0.045,0.022,-0.06,-0.054,0.077
2026-05-09 19:59:22.260,-0.045,0.022,-0.06,-0.054,0.077
2026-05-09 19:59:22.299,-0.045,0.022,-0.06,-0.054,0.077
2026-05-09 19:59:22.320,-0.045,0.022,-0.06,-0.054,0.077
2026-05-09 19:59:22.361,-0.045,0.022,-0.06,-0.054,0.077
2026-05-09 19:59:22.400,-0.045,0.022,-0.06,-0.054,0.077
2026-05-09 19:59:22.440,-0.045,0.022,-0.06,-0.054,0.077
2026-05-09 19:59:22.460,-0.045,0.022,-0.06,-0.054,0.077
2026-05-09 19:59:22.480,-0.045,0.022,-0.06,-0.054,0.077
2026-05-09 19:59:22.519,-0.045,0.022,-0.06,-0.054,0.077
2026-05-09 19:59:22.540,-0.045,0.022,-0.06,-0.054,0.077
2026-05-09 19:59:22.584,-0.045,0.022,-0.06,-0.054,0.077
2026-05-09 19:59:22.620,-0.045,0.022,-0.06,-0.054,0.077
2026-05-09 19:59:22.640,-0.045,0.022,-0.06,-0.054,0.077
2026-05-09 19:59:22.679,-0.045,0.022,-0.06,-0.054,0.077
2026-05-09 19:59:22.699,-0.045,0.022,-0.06,-0.054,0.077
2026-05-09 19:59:22.719,-0.045,0.022,-0.06,-0.054,0.077
2026-05-09 19:59:22.740,-0.045,0.022,-0.06,-0.054,0.077
2026-05-09 19:59:22.780,-0.045,0.022,-0.06,-0.054,0.077
2026-05-09 19:59:22.842,-0.045,0.022,-0.06,-0.054,0.077
2026-05-09 19:59:22.879,-0.045,0.022,-0.06,-0.054,0.077
2026-05-09 19:59:22.900,-0.045,0.022,-0.06,-0.054,0.077
2026-05-09 19:59:22.940,-0.045,0.022,-0.06,-0.054,0.077
2026-05-09 19:59:22.980,-0.045,0.022,-0.06,-0.054,0.077
2026-05-09 19:59:23.019,-0.045,0.022,-0.06,-0.054,0.077
2026-05-09 19:59:23.040,-0.045,0.022,-0.06,-0.054,0.077
2026-05-09 19:59:23.060,-0.045,0.022,-0.06,-0.054,0.077
2026-05-09 19:59:23.099,-0.045,0.022,-0.06,-0.054,0.077
2026-05-09 19:59:23.119,-0.045,0.022,-0.06,-0.054,0.077
2026-05-09 19:59:23.140,-0.045,0.022,-0.06,-0.054,0.077
2026-05-09 19:59:23.179,-0.045,0.022,-0.06,-0.054,0.077
2026-05-09 19:59:23.200,-0.045,0.022,-0.06,-0.054,0.077
2026-05-09 19:59:23.244,-0.045,0.022,-0.06,-0.054,0.077
2026-05-09 19:59:23.280,-0.045,0.022,-0.06,-0.054,0.077
2026-05-09 19:59:23.300,-0.045,0.022,-0.06,-0.054,0.077
2026-05-09 19:59:23.339,-0.045,0.022,-0.06,-0.054,0.077
2026-05-09 19:59:23.359,-0.045,0.022,-0.06,-0.054,0.077
2026-05-09 19:59:23.379,-0.045,0.022,-0.06,-0.054,0.077
2026-05-09 19:59:23.419,-0.045,0.022,-0.06,-0.054,0.077
2026-05-09 19:59:23.440,-0.045,0.022,-0.06,-0.054,0.077
2026-05-09 19:59:23.464,-0.045,0.022,-0.06,-0.054,0.077
2026-05-09 19:59:23.499,-0.045,0.022,-0.06,-0.054,0.077
2026-05-09 19:59:23.520,-0.045,0.022,-0.06,-0.054,0.077
2026-05-09 19:59:23.540,-0.045,0.022,-0.06,-0.054,0.077
2026-05-09 19:59:23.580,-0.045,0.022,-0.06,-0.054,0.077
2026-05-09 19:59:23.619,-0.045,0.022,-0.06,-0.054,0.077
2026-05-09 19:59:23.640,-0.045,0.022,-0.06,-0.054,0.077
2026-05-09 19:59:23.683,-0.045,0.022,-0.06,-0.054,0.077
2026-05-09 19:59:23.720,-0.045,0.022,-0.06,-0.054,0.077
2026-05-09 19:59:23.759,-0.045,0.022,-0.06,-0.054,0.077
2026-05-09 19:59:23.800,-0.045,0.022,-0.06,-0.054,0.077
2026-05-09 19:59:23.840,-0.045,0.022,-0.06,-0.054,0.077
2026-05-09 19:59:23.879,-0.045,0.022,-0.06,-0.054,0.077
2026-05-09 19:59:23.900,-0.045,0.022,-0.06,-0.054,0.077
2026-05-09 19:59:23.939,-0.045,0.022,-0.06,-0.054,0.077
2026-05-09 19:59:23.960,-0.045,0.022,-0.06,-0.054,0.077
2026-05-09 19:59:24.002,-0.045,0.022,-0.06,-0.054,0.077
2026-05-09 19:59:24.039,-0.045,0.022,-0.06,-0.054,0.077
2026-05-09 19:59:24.059,-0.045,0.022,-0.06,-0.054,0.077
2026-05-09 19:59:24.079,-0.045,0.022,-0.06,-0.054,0.077
2026-05-09 19:59:24.100,-0.045,0.022,-0.06,-0.054,0.077
2026-05-09 19:59:24.140,-0.045,0.022,-0.06,-0.054,0.077
2026-05-09 19:59:24.179,-0.045,0.022,-0.06,-0.054,0.077
2026-05-09 19:59:24.200,-0.045,0.022,-0.06,-0.054,0.077
2026-05-09 19:59:24.240,-0.045,0.022,-0.06,-0.054,0.077
2026-05-09 19:59:24.279,-0.045,0.022,-0.06,-0.054,0.077
2026-05-09 19:59:24.319,-0.045,0.022,-0.06,-0.054,0.077
2026-05-09 19:59:24.339,-0.045,0.022,-0.06,-0.054,0.077
2026-05-09 19:59:24.373,-0.045,0.022,-0.06,-0.054,0.077
2026-05-09 19:59:24.426,-0.045,0.022,-0.06,-0.054,0.077
2026-05-09 19:59:24.460,-0.045,0.022,-0.06,-0.054,0.077
2026-05-09 19:59:24.480,-0.045,0.022,-0.06,-0.054,0.077
2026-05-09 19:59:24.519,-0.045,0.022,-0.06,-0.054,0.077
2026-05-09 19:59:24.540,-0.045,0.022,-0.06,-0.054,0.077
2026-05-09 19:59:24.560,-0.045,0.022,-0.06,-0.054,0.077
2026-05-09 19:59:24.599,-0.045,0.022,-0.06,-0.054,0.077
2026-05-09 19:59:24.639,-0.045,0.022,-0.06,-0.054,0.077
2026-05-09 19:59:24.680,-0.045,0.022,-0.06,-0.054,0.077
2026-05-09 19:59:24.719,-0.045,0.022,-0.06,-0.054,0.077
2026-05-09 19:59:24.740,-0.045,0.022,-0.06,-0.054,0.077
2026-05-09 19:59:24.767,-0.045,0.022,-0.06,-0.054,0.077
2026-05-09 19:59:24.799,-0.045,0.022,-0.06,-0.054,0.077
2026-05-09 19:59:24.819,-0.045,0.022,-0.06,-0.054,0.077
2026-05-09 19:59:24.859,-0.045,0.022,-0.06,-0.054,0.077
2026-05-09 19:59:24.879,-0.045,0.022,-0.06,-0.054,0.077
2026-05-09 19:59:24.902,-0.045,0.022,-0.06,-0.054,0.077
2026-05-09 19:59:24.940,-0.045,0.022,-0.06,-0.054,0.077
2026-05-09 19:59:24.979,-0.045,0.022,-0.06,-0.054,0.077
2026-05-09 19:59:24.999,-0.045,0.022,-0.06,-0.054,0.077
2026-05-09 19:59:25.040,-0.045,0.022,-0.06,-0.054,0.077
2026-05-09 19:59:25.079,-0.045,0.022,-0.06,-0.054,0.077
2026-05-09 19:59:25.100,-0.045,0.022,-0.06,-0.054,0.077
2026-05-09 19:59:25.139,-0.045,0.022,-0.06,-0.054,0.077
2026-05-09 19:59:25.160,-0.045,0.022,-0.06,-0.054,0.077
2026-05-09 19:59:25.200,-0.045,0.022,-0.06,-0.054,0.077
2026-05-09 19:59:25.239,-0.045,0.022,-0.06,-0.054,0.077
2026-05-09 19:59:25.259,-0.045,0.022,-0.06,-0.054,0.077
2026-05-09 19:59:25.279,-0.045,0.022,-0.06,-0.054,0.077
2026-05-09 19:59:25.300,-0.045,0.022,-0.06,-0.054,0.077
2026-05-09 19:59:25.321,-0.045,0.022,-0.06,-0.054,0.077
2026-05-09 19:59:25.359,-0.045,0.022,-0.06,-0.054,0.077
2026-05-09 19:59:25.383,-0.045,0.022,-0.06,-0.054,0.077
2026-05-09 19:59:25.420,-0.045,0.022,-0.06,-0.054,0.077
2026-05-09 19:59:25.459,-0.045,0.022,-0.06,-0.054,0.077
2026-05-09 19:59:25.500,-0.045,0.022,-0.06,-0.054,0.077
2026-05-09 19:59:25.540,-0.045,0.022,-0.06,-0.054,0.077
2026-05-09 19:59:25.580,-0.045,0.022,-0.06,-0.054,0.077
2026-05-09 19:59:25.620,-0.045,0.022,-0.06,-0.054,0.077
2026-05-09 19:59:25.647,-0.045,0.022,-0.06,-0.054,0.077
2026-05-09 19:59:25.680,-0.045,0.022,-0.06,-0.054,0.077
2026-05-09 19:59:25.719,-0.045,0.022,-0.06,-0.054,0.077
2026-05-09 19:59:25.740,-0.045,0.022,-0.06,-0.054,0.077
2026-05-09 19:59:25.779,-0.045,0.022,-0.06,-0.054,0.077
2026-05-09 19:59:25.819,-0.045,0.022,-0.06,-0.054,0.077
2026-05-09 19:59:25.840,-0.045,0.022,-0.06,-0.054,0.077
2026-05-09 19:59:25.860,-0.045,0.022,-0.06,-0.054,0.077
2026-05-09 19:59:25.880,-0.045,0.022,-0.06,-0.054,0.077
2026-05-09 19:59:25.919,-0.045,0.022,-0.06,-0.054,0.077
2026-05-09 19:59:25.939,-0.045,0.022,-0.06,-0.054,0.077
2026-05-09 19:59:25.959,-0.045,0.022,-0.06,-0.054,0.077
2026-05-09 19:59:25.980,-0.045,0.022,-0.06,-0.054,0.077
2026-05-09 19:59:26.000,-0.045,0.022,-0.06,-0.054,0.077
2026-05-09 19:59:26.040,-0.045,0.022,-0.06,-0.054,0.077
2026-05-09 19:59:26.079,-0.045,0.022,-0.06,-0.054,0.077
2026-05-09 19:59:26.100,-0.045,0.022,-0.06,-0.054,0.077
2026-05-09 19:59:26.120,-0.045,0.022,-0.06,-0.054,0.077
2026-05-09 19:59:26.159,-0.045,0.022,-0.06,-0.054,0.077
2026-05-09 19:59:26.180,-0.045,0.022,-0.06,-0.054,0.077
2026-05-09 19:59:26.220,-0.045,0.022,-0.06,-0.054,0.077
2026-05-09 19:59:26.259,-0.045,0.022,-0.06,-0.054,0.077
2026-05-09 19:59:26.280,-0.045,0.022,-0.06,-0.054,0.077
2026-05-09 19:59:26.319,-0.045,0.022,-0.06,-0.054,0.077
2026-05-09 19:59:26.339,-0.045,0.022,-0.06,-0.054,0.077
2026-05-09 19:59:26.360,-0.045,0.022,-0.06,-0.054,0.077
2026-05-09 19:59:26.400,-0.045,0.022,-0.06,-0.054,0.077
2026-05-09 19:59:26.439,-0.045,0.022,-0.06,-0.054,0.077
2026-05-09 19:59:26.460,-0.045,0.022,-0.06,-0.054,0.077
2026-05-09 19:59:26.499,-0.045,0.022,-0.06,-0.054,0.077
2026-05-09 19:59:26.520,-0.045,0.022,-0.06,-0.054,0.077
2026-05-09 19:59:26.559,-0.045,0.022,-0.06,-0.054,0.077
2026-05-09 19:59:26.600,-0.045,0.022,-0.06,-0.054,0.077
2026-05-09 19:59:26.621,-0.045,0.022,-0.06,-0.054,0.077
2026-05-09 19:59:26.659,-0.045,0.022,-0.06,-0.054,0.077
2026-05-09 19:59:26.680,-0.045,0.022,-0.06,-0.054,0.077
2026-05-09 19:59:26.719,-0.045,0.022,-0.06,-0.054,0.077
2026-05-09 19:59:26.745,-0.045,0.022,-0.06,-0.054,0.077

Avg error: 3.020m | Max error: 7.820m
