time,actual_x,actual_y,plan_x,plan_y,error_m
2026-05-12 19:50:11.239,41.037,0.097,41.037,0.097,0.0
2026-05-12 19:50:11.288,41.037,0.097,41.037,0.097,0.0
2026-05-12 19:50:11.325,41.037,0.097,41.09,0.346,0.255
2026-05-12 19:50:11.361,41.037,0.097,41.09,0.346,0.255
2026-05-12 19:50:11.394,41.037,0.097,41.09,0.346,0.255
2026-05-12 19:50:11.431,41.037,0.097,41.09,0.346,0.255
2026-05-12 19:50:11.451,41.037,0.097,41.09,0.346,0.255
2026-05-12 19:50:11.491,41.037,0.097,41.09,0.346,0.255
2026-05-12 19:50:11.531,41.037,0.097,41.09,0.346,0.255
2026-05-12 19:50:11.553,41.037,0.097,41.09,0.346,0.255
2026-05-12 19:50:11.591,41.037,0.097,41.09,0.346,0.255
2026-05-12 19:50:11.630,41.037,0.097,41.09,0.346,0.255
2026-05-12 19:50:11.671,41.037,0.097,41.09,0.346,0.255
2026-05-12 19:50:11.691,41.037,0.097,41.09,0.346,0.255
2026-05-12 19:50:11.711,41.037,0.097,41.09,0.346,0.255
2026-05-12 19:50:11.751,41.037,0.097,41.09,0.346,0.255
2026-05-12 19:50:11.773,41.037,0.097,41.09,0.346,0.255
2026-05-12 19:50:11.810,41.037,0.097,41.09,0.346,0.255
2026-05-12 19:50:11.831,41.037,0.097,41.09,0.346,0.255
2026-05-12 19:50:11.871,41.037,0.097,41.09,0.346,0.255
2026-05-12 19:50:11.910,41.037,0.097,41.09,0.346,0.255
2026-05-12 19:50:11.932,41.037,0.097,41.09,0.346,0.255
2026-05-12 19:50:11.971,41.037,0.097,41.09,0.346,0.255
2026-05-12 19:50:12.011,41.037,0.097,41.09,0.346,0.255
2026-05-12 19:50:12.050,41.037,0.097,41.09,0.346,0.255
2026-05-12 19:50:12.071,41.037,0.097,41.09,0.346,0.255
2026-05-12 19:50:12.111,41.037,0.097,41.09,0.346,0.255
2026-05-12 19:50:12.151,41.037,0.097,41.09,0.346,0.255
2026-05-12 19:50:12.171,41.037,0.097,41.09,0.346,0.255
2026-05-12 19:50:12.210,41.037,0.097,41.09,0.346,0.255
2026-05-12 19:50:12.232,41.037,0.097,41.09,0.346,0.255
2026-05-12 19:50:12.271,41.037,0.097,41.09,0.346,0.255
2026-05-12 19:50:12.311,41.037,0.097,41.09,0.346,0.255
2026-05-12 19:50:12.331,41.037,0.097,41.09,0.346,0.255
2026-05-12 19:50:12.351,41.037,0.097,41.09,0.346,0.255
2026-05-12 19:50:12.390,41.037,0.097,41.09,0.346,0.255
2026-05-12 19:50:12.410,41.037,0.097,41.09,0.346,0.255
2026-05-12 19:50:12.450,41.037,0.097,41.09,0.346,0.255
2026-05-12 19:50:12.471,41.037,0.097,41.09,0.346,0.255
2026-05-12 19:50:12.511,41.037,0.097,41.09,0.346,0.255
2026-05-12 19:50:12.533,41.037,0.097,41.09,0.346,0.255
2026-05-12 19:50:12.571,41.037,0.097,41.09,0.346,0.255
2026-05-12 19:50:12.611,41.037,0.097,41.09,0.346,0.255
2026-05-12 19:50:12.651,41.037,0.097,41.09,0.346,0.255
2026-05-12 19:50:12.671,41.037,0.097,41.09,0.346,0.255
2026-05-12 19:50:12.710,41.037,0.097,41.09,0.346,0.255
2026-05-12 19:50:12.731,41.037,0.097,41.09,0.346,0.255
2026-05-12 19:50:12.773,41.037,0.097,41.09,0.346,0.255
2026-05-12 19:50:12.811,41.037,0.097,41.09,0.346,0.255
2026-05-12 19:50:12.831,41.037,0.097,41.09,0.346,0.255
2026-05-12 19:50:12.870,41.037,0.097,41.09,0.346,0.255
2026-05-12 19:50:12.890,41.037,0.097,41.09,0.346,0.255
2026-05-12 19:50:12.911,41.037,0.097,41.09,0.346,0.255
2026-05-12 19:50:12.950,41.037,0.097,41.09,0.346,0.255
2026-05-12 19:50:12.971,41.037,0.097,41.09,0.346,0.255
2026-05-12 19:50:12.991,41.037,0.097,41.09,0.346,0.255
2026-05-12 19:50:13.011,41.037,0.097,41.09,0.346,0.255
2026-05-12 19:50:13.032,41.037,0.097,41.09,0.346,0.255
2026-05-12 19:50:13.071,41.037,0.097,41.09,0.346,0.255
2026-05-12 19:50:13.091,41.037,0.097,41.09,0.346,0.255
2026-05-12 19:50:13.130,41.037,0.097,41.09,0.346,0.255
2026-05-12 19:50:13.171,41.037,0.097,41.09,0.346,0.255
2026-05-12 19:50:13.200,41.037,0.097,41.09,0.346,0.255
2026-05-12 19:50:13.230,41.037,0.097,41.09,0.346,0.255
2026-05-12 19:50:13.271,41.037,0.097,41.09,0.346,0.255
2026-05-12 19:50:13.310,41.037,0.097,41.09,0.346,0.255
2026-05-12 19:50:13.379,41.037,0.097,41.09,0.346,0.255
2026-05-12 19:50:13.477,41.037,0.097,41.09,0.346,0.255
2026-05-12 19:50:13.498,41.037,0.097,41.09,0.346,0.255
2026-05-12 19:50:13.525,41.037,0.097,41.09,0.346,0.255
2026-05-12 19:50:13.550,41.037,0.097,41.09,0.346,0.255
2026-05-12 19:50:13.591,41.037,0.097,41.09,0.346,0.255
2026-05-12 19:50:13.632,41.037,0.097,41.09,0.346,0.255
2026-05-12 19:50:13.661,41.037,0.097,41.09,0.346,0.255
2026-05-12 19:50:13.691,41.037,0.097,41.09,0.346,0.255
2026-05-12 19:50:13.711,41.037,0.097,41.09,0.346,0.255
2026-05-12 19:50:13.731,41.037,0.097,41.09,0.346,0.255
2026-05-12 19:50:13.770,41.037,0.097,41.09,0.346,0.255
2026-05-12 19:50:13.810,41.037,0.097,41.09,0.346,0.255
2026-05-12 19:50:13.831,41.037,0.097,41.09,0.346,0.255
2026-05-12 19:50:13.852,41.037,0.097,41.09,0.346,0.255
2026-05-12 19:50:13.890,41.037,0.097,41.09,0.346,0.255
2026-05-12 19:50:13.911,41.037,0.097,41.09,0.346,0.255
2026-05-12 19:50:13.931,41.037,0.097,41.09,0.346,0.255
2026-05-12 19:50:13.951,41.037,0.097,41.09,0.346,0.255
2026-05-12 19:50:13.990,41.037,0.097,41.09,0.346,0.255
2026-05-12 19:50:14.031,41.037,0.097,41.09,0.346,0.255
2026-05-12 19:50:14.071,41.037,0.097,41.09,0.346,0.255
2026-05-12 19:50:14.110,41.037,0.097,41.09,0.346,0.255
2026-05-12 19:50:14.131,41.037,0.097,41.09,0.346,0.255
2026-05-12 19:50:14.173,41.037,0.097,41.09,0.346,0.255
2026-05-12 19:50:14.210,41.037,0.097,41.09,0.346,0.255
2026-05-12 19:50:14.251,41.037,0.097,41.09,0.346,0.255
2026-05-12 19:50:14.272,41.037,0.097,41.09,0.346,0.255
2026-05-12 19:50:14.310,41.037,0.097,41.09,0.346,0.255
2026-05-12 19:50:14.331,41.037,0.097,41.09,0.346,0.255
2026-05-12 19:50:14.351,41.037,0.097,41.09,0.346,0.255
2026-05-12 19:50:14.390,41.037,0.097,41.09,0.346,0.255
2026-05-12 19:50:14.410,41.037,0.097,41.09,0.346,0.255
2026-05-12 19:50:14.430,41.037,0.097,41.09,0.346,0.255
2026-05-12 19:50:14.451,41.037,0.097,41.09,0.346,0.255
2026-05-12 19:50:14.471,41.037,0.097,41.09,0.346,0.255
2026-05-12 19:50:14.491,41.037,0.097,41.09,0.346,0.255
2026-05-12 19:50:14.514,41.037,0.097,41.09,0.346,0.255
2026-05-12 19:50:14.551,41.037,0.097,41.09,0.346,0.255
2026-05-12 19:50:14.571,41.037,0.097,41.09,0.346,0.255
2026-05-12 19:50:14.610,41.037,0.097,41.09,0.346,0.255
2026-05-12 19:50:14.630,41.037,0.097,41.09,0.346,0.255
2026-05-12 19:50:14.651,41.037,0.097,41.09,0.346,0.255
2026-05-12 19:50:14.691,41.037,0.097,41.09,0.346,0.255
2026-05-12 19:50:14.732,41.037,0.097,41.09,0.346,0.255
2026-05-12 19:50:14.771,41.037,0.097,41.09,0.346,0.255
2026-05-12 19:50:14.811,41.037,0.097,41.09,0.346,0.255
2026-05-12 19:50:14.850,41.037,0.097,41.09,0.346,0.255
2026-05-12 19:50:14.870,41.037,0.097,41.09,0.346,0.255
2026-05-12 19:50:14.891,41.037,0.097,41.09,0.346,0.255
2026-05-12 19:50:14.930,41.037,0.097,41.09,0.346,0.255
2026-05-12 19:50:14.970,41.037,0.097,41.09,0.346,0.255
2026-05-12 19:50:15.010,41.037,0.097,41.09,0.346,0.255
2026-05-12 19:50:15.031,41.037,0.097,41.09,0.346,0.255
2026-05-12 19:50:15.070,41.037,0.097,41.09,0.346,0.255
2026-05-12 19:50:15.090,41.037,0.097,41.09,0.346,0.255
2026-05-12 19:50:15.111,41.037,0.097,41.09,0.346,0.255
2026-05-12 19:50:15.151,41.037,0.097,41.09,0.346,0.255
2026-05-12 19:50:15.190,41.037,0.097,41.09,0.346,0.255
2026-05-12 19:50:15.211,41.037,0.097,41.09,0.346,0.255
2026-05-12 19:50:15.231,41.037,0.097,41.09,0.346,0.255
2026-05-12 19:50:15.270,41.037,0.097,41.09,0.346,0.255
2026-05-12 19:50:15.290,41.037,0.097,41.09,0.346,0.255
2026-05-12 19:50:15.311,41.037,0.097,41.09,0.346,0.255
2026-05-12 19:50:15.350,41.037,0.097,41.09,0.346,0.255
2026-05-12 19:50:15.371,41.037,0.097,41.09,0.346,0.255
2026-05-12 19:50:15.391,41.037,0.097,41.09,0.346,0.255
2026-05-12 19:50:15.411,41.037,0.097,41.09,0.346,0.255
2026-05-12 19:50:15.450,41.037,0.097,41.09,0.346,0.255
2026-05-12 19:50:15.470,41.037,0.097,41.09,0.346,0.255
2026-05-12 19:50:15.491,41.037,0.097,41.09,0.346,0.255
2026-05-12 19:50:15.511,41.037,0.097,41.09,0.346,0.255
2026-05-12 19:50:15.531,41.037,0.097,41.09,0.346,0.255
2026-05-12 19:50:15.570,41.037,0.097,41.09,0.346,0.255
2026-05-12 19:50:15.591,41.037,0.097,41.09,0.346,0.255
2026-05-12 19:50:15.630,41.037,0.097,41.09,0.346,0.255
2026-05-12 19:50:15.651,41.037,0.097,41.09,0.346,0.255
2026-05-12 19:50:15.690,41.037,0.097,41.09,0.346,0.255
2026-05-12 19:50:15.730,41.037,0.097,41.09,0.346,0.255
2026-05-12 19:50:15.771,41.037,0.097,41.09,0.346,0.255
2026-05-12 19:50:15.811,41.037,0.097,41.09,0.346,0.255
2026-05-12 19:50:15.831,41.037,0.097,41.09,0.346,0.255
2026-05-12 19:50:15.871,41.037,0.097,41.09,0.346,0.255
2026-05-12 19:50:15.910,41.037,0.097,41.09,0.346,0.255
2026-05-12 19:50:15.931,41.037,0.097,41.09,0.346,0.255
2026-05-12 19:50:15.971,41.037,0.097,41.09,0.346,0.255
2026-05-12 19:50:15.991,41.037,0.097,41.09,0.346,0.255
2026-05-12 19:50:16.034,41.037,0.097,41.09,0.346,0.255
2026-05-12 19:50:16.071,41.037,0.097,41.09,0.346,0.255
2026-05-12 19:50:16.091,41.037,0.097,41.09,0.346,0.255
2026-05-12 19:50:16.111,41.037,0.097,41.09,0.346,0.255
2026-05-12 19:50:16.131,41.037,0.097,41.09,0.346,0.255
2026-05-12 19:50:16.171,41.037,0.097,41.09,0.346,0.255
2026-05-12 19:50:16.191,41.037,0.097,41.09,0.346,0.255
2026-05-12 19:50:16.231,41.037,0.097,41.09,0.346,0.255
2026-05-12 19:50:16.251,41.037,0.097,41.09,0.346,0.255
2026-05-12 19:50:16.271,41.037,0.097,41.09,0.346,0.255
2026-05-12 19:50:16.311,41.037,0.097,41.09,0.346,0.255
2026-05-12 19:50:16.351,41.037,0.097,41.09,0.346,0.255
2026-05-12 19:50:16.391,41.037,0.097,41.09,0.346,0.255
2026-05-12 19:50:16.411,41.037,0.097,41.09,0.346,0.255
2026-05-12 19:50:16.431,41.037,0.097,41.09,0.346,0.255
2026-05-12 19:50:16.471,41.037,0.097,41.09,0.346,0.255
2026-05-12 19:50:16.511,41.037,0.097,41.09,0.346,0.255
2026-05-12 19:50:16.551,41.037,0.097,41.09,0.346,0.255
2026-05-12 19:50:16.571,41.037,0.097,41.09,0.346,0.255
2026-05-12 19:50:16.597,41.037,0.097,41.09,0.346,0.255
2026-05-12 19:50:16.630,41.037,0.097,41.09,0.346,0.255
2026-05-12 19:50:16.650,41.037,0.097,41.09,0.346,0.255
2026-05-12 19:50:16.691,41.037,0.097,41.09,0.346,0.255
2026-05-12 19:50:16.731,41.037,0.097,41.09,0.346,0.255
2026-05-12 19:50:16.771,41.037,0.097,41.09,0.346,0.255
2026-05-12 19:50:16.811,41.037,0.097,41.09,0.346,0.255
2026-05-12 19:50:16.850,41.037,0.097,41.09,0.346,0.255
2026-05-12 19:50:16.871,41.037,0.097,41.09,0.346,0.255
2026-05-12 19:50:16.910,41.037,0.097,41.09,0.346,0.255
2026-05-12 19:50:16.935,41.037,0.097,41.09,0.346,0.255
2026-05-12 19:50:16.971,41.037,0.097,41.09,0.346,0.255
2026-05-12 19:50:17.011,41.037,0.097,41.09,0.346,0.255
2026-05-12 19:50:17.050,41.037,0.097,41.09,0.346,0.255
2026-05-12 19:50:17.070,41.037,0.097,41.09,0.346,0.255
2026-05-12 19:50:17.103,41.037,0.097,41.09,0.346,0.255
2026-05-12 19:50:17.130,41.037,0.097,41.09,0.346,0.255
2026-05-12 19:50:17.162,41.037,0.097,41.09,0.346,0.255
2026-05-12 19:50:17.190,41.037,0.097,41.09,0.346,0.255
2026-05-12 19:50:17.231,41.037,0.097,41.09,0.346,0.255
2026-05-12 19:50:17.271,41.037,0.097,41.09,0.346,0.255
2026-05-12 19:50:17.311,41.037,0.097,41.09,0.346,0.255
2026-05-12 19:50:17.331,41.037,0.097,41.09,0.346,0.255
2026-05-12 19:50:17.371,41.037,0.097,41.09,0.346,0.255
2026-05-12 19:50:17.410,41.037,0.097,41.09,0.346,0.255
2026-05-12 19:50:17.431,41.037,0.097,41.09,0.346,0.255
2026-05-12 19:50:17.471,41.037,0.097,41.09,0.346,0.255
2026-05-12 19:50:17.511,41.037,0.097,41.09,0.346,0.255
2026-05-12 19:50:17.551,41.037,0.097,41.09,0.346,0.255
2026-05-12 19:50:17.571,41.037,0.097,41.09,0.346,0.255
2026-05-12 19:50:17.611,41.037,0.097,41.09,0.346,0.255
2026-05-12 19:50:17.651,41.037,0.097,41.09,0.346,0.255
2026-05-12 19:50:17.691,41.037,0.097,41.09,0.346,0.255
2026-05-12 19:50:17.730,41.037,0.097,41.09,0.346,0.255
2026-05-12 19:50:17.755,41.037,0.097,41.09,0.346,0.255
2026-05-12 19:50:17.791,41.037,0.097,41.09,0.346,0.255
2026-05-12 19:50:17.830,41.037,0.097,41.09,0.346,0.255
2026-05-12 19:50:17.851,41.037,0.097,41.09,0.346,0.255
2026-05-12 19:50:17.891,41.037,0.097,41.09,0.346,0.255
2026-05-12 19:50:17.930,41.037,0.097,41.09,0.346,0.255
2026-05-12 19:50:17.951,41.037,0.097,41.09,0.346,0.255
2026-05-12 19:50:17.971,41.037,0.097,41.09,0.346,0.255
2026-05-12 19:50:18.011,41.037,0.097,41.09,0.346,0.255
2026-05-12 19:50:18.031,41.037,0.097,41.09,0.346,0.255
2026-05-12 19:50:18.070,41.037,0.097,41.09,0.346,0.255
2026-05-12 19:50:18.090,41.037,0.097,41.09,0.346,0.255
2026-05-12 19:50:18.111,41.037,0.097,41.09,0.346,0.255
2026-05-12 19:50:18.151,41.037,0.097,41.09,0.346,0.255
2026-05-12 19:50:18.171,41.037,0.097,41.09,0.346,0.255
2026-05-12 19:50:18.210,41.037,0.097,41.09,0.346,0.255
2026-05-12 19:50:18.230,41.037,0.097,41.09,0.346,0.255
2026-05-12 19:50:18.270,41.037,0.097,41.09,0.346,0.255
2026-05-12 19:50:18.291,41.037,0.097,41.09,0.346,0.255
2026-05-12 19:50:18.331,41.037,0.097,41.09,0.346,0.255
2026-05-12 19:50:18.371,41.037,0.097,41.09,0.346,0.255
2026-05-12 19:50:18.391,41.037,0.097,41.09,0.346,0.255
2026-05-12 19:50:18.431,41.037,0.097,41.09,0.346,0.255
2026-05-12 19:50:18.451,41.037,0.097,41.09,0.346,0.255
2026-05-12 19:50:18.490,41.037,0.097,41.09,0.346,0.255
2026-05-12 19:50:18.530,41.037,0.097,41.09,0.346,0.255
2026-05-12 19:50:18.551,41.037,0.097,41.09,0.346,0.255
2026-05-12 19:50:18.590,41.037,0.097,41.09,0.346,0.255
2026-05-12 19:50:18.611,41.037,0.097,41.09,0.346,0.255
2026-05-12 19:50:18.651,41.037,0.097,41.09,0.346,0.255
2026-05-12 19:50:18.691,41.037,0.097,41.09,0.346,0.255
2026-05-12 19:50:18.731,41.037,0.097,41.09,0.346,0.255
2026-05-12 19:50:18.751,41.037,0.097,41.09,0.346,0.255
2026-05-12 19:50:18.790,41.037,0.097,41.09,0.346,0.255
2026-05-12 19:50:18.812,41.037,0.097,41.09,0.346,0.255
2026-05-12 19:50:18.851,41.037,0.097,41.09,0.346,0.255
2026-05-12 19:50:18.890,41.037,0.097,41.09,0.346,0.255
2026-05-12 19:50:18.911,41.037,0.097,41.09,0.346,0.255
2026-05-12 19:50:18.950,41.037,0.097,41.09,0.346,0.255
2026-05-12 19:50:18.971,41.037,0.097,41.09,0.346,0.255
2026-05-12 19:50:19.011,41.037,0.097,41.09,0.346,0.255
2026-05-12 19:50:19.051,41.037,0.097,41.09,0.346,0.255
2026-05-12 19:50:19.091,41.037,0.097,41.09,0.346,0.255
2026-05-12 19:50:19.113,41.037,0.097,41.09,0.346,0.255
2026-05-12 19:50:19.150,41.037,0.097,41.09,0.346,0.255
2026-05-12 19:50:19.171,41.037,0.097,41.09,0.346,0.255
2026-05-12 19:50:19.191,41.037,0.097,41.09,0.346,0.255
2026-05-12 19:50:19.231,41.037,0.097,41.09,0.346,0.255
2026-05-12 19:50:19.251,41.037,0.097,41.09,0.346,0.255
2026-05-12 19:50:19.291,41.037,0.097,41.09,0.346,0.255
2026-05-12 19:50:19.311,41.037,0.097,41.09,0.346,0.255
2026-05-12 19:50:19.350,41.037,0.097,41.09,0.346,0.255
2026-05-12 19:50:19.370,41.037,0.097,41.09,0.346,0.255
2026-05-12 19:50:19.391,41.037,0.097,41.09,0.346,0.255
2026-05-12 19:50:19.411,41.037,0.097,41.09,0.346,0.255
2026-05-12 19:50:19.452,41.037,0.097,41.09,0.346,0.255
2026-05-12 19:50:19.491,41.037,0.097,41.09,0.346,0.255
2026-05-12 19:50:19.511,41.037,0.097,41.09,0.346,0.255
2026-05-12 19:50:19.550,41.037,0.097,41.09,0.346,0.255
2026-05-12 19:50:19.571,41.037,0.097,41.09,0.346,0.255
2026-05-12 19:50:19.591,41.037,0.097,41.09,0.346,0.255
2026-05-12 19:50:19.630,41.037,0.097,41.09,0.346,0.255
2026-05-12 19:50:19.651,41.037,0.097,41.09,0.346,0.255
2026-05-12 19:50:19.671,41.037,0.097,41.09,0.346,0.255
2026-05-12 19:50:19.691,41.037,0.097,41.09,0.346,0.255
2026-05-12 19:50:19.730,41.037,0.097,41.09,0.346,0.255
2026-05-12 19:50:19.750,41.037,0.097,41.09,0.346,0.255
2026-05-12 19:50:19.791,41.037,0.097,41.09,0.346,0.255
2026-05-12 19:50:19.811,41.037,0.097,41.09,0.346,0.255
2026-05-12 19:50:19.851,41.037,0.097,41.09,0.346,0.255
2026-05-12 19:50:19.871,41.037,0.097,41.09,0.346,0.255
2026-05-12 19:50:19.911,41.037,0.097,41.09,0.346,0.255
2026-05-12 19:50:19.951,41.037,0.097,41.09,0.346,0.255
2026-05-12 19:50:19.971,41.037,0.097,41.09,0.346,0.255
2026-05-12 19:50:20.011,41.037,0.097,41.09,0.346,0.255
2026-05-12 19:50:20.050,41.037,0.097,41.09,0.346,0.255
2026-05-12 19:50:20.074,41.037,0.097,41.09,0.346,0.255
2026-05-12 19:50:20.122,41.037,0.097,41.09,0.346,0.255
2026-05-12 19:50:20.151,41.037,0.097,41.09,0.346,0.255
2026-05-12 19:50:20.177,41.037,0.097,41.09,0.346,0.255
2026-05-12 19:50:20.211,41.037,0.097,41.09,0.346,0.255
2026-05-12 19:50:20.231,41.037,0.097,41.09,0.346,0.255
2026-05-12 19:50:20.270,41.037,0.097,41.09,0.346,0.255
2026-05-12 19:50:20.291,41.037,0.097,41.09,0.346,0.255
2026-05-12 19:50:20.330,41.037,0.097,41.09,0.346,0.255
2026-05-12 19:50:20.371,41.037,0.097,41.09,0.346,0.255
2026-05-12 19:50:20.411,41.037,0.097,41.09,0.346,0.255
2026-05-12 19:50:20.435,41.037,0.097,41.09,0.346,0.255
2026-05-12 19:50:20.471,41.037,0.097,41.09,0.346,0.255
2026-05-12 19:50:20.511,41.037,0.097,41.09,0.346,0.255
2026-05-12 19:50:20.550,41.037,0.097,41.09,0.346,0.255
2026-05-12 19:50:20.571,41.037,0.097,41.09,0.346,0.255
2026-05-12 19:50:20.611,41.037,0.097,41.09,0.346,0.255
2026-05-12 19:50:20.631,41.037,0.097,41.09,0.346,0.255
2026-05-12 19:50:20.670,41.037,0.097,41.09,0.346,0.255
2026-05-12 19:50:20.691,41.037,0.097,41.09,0.346,0.255
2026-05-12 19:50:20.730,41.037,0.097,41.09,0.346,0.255
2026-05-12 19:50:20.750,41.037,0.097,41.09,0.346,0.255
2026-05-12 19:50:20.771,41.037,0.097,41.09,0.346,0.255
2026-05-12 19:50:20.811,41.037,0.097,41.09,0.346,0.255
2026-05-12 19:50:20.831,41.037,0.097,41.09,0.346,0.255
2026-05-12 19:50:20.870,41.037,0.097,41.09,0.346,0.255
2026-05-12 19:50:20.890,41.037,0.097,41.09,0.346,0.255
2026-05-12 19:50:20.911,41.037,0.097,41.09,0.346,0.255
2026-05-12 19:50:20.951,41.037,0.097,41.09,0.346,0.255
2026-05-12 19:50:20.991,41.037,0.097,41.09,0.346,0.255
2026-05-12 19:50:21.030,41.037,0.097,41.09,0.346,0.255
2026-05-12 19:50:21.051,41.037,0.097,41.09,0.346,0.255
2026-05-12 19:50:21.091,41.037,0.097,41.09,0.346,0.255
2026-05-12 19:50:21.130,41.037,0.097,41.09,0.346,0.255
2026-05-12 19:50:21.150,41.037,0.097,41.09,0.346,0.255
2026-05-12 19:50:21.170,41.037,0.097,41.09,0.346,0.255
2026-05-12 19:50:21.213,41.037,0.097,41.09,0.346,0.255
2026-05-12 19:50:21.251,41.037,0.097,41.09,0.346,0.255
2026-05-12 19:50:21.271,41.037,0.097,41.09,0.346,0.255
2026-05-12 19:50:21.291,41.037,0.097,41.09,0.346,0.255
2026-05-12 19:50:21.331,41.037,0.097,41.09,0.346,0.255
2026-05-12 19:50:21.370,41.037,0.097,41.09,0.346,0.255
2026-05-12 19:50:21.416,41.037,0.097,41.09,0.346,0.255
2026-05-12 19:50:21.450,41.037,0.097,41.09,0.346,0.255
2026-05-12 19:50:21.490,41.037,0.097,41.09,0.346,0.255
2026-05-12 19:50:21.511,41.037,0.097,41.09,0.346,0.255
2026-05-12 19:50:21.551,41.037,0.097,41.09,0.346,0.255
2026-05-12 19:50:21.591,41.037,0.097,41.09,0.346,0.255
2026-05-12 19:50:21.630,41.037,0.097,41.09,0.346,0.255
2026-05-12 19:50:21.651,41.037,0.097,41.09,0.346,0.255
2026-05-12 19:50:21.690,41.037,0.097,41.09,0.346,0.255
2026-05-12 19:50:21.710,41.037,0.097,41.09,0.346,0.255
2026-05-12 19:50:21.751,41.037,0.097,41.09,0.346,0.255
2026-05-12 19:50:21.771,41.037,0.097,41.09,0.346,0.255
2026-05-12 19:50:21.791,41.037,0.097,41.09,0.346,0.255
2026-05-12 19:50:21.831,41.037,0.097,41.09,0.346,0.255
2026-05-12 19:50:21.870,41.037,0.097,41.09,0.346,0.255
2026-05-12 19:50:21.891,41.037,0.097,41.09,0.346,0.255
2026-05-12 19:50:21.930,41.037,0.097,41.09,0.346,0.255
2026-05-12 19:50:21.971,41.037,0.097,41.09,0.346,0.255
2026-05-12 19:50:21.991,41.037,0.097,41.09,0.346,0.255
2026-05-12 19:50:22.030,41.037,0.097,41.09,0.346,0.255
2026-05-12 19:50:22.050,41.037,0.097,41.09,0.346,0.255
2026-05-12 19:50:22.090,41.037,0.097,41.09,0.346,0.255
2026-05-12 19:50:22.130,41.037,0.097,41.09,0.346,0.255
2026-05-12 19:50:22.171,41.037,0.097,41.09,0.346,0.255
2026-05-12 19:50:22.211,41.037,0.097,41.09,0.346,0.255
2026-05-12 19:50:22.251,41.037,0.097,41.09,0.346,0.255
2026-05-12 19:50:22.292,41.037,0.097,41.09,0.346,0.255
2026-05-12 19:50:22.330,41.037,0.097,41.09,0.346,0.255
2026-05-12 19:50:22.371,41.037,0.097,41.09,0.346,0.255
2026-05-12 19:50:22.411,41.037,0.097,41.09,0.346,0.255
2026-05-12 19:50:22.451,41.037,0.097,41.09,0.346,0.255
2026-05-12 19:50:22.490,41.037,0.097,41.09,0.346,0.255
2026-05-12 19:50:22.530,41.037,0.097,41.09,0.346,0.255
2026-05-12 19:50:22.551,41.037,0.097,41.09,0.346,0.255
2026-05-12 19:50:22.591,41.037,0.097,41.09,0.346,0.255
2026-05-12 19:50:22.630,41.037,0.097,41.09,0.346,0.255
2026-05-12 19:50:22.651,41.037,0.097,41.09,0.346,0.255
2026-05-12 19:50:22.690,41.037,0.097,41.09,0.346,0.255
2026-05-12 19:50:22.711,41.037,0.097,41.09,0.346,0.255
2026-05-12 19:50:22.750,41.037,0.097,41.09,0.346,0.255
2026-05-12 19:50:22.771,41.037,0.097,41.09,0.346,0.255
2026-05-12 19:50:22.811,41.037,0.097,41.09,0.346,0.255
2026-05-12 19:50:22.850,41.037,0.097,41.09,0.346,0.255
2026-05-12 19:50:22.871,41.037,0.097,41.09,0.346,0.255
2026-05-12 19:50:22.911,41.037,0.097,41.09,0.346,0.255
2026-05-12 19:50:22.950,41.037,0.097,41.09,0.346,0.255
2026-05-12 19:50:22.971,41.037,0.097,41.09,0.346,0.255
2026-05-12 19:50:22.991,41.037,0.097,41.09,0.346,0.255
2026-05-12 19:50:23.011,41.037,0.097,41.09,0.346,0.255
2026-05-12 19:50:23.051,41.037,0.097,41.09,0.346,0.255
2026-05-12 19:50:23.071,41.037,0.097,41.09,0.346,0.255
2026-05-12 19:50:23.091,41.037,0.097,41.09,0.346,0.255
2026-05-12 19:50:23.131,41.037,0.097,41.09,0.346,0.255
2026-05-12 19:50:23.151,41.037,0.097,41.09,0.346,0.255
2026-05-12 19:50:23.191,41.037,0.097,41.09,0.346,0.255
2026-05-12 19:50:23.230,41.037,0.097,41.09,0.346,0.255
2026-05-12 19:50:23.271,41.037,0.097,41.09,0.346,0.255
2026-05-12 19:50:23.310,41.037,0.097,41.09,0.346,0.255
2026-05-12 19:50:23.331,41.037,0.097,41.09,0.346,0.255
2026-05-12 19:50:23.370,41.037,0.097,41.09,0.346,0.255
2026-05-12 19:50:23.391,41.037,0.097,41.09,0.346,0.255
2026-05-12 19:50:23.411,41.037,0.097,41.09,0.346,0.255
2026-05-12 19:50:23.450,41.037,0.097,41.09,0.346,0.255
2026-05-12 19:50:23.470,41.037,0.097,41.09,0.346,0.255
2026-05-12 19:50:23.490,41.037,0.097,41.09,0.346,0.255
2026-05-12 19:50:23.511,41.037,0.097,41.09,0.346,0.255
2026-05-12 19:50:23.537,41.037,0.097,41.09,0.346,0.255
2026-05-12 19:50:23.571,41.037,0.097,41.09,0.346,0.255
2026-05-12 19:50:23.594,41.037,0.097,41.09,0.346,0.255
2026-05-12 19:50:23.618,41.037,0.097,41.09,0.346,0.255
2026-05-12 19:50:23.652,41.037,0.097,41.09,0.346,0.255
2026-05-12 19:50:23.691,41.037,0.097,41.09,0.346,0.255
2026-05-12 19:50:23.731,41.037,0.097,41.09,0.346,0.255
2026-05-12 19:50:23.751,41.037,0.097,41.09,0.346,0.255
2026-05-12 19:50:23.791,41.037,0.097,41.09,0.346,0.255
2026-05-12 19:50:23.830,41.041,0.124,41.09,0.346,0.227
2026-05-12 19:50:23.852,41.041,0.124,41.09,0.346,0.227
2026-05-12 19:50:23.891,41.041,0.124,41.09,0.346,0.227
2026-05-12 19:50:23.911,41.041,0.124,41.09,0.346,0.227
2026-05-12 19:50:23.950,41.041,0.124,41.09,0.346,0.227
2026-05-12 19:50:23.991,41.041,0.124,41.09,0.346,0.227
2026-05-12 19:50:24.032,41.041,0.124,41.09,0.346,0.227
2026-05-12 19:50:24.070,41.041,0.124,41.09,0.346,0.227
2026-05-12 19:50:24.091,41.041,0.124,41.09,0.346,0.227
2026-05-12 19:50:24.130,41.041,0.124,41.09,0.346,0.227
2026-05-12 19:50:24.151,41.041,0.124,41.09,0.346,0.227
2026-05-12 19:50:24.190,41.041,0.124,41.09,0.346,0.227
2026-05-12 19:50:24.211,41.041,0.124,41.09,0.346,0.227
2026-05-12 19:50:24.253,41.041,0.127,41.09,0.346,0.224
2026-05-12 19:50:24.290,41.041,0.127,41.09,0.346,0.224
2026-05-12 19:50:24.311,41.041,0.127,41.09,0.346,0.224
2026-05-12 19:50:24.331,41.041,0.127,41.09,0.346,0.224
2026-05-12 19:50:24.370,41.041,0.127,41.09,0.346,0.224
2026-05-12 19:50:24.391,41.041,0.127,41.09,0.346,0.224
2026-05-12 19:50:24.430,41.041,0.127,41.09,0.346,0.224
2026-05-12 19:50:24.450,41.041,0.127,41.09,0.346,0.224
2026-05-12 19:50:24.491,41.041,0.127,41.09,0.346,0.224
2026-05-12 19:50:24.530,41.041,0.127,41.09,0.346,0.224
2026-05-12 19:50:24.551,41.041,0.127,41.09,0.346,0.224
2026-05-12 19:50:24.595,41.041,0.127,41.09,0.346,0.224
2026-05-12 19:50:24.630,41.041,0.127,41.09,0.346,0.224
2026-05-12 19:50:24.670,41.041,0.127,41.09,0.346,0.224
2026-05-12 19:50:24.690,41.041,0.127,41.09,0.346,0.224
2026-05-12 19:50:24.714,41.041,0.127,41.09,0.346,0.224
2026-05-12 19:50:24.751,41.041,0.127,41.09,0.346,0.224
2026-05-12 19:50:24.790,41.031,0.076,41.09,0.346,0.277
2026-05-12 19:50:24.811,41.031,0.076,41.09,0.346,0.277
2026-05-12 19:50:24.850,41.031,0.076,41.09,0.346,0.277
2026-05-12 19:50:24.871,41.031,0.076,41.09,0.346,0.277
2026-05-12 19:50:24.911,41.031,0.076,41.09,0.346,0.277
2026-05-12 19:50:24.951,41.031,0.076,41.09,0.346,0.277
2026-05-12 19:50:24.991,41.031,0.076,41.09,0.346,0.277
2026-05-12 19:50:25.011,41.031,0.076,41.09,0.346,0.277
2026-05-12 19:50:25.051,41.031,0.076,41.09,0.346,0.277
2026-05-12 19:50:25.091,41.031,0.076,41.09,0.346,0.277
2026-05-12 19:50:25.130,41.031,0.076,41.09,0.346,0.277
2026-05-12 19:50:25.153,41.031,0.076,41.09,0.346,0.277
2026-05-12 19:50:25.190,41.031,0.076,41.09,0.346,0.277
2026-05-12 19:50:25.211,41.031,0.076,41.09,0.346,0.277
2026-05-12 19:50:25.251,41.031,0.076,41.09,0.346,0.277
2026-05-12 19:50:25.291,41.036,-0.016,41.09,0.346,0.366
2026-05-12 19:50:25.331,41.036,-0.016,41.09,0.346,0.366
2026-05-12 19:50:25.371,41.036,-0.016,41.09,0.346,0.366
2026-05-12 19:50:25.411,41.036,-0.016,41.09,0.346,0.366
2026-05-12 19:50:25.451,41.036,-0.016,41.09,0.346,0.366
2026-05-12 19:50:25.491,41.036,-0.016,41.09,0.346,0.366
2026-05-12 19:50:25.531,41.036,-0.016,41.09,0.346,0.366
2026-05-12 19:50:25.570,41.036,-0.016,41.09,0.346,0.366
2026-05-12 19:50:25.591,41.036,-0.016,41.09,0.346,0.366
2026-05-12 19:50:25.611,41.036,-0.016,41.09,0.346,0.366
2026-05-12 19:50:25.651,41.036,-0.016,41.09,0.346,0.366
2026-05-12 19:50:25.694,41.036,-0.016,41.09,0.346,0.366
2026-05-12 19:50:25.731,41.036,-0.016,41.09,0.346,0.366
2026-05-12 19:50:25.771,41.036,-0.016,41.09,0.346,0.366
2026-05-12 19:50:25.811,41.036,-0.016,41.09,0.346,0.366
2026-05-12 19:50:25.851,41.036,-0.016,41.09,0.346,0.366
2026-05-12 19:50:25.891,41.036,-0.016,41.09,0.346,0.366
2026-05-12 19:50:25.911,41.064,-0.062,41.09,0.346,0.408
2026-05-12 19:50:25.950,41.064,-0.062,41.09,0.346,0.408
2026-05-12 19:50:25.971,41.064,-0.062,41.09,0.346,0.408
2026-05-12 19:50:26.011,41.064,-0.062,41.09,0.346,0.408
2026-05-12 19:50:26.051,41.064,-0.062,41.09,0.346,0.408
2026-05-12 19:50:26.091,41.064,-0.062,41.09,0.346,0.408
2026-05-12 19:50:26.111,41.064,-0.062,41.09,0.346,0.408
2026-05-12 19:50:26.150,41.064,-0.062,41.09,0.346,0.408
2026-05-12 19:50:26.170,41.064,-0.062,41.09,0.346,0.408
2026-05-12 19:50:26.191,41.064,-0.062,41.09,0.346,0.408
2026-05-12 19:50:26.211,41.064,-0.062,41.09,0.346,0.408
2026-05-12 19:50:26.250,41.066,-0.071,41.09,0.346,0.418
2026-05-12 19:50:26.290,41.066,-0.071,41.09,0.346,0.418
2026-05-12 19:50:26.311,41.066,-0.071,41.09,0.346,0.418
2026-05-12 19:50:26.331,41.066,-0.071,41.09,0.346,0.418
2026-05-12 19:50:26.371,41.066,-0.071,41.09,0.346,0.418
2026-05-12 19:50:26.411,41.066,-0.071,41.09,0.346,0.418
2026-05-12 19:50:26.450,41.066,-0.071,41.09,0.346,0.418
2026-05-12 19:50:26.471,41.066,-0.071,41.09,0.346,0.418
2026-05-12 19:50:26.511,41.066,-0.071,41.09,0.346,0.418
2026-05-12 19:50:26.531,41.066,-0.071,41.09,0.346,0.418
2026-05-12 19:50:26.571,41.066,-0.071,41.09,0.346,0.418
2026-05-12 19:50:26.611,41.066,-0.071,41.09,0.346,0.418
2026-05-12 19:50:26.651,41.066,-0.071,41.09,0.346,0.418
2026-05-12 19:50:26.690,41.066,-0.071,41.09,0.346,0.418
2026-05-12 19:50:26.711,41.066,-0.071,41.09,0.346,0.418
2026-05-12 19:50:26.731,41.066,-0.071,41.09,0.346,0.418
2026-05-12 19:50:26.770,41.066,-0.071,41.09,0.346,0.418
2026-05-12 19:50:26.810,41.07,0.007,41.09,0.346,0.34
2026-05-12 19:50:26.830,41.07,0.007,41.09,0.346,0.34
2026-05-12 19:50:26.851,41.07,0.007,41.09,0.346,0.34
2026-05-12 19:50:26.892,41.07,0.007,41.09,0.346,0.34
2026-05-12 19:50:26.931,41.07,0.007,41.09,0.346,0.34
2026-05-12 19:50:26.971,41.07,0.007,41.09,0.346,0.34
2026-05-12 19:50:26.997,41.07,0.007,41.09,0.346,0.34
2026-05-12 19:50:27.034,41.07,0.007,41.09,0.346,0.34
2026-05-12 19:50:27.055,41.07,0.007,41.09,0.346,0.34
2026-05-12 19:50:27.091,41.07,0.007,41.09,0.346,0.34
2026-05-12 19:50:27.131,41.07,0.007,41.09,0.346,0.34
2026-05-12 19:50:27.170,41.07,0.007,41.09,0.346,0.34
2026-05-12 19:50:27.191,41.07,0.007,41.09,0.346,0.34
2026-05-12 19:50:27.232,41.016,0.035,41.09,0.346,0.32
2026-05-12 19:50:27.271,41.016,0.035,41.09,0.346,0.32
2026-05-12 19:50:27.291,41.016,0.035,41.09,0.346,0.32
2026-05-12 19:50:27.331,41.016,0.035,41.09,0.346,0.32
2026-05-12 19:50:27.370,41.016,0.035,41.09,0.346,0.32
2026-05-12 19:50:27.410,41.016,0.035,41.09,0.346,0.32
2026-05-12 19:50:27.431,41.016,0.035,41.09,0.346,0.32
2026-05-12 19:50:27.451,41.016,0.035,41.09,0.346,0.32
2026-05-12 19:50:27.491,41.016,0.035,41.09,0.346,0.32
2026-05-12 19:50:27.511,41.016,0.035,41.09,0.346,0.32
2026-05-12 19:50:27.531,41.016,0.035,41.09,0.346,0.32
2026-05-12 19:50:27.571,41.016,0.035,41.09,0.346,0.32
2026-05-12 19:50:27.611,41.016,0.035,41.09,0.346,0.32
2026-05-12 19:50:27.631,41.016,0.035,41.09,0.346,0.32
2026-05-12 19:50:27.651,41.016,0.035,41.09,0.346,0.32
2026-05-12 19:50:27.690,41.016,0.035,41.09,0.346,0.32
2026-05-12 19:50:27.711,41.016,0.035,41.09,0.346,0.32
2026-05-12 19:50:27.731,41.016,0.035,41.09,0.346,0.32
2026-05-12 19:50:27.770,41.016,0.035,41.09,0.346,0.32
2026-05-12 19:50:27.791,41.016,0.035,41.09,0.346,0.32
2026-05-12 19:50:27.811,41.016,0.035,41.09,0.346,0.32
2026-05-12 19:50:27.850,41.016,0.035,41.09,0.346,0.32
2026-05-12 19:50:27.870,41.016,0.035,41.09,0.346,0.32
2026-05-12 19:50:27.911,41.016,0.035,41.09,0.346,0.32
2026-05-12 19:50:27.950,41.016,0.035,41.09,0.346,0.32
2026-05-12 19:50:27.970,41.016,0.035,41.09,0.346,0.32
2026-05-12 19:50:28.011,41.016,0.035,41.09,0.346,0.32
2026-05-12 19:50:28.050,41.016,0.035,41.09,0.346,0.32
2026-05-12 19:50:28.070,41.016,0.035,41.09,0.346,0.32
2026-05-12 19:50:28.111,41.016,0.035,41.09,0.346,0.32
2026-05-12 19:50:28.150,41.016,0.035,41.09,0.346,0.32
2026-05-12 19:50:28.171,41.016,0.035,41.09,0.346,0.32
2026-05-12 19:50:28.211,41.016,0.035,41.09,0.346,0.32
2026-05-12 19:50:28.250,40.994,0.02,41.09,0.346,0.34
2026-05-12 19:50:28.271,40.994,0.02,41.09,0.346,0.34
2026-05-12 19:50:28.310,40.994,0.02,41.09,0.346,0.34
2026-05-12 19:50:28.331,40.994,0.02,41.09,0.346,0.34
2026-05-12 19:50:28.371,40.994,0.02,41.09,0.346,0.34
2026-05-12 19:50:28.411,40.994,0.02,41.09,0.346,0.34
2026-05-12 19:50:28.450,40.994,0.02,41.09,0.346,0.34
2026-05-12 19:50:28.490,40.994,0.02,41.09,0.346,0.34
2026-05-12 19:50:28.511,40.994,0.02,41.09,0.346,0.34
2026-05-12 19:50:28.550,40.994,0.02,41.09,0.346,0.34
2026-05-12 19:50:28.570,40.994,0.02,41.09,0.346,0.34
2026-05-12 19:50:28.591,40.994,0.02,41.09,0.346,0.34
2026-05-12 19:50:28.630,40.994,0.02,41.09,0.346,0.34
2026-05-12 19:50:28.650,40.994,0.02,41.09,0.346,0.34
2026-05-12 19:50:28.671,40.994,0.02,41.09,0.346,0.34
2026-05-12 19:50:28.710,40.994,0.02,41.09,0.346,0.34
2026-05-12 19:50:28.731,40.994,0.02,41.09,0.346,0.34
2026-05-12 19:50:28.771,40.994,0.02,41.09,0.346,0.34
2026-05-12 19:50:28.811,40.982,0.013,41.09,0.346,0.351
2026-05-12 19:50:28.851,40.982,0.013,41.09,0.346,0.351
2026-05-12 19:50:28.871,40.982,0.013,41.09,0.346,0.351
2026-05-12 19:50:28.910,40.982,0.013,41.09,0.346,0.351
2026-05-12 19:50:28.950,40.982,0.013,41.09,0.346,0.351
2026-05-12 19:50:28.973,40.982,0.013,41.09,0.346,0.351
2026-05-12 19:50:29.011,40.982,0.013,41.09,0.346,0.351
2026-05-12 19:50:29.051,40.982,0.013,41.09,0.346,0.351
2026-05-12 19:50:29.071,40.982,0.013,41.09,0.346,0.351
2026-05-12 19:50:29.112,40.982,0.013,41.09,0.346,0.351
2026-05-12 19:50:29.150,40.982,0.013,41.09,0.346,0.351
2026-05-12 19:50:29.171,40.982,0.013,41.09,0.346,0.351
2026-05-12 19:50:29.193,40.982,0.013,41.09,0.346,0.351
2026-05-12 19:50:29.231,40.982,0.013,41.09,0.346,0.351
2026-05-12 19:50:29.251,40.982,0.013,41.09,0.346,0.351
2026-05-12 19:50:29.291,40.979,0.017,41.09,0.346,0.347
2026-05-12 19:50:29.331,40.979,0.017,41.09,0.346,0.347
2026-05-12 19:50:29.371,40.979,0.017,41.09,0.346,0.347
2026-05-12 19:50:29.411,40.979,0.017,41.09,0.346,0.347
2026-05-12 19:50:29.450,40.979,0.017,41.09,0.346,0.347
2026-05-12 19:50:29.471,40.979,0.017,41.09,0.346,0.347
2026-05-12 19:50:29.511,40.979,0.017,41.09,0.346,0.347
2026-05-12 19:50:29.550,40.979,0.017,41.09,0.346,0.347
2026-05-12 19:50:29.591,40.979,0.017,41.09,0.346,0.347
2026-05-12 19:50:29.630,40.979,0.017,41.09,0.346,0.347
2026-05-12 19:50:29.651,40.979,0.017,41.09,0.346,0.347
2026-05-12 19:50:29.691,40.979,0.017,41.09,0.346,0.347
2026-05-12 19:50:29.731,40.979,0.017,41.09,0.346,0.347
2026-05-12 19:50:29.753,40.986,0.033,41.09,0.346,0.33
2026-05-12 19:50:29.790,40.986,0.033,41.09,0.346,0.33
2026-05-12 19:50:29.811,40.986,0.033,41.09,0.346,0.33
2026-05-12 19:50:29.850,40.986,0.033,41.09,0.346,0.33
2026-05-12 19:50:29.891,40.986,0.033,41.09,0.346,0.33
2026-05-12 19:50:29.931,40.986,0.033,41.09,0.346,0.33
2026-05-12 19:50:29.951,40.986,0.033,41.09,0.346,0.33
2026-05-12 19:50:29.990,40.986,0.033,41.09,0.346,0.33
2026-05-12 19:50:30.025,40.986,0.033,41.09,0.346,0.33
2026-05-12 19:50:30.050,40.986,0.033,41.09,0.346,0.33
2026-05-12 19:50:30.083,40.986,0.033,41.09,0.346,0.33
2026-05-12 19:50:30.110,40.986,0.033,41.09,0.346,0.33
2026-05-12 19:50:30.142,40.986,0.033,41.09,0.346,0.33
2026-05-12 19:50:30.171,40.986,0.033,41.09,0.346,0.33
2026-05-12 19:50:30.211,40.986,0.033,41.09,0.346,0.33
2026-05-12 19:50:30.231,40.986,0.033,41.09,0.346,0.33
2026-05-12 19:50:30.271,40.986,0.033,41.09,0.346,0.33
2026-05-12 19:50:30.292,40.986,0.033,41.09,0.346,0.33
2026-05-12 19:50:30.330,40.968,0.083,41.09,0.346,0.29
2026-05-12 19:50:30.351,40.968,0.083,41.09,0.346,0.29
2026-05-12 19:50:30.390,40.968,0.083,41.09,0.346,0.29
2026-05-12 19:50:30.411,40.968,0.083,41.09,0.346,0.29
2026-05-12 19:50:30.451,40.968,0.083,41.09,0.346,0.29
2026-05-12 19:50:30.491,40.968,0.083,41.09,0.346,0.29
2026-05-12 19:50:30.530,40.968,0.083,41.09,0.346,0.29
2026-05-12 19:50:30.551,40.968,0.083,41.09,0.346,0.29
2026-05-12 19:50:30.591,40.968,0.083,41.09,0.346,0.29
2026-05-12 19:50:30.611,40.968,0.083,41.09,0.346,0.29
2026-05-12 19:50:30.651,40.968,0.083,41.09,0.346,0.29
2026-05-12 19:50:30.691,40.968,0.083,41.09,0.346,0.29
2026-05-12 19:50:30.731,40.968,0.083,41.09,0.346,0.29
2026-05-12 19:50:30.770,40.968,0.083,41.09,0.346,0.29
2026-05-12 19:50:30.790,40.968,0.083,41.09,0.346,0.29
2026-05-12 19:50:30.811,40.938,0.209,41.09,0.346,0.204
2026-05-12 19:50:30.833,40.938,0.209,41.09,0.346,0.204
2026-05-12 19:50:30.870,40.938,0.209,41.09,0.346,0.204
2026-05-12 19:50:30.911,40.938,0.209,41.09,0.346,0.204
2026-05-12 19:50:30.951,40.938,0.209,41.09,0.346,0.204
2026-05-12 19:50:30.991,40.938,0.209,41.09,0.346,0.204
2026-05-12 19:50:31.011,40.938,0.209,41.09,0.346,0.204
2026-05-12 19:50:31.051,40.938,0.209,41.09,0.346,0.204
2026-05-12 19:50:31.071,40.938,0.209,41.09,0.346,0.204
2026-05-12 19:50:31.111,40.938,0.209,41.09,0.346,0.204
2026-05-12 19:50:31.150,40.938,0.209,41.09,0.346,0.204
2026-05-12 19:50:31.171,40.938,0.209,41.09,0.346,0.204
2026-05-12 19:50:31.191,40.938,0.209,41.09,0.346,0.204
2026-05-12 19:50:31.230,40.938,0.209,41.09,0.346,0.204
2026-05-12 19:50:31.251,40.926,0.373,41.075,0.409,0.153
2026-05-12 19:50:31.290,40.926,0.373,41.075,0.409,0.153
2026-05-12 19:50:31.310,40.926,0.373,41.075,0.409,0.153
2026-05-12 19:50:31.350,40.926,0.373,41.075,0.409,0.153
2026-05-12 19:50:31.390,40.926,0.373,41.075,0.409,0.153
2026-05-12 19:50:31.411,40.926,0.373,41.075,0.409,0.153
2026-05-12 19:50:31.451,40.926,0.373,41.075,0.409,0.153
2026-05-12 19:50:31.491,40.926,0.373,41.075,0.409,0.153
2026-05-12 19:50:31.531,40.926,0.373,41.075,0.409,0.153
2026-05-12 19:50:31.551,40.926,0.373,41.075,0.409,0.153
2026-05-12 19:50:31.590,40.926,0.373,41.075,0.409,0.153
2026-05-12 19:50:31.610,40.926,0.373,41.075,0.409,0.153
2026-05-12 19:50:31.630,40.926,0.373,41.075,0.409,0.153
2026-05-12 19:50:31.651,40.926,0.373,41.075,0.409,0.153
2026-05-12 19:50:31.671,40.926,0.373,41.075,0.409,0.153
2026-05-12 19:50:31.711,40.926,0.373,41.075,0.409,0.153
2026-05-12 19:50:31.750,40.926,0.373,41.075,0.409,0.153
2026-05-12 19:50:31.770,40.926,0.373,41.075,0.409,0.153
2026-05-12 19:50:31.790,40.926,0.373,41.075,0.409,0.153
2026-05-12 19:50:31.811,40.926,0.373,41.075,0.409,0.153
2026-05-12 19:50:31.831,40.962,0.682,41.006,0.693,0.045
2026-05-12 19:50:31.868,40.962,0.682,41.006,0.693,0.045
2026-05-12 19:50:31.891,40.962,0.682,41.006,0.693,0.045
2026-05-12 19:50:31.911,40.962,0.682,41.006,0.693,0.045
2026-05-12 19:50:31.950,40.962,0.682,41.006,0.693,0.045
2026-05-12 19:50:31.970,40.962,0.682,41.006,0.693,0.045
2026-05-12 19:50:32.010,40.962,0.682,41.006,0.693,0.045
2026-05-12 19:50:32.031,40.962,0.682,41.006,0.693,0.045
2026-05-12 19:50:32.070,40.962,0.682,41.006,0.693,0.045
2026-05-12 19:50:32.091,40.962,0.682,41.006,0.693,0.045
2026-05-12 19:50:32.131,40.962,0.682,41.006,0.693,0.045
2026-05-12 19:50:32.152,40.962,0.682,41.006,0.693,0.045
2026-05-12 19:50:32.191,40.962,0.682,41.006,0.693,0.045
2026-05-12 19:50:32.230,40.962,0.682,41.006,0.693,0.045
2026-05-12 19:50:32.250,40.962,0.682,41.006,0.693,0.045
2026-05-12 19:50:32.291,40.986,0.867,40.965,0.862,0.021
2026-05-12 19:50:32.311,40.986,0.867,40.965,0.862,0.021
2026-05-12 19:50:32.351,40.986,0.867,40.965,0.862,0.021
2026-05-12 19:50:32.390,40.986,0.867,40.965,0.862,0.021
2026-05-12 19:50:32.430,40.986,0.867,40.965,0.862,0.021
2026-05-12 19:50:32.451,40.986,0.867,40.965,0.862,0.021
2026-05-12 19:50:32.491,40.986,0.867,40.965,0.862,0.021
2026-05-12 19:50:32.511,40.986,0.867,40.965,0.862,0.021
2026-05-12 19:50:32.550,40.986,0.867,40.965,0.862,0.021
2026-05-12 19:50:32.591,40.986,0.867,40.965,0.862,0.021
2026-05-12 19:50:32.631,40.986,0.867,40.965,0.862,0.021
2026-05-12 19:50:32.670,40.986,0.867,40.965,0.862,0.021
2026-05-12 19:50:32.694,40.986,0.867,40.965,0.862,0.021
2026-05-12 19:50:32.731,40.986,0.867,40.965,0.862,0.021
2026-05-12 19:50:32.770,40.968,1.019,40.93,1.01,0.039
2026-05-12 19:50:32.791,40.968,1.019,40.93,1.01,0.039
2026-05-12 19:50:32.811,40.968,1.019,40.93,1.01,0.039
2026-05-12 19:50:32.850,40.968,1.019,40.93,1.01,0.039
2026-05-12 19:50:32.870,40.968,1.019,40.93,1.01,0.039
2026-05-12 19:50:32.891,40.968,1.019,40.93,1.01,0.039
2026-05-12 19:50:32.912,40.968,1.019,40.93,1.01,0.039
2026-05-12 19:50:32.951,40.968,1.019,40.93,1.01,0.039
2026-05-12 19:50:32.983,40.968,1.019,40.93,1.01,0.039
2026-05-12 19:50:33.011,40.968,1.019,40.93,1.01,0.039
2026-05-12 19:50:33.063,40.968,1.019,40.93,1.01,0.039
2026-05-12 19:50:33.099,40.968,1.019,40.93,1.01,0.039
2026-05-12 19:50:33.131,40.968,1.019,40.93,1.01,0.039
2026-05-12 19:50:33.171,40.968,1.019,40.93,1.01,0.039
2026-05-12 19:50:33.191,40.968,1.019,40.93,1.01,0.039
2026-05-12 19:50:33.232,40.938,1.196,40.888,1.184,0.052
2026-05-12 19:50:33.270,40.938,1.196,40.888,1.184,0.052
2026-05-12 19:50:33.291,40.938,1.196,40.888,1.184,0.052
2026-05-12 19:50:33.311,40.938,1.196,40.888,1.184,0.052
2026-05-12 19:50:33.331,40.938,1.196,40.888,1.184,0.052
2026-05-12 19:50:33.370,40.938,1.196,40.888,1.184,0.052
2026-05-12 19:50:33.391,40.938,1.196,40.888,1.184,0.052
2026-05-12 19:50:33.430,40.938,1.196,40.888,1.184,0.052
2026-05-12 19:50:33.451,40.938,1.196,40.888,1.184,0.052
2026-05-12 19:50:33.491,40.938,1.196,40.888,1.184,0.052
2026-05-12 19:50:33.511,40.938,1.196,40.888,1.184,0.052
2026-05-12 19:50:33.550,40.938,1.196,40.888,1.184,0.052
2026-05-12 19:50:33.571,40.938,1.196,40.888,1.184,0.052
2026-05-12 19:50:33.611,40.938,1.196,40.888,1.184,0.052
2026-05-12 19:50:33.650,40.938,1.196,40.888,1.184,0.052
2026-05-12 19:50:33.670,40.938,1.196,40.888,1.184,0.052
2026-05-12 19:50:33.690,40.938,1.196,40.888,1.184,0.052
2026-05-12 19:50:33.730,40.938,1.196,40.888,1.184,0.052
2026-05-12 19:50:33.771,40.938,1.196,40.888,1.184,0.052
2026-05-12 19:50:33.811,40.938,1.196,40.888,1.184,0.052
2026-05-12 19:50:33.832,40.855,1.431,40.83,1.425,0.026
2026-05-12 19:50:33.871,40.855,1.431,40.83,1.425,0.026
2026-05-12 19:50:33.894,40.855,1.431,40.83,1.425,0.026
2026-05-12 19:50:33.931,40.855,1.431,40.83,1.425,0.026
2026-05-12 19:50:33.951,40.855,1.431,40.83,1.425,0.026
2026-05-12 19:50:33.971,40.855,1.431,40.83,1.425,0.026
2026-05-12 19:50:34.010,40.855,1.431,40.83,1.425,0.026
2026-05-12 19:50:34.050,40.855,1.431,40.83,1.425,0.026
2026-05-12 19:50:34.070,40.855,1.431,40.83,1.425,0.026
2026-05-12 19:50:34.090,40.855,1.431,40.83,1.425,0.026
2026-05-12 19:50:34.111,40.855,1.431,40.83,1.425,0.026
2026-05-12 19:50:34.151,40.855,1.431,40.83,1.425,0.026
2026-05-12 19:50:34.171,40.855,1.431,40.83,1.425,0.026
2026-05-12 19:50:34.210,40.855,1.431,40.83,1.425,0.026
2026-05-12 19:50:34.231,40.855,1.431,40.83,1.425,0.026
2026-05-12 19:50:34.275,40.833,1.453,40.823,1.451,0.01
2026-05-12 19:50:34.311,40.833,1.453,40.823,1.451,0.01
2026-05-12 19:50:34.331,40.833,1.453,40.823,1.451,0.01
2026-05-12 19:50:34.370,40.833,1.453,40.823,1.451,0.01
2026-05-12 19:50:34.391,40.833,1.453,40.823,1.451,0.01
2026-05-12 19:50:34.431,40.833,1.453,40.823,1.451,0.01
2026-05-12 19:50:34.470,40.833,1.453,40.823,1.451,0.01
2026-05-12 19:50:34.490,40.833,1.453,40.823,1.451,0.01
2026-05-12 19:50:34.511,40.833,1.453,40.823,1.451,0.01
2026-05-12 19:50:34.551,40.833,1.453,40.823,1.451,0.01
2026-05-12 19:50:34.591,40.833,1.453,40.823,1.451,0.01
2026-05-12 19:50:34.631,40.833,1.453,40.823,1.451,0.01
2026-05-12 19:50:34.671,40.833,1.453,40.823,1.451,0.01
2026-05-12 19:50:34.711,40.833,1.453,40.823,1.451,0.01
2026-05-12 19:50:34.734,40.853,1.473,40.82,1.465,0.034
2026-05-12 19:50:34.770,40.853,1.473,40.82,1.465,0.034
2026-05-12 19:50:34.790,40.853,1.473,40.82,1.465,0.034
2026-05-12 19:50:34.811,40.853,1.473,40.82,1.465,0.034
2026-05-12 19:50:34.831,40.853,1.473,40.82,1.465,0.034
2026-05-12 19:50:34.870,40.853,1.473,40.82,1.465,0.034
2026-05-12 19:50:34.890,40.853,1.473,40.82,1.465,0.034
2026-05-12 19:50:34.911,40.853,1.473,40.82,1.465,0.034
2026-05-12 19:50:34.931,40.853,1.473,40.82,1.465,0.034
2026-05-12 19:50:34.971,40.853,1.473,40.82,1.465,0.034
2026-05-12 19:50:35.011,40.853,1.473,40.82,1.465,0.034
2026-05-12 19:50:35.031,40.853,1.473,40.82,1.465,0.034
2026-05-12 19:50:35.070,40.853,1.473,40.82,1.465,0.034
2026-05-12 19:50:35.110,40.853,1.473,40.82,1.465,0.034
2026-05-12 19:50:35.131,40.853,1.473,40.82,1.465,0.034
2026-05-12 19:50:35.171,40.853,1.473,40.82,1.465,0.034
2026-05-12 19:50:35.211,40.853,1.473,40.82,1.465,0.034
2026-05-12 19:50:35.250,40.853,1.473,40.82,1.465,0.034
2026-05-12 19:50:35.271,40.853,1.473,40.82,1.465,0.034
2026-05-12 19:50:35.291,40.86,1.489,40.817,1.478,0.044
2026-05-12 19:50:35.330,40.86,1.489,40.817,1.478,0.044
2026-05-12 19:50:35.350,40.86,1.489,40.817,1.478,0.044
2026-05-12 19:50:35.390,40.86,1.489,40.817,1.478,0.044
2026-05-12 19:50:35.431,40.86,1.489,40.817,1.478,0.044
2026-05-12 19:50:35.471,40.86,1.489,40.817,1.478,0.044
2026-05-12 19:50:35.510,40.86,1.489,40.817,1.478,0.044
2026-05-12 19:50:35.531,40.86,1.489,40.817,1.478,0.044
2026-05-12 19:50:35.571,40.86,1.489,40.817,1.478,0.044
2026-05-12 19:50:35.611,40.86,1.489,40.817,1.478,0.044
2026-05-12 19:50:35.631,40.86,1.489,40.817,1.478,0.044
2026-05-12 19:50:35.671,40.86,1.489,40.817,1.478,0.044
2026-05-12 19:50:35.691,40.86,1.489,40.817,1.478,0.044
2026-05-12 19:50:35.711,40.86,1.489,40.817,1.478,0.044
2026-05-12 19:50:35.752,40.814,1.537,40.803,1.535,0.011
2026-05-12 19:50:35.819,40.814,1.537,40.74,1.796,0.269
2026-05-12 19:50:35.851,40.814,1.537,40.74,1.796,0.269
2026-05-12 19:50:35.882,40.814,1.537,40.74,1.796,0.269
2026-05-12 19:50:35.910,40.814,1.537,40.74,1.796,0.269
2026-05-12 19:50:35.951,40.814,1.537,40.74,1.796,0.269
2026-05-12 19:50:35.971,40.814,1.537,40.74,1.796,0.269
2026-05-12 19:50:35.991,40.814,1.537,40.74,1.796,0.269
2026-05-12 19:50:36.031,40.814,1.537,40.74,1.796,0.269
2026-05-12 19:50:36.071,40.814,1.537,40.74,1.796,0.269
2026-05-12 19:50:36.091,40.814,1.537,40.74,1.796,0.269
2026-05-12 19:50:36.130,40.814,1.537,40.74,1.796,0.269
2026-05-12 19:50:36.171,40.814,1.537,40.74,1.796,0.269
2026-05-12 19:50:36.211,40.814,1.537,40.74,1.796,0.269
2026-05-12 19:50:36.251,40.678,1.629,40.68,1.797,0.168
2026-05-12 19:50:36.271,40.678,1.629,40.68,1.797,0.168
2026-05-12 19:50:36.311,40.678,1.629,40.68,1.797,0.168
2026-05-12 19:50:36.351,40.678,1.629,40.68,1.797,0.168
2026-05-12 19:50:36.390,40.678,1.629,40.68,1.797,0.168
2026-05-12 19:50:36.413,40.678,1.629,40.68,1.797,0.168
2026-05-12 19:50:36.451,40.678,1.629,40.68,1.797,0.168
2026-05-12 19:50:36.490,40.678,1.629,40.68,1.797,0.168
2026-05-12 19:50:36.511,40.678,1.629,40.68,1.797,0.168
2026-05-12 19:50:36.551,40.678,1.629,40.68,1.797,0.168
2026-05-12 19:50:36.590,40.678,1.629,40.68,1.797,0.168
2026-05-12 19:50:36.611,40.678,1.629,40.68,1.797,0.168
2026-05-12 19:50:36.651,40.678,1.629,40.68,1.797,0.168
2026-05-12 19:50:36.690,40.678,1.629,40.68,1.797,0.168
2026-05-12 19:50:36.730,40.678,1.629,40.68,1.797,0.168
2026-05-12 19:50:36.751,40.678,1.629,40.68,1.797,0.168
2026-05-12 19:50:36.772,40.422,1.738,40.422,1.8,0.062
2026-05-12 19:50:36.810,40.422,1.738,40.422,1.8,0.062
2026-05-12 19:50:36.850,40.422,1.738,40.422,1.8,0.062
2026-05-12 19:50:36.890,40.422,1.738,40.422,1.8,0.062
2026-05-12 19:50:36.911,40.422,1.738,40.422,1.8,0.062
2026-05-12 19:50:36.950,40.422,1.738,40.422,1.8,0.062
2026-05-12 19:50:36.971,40.422,1.738,40.422,1.8,0.062
2026-05-12 19:50:37.011,40.422,1.738,40.422,1.8,0.062
2026-05-12 19:50:37.051,40.422,1.738,40.422,1.8,0.062
2026-05-12 19:50:37.090,40.422,1.738,40.422,1.8,0.062
2026-05-12 19:50:37.111,40.422,1.738,40.422,1.8,0.062
2026-05-12 19:50:37.151,40.422,1.738,40.422,1.8,0.062
2026-05-12 19:50:37.172,40.422,1.738,40.422,1.8,0.062
2026-05-12 19:50:37.210,40.422,1.738,40.422,1.8,0.062
2026-05-12 19:50:37.231,40.422,1.738,40.422,1.8,0.062
2026-05-12 19:50:37.251,40.422,1.738,40.422,1.8,0.062
2026-05-12 19:50:37.290,40.233,1.786,40.233,1.803,0.017
2026-05-12 19:50:37.311,40.233,1.786,40.233,1.803,0.017
2026-05-12 19:50:37.331,40.233,1.786,40.233,1.803,0.017
2026-05-12 19:50:37.354,40.233,1.786,40.233,1.803,0.017
2026-05-12 19:50:37.390,40.233,1.786,40.233,1.803,0.017
2026-05-12 19:50:37.411,40.233,1.786,40.233,1.803,0.017
2026-05-12 19:50:37.450,40.233,1.786,40.233,1.803,0.017
2026-05-12 19:50:37.490,40.233,1.786,40.233,1.803,0.017
2026-05-12 19:50:37.514,40.233,1.786,40.233,1.803,0.017
2026-05-12 19:50:37.550,40.233,1.786,40.233,1.803,0.017
2026-05-12 19:50:37.590,40.233,1.786,40.233,1.803,0.017
2026-05-12 19:50:37.611,40.233,1.786,40.233,1.803,0.017
2026-05-12 19:50:37.651,40.233,1.786,40.233,1.803,0.017
2026-05-12 19:50:37.690,40.233,1.786,40.233,1.803,0.017
2026-05-12 19:50:37.711,40.233,1.786,40.233,1.803,0.017
2026-05-12 19:50:37.732,40.233,1.786,40.233,1.803,0.017
2026-05-12 19:50:37.771,39.957,1.818,39.957,1.807,0.011
2026-05-12 19:50:37.811,39.957,1.818,39.957,1.807,0.011
2026-05-12 19:50:37.831,39.957,1.818,39.957,1.807,0.011
2026-05-12 19:50:37.870,39.957,1.818,39.957,1.807,0.011
2026-05-12 19:50:37.891,39.957,1.818,39.957,1.807,0.011
2026-05-12 19:50:37.931,39.957,1.818,39.957,1.807,0.011
2026-05-12 19:50:37.951,39.957,1.818,39.957,1.807,0.011
2026-05-12 19:50:37.990,39.957,1.818,39.957,1.807,0.011
2026-05-12 19:50:38.010,39.957,1.818,39.957,1.807,0.011
2026-05-12 19:50:38.031,39.957,1.818,39.957,1.807,0.011
2026-05-12 19:50:38.051,39.957,1.818,39.957,1.807,0.011
2026-05-12 19:50:38.071,39.957,1.818,39.957,1.807,0.011
2026-05-12 19:50:38.112,39.957,1.818,39.957,1.807,0.011
2026-05-12 19:50:38.150,39.957,1.818,39.957,1.807,0.011
2026-05-12 19:50:38.171,39.957,1.818,39.957,1.807,0.011
2026-05-12 19:50:38.210,39.957,1.818,39.957,1.807,0.011
2026-05-12 19:50:38.231,39.957,1.818,39.957,1.807,0.011
2026-05-12 19:50:38.270,39.957,1.818,39.957,1.807,0.011
2026-05-12 19:50:38.290,39.957,1.818,39.957,1.807,0.011
2026-05-12 19:50:38.314,39.742,1.836,39.741,1.809,0.027
2026-05-12 19:50:38.351,39.742,1.836,39.741,1.809,0.027
2026-05-12 19:50:38.371,39.742,1.836,39.741,1.809,0.027
2026-05-12 19:50:38.411,39.742,1.836,39.741,1.809,0.027
2026-05-12 19:50:38.451,39.742,1.836,39.741,1.809,0.027
2026-05-12 19:50:38.491,39.742,1.836,39.741,1.809,0.027
2026-05-12 19:50:38.530,39.742,1.836,39.741,1.809,0.027
2026-05-12 19:50:38.551,39.742,1.836,39.741,1.809,0.027
2026-05-12 19:50:38.576,39.742,1.836,39.741,1.809,0.027
2026-05-12 19:50:38.611,39.742,1.836,39.741,1.809,0.027
2026-05-12 19:50:38.651,39.742,1.836,39.741,1.809,0.027
2026-05-12 19:50:38.682,39.742,1.836,39.741,1.809,0.027
2026-05-12 19:50:38.711,39.742,1.836,39.741,1.809,0.027
2026-05-12 19:50:38.752,39.418,1.836,39.417,1.814,0.022
2026-05-12 19:50:38.791,39.418,1.836,39.417,1.814,0.022
2026-05-12 19:50:38.830,39.418,1.836,39.417,1.814,0.022
2026-05-12 19:50:38.851,39.418,1.836,39.417,1.814,0.022
2026-05-12 19:50:38.890,39.418,1.836,39.417,1.814,0.022
2026-05-12 19:50:38.931,39.418,1.836,39.417,1.814,0.022
2026-05-12 19:50:38.951,39.418,1.836,39.417,1.814,0.022
2026-05-12 19:50:38.990,39.418,1.836,39.417,1.814,0.022
2026-05-12 19:50:39.011,39.418,1.836,39.417,1.814,0.022
2026-05-12 19:50:39.032,39.418,1.836,39.417,1.814,0.022
2026-05-12 19:50:39.070,39.418,1.836,39.417,1.814,0.022
2026-05-12 19:50:39.091,39.418,1.836,39.417,1.814,0.022
2026-05-12 19:50:39.130,39.418,1.836,39.417,1.814,0.022
2026-05-12 19:50:39.151,39.418,1.836,39.417,1.814,0.022
2026-05-12 19:50:39.190,39.418,1.836,39.417,1.814,0.022
2026-05-12 19:50:39.211,39.418,1.836,39.417,1.814,0.022
2026-05-12 19:50:39.250,39.418,1.836,39.417,1.814,0.022
2026-05-12 19:50:39.270,39.418,1.836,39.417,1.814,0.022
2026-05-12 19:50:39.291,39.159,1.849,39.158,1.817,0.031
2026-05-12 19:50:39.331,39.159,1.849,39.158,1.817,0.031
2026-05-12 19:50:39.351,39.159,1.849,39.158,1.817,0.031
2026-05-12 19:50:39.374,39.159,1.849,39.158,1.817,0.031
2026-05-12 19:50:39.410,39.159,1.849,39.158,1.817,0.031
2026-05-12 19:50:39.450,39.159,1.849,39.158,1.817,0.031
2026-05-12 19:50:39.471,39.159,1.849,39.158,1.817,0.031
2026-05-12 19:50:39.511,39.159,1.849,39.158,1.817,0.031
2026-05-12 19:50:39.551,39.159,1.849,39.158,1.817,0.031
2026-05-12 19:50:39.592,39.159,1.849,39.158,1.817,0.031
2026-05-12 19:50:39.630,39.159,1.849,39.158,1.817,0.031
2026-05-12 19:50:39.651,39.159,1.849,39.158,1.817,0.031
2026-05-12 19:50:39.691,39.159,1.849,39.158,1.817,0.031
2026-05-12 19:50:39.711,39.159,1.849,39.158,1.817,0.031
2026-05-12 19:50:39.750,38.806,1.847,38.806,1.822,0.025
2026-05-12 19:50:39.771,38.806,1.847,38.806,1.822,0.025
2026-05-12 19:50:39.791,38.806,1.847,38.806,1.822,0.025
2026-05-12 19:50:39.830,38.806,1.847,38.806,1.822,0.025
2026-05-12 19:50:39.850,38.806,1.847,38.806,1.822,0.025
2026-05-12 19:50:39.871,38.806,1.847,38.806,1.822,0.025
2026-05-12 19:50:39.911,38.806,1.847,38.806,1.822,0.025
2026-05-12 19:50:39.950,38.806,1.847,38.806,1.822,0.025
2026-05-12 19:50:39.971,38.806,1.847,38.806,1.822,0.025
2026-05-12 19:50:39.991,38.806,1.847,38.806,1.822,0.025
2026-05-12 19:50:40.011,38.806,1.847,38.806,1.822,0.025
2026-05-12 19:50:40.031,38.806,1.847,38.806,1.822,0.025
2026-05-12 19:50:40.070,38.806,1.847,38.806,1.822,0.025
2026-05-12 19:50:40.091,38.806,1.847,38.806,1.822,0.025
2026-05-12 19:50:40.111,38.806,1.847,38.806,1.822,0.025
2026-05-12 19:50:40.133,38.806,1.847,38.806,1.822,0.025
2026-05-12 19:50:40.170,38.806,1.847,38.806,1.822,0.025
2026-05-12 19:50:40.191,38.806,1.847,38.806,1.822,0.025
2026-05-12 19:50:40.226,38.806,1.847,38.806,1.822,0.025
2026-05-12 19:50:40.270,38.806,1.847,38.806,1.822,0.025
2026-05-12 19:50:40.311,38.555,1.826,38.555,1.826,0.001
2026-05-12 19:50:40.340,38.555,1.826,38.555,1.826,0.001
2026-05-12 19:50:40.371,38.555,1.826,38.555,1.826,0.001
2026-05-12 19:50:40.411,38.555,1.826,38.555,1.826,0.001
2026-05-12 19:50:40.450,38.555,1.826,38.555,1.826,0.001
2026-05-12 19:50:40.471,38.555,1.826,38.555,1.826,0.001
2026-05-12 19:50:40.491,38.555,1.826,38.555,1.826,0.001
2026-05-12 19:50:40.531,38.555,1.826,38.555,1.826,0.001
2026-05-12 19:50:40.551,38.555,1.826,38.555,1.826,0.001
2026-05-12 19:50:40.590,38.555,1.826,38.555,1.826,0.001
2026-05-12 19:50:40.611,38.555,1.826,38.555,1.826,0.001
2026-05-12 19:50:40.650,38.555,1.826,38.555,1.826,0.001
2026-05-12 19:50:40.675,38.555,1.826,38.555,1.826,0.001
2026-05-12 19:50:40.710,38.555,1.826,38.555,1.826,0.001
2026-05-12 19:50:40.731,38.366,1.816,38.366,1.828,0.012
2026-05-12 19:50:40.771,38.366,1.816,38.366,1.828,0.012
2026-05-12 19:50:40.811,38.366,1.816,38.366,1.828,0.012
2026-05-12 19:50:40.831,38.366,1.816,38.366,1.828,0.012
2026-05-12 19:50:40.871,38.366,1.816,38.366,1.828,0.012
2026-05-12 19:50:40.892,38.366,1.816,38.366,1.828,0.012
2026-05-12 19:50:40.930,38.366,1.816,38.366,1.828,0.012
2026-05-12 19:50:40.950,38.366,1.816,38.366,1.828,0.012
2026-05-12 19:50:40.971,38.366,1.816,38.366,1.828,0.012
2026-05-12 19:50:40.991,38.366,1.816,38.366,1.828,0.012
2026-05-12 19:50:41.014,38.366,1.816,38.366,1.828,0.012
2026-05-12 19:50:41.050,38.366,1.816,38.366,1.828,0.012
2026-05-12 19:50:41.071,38.366,1.816,38.366,1.828,0.012
2026-05-12 19:50:41.110,38.366,1.816,38.366,1.828,0.012
2026-05-12 19:50:41.151,38.366,1.816,38.366,1.828,0.012
2026-05-12 19:50:41.171,38.366,1.816,38.366,1.828,0.012
2026-05-12 19:50:41.191,38.366,1.816,38.366,1.828,0.012
2026-05-12 19:50:41.230,38.366,1.816,38.366,1.828,0.012
2026-05-12 19:50:41.251,38.188,1.813,38.188,1.83,0.018
2026-05-12 19:50:41.271,38.188,1.813,38.188,1.83,0.018
2026-05-12 19:50:41.311,38.188,1.813,38.188,1.83,0.018
2026-05-12 19:50:41.351,38.188,1.813,38.188,1.83,0.018
2026-05-12 19:50:41.371,38.188,1.813,38.188,1.83,0.018
2026-05-12 19:50:41.410,38.188,1.813,38.188,1.83,0.018
2026-05-12 19:50:41.430,38.188,1.813,38.188,1.83,0.018
2026-05-12 19:50:41.471,38.188,1.813,38.188,1.83,0.018
2026-05-12 19:50:41.511,38.188,1.813,38.188,1.83,0.018
2026-05-12 19:50:41.550,38.188,1.813,38.188,1.83,0.018
2026-05-12 19:50:41.570,38.188,1.813,38.188,1.83,0.018
2026-05-12 19:50:41.591,38.188,1.813,38.188,1.83,0.018
2026-05-12 19:50:41.630,38.188,1.813,38.188,1.83,0.018
2026-05-12 19:50:41.650,38.188,1.813,38.188,1.83,0.018
2026-05-12 19:50:41.690,38.188,1.813,38.188,1.83,0.018
2026-05-12 19:50:41.711,38.188,1.813,38.188,1.83,0.018
2026-05-12 19:50:41.731,38.188,1.813,38.188,1.83,0.018
2026-05-12 19:50:41.752,38.188,1.813,38.188,1.83,0.018
2026-05-12 19:50:41.790,38.025,1.805,38.026,1.833,0.028
2026-05-12 19:50:41.811,38.025,1.805,38.026,1.833,0.028
2026-05-12 19:50:41.851,38.025,1.805,38.026,1.833,0.028
2026-05-12 19:50:41.891,38.025,1.805,38.026,1.833,0.028
2026-05-12 19:50:41.930,38.025,1.805,38.026,1.833,0.028
2026-05-12 19:50:41.951,38.025,1.805,38.026,1.833,0.028
2026-05-12 19:50:41.992,38.025,1.805,38.026,1.833,0.028
2026-05-12 19:50:42.031,38.025,1.805,38.026,1.833,0.028
2026-05-12 19:50:42.071,38.025,1.805,38.026,1.833,0.028
2026-05-12 19:50:42.111,38.025,1.805,38.026,1.833,0.028
2026-05-12 19:50:42.132,38.025,1.805,38.026,1.833,0.028
2026-05-12 19:50:42.171,38.025,1.805,38.026,1.833,0.028
2026-05-12 19:50:42.210,38.025,1.805,38.026,1.833,0.028
2026-05-12 19:50:42.250,38.025,1.805,38.026,1.833,0.028
2026-05-12 19:50:42.270,38.025,1.805,38.026,1.833,0.028
2026-05-12 19:50:42.294,37.879,1.802,37.88,1.835,0.033
2026-05-12 19:50:42.331,37.879,1.802,37.88,1.835,0.033
2026-05-12 19:50:42.351,37.879,1.802,37.88,1.835,0.033
2026-05-12 19:50:42.371,37.879,1.802,37.88,1.835,0.033
2026-05-12 19:50:42.410,37.879,1.802,37.88,1.835,0.033
2026-05-12 19:50:42.430,37.879,1.802,37.88,1.835,0.033
2026-05-12 19:50:42.451,37.879,1.802,37.88,1.835,0.033
2026-05-12 19:50:42.491,37.879,1.802,37.88,1.835,0.033
2026-05-12 19:50:42.530,37.879,1.802,37.88,1.835,0.033
2026-05-12 19:50:42.550,37.879,1.802,37.88,1.835,0.033
2026-05-12 19:50:42.590,37.879,1.802,37.88,1.835,0.033
2026-05-12 19:50:42.611,37.879,1.802,37.88,1.835,0.033
2026-05-12 19:50:42.651,37.879,1.802,37.88,1.835,0.033
2026-05-12 19:50:42.690,37.879,1.802,37.88,1.835,0.033
2026-05-12 19:50:42.711,37.879,1.802,37.88,1.835,0.033
2026-05-12 19:50:42.731,37.879,1.802,37.88,1.835,0.033
2026-05-12 19:50:42.770,37.879,1.802,37.88,1.835,0.033
2026-05-12 19:50:42.811,37.879,1.802,37.88,1.835,0.033
2026-05-12 19:50:42.831,37.879,1.802,37.88,1.835,0.033
2026-05-12 19:50:42.855,37.879,1.802,37.88,1.835,0.033
2026-05-12 19:50:42.889,37.879,1.802,37.88,1.835,0.033
2026-05-12 19:50:42.916,37.766,1.808,37.767,1.836,0.028
2026-05-12 19:50:42.961,37.766,1.808,37.767,1.836,0.028
2026-05-12 19:50:42.991,37.766,1.808,37.767,1.836,0.028
2026-05-12 19:50:43.031,37.766,1.808,37.767,1.836,0.028
2026-05-12 19:50:43.070,37.766,1.808,37.767,1.836,0.028
2026-05-12 19:50:43.093,37.766,1.808,37.767,1.836,0.028
2026-05-12 19:50:43.130,37.766,1.808,37.767,1.836,0.028
2026-05-12 19:50:43.151,37.766,1.808,37.767,1.836,0.028
2026-05-12 19:50:43.190,37.766,1.808,37.767,1.836,0.028
2026-05-12 19:50:43.211,37.766,1.808,37.767,1.836,0.028
2026-05-12 19:50:43.252,37.603,1.816,37.604,1.838,0.022
2026-05-12 19:50:43.291,37.603,1.816,37.604,1.838,0.022
2026-05-12 19:50:43.331,37.603,1.816,37.604,1.838,0.022
2026-05-12 19:50:43.371,37.603,1.816,37.604,1.838,0.022
2026-05-12 19:50:43.391,37.603,1.816,37.604,1.838,0.022
2026-05-12 19:50:43.411,37.603,1.816,37.604,1.838,0.022
2026-05-12 19:50:43.450,37.603,1.816,37.604,1.838,0.022
2026-05-12 19:50:43.470,37.603,1.816,37.604,1.838,0.022
2026-05-12 19:50:43.491,37.603,1.816,37.604,1.838,0.022
2026-05-12 19:50:43.531,37.603,1.816,37.604,1.838,0.022
2026-05-12 19:50:43.551,37.603,1.816,37.604,1.838,0.022
2026-05-12 19:50:43.590,37.603,1.816,37.604,1.838,0.022
2026-05-12 19:50:43.630,37.603,1.816,37.604,1.838,0.022
2026-05-12 19:50:43.651,37.603,1.816,37.604,1.838,0.022
2026-05-12 19:50:43.690,37.603,1.816,37.604,1.838,0.022
2026-05-12 19:50:43.711,37.603,1.816,37.604,1.838,0.022
2026-05-12 19:50:43.750,37.367,1.826,37.367,1.842,0.016
2026-05-12 19:50:43.771,37.367,1.826,37.367,1.842,0.016
2026-05-12 19:50:43.811,37.367,1.826,37.367,1.842,0.016
2026-05-12 19:50:43.850,37.367,1.826,37.367,1.842,0.016
2026-05-12 19:50:43.890,37.367,1.826,37.367,1.842,0.016
2026-05-12 19:50:43.911,37.367,1.826,37.367,1.842,0.016
2026-05-12 19:50:43.951,37.367,1.826,37.367,1.842,0.016
2026-05-12 19:50:43.990,37.367,1.826,37.367,1.842,0.016
2026-05-12 19:50:44.011,37.367,1.826,37.367,1.842,0.016
2026-05-12 19:50:44.051,37.367,1.826,37.367,1.842,0.016
2026-05-12 19:50:44.090,37.367,1.826,37.367,1.842,0.016
2026-05-12 19:50:44.110,37.367,1.826,37.367,1.842,0.016
2026-05-12 19:50:44.150,37.367,1.826,37.367,1.842,0.016
2026-05-12 19:50:44.170,37.367,1.826,37.367,1.842,0.016
2026-05-12 19:50:44.191,37.367,1.826,37.367,1.842,0.016
2026-05-12 19:50:44.213,37.052,1.841,37.052,1.846,0.005
2026-05-12 19:50:44.250,37.052,1.841,37.04,1.846,0.013
2026-05-12 19:50:44.271,37.052,1.841,37.04,1.846,0.013
2026-05-12 19:50:44.291,37.052,1.841,37.04,1.846,0.013
2026-05-12 19:50:44.331,37.052,1.841,37.04,1.846,0.013
2026-05-12 19:50:44.370,37.052,1.841,37.04,1.846,0.013
2026-05-12 19:50:44.410,37.052,1.841,37.04,1.846,0.013
2026-05-12 19:50:44.451,37.052,1.841,37.04,1.846,0.013
2026-05-12 19:50:44.471,37.052,1.841,37.04,1.846,0.013
2026-05-12 19:50:44.511,37.052,1.841,37.04,1.846,0.013
2026-05-12 19:50:44.551,37.052,1.841,37.04,1.846,0.013
2026-05-12 19:50:44.591,37.052,1.841,37.04,1.846,0.013
2026-05-12 19:50:44.630,37.052,1.841,37.04,1.846,0.013
2026-05-12 19:50:44.650,37.052,1.841,37.04,1.846,0.013
2026-05-12 19:50:44.691,37.052,1.841,37.04,1.846,0.013
2026-05-12 19:50:44.731,37.052,1.841,37.04,1.846,0.013
2026-05-12 19:50:44.771,37.052,1.841,37.04,1.846,0.013
2026-05-12 19:50:44.811,37.052,1.841,37.04,1.846,0.013
2026-05-12 19:50:44.851,36.694,1.856,36.694,1.84,0.015
2026-05-12 19:50:44.871,36.694,1.856,36.694,1.84,0.015
2026-05-12 19:50:44.911,36.694,1.856,36.694,1.84,0.015
2026-05-12 19:50:44.954,36.694,1.856,36.694,1.84,0.015
2026-05-12 19:50:44.991,36.694,1.856,36.694,1.84,0.015
2026-05-12 19:50:45.030,36.694,1.856,36.694,1.84,0.015
2026-05-12 19:50:45.051,36.694,1.856,36.694,1.84,0.015
2026-05-12 19:50:45.090,36.694,1.856,36.694,1.84,0.015
2026-05-12 19:50:45.131,36.694,1.856,36.694,1.84,0.015
2026-05-12 19:50:45.171,36.694,1.856,36.694,1.84,0.015
2026-05-12 19:50:45.211,36.694,1.856,36.694,1.84,0.015
2026-05-12 19:50:45.250,36.694,1.856,36.694,1.84,0.015
2026-05-12 19:50:45.290,36.361,1.857,36.362,1.835,0.022
2026-05-12 19:50:45.311,36.361,1.857,36.362,1.835,0.022
2026-05-12 19:50:45.350,36.361,1.857,36.362,1.835,0.022
2026-05-12 19:50:45.370,36.361,1.857,36.362,1.835,0.022
2026-05-12 19:50:45.411,36.361,1.857,36.362,1.835,0.022
2026-05-12 19:50:45.451,36.361,1.857,36.362,1.835,0.022
2026-05-12 19:50:45.490,36.361,1.857,36.362,1.835,0.022
2026-05-12 19:50:45.511,36.361,1.857,36.362,1.835,0.022
2026-05-12 19:50:45.531,36.361,1.857,36.362,1.835,0.022
2026-05-12 19:50:45.561,36.361,1.857,36.362,1.835,0.022
2026-05-12 19:50:45.603,36.361,1.857,36.362,1.835,0.022
2026-05-12 19:50:45.624,36.361,1.857,36.362,1.835,0.022
2026-05-12 19:50:45.667,36.361,1.857,36.362,1.835,0.022
2026-05-12 19:50:45.691,36.361,1.857,36.362,1.835,0.022
2026-05-12 19:50:45.714,35.968,1.879,35.969,1.828,0.05
2026-05-12 19:50:45.735,35.968,1.879,35.969,1.828,0.05
2026-05-12 19:50:45.770,35.968,1.879,35.969,1.828,0.05
2026-05-12 19:50:45.790,35.968,1.879,35.969,1.828,0.05
2026-05-12 19:50:45.811,35.968,1.879,35.969,1.828,0.05
2026-05-12 19:50:45.851,35.968,1.879,35.969,1.828,0.05
2026-05-12 19:50:45.890,35.968,1.879,35.969,1.828,0.05
2026-05-12 19:50:45.911,35.968,1.879,35.969,1.828,0.05
2026-05-12 19:50:45.932,35.968,1.879,35.969,1.828,0.05
2026-05-12 19:50:45.970,35.968,1.879,35.969,1.828,0.05
2026-05-12 19:50:45.991,35.968,1.879,35.969,1.828,0.05
2026-05-12 19:50:46.011,35.968,1.879,35.969,1.828,0.05
2026-05-12 19:50:46.050,35.968,1.879,35.969,1.828,0.05
2026-05-12 19:50:46.071,35.968,1.879,35.969,1.828,0.05
2026-05-12 19:50:46.111,35.968,1.879,35.969,1.828,0.05
2026-05-12 19:50:46.131,35.968,1.879,35.969,1.828,0.05
2026-05-12 19:50:46.170,35.968,1.879,35.969,1.828,0.05
2026-05-12 19:50:46.191,35.968,1.879,35.969,1.828,0.05
2026-05-12 19:50:46.231,35.968,1.879,35.969,1.828,0.05
2026-05-12 19:50:46.261,35.645,1.865,35.646,1.823,0.042
2026-05-12 19:50:46.290,35.645,1.865,35.646,1.823,0.042
2026-05-12 19:50:46.311,35.645,1.865,35.646,1.823,0.042
2026-05-12 19:50:46.331,35.645,1.865,35.646,1.823,0.042
2026-05-12 19:50:46.351,35.645,1.865,35.646,1.823,0.042
2026-05-12 19:50:46.391,35.645,1.865,35.646,1.823,0.042
2026-05-12 19:50:46.430,35.645,1.865,35.646,1.823,0.042
2026-05-12 19:50:46.450,35.645,1.865,35.646,1.823,0.042
2026-05-12 19:50:46.472,35.645,1.865,35.646,1.823,0.042
2026-05-12 19:50:46.511,35.645,1.865,35.646,1.823,0.042
2026-05-12 19:50:46.550,35.645,1.865,35.646,1.823,0.042
2026-05-12 19:50:46.571,35.645,1.865,35.646,1.823,0.042
2026-05-12 19:50:46.611,35.645,1.865,35.646,1.823,0.042
2026-05-12 19:50:46.631,35.645,1.865,35.646,1.823,0.042
2026-05-12 19:50:46.670,35.645,1.865,35.646,1.823,0.042
2026-05-12 19:50:46.691,35.645,1.865,35.646,1.823,0.042
2026-05-12 19:50:46.733,35.645,1.865,35.646,1.823,0.042
2026-05-12 19:50:46.770,35.34,1.832,35.34,1.818,0.015
2026-05-12 19:50:46.791,35.34,1.832,35.34,1.818,0.015
2026-05-12 19:50:46.811,35.34,1.832,35.34,1.818,0.015
2026-05-12 19:50:46.851,35.34,1.832,35.34,1.818,0.015
2026-05-12 19:50:46.890,35.34,1.832,35.34,1.818,0.015
2026-05-12 19:50:46.911,35.34,1.832,35.34,1.818,0.015
2026-05-12 19:50:46.951,35.34,1.832,35.34,1.818,0.015
2026-05-12 19:50:46.991,35.34,1.832,35.34,1.818,0.015
2026-05-12 19:50:47.031,35.34,1.832,35.34,1.818,0.015
2026-05-12 19:50:47.071,35.34,1.832,35.34,1.818,0.015
2026-05-12 19:50:47.110,35.34,1.832,35.34,1.818,0.015
2026-05-12 19:50:47.130,35.34,1.832,35.34,1.818,0.015
2026-05-12 19:50:47.151,35.34,1.832,35.34,1.818,0.015
2026-05-12 19:50:47.171,35.34,1.832,35.34,1.818,0.015
2026-05-12 19:50:47.211,35.34,1.832,35.34,1.818,0.015
2026-05-12 19:50:47.250,35.34,1.832,35.34,1.818,0.015
2026-05-12 19:50:47.293,34.974,1.805,34.974,1.812,0.006
2026-05-12 19:50:47.331,34.974,1.805,34.974,1.812,0.006
2026-05-12 19:50:47.371,34.974,1.805,34.974,1.812,0.006
2026-05-12 19:50:47.411,34.974,1.805,34.974,1.812,0.006
2026-05-12 19:50:47.431,34.974,1.805,34.974,1.812,0.006
2026-05-12 19:50:47.451,34.974,1.805,34.974,1.812,0.006
2026-05-12 19:50:47.491,34.974,1.805,34.974,1.812,0.006
2026-05-12 19:50:47.531,34.974,1.805,34.974,1.812,0.006
2026-05-12 19:50:47.572,34.974,1.805,34.974,1.812,0.006
2026-05-12 19:50:47.611,34.974,1.805,34.974,1.812,0.006
2026-05-12 19:50:47.650,34.974,1.805,34.974,1.812,0.006
2026-05-12 19:50:47.670,34.974,1.805,34.974,1.812,0.006
2026-05-12 19:50:47.691,34.974,1.805,34.974,1.812,0.006
2026-05-12 19:50:47.711,34.974,1.805,34.974,1.812,0.006
2026-05-12 19:50:47.750,34.974,1.805,34.974,1.812,0.006
2026-05-12 19:50:47.771,34.974,1.805,34.974,1.812,0.006
2026-05-12 19:50:47.811,34.577,1.796,34.577,1.805,0.01
2026-05-12 19:50:47.850,34.577,1.796,34.577,1.805,0.01
2026-05-12 19:50:47.871,34.577,1.796,34.577,1.805,0.01
2026-05-12 19:50:47.911,34.577,1.796,34.577,1.805,0.01
2026-05-12 19:50:47.950,34.577,1.796,34.577,1.805,0.01
2026-05-12 19:50:47.971,34.577,1.796,34.577,1.805,0.01
2026-05-12 19:50:48.011,34.577,1.796,34.577,1.805,0.01
2026-05-12 19:50:48.050,34.577,1.796,34.577,1.805,0.01
2026-05-12 19:50:48.071,34.577,1.796,34.577,1.805,0.01
2026-05-12 19:50:48.110,34.577,1.796,34.577,1.805,0.01
2026-05-12 19:50:48.151,34.577,1.796,34.577,1.805,0.01
2026-05-12 19:50:48.190,34.577,1.796,34.577,1.805,0.01
2026-05-12 19:50:48.210,34.577,1.796,34.577,1.805,0.01
2026-05-12 19:50:48.231,34.577,1.796,34.577,1.805,0.01
2026-05-12 19:50:48.265,34.577,1.796,34.577,1.805,0.01
2026-05-12 19:50:48.314,34.577,1.796,34.577,1.805,0.01
2026-05-12 19:50:48.335,34.333,1.794,34.333,1.801,0.008
2026-05-12 19:50:48.371,34.333,1.794,34.333,1.801,0.008
2026-05-12 19:50:48.391,34.333,1.794,34.333,1.801,0.008
2026-05-12 19:50:48.411,34.333,1.794,34.333,1.801,0.008
2026-05-12 19:50:48.451,34.333,1.794,34.333,1.801,0.008
2026-05-12 19:50:48.491,34.333,1.794,34.333,1.801,0.008
2026-05-12 19:50:48.530,34.333,1.794,34.333,1.801,0.008
2026-05-12 19:50:48.551,34.333,1.794,34.333,1.801,0.008
2026-05-12 19:50:48.591,34.333,1.794,34.333,1.801,0.008
2026-05-12 19:50:48.631,34.333,1.794,34.333,1.801,0.008
2026-05-12 19:50:48.671,34.333,1.794,34.333,1.801,0.008
2026-05-12 19:50:48.711,34.333,1.794,34.333,1.801,0.008
2026-05-12 19:50:48.750,34.333,1.794,34.333,1.801,0.008
2026-05-12 19:50:48.771,34.333,1.794,34.333,1.801,0.008
2026-05-12 19:50:48.811,34.333,1.794,34.333,1.801,0.008
2026-05-12 19:50:48.850,33.998,1.79,33.998,1.796,0.006
2026-05-12 19:50:48.871,33.998,1.79,33.998,1.796,0.006
2026-05-12 19:50:48.911,33.998,1.79,33.998,1.796,0.006
2026-05-12 19:50:48.951,33.998,1.79,33.998,1.796,0.006
2026-05-12 19:50:48.991,33.998,1.79,33.998,1.796,0.006
2026-05-12 19:50:49.031,33.998,1.79,33.998,1.796,0.006
2026-05-12 19:50:49.070,33.998,1.79,33.998,1.796,0.006
2026-05-12 19:50:49.110,33.998,1.79,33.998,1.796,0.006
2026-05-12 19:50:49.131,33.998,1.79,33.998,1.796,0.006
2026-05-12 19:50:49.171,33.998,1.79,33.998,1.796,0.006
2026-05-12 19:50:49.210,33.998,1.79,33.998,1.796,0.006
2026-05-12 19:50:49.250,33.998,1.79,33.998,1.796,0.006
2026-05-12 19:50:49.291,33.998,1.79,33.998,1.796,0.006
2026-05-12 19:50:49.331,33.792,1.786,33.792,1.792,0.007
2026-05-12 19:50:49.370,33.792,1.786,33.792,1.792,0.007
2026-05-12 19:50:49.391,33.792,1.786,33.792,1.792,0.007
2026-05-12 19:50:49.435,33.792,1.786,33.792,1.792,0.007
2026-05-12 19:50:49.471,33.792,1.786,33.792,1.792,0.007
2026-05-12 19:50:49.510,33.792,1.786,33.792,1.792,0.007
2026-05-12 19:50:49.531,33.792,1.786,33.792,1.792,0.007
2026-05-12 19:50:49.570,33.792,1.786,33.792,1.792,0.007
2026-05-12 19:50:49.590,33.792,1.786,33.792,1.792,0.007
2026-05-12 19:50:49.611,33.792,1.786,33.792,1.792,0.007
2026-05-12 19:50:49.652,33.792,1.786,33.792,1.792,0.007
2026-05-12 19:50:49.690,33.792,1.786,33.792,1.792,0.007
2026-05-12 19:50:49.711,33.792,1.786,33.792,1.792,0.007
2026-05-12 19:50:49.753,33.505,1.78,33.504,1.788,0.007
2026-05-12 19:50:49.791,33.505,1.78,33.504,1.788,0.007
2026-05-12 19:50:49.830,33.505,1.78,33.504,1.788,0.007
2026-05-12 19:50:49.850,33.505,1.78,33.504,1.788,0.007
2026-05-12 19:50:49.871,33.505,1.78,33.504,1.788,0.007
2026-05-12 19:50:49.910,33.505,1.78,33.504,1.788,0.007
2026-05-12 19:50:49.930,33.505,1.78,33.504,1.788,0.007
2026-05-12 19:50:49.950,33.505,1.78,33.504,1.788,0.007
2026-05-12 19:50:49.971,33.505,1.78,33.504,1.788,0.007
2026-05-12 19:50:49.991,33.505,1.78,33.504,1.788,0.007
2026-05-12 19:50:50.030,33.505,1.78,33.504,1.788,0.007
2026-05-12 19:50:50.050,33.505,1.78,33.504,1.788,0.007
2026-05-12 19:50:50.091,33.505,1.78,33.504,1.788,0.007
2026-05-12 19:50:50.130,33.505,1.78,33.504,1.788,0.007
2026-05-12 19:50:50.170,33.505,1.78,33.504,1.788,0.007
2026-05-12 19:50:50.192,33.505,1.78,33.504,1.788,0.007
2026-05-12 19:50:50.230,33.336,1.782,33.336,1.785,0.003
2026-05-12 19:50:50.250,33.336,1.782,33.336,1.785,0.003
2026-05-12 19:50:50.270,33.336,1.782,33.336,1.785,0.003
2026-05-12 19:50:50.291,33.336,1.782,33.336,1.785,0.003
2026-05-12 19:50:50.330,33.336,1.782,33.336,1.785,0.003
2026-05-12 19:50:50.350,33.336,1.782,33.336,1.785,0.003
2026-05-12 19:50:50.391,33.336,1.782,33.336,1.785,0.003
2026-05-12 19:50:50.431,33.336,1.782,33.336,1.785,0.003
2026-05-12 19:50:50.471,33.336,1.782,33.336,1.785,0.003
2026-05-12 19:50:50.491,33.336,1.782,33.336,1.785,0.003
2026-05-12 19:50:50.530,33.336,1.782,33.336,1.785,0.003
2026-05-12 19:50:50.551,33.336,1.782,33.336,1.785,0.003
2026-05-12 19:50:50.591,33.336,1.782,33.336,1.785,0.003
2026-05-12 19:50:50.631,33.336,1.782,33.336,1.785,0.003
2026-05-12 19:50:50.671,33.336,1.782,33.336,1.785,0.003
2026-05-12 19:50:50.711,33.336,1.782,33.336,1.785,0.003
2026-05-12 19:50:50.751,33.336,1.782,33.336,1.785,0.003
2026-05-12 19:50:50.771,33.139,1.779,33.139,1.782,0.003
2026-05-12 19:50:50.811,33.139,1.779,33.139,1.782,0.003
2026-05-12 19:50:50.850,33.139,1.779,33.139,1.782,0.003
2026-05-12 19:50:50.871,33.139,1.779,33.139,1.782,0.003
2026-05-12 19:50:50.891,33.139,1.779,33.139,1.782,0.003
2026-05-12 19:50:50.930,33.139,1.779,33.139,1.782,0.003
2026-05-12 19:50:50.950,33.139,1.779,33.139,1.782,0.003
2026-05-12 19:50:50.970,33.139,1.779,33.139,1.782,0.003
2026-05-12 19:50:50.991,33.139,1.779,33.139,1.782,0.003
2026-05-12 19:50:51.027,33.139,1.779,33.139,1.782,0.003
2026-05-12 19:50:51.075,33.139,1.779,33.139,1.782,0.003
2026-05-12 19:50:51.105,33.139,1.779,33.139,1.782,0.003
2026-05-12 19:50:51.131,33.139,1.779,33.139,1.782,0.003
2026-05-12 19:50:51.172,33.139,1.779,33.139,1.782,0.003
2026-05-12 19:50:51.193,33.139,1.779,33.139,1.782,0.003
2026-05-12 19:50:51.233,32.926,1.775,32.926,1.778,0.003
2026-05-12 19:50:51.270,32.926,1.775,32.926,1.778,0.003
2026-05-12 19:50:51.290,32.926,1.775,32.926,1.778,0.003
2026-05-12 19:50:51.311,32.926,1.775,32.926,1.778,0.003
2026-05-12 19:50:51.351,32.926,1.775,32.926,1.778,0.003
2026-05-12 19:50:51.390,32.926,1.775,32.926,1.778,0.003
2026-05-12 19:50:51.431,32.926,1.775,32.926,1.778,0.003
2026-05-12 19:50:51.451,32.926,1.775,32.926,1.778,0.003
2026-05-12 19:50:51.490,32.926,1.775,32.926,1.778,0.003
2026-05-12 19:50:51.530,32.926,1.775,32.926,1.778,0.003
2026-05-12 19:50:51.551,32.926,1.775,32.926,1.778,0.003
2026-05-12 19:50:51.591,32.926,1.775,32.926,1.778,0.003
2026-05-12 19:50:51.631,32.926,1.775,32.926,1.778,0.003
2026-05-12 19:50:51.651,32.926,1.775,32.926,1.778,0.003
2026-05-12 19:50:51.691,32.926,1.775,32.926,1.778,0.003
2026-05-12 19:50:51.730,32.926,1.775,32.926,1.778,0.003
2026-05-12 19:50:51.770,32.926,1.775,32.926,1.778,0.003
2026-05-12 19:50:51.791,32.765,1.774,32.765,1.775,0.002
2026-05-12 19:50:51.832,32.765,1.774,32.765,1.775,0.002
2026-05-12 19:50:51.870,32.765,1.774,32.765,1.775,0.002
2026-05-12 19:50:51.891,32.765,1.774,32.765,1.775,0.002
2026-05-12 19:50:51.911,32.765,1.774,32.765,1.775,0.002
2026-05-12 19:50:51.951,32.765,1.774,32.765,1.775,0.002
2026-05-12 19:50:51.991,32.765,1.774,32.765,1.775,0.002
2026-05-12 19:50:52.011,32.765,1.774,32.765,1.775,0.002
2026-05-12 19:50:52.051,32.765,1.774,32.765,1.775,0.002
2026-05-12 19:50:52.091,32.765,1.774,32.765,1.775,0.002
2026-05-12 19:50:52.131,32.765,1.774,32.765,1.775,0.002
2026-05-12 19:50:52.171,32.765,1.774,32.765,1.775,0.002
2026-05-12 19:50:52.211,32.765,1.774,32.765,1.775,0.002
2026-05-12 19:50:52.251,32.765,1.774,32.765,1.775,0.002
2026-05-12 19:50:52.271,32.765,1.774,32.765,1.775,0.002
2026-05-12 19:50:52.311,32.765,1.774,32.765,1.775,0.002
2026-05-12 19:50:52.350,32.614,1.769,32.614,1.773,0.004
2026-05-12 19:50:52.391,32.614,1.769,32.614,1.773,0.004
2026-05-12 19:50:52.431,32.614,1.769,32.614,1.773,0.004
2026-05-12 19:50:52.470,32.614,1.769,32.614,1.773,0.004
2026-05-12 19:50:52.491,32.614,1.769,32.614,1.773,0.004
2026-05-12 19:50:52.531,32.614,1.769,32.614,1.773,0.004
2026-05-12 19:50:52.570,32.614,1.769,32.614,1.773,0.004
2026-05-12 19:50:52.591,32.614,1.769,32.614,1.773,0.004
2026-05-12 19:50:52.611,32.614,1.769,32.614,1.773,0.004
2026-05-12 19:50:52.650,32.614,1.769,32.614,1.773,0.004
2026-05-12 19:50:52.670,32.614,1.769,32.614,1.773,0.004
2026-05-12 19:50:52.691,32.614,1.769,32.614,1.773,0.004
2026-05-12 19:50:52.730,32.614,1.769,32.614,1.773,0.004
2026-05-12 19:50:52.750,32.614,1.769,32.614,1.773,0.004
2026-05-12 19:50:52.791,32.614,1.769,32.614,1.773,0.004
2026-05-12 19:50:52.811,32.464,1.768,32.464,1.77,0.003
2026-05-12 19:50:52.850,32.464,1.768,32.464,1.77,0.003
2026-05-12 19:50:52.870,32.464,1.768,32.464,1.77,0.003
2026-05-12 19:50:52.911,32.464,1.768,32.464,1.77,0.003
2026-05-12 19:50:52.933,32.464,1.768,32.464,1.77,0.003
2026-05-12 19:50:52.971,32.464,1.768,32.464,1.77,0.003
2026-05-12 19:50:53.011,32.464,1.768,32.464,1.77,0.003
2026-05-12 19:50:53.051,32.464,1.768,32.464,1.77,0.003
2026-05-12 19:50:53.091,32.464,1.768,32.464,1.77,0.003
2026-05-12 19:50:53.130,32.464,1.768,32.464,1.77,0.003
2026-05-12 19:50:53.152,32.464,1.768,32.464,1.77,0.003
2026-05-12 19:50:53.191,32.464,1.768,32.464,1.77,0.003
2026-05-12 19:50:53.213,32.315,1.77,32.315,1.768,0.002
2026-05-12 19:50:53.250,32.315,1.77,32.315,1.768,0.002
2026-05-12 19:50:53.291,32.315,1.77,32.315,1.768,0.002
2026-05-12 19:50:53.330,32.315,1.77,32.315,1.768,0.002
2026-05-12 19:50:53.371,32.315,1.77,32.315,1.768,0.002
2026-05-12 19:50:53.411,32.315,1.77,32.315,1.768,0.002
2026-05-12 19:50:53.431,32.315,1.77,32.315,1.768,0.002
2026-05-12 19:50:53.471,32.315,1.77,32.315,1.768,0.002
2026-05-12 19:50:53.511,32.315,1.77,32.315,1.768,0.002
2026-05-12 19:50:53.531,32.315,1.77,32.315,1.768,0.002
2026-05-12 19:50:53.571,32.315,1.77,32.315,1.768,0.002
2026-05-12 19:50:53.611,32.315,1.77,32.315,1.768,0.002
2026-05-12 19:50:53.650,32.315,1.77,32.315,1.768,0.002
2026-05-12 19:50:53.670,32.315,1.77,32.315,1.768,0.002
2026-05-12 19:50:53.692,32.315,1.77,32.315,1.768,0.002
2026-05-12 19:50:53.731,32.164,1.769,32.164,1.765,0.003
2026-05-12 19:50:53.755,32.164,1.769,32.164,1.765,0.003
2026-05-12 19:50:53.790,32.164,1.769,32.164,1.765,0.003
2026-05-12 19:50:53.811,32.164,1.769,32.164,1.765,0.003
2026-05-12 19:50:53.851,32.164,1.769,32.164,1.765,0.003
2026-05-12 19:50:53.871,32.164,1.769,32.164,1.765,0.003
2026-05-12 19:50:53.911,32.164,1.769,32.164,1.765,0.003
2026-05-12 19:50:53.950,32.164,1.769,32.164,1.765,0.003
2026-05-12 19:50:53.970,32.164,1.769,32.164,1.765,0.003
2026-05-12 19:50:54.010,32.164,1.769,32.164,1.765,0.003
2026-05-12 19:50:54.050,32.164,1.769,32.164,1.765,0.003
2026-05-12 19:50:54.071,32.164,1.769,32.164,1.765,0.003
2026-05-12 19:50:54.110,32.164,1.769,32.164,1.765,0.003
2026-05-12 19:50:54.131,32.164,1.769,32.164,1.765,0.003
2026-05-12 19:50:54.178,32.164,1.769,32.164,1.765,0.003
2026-05-12 19:50:54.211,32.164,1.769,32.164,1.765,0.003
2026-05-12 19:50:54.235,32.043,1.767,32.043,1.763,0.004
2026-05-12 19:50:54.271,32.043,1.767,32.043,1.763,0.004
2026-05-12 19:50:54.310,32.043,1.767,32.043,1.763,0.004
2026-05-12 19:50:54.331,32.043,1.767,32.043,1.763,0.004
2026-05-12 19:50:54.370,32.043,1.767,32.043,1.763,0.004
2026-05-12 19:50:54.391,32.043,1.767,32.043,1.763,0.004
2026-05-12 19:50:54.431,32.043,1.767,32.043,1.763,0.004
2026-05-12 19:50:54.470,32.043,1.767,32.043,1.763,0.004
2026-05-12 19:50:54.491,32.043,1.767,32.043,1.763,0.004
2026-05-12 19:50:54.531,32.043,1.767,32.043,1.763,0.004
2026-05-12 19:50:54.571,32.043,1.767,32.043,1.763,0.004
2026-05-12 19:50:54.591,32.043,1.767,32.043,1.763,0.004
2026-05-12 19:50:54.611,32.043,1.767,32.043,1.763,0.004
2026-05-12 19:50:54.650,32.043,1.767,32.043,1.763,0.004
2026-05-12 19:50:54.670,32.043,1.767,32.043,1.763,0.004
2026-05-12 19:50:54.710,32.043,1.767,32.043,1.763,0.004
2026-05-12 19:50:54.730,32.043,1.767,32.043,1.763,0.004
2026-05-12 19:50:54.751,32.043,1.767,32.043,1.763,0.004
2026-05-12 19:50:54.791,31.863,1.763,31.863,1.76,0.002
2026-05-12 19:50:54.830,31.863,1.763,31.863,1.76,0.002
2026-05-12 19:50:54.850,31.863,1.763,31.863,1.76,0.002
2026-05-12 19:50:54.891,31.863,1.763,31.863,1.76,0.002
2026-05-12 19:50:54.930,31.863,1.763,31.863,1.76,0.002
2026-05-12 19:50:54.950,31.863,1.763,31.863,1.76,0.002
2026-05-12 19:50:54.990,31.863,1.763,31.863,1.76,0.002
2026-05-12 19:50:55.012,31.863,1.763,31.863,1.76,0.002
2026-05-12 19:50:55.050,31.863,1.763,31.863,1.76,0.002
2026-05-12 19:50:55.070,31.863,1.763,31.863,1.76,0.002
2026-05-12 19:50:55.111,31.863,1.763,31.863,1.76,0.002
2026-05-12 19:50:55.151,31.863,1.763,31.863,1.76,0.002
2026-05-12 19:50:55.190,31.863,1.763,31.863,1.76,0.002
2026-05-12 19:50:55.211,31.863,1.763,31.863,1.76,0.002
2026-05-12 19:50:55.231,31.863,1.763,31.863,1.76,0.002
2026-05-12 19:50:55.270,31.714,1.763,31.714,1.758,0.005
2026-05-12 19:50:55.291,31.714,1.763,31.714,1.758,0.005
2026-05-12 19:50:55.331,31.714,1.763,31.714,1.758,0.005
2026-05-12 19:50:55.371,31.714,1.763,31.714,1.758,0.005
2026-05-12 19:50:55.410,31.714,1.763,31.714,1.758,0.005
2026-05-12 19:50:55.430,31.714,1.763,31.714,1.758,0.005
2026-05-12 19:50:55.451,31.714,1.763,31.714,1.758,0.005
2026-05-12 19:50:55.490,31.714,1.763,31.714,1.758,0.005
2026-05-12 19:50:55.511,31.714,1.763,31.714,1.758,0.005
2026-05-12 19:50:55.552,31.714,1.763,31.714,1.758,0.005
2026-05-12 19:50:55.590,31.714,1.763,31.714,1.758,0.005
2026-05-12 19:50:55.610,31.714,1.763,31.714,1.758,0.005
2026-05-12 19:50:55.630,31.714,1.763,31.714,1.758,0.005
2026-05-12 19:50:55.671,31.714,1.763,31.714,1.758,0.005
2026-05-12 19:50:55.691,31.714,1.763,31.714,1.758,0.005
2026-05-12 19:50:55.730,31.714,1.763,31.714,1.758,0.005
2026-05-12 19:50:55.771,31.714,1.763,31.714,1.758,0.005
2026-05-12 19:50:55.811,31.714,1.763,31.714,1.758,0.005
2026-05-12 19:50:55.851,31.714,1.763,31.714,1.758,0.005
2026-05-12 19:50:55.893,31.596,1.762,31.596,1.756,0.006
2026-05-12 19:50:55.930,31.596,1.762,31.596,1.756,0.006
2026-05-12 19:50:55.950,31.596,1.762,31.596,1.756,0.006
2026-05-12 19:50:55.971,31.596,1.762,31.596,1.756,0.006
2026-05-12 19:50:55.991,31.596,1.762,31.596,1.756,0.006
2026-05-12 19:50:56.031,31.596,1.762,31.596,1.756,0.006
2026-05-12 19:50:56.071,31.596,1.762,31.596,1.756,0.006
2026-05-12 19:50:56.111,31.596,1.762,31.596,1.756,0.006
2026-05-12 19:50:56.150,31.596,1.762,31.596,1.756,0.006
2026-05-12 19:50:56.171,31.596,1.762,31.596,1.756,0.006
2026-05-12 19:50:56.210,31.596,1.762,31.596,1.756,0.006
2026-05-12 19:50:56.251,31.596,1.762,31.596,1.756,0.006
2026-05-12 19:50:56.271,31.596,1.762,31.596,1.756,0.006
2026-05-12 19:50:56.311,31.445,1.759,31.445,1.754,0.005
2026-05-12 19:50:56.331,31.445,1.759,31.445,1.754,0.005
2026-05-12 19:50:56.370,31.445,1.759,31.445,1.754,0.005
2026-05-12 19:50:56.410,31.445,1.759,31.445,1.754,0.005
2026-05-12 19:50:56.431,31.445,1.759,31.445,1.754,0.005
2026-05-12 19:50:56.451,31.445,1.759,31.445,1.754,0.005
2026-05-12 19:50:56.491,31.445,1.759,31.445,1.754,0.005
2026-05-12 19:50:56.531,31.445,1.759,31.445,1.754,0.005
2026-05-12 19:50:56.551,31.445,1.759,31.445,1.754,0.005
2026-05-12 19:50:56.590,31.445,1.759,31.445,1.754,0.005
2026-05-12 19:50:56.610,31.445,1.759,31.445,1.754,0.005
2026-05-12 19:50:56.631,31.445,1.759,31.445,1.754,0.005
2026-05-12 19:50:56.651,31.445,1.759,31.445,1.754,0.005
2026-05-12 19:50:56.690,31.445,1.759,31.445,1.754,0.005
2026-05-12 19:50:56.711,31.445,1.759,31.445,1.754,0.005
2026-05-12 19:50:56.752,31.445,1.759,31.445,1.754,0.005
2026-05-12 19:50:56.791,31.445,1.759,31.445,1.754,0.005
2026-05-12 19:50:56.831,31.445,1.759,31.445,1.754,0.005
2026-05-12 19:50:56.851,31.445,1.759,31.445,1.754,0.005
2026-05-12 19:50:56.876,31.297,1.752,31.297,1.751,0.001
2026-05-12 19:50:56.910,31.297,1.752,31.297,1.751,0.001
2026-05-12 19:50:56.931,31.297,1.752,31.297,1.751,0.001
2026-05-12 19:50:56.970,31.297,1.752,31.297,1.751,0.001
2026-05-12 19:50:56.991,31.297,1.752,31.297,1.751,0.001
2026-05-12 19:50:57.031,31.297,1.752,31.297,1.751,0.001
2026-05-12 19:50:57.070,31.297,1.752,31.297,1.751,0.001
2026-05-12 19:50:57.110,31.297,1.752,31.297,1.751,0.001
2026-05-12 19:50:57.131,31.297,1.752,31.297,1.751,0.001
2026-05-12 19:50:57.151,31.297,1.752,31.297,1.751,0.001
2026-05-12 19:50:57.191,31.297,1.752,31.297,1.751,0.001
2026-05-12 19:50:57.230,31.297,1.752,31.297,1.751,0.001
2026-05-12 19:50:57.251,31.297,1.752,31.297,1.751,0.001
2026-05-12 19:50:57.290,31.297,1.752,31.297,1.751,0.001
2026-05-12 19:50:57.330,31.139,1.747,31.139,1.748,0.001
2026-05-12 19:50:57.351,31.139,1.747,30.99,1.746,0.149
2026-05-12 19:50:57.390,31.139,1.747,30.99,1.746,0.149
2026-05-12 19:50:57.411,31.139,1.747,30.99,1.746,0.149
2026-05-12 19:50:57.431,31.139,1.747,30.99,1.746,0.149
2026-05-12 19:50:57.470,31.139,1.747,30.99,1.746,0.149
2026-05-12 19:50:57.490,31.139,1.747,30.99,1.746,0.149
2026-05-12 19:50:57.510,31.139,1.747,30.99,1.746,0.149
2026-05-12 19:50:57.530,31.139,1.747,30.99,1.746,0.149
2026-05-12 19:50:57.570,31.139,1.747,30.99,1.746,0.149
2026-05-12 19:50:57.590,31.139,1.747,30.99,1.746,0.149
2026-05-12 19:50:57.611,31.139,1.747,30.99,1.746,0.149
2026-05-12 19:50:57.651,31.139,1.747,30.99,1.746,0.149
2026-05-12 19:50:57.691,31.139,1.747,30.99,1.746,0.149
2026-05-12 19:50:57.730,31.139,1.747,30.99,1.746,0.149
2026-05-12 19:50:57.750,31.139,1.747,30.99,1.746,0.149
2026-05-12 19:50:57.774,30.914,1.74,30.914,1.743,0.002
2026-05-12 19:50:57.811,30.914,1.74,30.914,1.743,0.002
2026-05-12 19:50:57.852,30.914,1.74,30.914,1.743,0.002
2026-05-12 19:50:57.890,30.914,1.74,30.914,1.743,0.002
2026-05-12 19:50:57.911,30.914,1.74,30.914,1.743,0.002
2026-05-12 19:50:57.950,30.914,1.74,30.914,1.743,0.002
2026-05-12 19:50:57.971,30.914,1.74,30.914,1.743,0.002
2026-05-12 19:50:58.012,30.914,1.74,30.914,1.743,0.002
2026-05-12 19:50:58.051,30.914,1.74,30.914,1.743,0.002
2026-05-12 19:50:58.091,30.914,1.74,30.914,1.743,0.002
2026-05-12 19:50:58.111,30.914,1.74,30.914,1.743,0.002
2026-05-12 19:50:58.151,30.914,1.74,30.914,1.743,0.002
2026-05-12 19:50:58.190,30.914,1.74,30.914,1.743,0.002
2026-05-12 19:50:58.211,30.914,1.74,30.914,1.743,0.002
2026-05-12 19:50:58.251,30.914,1.74,30.914,1.743,0.002
2026-05-12 19:50:58.290,30.914,1.74,30.914,1.743,0.002
2026-05-12 19:50:58.310,30.914,1.74,30.914,1.743,0.002
2026-05-12 19:50:58.331,30.61,1.73,30.61,1.729,0.0
2026-05-12 19:50:58.370,30.61,1.73,30.61,1.729,0.0
2026-05-12 19:50:58.394,30.61,1.73,30.61,1.729,0.0
2026-05-12 19:50:58.430,30.61,1.73,30.61,1.729,0.0
2026-05-12 19:50:58.450,30.61,1.73,30.61,1.729,0.0
2026-05-12 19:50:58.471,30.61,1.73,30.61,1.729,0.0
2026-05-12 19:50:58.511,30.61,1.73,30.61,1.729,0.0
2026-05-12 19:50:58.551,30.61,1.73,30.61,1.729,0.0
2026-05-12 19:50:58.591,30.61,1.73,30.61,1.729,0.0
2026-05-12 19:50:58.631,30.61,1.73,30.61,1.729,0.0
2026-05-12 19:50:58.651,30.61,1.73,30.61,1.729,0.0
2026-05-12 19:50:58.671,30.61,1.73,30.61,1.729,0.0
2026-05-12 19:50:58.710,30.61,1.73,30.61,1.729,0.0
2026-05-12 19:50:58.750,30.152,1.713,30.152,1.71,0.003
2026-05-12 19:50:58.771,30.152,1.713,30.152,1.71,0.003
2026-05-12 19:50:58.810,30.152,1.713,30.152,1.71,0.003
2026-05-12 19:50:58.830,30.152,1.713,30.152,1.71,0.003
2026-05-12 19:50:58.850,30.152,1.713,30.152,1.71,0.003
2026-05-12 19:50:58.891,30.152,1.713,30.152,1.71,0.003
2026-05-12 19:50:58.930,30.152,1.713,30.152,1.71,0.003
2026-05-12 19:50:58.951,30.152,1.713,30.152,1.71,0.003
2026-05-12 19:50:58.991,30.152,1.713,30.152,1.71,0.003
2026-05-12 19:50:59.030,30.152,1.713,30.152,1.71,0.003
2026-05-12 19:50:59.051,30.152,1.713,30.152,1.71,0.003
2026-05-12 19:50:59.090,30.152,1.713,30.152,1.71,0.003
2026-05-12 19:50:59.111,30.152,1.713,30.152,1.71,0.003
2026-05-12 19:50:59.151,30.152,1.713,30.152,1.71,0.003
2026-05-12 19:50:59.190,30.152,1.713,30.152,1.71,0.003
2026-05-12 19:50:59.210,30.152,1.713,30.152,1.71,0.003
2026-05-12 19:50:59.230,30.152,1.713,30.152,1.71,0.003
2026-05-12 19:50:59.251,30.152,1.713,30.152,1.71,0.003
2026-05-12 19:50:59.271,29.845,1.7,29.845,1.696,0.004
2026-05-12 19:50:59.311,29.845,1.7,29.845,1.696,0.004
2026-05-12 19:50:59.350,29.845,1.7,29.845,1.696,0.004
2026-05-12 19:50:59.370,29.845,1.7,29.845,1.696,0.004
2026-05-12 19:50:59.391,29.845,1.7,29.845,1.696,0.004
2026-05-12 19:50:59.431,29.845,1.7,29.845,1.696,0.004
2026-05-12 19:50:59.470,29.845,1.7,29.845,1.696,0.004
2026-05-12 19:50:59.500,29.845,1.7,29.845,1.696,0.004
2026-05-12 19:50:59.552,29.845,1.7,29.845,1.696,0.004
2026-05-12 19:50:59.591,29.845,1.7,29.845,1.696,0.004
2026-05-12 19:50:59.630,29.845,1.7,29.845,1.696,0.004
2026-05-12 19:50:59.651,29.845,1.7,29.845,1.696,0.004
2026-05-12 19:50:59.671,29.845,1.7,29.845,1.696,0.004
2026-05-12 19:50:59.691,29.845,1.7,29.845,1.696,0.004
2026-05-12 19:50:59.714,29.845,1.7,29.845,1.696,0.004
2026-05-12 19:50:59.751,29.382,1.67,29.382,1.676,0.006
2026-05-12 19:50:59.791,29.382,1.67,29.382,1.676,0.006
2026-05-12 19:50:59.830,29.382,1.67,29.382,1.676,0.006
2026-05-12 19:50:59.851,29.382,1.67,29.382,1.676,0.006
2026-05-12 19:50:59.891,29.382,1.67,29.382,1.676,0.006
2026-05-12 19:50:59.931,29.382,1.67,29.382,1.676,0.006
2026-05-12 19:50:59.971,29.382,1.67,29.382,1.676,0.006
2026-05-12 19:50:59.991,29.382,1.67,29.382,1.676,0.006
2026-05-12 19:51:00.011,29.382,1.67,29.382,1.676,0.006
2026-05-12 19:51:00.031,29.382,1.67,29.382,1.676,0.006
2026-05-12 19:51:00.071,29.382,1.67,29.382,1.676,0.006
2026-05-12 19:51:00.110,29.382,1.67,29.382,1.676,0.006
2026-05-12 19:51:00.131,29.382,1.67,29.382,1.676,0.006
2026-05-12 19:51:00.151,29.382,1.67,29.382,1.676,0.006
2026-05-12 19:51:00.171,29.382,1.67,29.382,1.676,0.006
2026-05-12 19:51:00.191,29.382,1.67,29.382,1.676,0.006
2026-05-12 19:51:00.211,29.382,1.67,29.382,1.676,0.006
2026-05-12 19:51:00.250,29.382,1.67,29.382,1.676,0.006
2026-05-12 19:51:00.270,29.382,1.67,29.382,1.676,0.006
2026-05-12 19:51:00.311,29.072,1.64,29.071,1.663,0.023
2026-05-12 19:51:00.351,29.072,1.64,29.071,1.663,0.023
2026-05-12 19:51:00.390,29.072,1.64,29.071,1.663,0.023
2026-05-12 19:51:00.431,29.072,1.64,29.071,1.663,0.023
2026-05-12 19:51:00.470,29.072,1.64,29.071,1.663,0.023
2026-05-12 19:51:00.511,29.072,1.64,29.071,1.663,0.023
2026-05-12 19:51:00.551,29.072,1.64,29.071,1.663,0.023
2026-05-12 19:51:00.590,29.072,1.64,29.071,1.663,0.023
2026-05-12 19:51:00.630,29.072,1.64,29.071,1.663,0.023
2026-05-12 19:51:00.651,29.072,1.64,29.071,1.663,0.023
2026-05-12 19:51:00.691,29.072,1.64,29.071,1.663,0.023
2026-05-12 19:51:00.711,29.072,1.64,29.071,1.663,0.023
2026-05-12 19:51:00.750,29.072,1.64,29.071,1.663,0.023
2026-05-12 19:51:00.771,29.072,1.64,29.071,1.663,0.023
2026-05-12 19:51:00.810,29.072,1.64,29.071,1.663,0.023
2026-05-12 19:51:00.830,29.072,1.64,29.071,1.663,0.023
2026-05-12 19:51:00.870,29.072,1.64,29.071,1.663,0.023
2026-05-12 19:51:00.891,29.072,1.64,29.071,1.663,0.023
2026-05-12 19:51:00.931,28.61,1.591,28.608,1.642,0.052
2026-05-12 19:51:00.970,28.61,1.591,28.608,1.642,0.052
2026-05-12 19:51:00.991,28.61,1.591,28.608,1.642,0.052
2026-05-12 19:51:01.030,28.61,1.591,28.608,1.642,0.052
2026-05-12 19:51:01.070,28.61,1.591,28.608,1.642,0.052
2026-05-12 19:51:01.091,28.61,1.591,28.608,1.642,0.052
2026-05-12 19:51:01.130,28.61,1.591,28.608,1.642,0.052
2026-05-12 19:51:01.150,28.61,1.591,28.608,1.642,0.052
2026-05-12 19:51:01.171,28.61,1.591,28.608,1.642,0.052
2026-05-12 19:51:01.211,28.61,1.591,28.608,1.642,0.052
2026-05-12 19:51:01.253,28.226,1.541,28.222,1.626,0.085
2026-05-12 19:51:01.291,28.226,1.541,28.222,1.626,0.085
2026-05-12 19:51:01.331,28.226,1.541,28.222,1.626,0.085
2026-05-12 19:51:01.353,28.226,1.541,28.222,1.626,0.085
2026-05-12 19:51:01.391,28.226,1.541,28.222,1.626,0.085
2026-05-12 19:51:01.430,28.226,1.541,28.222,1.626,0.085
2026-05-12 19:51:01.470,28.226,1.541,28.222,1.626,0.085
2026-05-12 19:51:01.510,28.226,1.541,28.222,1.626,0.085
2026-05-12 19:51:01.531,28.226,1.541,28.222,1.626,0.085
2026-05-12 19:51:01.574,28.226,1.541,28.222,1.626,0.085
2026-05-12 19:51:01.611,28.226,1.541,28.222,1.626,0.085
2026-05-12 19:51:01.631,28.226,1.541,28.222,1.626,0.085
2026-05-12 19:51:01.670,28.226,1.541,28.222,1.626,0.085
2026-05-12 19:51:01.691,28.226,1.541,28.222,1.626,0.085
2026-05-12 19:51:01.711,28.226,1.541,28.222,1.626,0.085
2026-05-12 19:51:01.751,27.844,1.488,27.839,1.609,0.122
2026-05-12 19:51:01.792,27.844,1.488,27.839,1.609,0.122
2026-05-12 19:51:01.830,27.844,1.488,27.839,1.609,0.122
2026-05-12 19:51:01.870,27.844,1.488,27.839,1.609,0.122
2026-05-12 19:51:01.890,27.844,1.488,27.839,1.609,0.122
2026-05-12 19:51:01.910,27.844,1.488,27.839,1.609,0.122
2026-05-12 19:51:01.931,27.844,1.488,27.839,1.609,0.122
2026-05-12 19:51:01.951,27.844,1.488,27.839,1.609,0.122
2026-05-12 19:51:01.991,27.844,1.488,27.839,1.609,0.122
2026-05-12 19:51:02.030,27.844,1.488,27.839,1.609,0.122
2026-05-12 19:51:02.051,27.844,1.488,27.839,1.609,0.122
2026-05-12 19:51:02.091,27.844,1.488,27.839,1.609,0.122
2026-05-12 19:51:02.130,27.844,1.488,27.839,1.609,0.122
2026-05-12 19:51:02.151,27.844,1.488,27.839,1.609,0.122
2026-05-12 19:51:02.171,27.844,1.488,27.839,1.609,0.122
2026-05-12 19:51:02.210,27.844,1.488,27.839,1.609,0.122
2026-05-12 19:51:02.230,27.844,1.488,27.839,1.609,0.122
2026-05-12 19:51:02.251,27.844,1.488,27.839,1.609,0.122
2026-05-12 19:51:02.290,27.844,1.488,27.839,1.609,0.122
2026-05-12 19:51:02.310,27.844,1.488,27.839,1.609,0.122
2026-05-12 19:51:02.342,27.844,1.488,27.839,1.609,0.122
2026-05-12 19:51:02.375,27.844,1.488,27.839,1.609,0.122
2026-05-12 19:51:02.410,27.538,1.441,27.532,1.596,0.155
2026-05-12 19:51:02.440,27.538,1.441,27.532,1.596,0.155
2026-05-12 19:51:02.470,27.538,1.441,27.532,1.596,0.155
2026-05-12 19:51:02.495,27.538,1.441,27.532,1.596,0.155
2026-05-12 19:51:02.531,27.538,1.441,27.532,1.596,0.155
2026-05-12 19:51:02.551,27.538,1.441,27.532,1.596,0.155
2026-05-12 19:51:02.591,27.538,1.441,27.532,1.596,0.155
2026-05-12 19:51:02.631,27.538,1.441,27.532,1.596,0.155
2026-05-12 19:51:02.671,27.538,1.441,27.532,1.596,0.155
2026-05-12 19:51:02.710,27.538,1.441,27.532,1.596,0.155
2026-05-12 19:51:02.731,27.538,1.441,27.532,1.596,0.155
2026-05-12 19:51:02.753,27.079,1.356,27.07,1.576,0.22
2026-05-12 19:51:02.791,27.079,1.356,27.07,1.576,0.22
2026-05-12 19:51:02.831,27.079,1.356,27.07,1.576,0.22
2026-05-12 19:51:02.871,27.079,1.356,27.07,1.576,0.22
2026-05-12 19:51:02.911,27.079,1.356,27.07,1.576,0.22
2026-05-12 19:51:02.931,27.079,1.356,27.07,1.576,0.22
2026-05-12 19:51:02.971,27.079,1.356,27.07,1.576,0.22
2026-05-12 19:51:03.011,27.079,1.356,27.07,1.576,0.22
2026-05-12 19:51:03.051,27.079,1.356,27.07,1.576,0.22
2026-05-12 19:51:03.091,27.079,1.356,27.07,1.576,0.22
2026-05-12 19:51:03.130,27.079,1.356,27.07,1.576,0.22
2026-05-12 19:51:03.151,27.079,1.356,27.07,1.576,0.22
2026-05-12 19:51:03.190,27.079,1.356,27.07,1.576,0.22
2026-05-12 19:51:03.210,27.079,1.356,27.07,1.576,0.22
2026-05-12 19:51:03.231,27.079,1.356,27.07,1.576,0.22
2026-05-12 19:51:03.270,27.079,1.356,27.07,1.576,0.22
2026-05-12 19:51:03.291,27.079,1.356,27.07,1.576,0.22
2026-05-12 19:51:03.331,27.079,1.356,27.07,1.576,0.22
2026-05-12 19:51:03.371,27.079,1.356,27.07,1.576,0.22
2026-05-12 19:51:03.391,27.079,1.356,27.07,1.576,0.22
2026-05-12 19:51:03.432,26.7,1.293,26.688,1.559,0.267
2026-05-12 19:51:03.471,26.7,1.293,26.688,1.559,0.267
2026-05-12 19:51:03.510,26.7,1.293,26.688,1.559,0.267
2026-05-12 19:51:03.530,26.7,1.293,26.688,1.559,0.267
2026-05-12 19:51:03.571,26.7,1.293,26.688,1.559,0.267
2026-05-12 19:51:03.611,26.7,1.293,26.688,1.559,0.267
2026-05-12 19:51:03.651,26.7,1.293,26.688,1.559,0.267
2026-05-12 19:51:03.690,26.7,1.293,26.688,1.559,0.267
2026-05-12 19:51:03.710,26.7,1.293,26.688,1.559,0.267
2026-05-12 19:51:03.731,26.7,1.293,26.688,1.559,0.267
2026-05-12 19:51:03.770,26.7,1.293,26.688,1.559,0.267
2026-05-12 19:51:03.791,26.7,1.293,26.688,1.559,0.267
2026-05-12 19:51:03.811,26.7,1.293,26.688,1.559,0.267
2026-05-12 19:51:03.851,26.7,1.293,26.688,1.559,0.267
2026-05-12 19:51:03.871,26.317,1.233,26.304,1.542,0.309
2026-05-12 19:51:03.910,26.317,1.233,26.304,1.542,0.309
2026-05-12 19:51:03.931,26.317,1.233,26.304,1.542,0.309
2026-05-12 19:51:03.975,26.317,1.233,26.304,1.542,0.309
2026-05-12 19:51:04.011,26.317,1.233,26.304,1.542,0.309
2026-05-12 19:51:04.051,26.317,1.233,26.304,1.542,0.309
2026-05-12 19:51:04.090,26.317,1.233,26.304,1.542,0.309
2026-05-12 19:51:04.111,26.317,1.233,26.304,1.542,0.309
2026-05-12 19:51:04.151,26.317,1.233,26.304,1.542,0.309
2026-05-12 19:51:04.190,26.317,1.233,26.304,1.542,0.309
2026-05-12 19:51:04.230,26.317,1.233,26.304,1.542,0.309
2026-05-12 19:51:04.250,26.317,1.233,26.304,1.542,0.309
2026-05-12 19:51:04.290,25.936,1.182,25.921,1.526,0.344
2026-05-12 19:51:04.311,25.936,1.182,25.921,1.526,0.344
2026-05-12 19:51:04.350,25.936,1.182,25.921,1.526,0.344
2026-05-12 19:51:04.371,25.936,1.182,25.921,1.526,0.344
2026-05-12 19:51:04.391,25.936,1.182,25.921,1.526,0.344
2026-05-12 19:51:04.431,25.936,1.182,25.921,1.526,0.344
2026-05-12 19:51:04.452,25.936,1.182,25.921,1.526,0.344
2026-05-12 19:51:04.491,25.936,1.182,25.921,1.526,0.344
2026-05-12 19:51:04.511,25.936,1.182,25.921,1.526,0.344
2026-05-12 19:51:04.550,25.936,1.182,25.921,1.526,0.344
2026-05-12 19:51:04.570,25.936,1.182,25.921,1.526,0.344
2026-05-12 19:51:04.591,25.936,1.182,25.921,1.526,0.344
2026-05-12 19:51:04.631,25.936,1.182,25.921,1.526,0.344
2026-05-12 19:51:04.670,25.936,1.182,25.921,1.526,0.344
2026-05-12 19:51:04.691,25.936,1.182,25.921,1.526,0.344
2026-05-12 19:51:04.711,25.936,1.182,25.921,1.526,0.344
2026-05-12 19:51:04.750,25.936,1.182,25.921,1.526,0.344
2026-05-12 19:51:04.790,25.936,1.182,25.921,1.526,0.344
2026-05-12 19:51:04.817,25.554,1.108,25.537,1.509,0.402
2026-05-12 19:51:04.850,25.554,1.108,25.537,1.509,0.402
2026-05-12 19:51:04.874,25.554,1.108,25.537,1.509,0.402
2026-05-12 19:51:04.923,25.554,1.108,25.537,1.509,0.402
2026-05-12 19:51:04.951,25.554,1.108,25.537,1.509,0.402
2026-05-12 19:51:04.990,25.554,1.108,25.537,1.509,0.402
2026-05-12 19:51:05.031,25.554,1.108,25.537,1.509,0.402
2026-05-12 19:51:05.051,25.554,1.108,25.537,1.509,0.402
2026-05-12 19:51:05.091,25.554,1.108,25.537,1.509,0.402
2026-05-12 19:51:05.130,25.554,1.108,25.537,1.509,0.402
2026-05-12 19:51:05.151,25.554,1.108,25.537,1.509,0.402
2026-05-12 19:51:05.190,25.554,1.108,25.537,1.509,0.402
2026-05-12 19:51:05.211,25.554,1.108,25.537,1.509,0.402
2026-05-12 19:51:05.231,25.554,1.108,25.537,1.509,0.402
2026-05-12 19:51:05.251,25.554,1.108,25.537,1.509,0.402
2026-05-12 19:51:05.291,25.554,1.108,25.537,1.509,0.402
2026-05-12 19:51:05.331,25.172,1.033,25.152,1.492,0.46
2026-05-12 19:51:05.371,25.172,1.033,25.152,1.492,0.46
2026-05-12 19:51:05.391,25.172,1.033,25.152,1.492,0.46
2026-05-12 19:51:05.430,25.172,1.033,25.152,1.492,0.46
2026-05-12 19:51:05.450,25.172,1.033,25.152,1.492,0.46
2026-05-12 19:51:05.471,25.172,1.033,25.152,1.492,0.46
2026-05-12 19:51:05.513,25.172,1.033,25.152,1.492,0.46
2026-05-12 19:51:05.550,25.172,1.033,25.152,1.492,0.46
2026-05-12 19:51:05.591,25.172,1.033,25.152,1.492,0.46
2026-05-12 19:51:05.630,25.172,1.033,25.152,1.492,0.46
2026-05-12 19:51:05.651,25.172,1.033,25.152,1.492,0.46
2026-05-12 19:51:05.691,25.172,1.033,25.152,1.492,0.46
2026-05-12 19:51:05.711,25.172,1.033,25.152,1.492,0.46
2026-05-12 19:51:05.751,25.172,1.033,25.152,1.492,0.46
2026-05-12 19:51:05.771,24.791,0.967,24.768,1.475,0.509
2026-05-12 19:51:05.810,24.791,0.967,24.768,1.475,0.509
2026-05-12 19:51:05.851,24.791,0.967,24.768,1.475,0.509
2026-05-12 19:51:05.890,24.791,0.967,24.768,1.475,0.509
2026-05-12 19:51:05.911,24.791,0.967,24.768,1.475,0.509
2026-05-12 19:51:05.950,24.791,0.967,24.768,1.475,0.509
2026-05-12 19:51:05.991,24.791,0.967,24.768,1.475,0.509
2026-05-12 19:51:06.030,24.791,0.967,24.768,1.475,0.509
2026-05-12 19:51:06.050,24.791,0.967,24.768,1.475,0.509
2026-05-12 19:51:06.091,24.791,0.967,24.768,1.475,0.509
2026-05-12 19:51:06.111,24.791,0.967,24.768,1.475,0.509
2026-05-12 19:51:06.150,24.791,0.967,24.768,1.475,0.509
2026-05-12 19:51:06.170,24.791,0.967,24.768,1.475,0.509
2026-05-12 19:51:06.190,24.791,0.967,24.768,1.475,0.509
2026-05-12 19:51:06.230,24.409,0.903,24.385,1.459,0.557
2026-05-12 19:51:06.251,24.409,0.903,24.385,1.459,0.557
2026-05-12 19:51:06.290,24.409,0.903,24.385,1.459,0.557
2026-05-12 19:51:06.310,24.409,0.903,24.385,1.459,0.557
2026-05-12 19:51:06.351,24.409,0.903,24.385,1.459,0.557
2026-05-12 19:51:06.391,24.409,0.903,24.385,1.459,0.557
2026-05-12 19:51:06.430,24.409,0.903,24.385,1.459,0.557
2026-05-12 19:51:06.450,24.409,0.903,24.385,1.459,0.557
2026-05-12 19:51:06.471,24.409,0.903,24.385,1.459,0.557
2026-05-12 19:51:06.511,24.409,0.903,24.385,1.459,0.557
2026-05-12 19:51:06.531,24.409,0.903,24.385,1.459,0.557
2026-05-12 19:51:06.551,24.409,0.903,24.385,1.459,0.557
2026-05-12 19:51:06.590,24.409,0.903,24.385,1.459,0.557
2026-05-12 19:51:06.611,24.409,0.903,24.385,1.459,0.557
2026-05-12 19:51:06.650,24.409,0.903,24.385,1.459,0.557
2026-05-12 19:51:06.671,24.409,0.903,24.385,1.459,0.557
2026-05-12 19:51:06.710,24.409,0.903,24.385,1.459,0.557
2026-05-12 19:51:06.730,24.409,0.903,24.385,1.459,0.557
2026-05-12 19:51:06.751,24.409,0.903,24.385,1.459,0.557
2026-05-12 19:51:06.790,24.028,0.839,24.001,1.442,0.603
2026-05-12 19:51:06.831,24.028,0.839,24.001,1.442,0.603
2026-05-12 19:51:06.851,24.028,0.839,24.001,1.442,0.603
2026-05-12 19:51:06.891,24.028,0.839,24.001,1.442,0.603
2026-05-12 19:51:06.931,24.028,0.839,24.001,1.442,0.603
2026-05-12 19:51:06.970,24.028,0.839,24.001,1.442,0.603
2026-05-12 19:51:06.990,24.028,0.839,24.001,1.442,0.603
2026-05-12 19:51:07.030,24.028,0.839,24.001,1.442,0.603
2026-05-12 19:51:07.050,24.028,0.839,24.001,1.442,0.603
2026-05-12 19:51:07.091,24.028,0.839,24.001,1.442,0.603
2026-05-12 19:51:07.130,24.028,0.839,24.001,1.442,0.603
2026-05-12 19:51:07.154,24.028,0.839,24.001,1.442,0.603
2026-05-12 19:51:07.191,24.028,0.839,24.001,1.442,0.603
2026-05-12 19:51:07.211,24.028,0.839,24.001,1.442,0.603
2026-05-12 19:51:07.251,24.028,0.839,24.001,1.442,0.603
2026-05-12 19:51:07.272,23.646,0.777,23.618,1.425,0.65
2026-05-12 19:51:07.311,23.646,0.777,23.618,1.425,0.65
2026-05-12 19:51:07.351,23.646,0.777,23.618,1.425,0.65
2026-05-12 19:51:07.390,23.646,0.777,23.618,1.425,0.65
2026-05-12 19:51:07.410,23.646,0.777,23.618,1.425,0.65
2026-05-12 19:51:07.450,23.646,0.777,23.618,1.425,0.65
2026-05-12 19:51:07.490,23.646,0.777,23.618,1.425,0.65
2026-05-12 19:51:07.511,23.646,0.777,23.618,1.425,0.65
2026-05-12 19:51:07.531,23.646,0.777,23.618,1.425,0.65
2026-05-12 19:51:07.551,23.646,0.777,23.618,1.425,0.65
2026-05-12 19:51:07.591,23.646,0.777,23.618,1.425,0.65
2026-05-12 19:51:07.630,23.646,0.777,23.618,1.425,0.65
2026-05-12 19:51:07.651,23.646,0.777,23.618,1.425,0.65
2026-05-12 19:51:07.692,23.646,0.777,23.618,1.425,0.65
2026-05-12 19:51:07.730,23.646,0.777,23.618,1.425,0.65
2026-05-12 19:51:07.751,23.264,0.716,23.234,1.409,0.693
2026-05-12 19:51:07.796,23.264,0.716,23.234,1.409,0.693
2026-05-12 19:51:07.830,23.264,0.716,23.234,1.409,0.693
2026-05-12 19:51:07.871,23.264,0.716,23.234,1.409,0.693
2026-05-12 19:51:07.910,23.264,0.716,23.234,1.409,0.693
2026-05-12 19:51:07.931,23.264,0.716,23.234,1.409,0.693
2026-05-12 19:51:07.971,23.264,0.716,23.234,1.409,0.693
2026-05-12 19:51:08.010,23.264,0.716,23.234,1.409,0.693
2026-05-12 19:51:08.031,23.264,0.716,23.234,1.409,0.693
2026-05-12 19:51:08.071,23.264,0.716,23.234,1.409,0.693
2026-05-12 19:51:08.110,23.264,0.716,23.234,1.409,0.693
2026-05-12 19:51:08.131,23.264,0.716,23.234,1.409,0.693
2026-05-12 19:51:08.170,23.264,0.716,23.234,1.409,0.693
2026-05-12 19:51:08.191,23.264,0.716,23.234,1.409,0.693
2026-05-12 19:51:08.230,23.264,0.716,23.234,1.409,0.693
2026-05-12 19:51:08.250,23.264,0.716,23.234,1.409,0.693
2026-05-12 19:51:08.274,22.881,0.657,22.849,1.392,0.736
2026-05-12 19:51:08.311,22.881,0.657,22.849,1.392,0.736
2026-05-12 19:51:08.350,22.881,0.657,22.849,1.392,0.736
2026-05-12 19:51:08.371,22.881,0.657,22.849,1.392,0.736
2026-05-12 19:51:08.391,22.881,0.657,22.849,1.392,0.736
2026-05-12 19:51:08.430,22.881,0.657,22.849,1.392,0.736
2026-05-12 19:51:08.450,22.881,0.657,22.849,1.392,0.736
2026-05-12 19:51:08.471,22.881,0.657,22.849,1.392,0.736
2026-05-12 19:51:08.511,22.881,0.657,22.849,1.392,0.736
2026-05-12 19:51:08.551,22.881,0.657,22.849,1.392,0.736
2026-05-12 19:51:08.591,22.881,0.657,22.849,1.392,0.736
2026-05-12 19:51:08.630,22.881,0.657,22.849,1.392,0.736
2026-05-12 19:51:08.651,22.881,0.657,22.849,1.392,0.736
2026-05-12 19:51:08.690,22.881,0.657,22.849,1.392,0.736
2026-05-12 19:51:08.711,22.881,0.657,22.849,1.392,0.736
2026-05-12 19:51:08.750,22.881,0.657,22.849,1.392,0.736
2026-05-12 19:51:08.771,22.881,0.657,22.849,1.392,0.736
2026-05-12 19:51:08.810,22.501,0.598,22.467,1.375,0.778
2026-05-12 19:51:08.850,22.501,0.598,22.467,1.375,0.778

Avg error: 0.164m | Max error: 0.778m
