time,actual_x,actual_y,plan_x,plan_y,error_m
2026-05-13 19:17:33.885,-0.02,0.017,-0.02,0.017,0.0
2026-05-13 19:17:33.906,-0.02,0.017,-0.02,0.017,0.0
2026-05-13 19:17:33.942,-0.02,0.017,-0.02,-0.054,0.071
2026-05-13 19:17:33.982,-0.02,0.017,-0.02,-0.054,0.071
2026-05-13 19:17:34.002,-0.02,0.017,-0.02,-0.054,0.071
2026-05-13 19:17:34.042,-0.02,0.017,-0.02,-0.054,0.071
2026-05-13 19:17:34.082,-0.02,0.017,-0.02,-0.054,0.071
2026-05-13 19:17:34.122,-0.02,0.017,-0.02,-0.054,0.071
2026-05-13 19:17:34.142,-0.02,0.017,-0.02,-0.054,0.071
2026-05-13 19:17:34.162,-0.02,0.017,-0.02,-0.054,0.071
2026-05-13 19:17:34.202,0.017,0.006,0.017,-0.054,0.06
2026-05-13 19:17:34.242,0.017,0.006,0.017,-0.054,0.06
2026-05-13 19:17:34.282,0.017,0.006,0.017,-0.054,0.06
2026-05-13 19:17:34.322,0.017,0.006,0.017,-0.054,0.06
2026-05-13 19:17:34.342,0.017,0.006,0.017,-0.054,0.06
2026-05-13 19:17:34.363,0.017,0.006,0.017,-0.054,0.06
2026-05-13 19:17:34.402,0.017,0.006,0.017,-0.054,0.06
2026-05-13 19:17:34.442,0.017,0.006,0.017,-0.054,0.06
2026-05-13 19:17:34.462,0.017,0.006,0.017,-0.054,0.06
2026-05-13 19:17:34.502,0.017,0.006,0.017,-0.054,0.06
2026-05-13 19:17:34.522,0.017,0.006,0.017,-0.054,0.06
2026-05-13 19:17:34.542,0.017,0.006,0.017,-0.054,0.06
2026-05-13 19:17:34.563,0.017,0.006,0.017,-0.054,0.06
2026-05-13 19:17:34.602,0.017,0.006,0.017,-0.054,0.06
2026-05-13 19:17:34.622,0.017,0.006,0.017,-0.054,0.06
2026-05-13 19:17:34.662,0.017,0.006,0.017,-0.054,0.06
2026-05-13 19:17:34.682,0.017,0.006,0.017,-0.054,0.06
2026-05-13 19:17:34.723,0.017,0.006,0.017,-0.054,0.06
2026-05-13 19:17:34.762,0.153,-0.001,0.153,-0.054,0.053
2026-05-13 19:17:34.782,0.153,-0.001,0.153,-0.054,0.053
2026-05-13 19:17:34.802,0.153,-0.001,0.153,-0.054,0.053
2026-05-13 19:17:34.842,0.153,-0.001,0.153,-0.054,0.053
2026-05-13 19:17:34.882,0.153,-0.001,0.153,-0.054,0.053
2026-05-13 19:17:34.902,0.153,-0.001,0.153,-0.054,0.053
2026-05-13 19:17:34.942,0.153,-0.001,0.153,-0.054,0.053
2026-05-13 19:17:34.963,0.153,-0.001,0.153,-0.054,0.053
2026-05-13 19:17:35.002,0.153,-0.001,0.153,-0.054,0.053
2026-05-13 19:17:35.023,0.153,-0.001,0.153,-0.054,0.053
2026-05-13 19:17:35.062,0.153,-0.001,0.153,-0.054,0.053
2026-05-13 19:17:35.083,0.153,-0.001,0.153,-0.054,0.053
2026-05-13 19:17:35.121,0.153,-0.001,0.153,-0.054,0.053
2026-05-13 19:17:35.142,0.153,-0.001,0.153,-0.054,0.053
2026-05-13 19:17:35.162,0.359,-0.03,0.359,-0.054,0.024
2026-05-13 19:17:35.201,0.359,-0.03,0.359,-0.054,0.024
2026-05-13 19:17:35.222,0.359,-0.03,0.359,-0.054,0.024
2026-05-13 19:17:35.242,0.359,-0.03,0.359,-0.054,0.024
2026-05-13 19:17:35.263,0.359,-0.03,0.359,-0.054,0.024
2026-05-13 19:17:35.283,0.359,-0.03,0.359,-0.054,0.024
2026-05-13 19:17:35.322,0.359,-0.03,0.359,-0.054,0.024
2026-05-13 19:17:35.362,0.359,-0.03,0.359,-0.054,0.024
2026-05-13 19:17:35.402,0.359,-0.03,0.359,-0.054,0.024
2026-05-13 19:17:35.422,0.359,-0.03,0.359,-0.054,0.024
2026-05-13 19:17:35.462,0.359,-0.03,0.359,-0.054,0.024
2026-05-13 19:17:35.502,0.359,-0.03,0.359,-0.054,0.024
2026-05-13 19:17:35.523,0.359,-0.03,0.359,-0.054,0.024
2026-05-13 19:17:35.562,0.359,-0.03,0.359,-0.054,0.024
2026-05-13 19:17:35.582,0.359,-0.03,0.359,-0.054,0.024
2026-05-13 19:17:35.603,0.359,-0.03,0.359,-0.054,0.024
2026-05-13 19:17:35.642,0.359,-0.03,0.359,-0.054,0.024
2026-05-13 19:17:35.662,0.359,-0.03,0.359,-0.054,0.024
2026-05-13 19:17:35.683,0.359,-0.03,0.359,-0.054,0.024
2026-05-13 19:17:35.722,0.637,-0.069,0.637,-0.054,0.015
2026-05-13 19:17:35.762,0.637,-0.069,0.637,-0.054,0.015
2026-05-13 19:17:35.782,0.637,-0.069,0.637,-0.054,0.015
2026-05-13 19:17:35.804,0.637,-0.069,0.637,-0.054,0.015
2026-05-13 19:17:35.842,0.637,-0.069,0.637,-0.054,0.015
2026-05-13 19:17:35.882,0.637,-0.069,0.637,-0.054,0.015
2026-05-13 19:17:35.921,0.637,-0.069,0.637,-0.054,0.015
2026-05-13 19:17:35.942,0.637,-0.069,0.637,-0.054,0.015
2026-05-13 19:17:35.982,0.637,-0.069,0.637,-0.054,0.015
2026-05-13 19:17:36.003,0.637,-0.069,0.637,-0.054,0.015
2026-05-13 19:17:36.042,0.637,-0.069,0.637,-0.054,0.015
2026-05-13 19:17:36.082,0.637,-0.069,0.637,-0.054,0.015
2026-05-13 19:17:36.122,0.637,-0.069,0.637,-0.054,0.015
2026-05-13 19:17:36.142,0.637,-0.069,0.637,-0.054,0.015
2026-05-13 19:17:36.162,0.637,-0.069,0.637,-0.054,0.015
2026-05-13 19:17:36.202,0.932,-0.105,0.932,-0.054,0.051
2026-05-13 19:17:36.222,0.932,-0.105,0.932,-0.054,0.051
2026-05-13 19:17:36.262,0.932,-0.105,0.932,-0.054,0.051
2026-05-13 19:17:36.282,0.932,-0.105,0.932,-0.054,0.051
2026-05-13 19:17:36.322,0.932,-0.105,0.932,-0.054,0.051
2026-05-13 19:17:36.362,0.932,-0.105,0.932,-0.054,0.051
2026-05-13 19:17:36.382,0.932,-0.105,0.932,-0.054,0.051
2026-05-13 19:17:36.402,0.932,-0.105,0.932,-0.054,0.051
2026-05-13 19:17:36.442,0.932,-0.105,0.932,-0.054,0.051
2026-05-13 19:17:36.462,0.932,-0.105,0.932,-0.054,0.051
2026-05-13 19:17:36.502,0.932,-0.105,0.932,-0.054,0.051
2026-05-13 19:17:36.542,0.932,-0.105,0.932,-0.054,0.051
2026-05-13 19:17:36.562,0.932,-0.105,0.932,-0.054,0.051
2026-05-13 19:17:36.602,0.932,-0.105,0.932,-0.054,0.051
2026-05-13 19:17:36.622,0.932,-0.105,0.932,-0.054,0.051
2026-05-13 19:17:36.662,1.249,-0.089,1.249,-0.054,0.035
2026-05-13 19:17:36.682,1.249,-0.089,1.39,-0.054,0.145
2026-05-13 19:17:36.722,1.249,-0.089,1.39,-0.054,0.145
2026-05-13 19:17:36.762,1.249,-0.089,1.39,-0.054,0.145
2026-05-13 19:17:36.802,1.249,-0.089,1.39,-0.054,0.145
2026-05-13 19:17:36.841,1.249,-0.089,1.39,-0.054,0.145
2026-05-13 19:17:36.862,1.249,-0.089,1.39,-0.054,0.145
2026-05-13 19:17:36.902,1.249,-0.089,1.39,-0.054,0.145
2026-05-13 19:17:36.922,1.249,-0.089,1.39,-0.054,0.145
2026-05-13 19:17:36.942,1.249,-0.089,1.39,-0.054,0.145
2026-05-13 19:17:36.982,1.249,-0.089,1.39,-0.054,0.145
2026-05-13 19:17:37.022,1.249,-0.089,1.39,-0.054,0.145
2026-05-13 19:17:37.043,1.249,-0.089,1.39,-0.054,0.145
2026-05-13 19:17:37.082,1.249,-0.089,1.39,-0.054,0.145
2026-05-13 19:17:37.122,1.249,-0.089,1.39,-0.054,0.145
2026-05-13 19:17:37.162,1.624,-0.061,1.617,-0.016,0.045
2026-05-13 19:17:37.202,1.624,-0.061,1.617,-0.016,0.045
2026-05-13 19:17:37.242,1.624,-0.061,1.617,-0.016,0.045
2026-05-13 19:17:37.262,1.624,-0.061,1.617,-0.016,0.045
2026-05-13 19:17:37.302,1.624,-0.061,1.617,-0.016,0.045
2026-05-13 19:17:37.342,1.624,-0.061,1.617,-0.016,0.045
2026-05-13 19:17:37.382,1.624,-0.061,1.617,-0.016,0.045
2026-05-13 19:17:37.423,1.624,-0.061,1.617,-0.016,0.045
2026-05-13 19:17:37.462,1.624,-0.061,1.617,-0.016,0.045
2026-05-13 19:17:37.482,1.624,-0.061,1.617,-0.016,0.045
2026-05-13 19:17:37.522,1.624,-0.061,1.617,-0.016,0.045
2026-05-13 19:17:37.562,1.624,-0.061,1.617,-0.016,0.045
2026-05-13 19:17:37.582,1.624,-0.061,1.617,-0.016,0.045
2026-05-13 19:17:37.602,1.624,-0.061,1.617,-0.016,0.045
2026-05-13 19:17:37.622,1.624,-0.061,1.617,-0.016,0.045
2026-05-13 19:17:37.642,1.624,-0.061,1.617,-0.016,0.045
2026-05-13 19:17:37.664,1.624,-0.061,1.617,-0.016,0.045
2026-05-13 19:17:37.702,2.019,0.013,2.013,0.05,0.037
2026-05-13 19:17:37.723,2.019,0.013,2.013,0.05,0.037
2026-05-13 19:17:37.761,2.019,0.013,2.013,0.05,0.037
2026-05-13 19:17:37.782,2.019,0.013,2.013,0.05,0.037
2026-05-13 19:17:37.803,2.019,0.013,2.013,0.05,0.037
2026-05-13 19:17:37.842,2.019,0.013,2.013,0.05,0.037
2026-05-13 19:17:37.863,2.019,0.013,2.013,0.05,0.037
2026-05-13 19:17:37.902,2.019,0.013,2.013,0.05,0.037
2026-05-13 19:17:37.923,2.019,0.013,2.013,0.05,0.037
2026-05-13 19:17:37.962,2.019,0.013,2.013,0.05,0.037
2026-05-13 19:17:37.982,2.019,0.013,2.013,0.05,0.037
2026-05-13 19:17:38.022,2.019,0.013,2.013,0.05,0.037
2026-05-13 19:17:38.042,2.019,0.013,2.013,0.05,0.037
2026-05-13 19:17:38.082,2.019,0.013,2.013,0.05,0.037
2026-05-13 19:17:38.102,2.019,0.013,2.013,0.05,0.037
2026-05-13 19:17:38.142,2.019,0.013,2.013,0.05,0.037
2026-05-13 19:17:38.162,2.416,0.094,2.413,0.116,0.023
2026-05-13 19:17:38.182,2.416,0.094,2.413,0.116,0.023
2026-05-13 19:17:38.203,2.416,0.094,2.413,0.116,0.023
2026-05-13 19:17:38.242,2.416,0.094,2.413,0.116,0.023
2026-05-13 19:17:38.262,2.416,0.094,2.413,0.116,0.023
2026-05-13 19:17:38.302,2.416,0.094,2.413,0.116,0.023
2026-05-13 19:17:38.322,2.416,0.094,2.413,0.116,0.023
2026-05-13 19:17:38.362,2.416,0.094,2.413,0.116,0.023
2026-05-13 19:17:38.383,2.416,0.094,2.413,0.116,0.023
2026-05-13 19:17:38.422,2.416,0.094,2.413,0.116,0.023
2026-05-13 19:17:38.462,2.416,0.094,2.413,0.116,0.023
2026-05-13 19:17:38.502,2.416,0.094,2.413,0.116,0.023
2026-05-13 19:17:38.542,2.416,0.094,2.413,0.116,0.023
2026-05-13 19:17:38.582,2.416,0.094,2.413,0.116,0.023
2026-05-13 19:17:38.602,2.416,0.094,2.413,0.116,0.023
2026-05-13 19:17:38.642,2.416,0.094,2.413,0.116,0.023
2026-05-13 19:17:38.682,2.76,0.172,2.759,0.174,0.002
2026-05-13 19:17:38.702,2.76,0.172,2.759,0.174,0.002
2026-05-13 19:17:38.722,2.76,0.172,2.759,0.174,0.002
2026-05-13 19:17:38.742,2.76,0.172,2.759,0.174,0.002
2026-05-13 19:17:38.783,2.76,0.172,2.759,0.174,0.002
2026-05-13 19:17:38.823,2.76,0.172,2.759,0.174,0.002
2026-05-13 19:17:38.863,2.76,0.172,2.759,0.174,0.002
2026-05-13 19:17:38.902,2.76,0.172,2.759,0.174,0.002
2026-05-13 19:17:38.943,2.76,0.172,2.759,0.174,0.002
2026-05-13 19:17:38.982,2.76,0.172,2.759,0.174,0.002
2026-05-13 19:17:39.022,2.76,0.172,2.759,0.174,0.002
2026-05-13 19:17:39.062,2.76,0.172,2.759,0.174,0.002
2026-05-13 19:17:39.082,2.76,0.172,2.759,0.174,0.002
2026-05-13 19:17:39.122,2.76,0.172,2.759,0.174,0.002
2026-05-13 19:17:39.162,2.76,0.172,2.759,0.174,0.002
2026-05-13 19:17:39.202,2.76,0.172,2.759,0.174,0.002
2026-05-13 19:17:39.223,2.76,0.172,2.759,0.174,0.002
2026-05-13 19:17:39.262,2.76,0.172,2.759,0.174,0.002
2026-05-13 19:17:39.302,3.034,0.238,3.037,0.22,0.018
2026-05-13 19:17:39.342,3.034,0.238,3.037,0.22,0.018
2026-05-13 19:17:39.382,3.034,0.238,3.037,0.22,0.018
2026-05-13 19:17:39.422,3.034,0.238,3.037,0.22,0.018
2026-05-13 19:17:39.462,3.034,0.238,3.037,0.22,0.018
2026-05-13 19:17:39.502,3.034,0.238,3.037,0.22,0.018
2026-05-13 19:17:39.542,3.034,0.238,3.037,0.22,0.018
2026-05-13 19:17:39.582,3.034,0.238,3.037,0.22,0.018
2026-05-13 19:17:39.602,3.034,0.238,3.037,0.22,0.018
2026-05-13 19:17:39.641,3.034,0.238,3.037,0.22,0.018
2026-05-13 19:17:39.662,3.034,0.238,3.037,0.22,0.018
2026-05-13 19:17:39.683,3.034,0.238,3.037,0.22,0.018
2026-05-13 19:17:39.722,3.034,0.238,3.037,0.22,0.018
2026-05-13 19:17:39.742,3.034,0.238,3.037,0.22,0.018
2026-05-13 19:17:39.782,3.034,0.238,3.037,0.22,0.018
2026-05-13 19:17:39.822,3.034,0.238,3.037,0.22,0.018
2026-05-13 19:17:39.862,3.034,0.238,3.037,0.22,0.018
2026-05-13 19:17:39.903,3.265,0.275,3.267,0.259,0.016
2026-05-13 19:17:39.942,3.265,0.275,3.267,0.259,0.016
2026-05-13 19:17:39.965,3.265,0.275,3.267,0.259,0.016
2026-05-13 19:17:40.001,3.265,0.275,3.267,0.259,0.016
2026-05-13 19:17:40.022,3.265,0.275,3.267,0.259,0.016
2026-05-13 19:17:40.062,3.265,0.275,3.267,0.259,0.016
2026-05-13 19:17:40.082,3.265,0.275,3.267,0.259,0.016
2026-05-13 19:17:40.102,3.265,0.275,3.267,0.259,0.016
2026-05-13 19:17:40.142,3.265,0.275,3.267,0.259,0.016
2026-05-13 19:17:40.162,3.265,0.275,3.267,0.259,0.016
2026-05-13 19:17:40.183,3.265,0.275,3.267,0.259,0.016
2026-05-13 19:17:40.222,3.265,0.275,3.267,0.259,0.016
2026-05-13 19:17:40.242,3.265,0.275,3.267,0.259,0.016
2026-05-13 19:17:40.282,3.265,0.275,3.267,0.259,0.016
2026-05-13 19:17:40.303,3.265,0.275,3.267,0.259,0.016
2026-05-13 19:17:40.343,3.457,0.298,3.458,0.291,0.008
2026-05-13 19:17:40.383,3.457,0.298,3.458,0.291,0.008
2026-05-13 19:17:40.422,3.457,0.298,3.458,0.291,0.008
2026-05-13 19:17:40.454,3.457,0.298,3.458,0.291,0.008
2026-05-13 19:17:40.482,3.457,0.298,3.458,0.291,0.008
2026-05-13 19:17:40.526,3.457,0.298,3.458,0.291,0.008
2026-05-13 19:17:40.566,3.457,0.298,3.458,0.291,0.008
2026-05-13 19:17:40.596,3.457,0.298,3.458,0.291,0.008
2026-05-13 19:17:40.622,3.457,0.298,3.458,0.291,0.008
2026-05-13 19:17:40.643,3.457,0.298,3.458,0.291,0.008
2026-05-13 19:17:40.682,3.457,0.298,3.458,0.291,0.008
2026-05-13 19:17:40.702,3.457,0.298,3.458,0.291,0.008
2026-05-13 19:17:40.735,3.457,0.298,3.458,0.291,0.008
2026-05-13 19:17:40.762,3.617,0.325,3.618,0.317,0.008
2026-05-13 19:17:40.782,3.617,0.325,3.618,0.317,0.008
2026-05-13 19:17:40.822,3.617,0.325,3.618,0.317,0.008
2026-05-13 19:17:40.842,3.617,0.325,3.618,0.317,0.008
2026-05-13 19:17:40.883,3.617,0.325,3.618,0.317,0.008
2026-05-13 19:17:40.922,3.617,0.325,3.618,0.317,0.008
2026-05-13 19:17:40.962,3.617,0.325,3.618,0.317,0.008
2026-05-13 19:17:40.982,3.617,0.325,3.618,0.317,0.008
2026-05-13 19:17:41.002,3.617,0.325,3.618,0.317,0.008
2026-05-13 19:17:41.022,3.617,0.325,3.618,0.317,0.008
2026-05-13 19:17:41.043,3.617,0.325,3.618,0.317,0.008
2026-05-13 19:17:41.082,3.617,0.325,3.618,0.317,0.008
2026-05-13 19:17:41.102,3.617,0.325,3.618,0.317,0.008
2026-05-13 19:17:41.143,3.617,0.325,3.618,0.317,0.008
2026-05-13 19:17:41.182,3.713,0.327,3.712,0.333,0.006
2026-05-13 19:17:41.222,3.713,0.327,3.712,0.333,0.006
2026-05-13 19:17:41.262,3.713,0.327,3.712,0.333,0.006
2026-05-13 19:17:41.302,3.713,0.327,3.712,0.333,0.006
2026-05-13 19:17:41.322,3.713,0.327,3.712,0.333,0.006
2026-05-13 19:17:41.343,3.713,0.327,3.712,0.333,0.006
2026-05-13 19:17:41.382,3.713,0.327,3.712,0.333,0.006
2026-05-13 19:17:41.402,3.713,0.327,3.712,0.333,0.006
2026-05-13 19:17:41.425,3.713,0.327,3.712,0.333,0.006
2026-05-13 19:17:41.463,3.713,0.327,3.712,0.333,0.006
2026-05-13 19:17:41.503,3.713,0.327,3.712,0.333,0.006
2026-05-13 19:17:41.523,3.713,0.327,3.712,0.333,0.006
2026-05-13 19:17:41.563,3.713,0.327,3.712,0.333,0.006
2026-05-13 19:17:41.602,3.713,0.327,3.712,0.333,0.006
2026-05-13 19:17:41.642,3.713,0.327,3.712,0.333,0.006
2026-05-13 19:17:41.682,3.713,0.327,3.712,0.333,0.006
2026-05-13 19:17:41.702,3.713,0.327,3.712,0.333,0.006
2026-05-13 19:17:41.742,3.713,0.327,3.712,0.333,0.006
2026-05-13 19:17:41.762,3.713,0.327,3.712,0.333,0.006
2026-05-13 19:17:41.802,3.713,0.327,3.712,0.333,0.006
2026-05-13 19:17:41.822,3.713,0.327,3.712,0.333,0.006
2026-05-13 19:17:41.843,3.929,0.36,3.927,0.369,0.009
2026-05-13 19:17:41.882,3.929,0.36,3.927,0.369,0.009
2026-05-13 19:17:41.921,3.929,0.36,3.927,0.369,0.009
2026-05-13 19:17:41.943,3.929,0.36,3.927,0.369,0.009
2026-05-13 19:17:41.981,3.929,0.36,3.927,0.369,0.009
2026-05-13 19:17:42.002,3.929,0.36,3.927,0.369,0.009
2026-05-13 19:17:42.022,3.929,0.36,3.927,0.369,0.009
2026-05-13 19:17:42.062,3.929,0.36,3.927,0.369,0.009
2026-05-13 19:17:42.082,3.929,0.36,3.927,0.369,0.009
2026-05-13 19:17:42.102,3.929,0.36,3.927,0.369,0.009
2026-05-13 19:17:42.142,3.929,0.36,3.927,0.369,0.009
2026-05-13 19:17:42.182,3.929,0.36,3.927,0.369,0.009
2026-05-13 19:17:42.202,3.929,0.36,3.927,0.369,0.009
2026-05-13 19:17:42.242,3.929,0.36,3.927,0.369,0.009
2026-05-13 19:17:42.282,3.929,0.36,3.927,0.369,0.009
2026-05-13 19:17:42.322,3.929,0.36,3.927,0.369,0.009
2026-05-13 19:17:42.342,3.929,0.36,3.927,0.369,0.009
2026-05-13 19:17:42.382,3.929,0.36,3.927,0.369,0.009
2026-05-13 19:17:42.422,3.929,0.36,3.927,0.369,0.009
2026-05-13 19:17:42.463,3.929,0.36,3.927,0.369,0.009
2026-05-13 19:17:42.502,3.929,0.36,3.927,0.369,0.009
2026-05-13 19:17:42.523,3.929,0.36,3.927,0.369,0.009
2026-05-13 19:17:42.562,3.929,0.36,3.927,0.369,0.009
2026-05-13 19:17:42.583,3.929,0.36,3.927,0.369,0.009
2026-05-13 19:17:42.622,3.929,0.36,3.927,0.369,0.009
2026-05-13 19:17:42.642,3.929,0.36,3.927,0.369,0.009
2026-05-13 19:17:42.682,4.23,0.396,4.227,0.419,0.023
2026-05-13 19:17:42.702,4.23,0.396,4.39,0.446,0.167
2026-05-13 19:17:42.742,4.23,0.396,4.39,0.446,0.167
2026-05-13 19:17:42.782,4.606,0.421,4.605,0.452,0.031
2026-05-13 19:17:42.802,4.606,0.421,4.605,0.452,0.031
2026-05-13 19:17:42.842,4.606,0.421,4.605,0.452,0.031
2026-05-13 19:17:42.882,4.606,0.421,4.605,0.452,0.031
2026-05-13 19:17:42.902,4.606,0.421,4.605,0.452,0.031
2026-05-13 19:17:42.942,4.606,0.421,4.605,0.452,0.031
2026-05-13 19:17:42.962,4.606,0.421,4.605,0.452,0.031
2026-05-13 19:17:42.982,4.606,0.421,4.605,0.452,0.031
2026-05-13 19:17:43.022,4.606,0.421,4.605,0.452,0.031
2026-05-13 19:17:43.062,4.606,0.421,4.605,0.452,0.031
2026-05-13 19:17:43.102,4.606,0.421,4.605,0.452,0.031
2026-05-13 19:17:43.122,4.606,0.421,4.605,0.452,0.031
2026-05-13 19:17:43.162,5.001,0.435,5.0,0.464,0.029
2026-05-13 19:17:43.202,5.001,0.435,5.0,0.464,0.029
2026-05-13 19:17:43.222,5.001,0.435,5.0,0.464,0.029
2026-05-13 19:17:43.243,5.001,0.435,5.0,0.464,0.029
2026-05-13 19:17:43.282,5.001,0.435,5.0,0.464,0.029
2026-05-13 19:17:43.302,5.001,0.435,5.0,0.464,0.029
2026-05-13 19:17:43.342,5.001,0.435,5.0,0.464,0.029
2026-05-13 19:17:43.362,5.001,0.435,5.0,0.464,0.029
2026-05-13 19:17:43.402,5.001,0.435,5.0,0.464,0.029
2026-05-13 19:17:43.422,5.001,0.435,5.0,0.464,0.029
2026-05-13 19:17:43.462,5.001,0.435,5.0,0.464,0.029
2026-05-13 19:17:43.482,5.001,0.435,5.0,0.464,0.029
2026-05-13 19:17:43.502,5.001,0.435,5.0,0.464,0.029
2026-05-13 19:17:43.543,5.001,0.435,5.0,0.464,0.029
2026-05-13 19:17:43.582,5.001,0.435,5.0,0.464,0.029
2026-05-13 19:17:43.622,5.001,0.435,5.0,0.464,0.029
2026-05-13 19:17:43.663,5.001,0.435,5.0,0.464,0.029
2026-05-13 19:17:43.702,5.001,0.435,5.0,0.464,0.029
2026-05-13 19:17:43.742,5.001,0.435,5.0,0.464,0.029
2026-05-13 19:17:43.762,5.398,0.462,5.398,0.475,0.013
2026-05-13 19:17:43.783,5.398,0.462,5.398,0.475,0.013
2026-05-13 19:17:43.822,5.398,0.462,5.398,0.475,0.013
2026-05-13 19:17:43.862,5.398,0.462,5.398,0.475,0.013
2026-05-13 19:17:43.901,5.398,0.462,5.398,0.475,0.013
2026-05-13 19:17:43.922,5.398,0.462,5.398,0.475,0.013
2026-05-13 19:17:43.962,5.398,0.462,5.398,0.475,0.013
2026-05-13 19:17:43.982,5.398,0.462,5.398,0.475,0.013
2026-05-13 19:17:44.003,5.398,0.462,5.398,0.475,0.013
2026-05-13 19:17:44.042,5.398,0.462,5.398,0.475,0.013
2026-05-13 19:17:44.082,5.398,0.462,5.398,0.475,0.013
2026-05-13 19:17:44.102,5.398,0.462,5.398,0.475,0.013
2026-05-13 19:17:44.142,5.398,0.462,5.398,0.475,0.013
2026-05-13 19:17:44.162,5.398,0.462,5.398,0.475,0.013
2026-05-13 19:17:44.182,5.398,0.462,5.398,0.475,0.013
2026-05-13 19:17:44.222,5.788,0.482,5.788,0.487,0.005
2026-05-13 19:17:44.242,5.788,0.482,5.788,0.487,0.005
2026-05-13 19:17:44.281,5.788,0.482,5.788,0.487,0.005
2026-05-13 19:17:44.303,5.788,0.482,5.788,0.487,0.005
2026-05-13 19:17:44.342,5.788,0.482,5.788,0.487,0.005
2026-05-13 19:17:44.382,5.788,0.482,5.788,0.487,0.005
2026-05-13 19:17:44.422,5.788,0.482,5.788,0.487,0.005
2026-05-13 19:17:44.462,5.788,0.482,5.788,0.487,0.005
2026-05-13 19:17:44.482,5.788,0.482,5.788,0.487,0.005
2026-05-13 19:17:44.522,5.788,0.482,5.788,0.487,0.005
2026-05-13 19:17:44.542,5.788,0.482,5.788,0.487,0.005
2026-05-13 19:17:44.583,5.788,0.482,5.788,0.487,0.005
2026-05-13 19:17:44.622,5.788,0.482,5.788,0.487,0.005
2026-05-13 19:17:44.662,5.788,0.482,5.788,0.487,0.005
2026-05-13 19:17:44.683,5.788,0.482,5.788,0.487,0.005
2026-05-13 19:17:44.722,5.788,0.482,5.788,0.487,0.005
2026-05-13 19:17:44.762,6.188,0.494,6.188,0.498,0.004
2026-05-13 19:17:44.802,6.188,0.494,6.188,0.498,0.004
2026-05-13 19:17:44.823,6.188,0.494,6.188,0.498,0.004
2026-05-13 19:17:44.861,6.188,0.494,6.188,0.498,0.004
2026-05-13 19:17:44.881,6.188,0.494,6.188,0.498,0.004
2026-05-13 19:17:44.902,6.188,0.494,6.188,0.498,0.004
2026-05-13 19:17:44.922,6.188,0.494,6.188,0.498,0.004
2026-05-13 19:17:44.962,6.188,0.494,6.188,0.498,0.004
2026-05-13 19:17:45.002,6.188,0.494,6.188,0.498,0.004
2026-05-13 19:17:45.042,6.188,0.494,6.188,0.498,0.004
2026-05-13 19:17:45.069,6.188,0.494,6.188,0.498,0.004
2026-05-13 19:17:45.109,6.188,0.494,6.188,0.498,0.004
2026-05-13 19:17:45.132,6.188,0.494,6.188,0.498,0.004
2026-05-13 19:17:45.162,6.188,0.494,6.188,0.498,0.004
2026-05-13 19:17:45.199,6.188,0.494,6.188,0.498,0.004
2026-05-13 19:17:45.221,6.188,0.494,6.188,0.498,0.004
2026-05-13 19:17:45.242,6.188,0.494,6.188,0.498,0.004
2026-05-13 19:17:45.262,6.188,0.494,6.188,0.498,0.004
2026-05-13 19:17:45.286,6.188,0.494,6.188,0.498,0.004
2026-05-13 19:17:45.326,6.188,0.494,6.188,0.498,0.004
2026-05-13 19:17:45.351,6.188,0.494,6.188,0.498,0.004
2026-05-13 19:17:45.382,6.188,0.494,6.188,0.498,0.004
2026-05-13 19:17:45.402,6.188,0.494,6.188,0.498,0.004
2026-05-13 19:17:45.442,6.188,0.494,6.188,0.498,0.004
2026-05-13 19:17:45.467,6.188,0.494,6.188,0.498,0.004
2026-05-13 19:17:45.510,6.188,0.494,6.188,0.498,0.004
2026-05-13 19:17:45.542,6.587,0.511,6.587,0.51,0.001
2026-05-13 19:17:45.582,6.587,0.511,6.587,0.51,0.001
2026-05-13 19:17:45.602,6.587,0.511,6.587,0.51,0.001
2026-05-13 19:17:45.623,6.587,0.511,6.587,0.51,0.001
2026-05-13 19:17:45.662,6.587,0.511,6.587,0.51,0.001
2026-05-13 19:17:45.682,6.587,0.511,6.587,0.51,0.001
2026-05-13 19:17:45.702,6.981,0.525,6.981,0.521,0.004
2026-05-13 19:17:45.742,6.981,0.525,6.981,0.521,0.004
2026-05-13 19:17:45.762,6.981,0.525,6.981,0.521,0.004
2026-05-13 19:17:45.802,6.981,0.525,6.981,0.521,0.004
2026-05-13 19:17:45.823,6.981,0.525,6.981,0.521,0.004
2026-05-13 19:17:45.863,6.981,0.525,6.981,0.521,0.004
2026-05-13 19:17:45.901,6.981,0.525,6.981,0.521,0.004
2026-05-13 19:17:45.922,6.981,0.525,6.981,0.521,0.004
2026-05-13 19:17:45.943,6.981,0.525,6.981,0.521,0.004
2026-05-13 19:17:45.982,6.981,0.525,6.981,0.521,0.004
2026-05-13 19:17:46.002,6.981,0.525,6.981,0.521,0.004
2026-05-13 19:17:46.042,6.981,0.525,6.981,0.521,0.004
2026-05-13 19:17:46.062,6.981,0.525,6.981,0.521,0.004
2026-05-13 19:17:46.082,6.981,0.525,6.981,0.521,0.004
2026-05-13 19:17:46.102,6.981,0.525,6.981,0.521,0.004
2026-05-13 19:17:46.142,6.981,0.525,6.981,0.521,0.004
2026-05-13 19:17:46.163,6.981,0.525,6.981,0.521,0.004
2026-05-13 19:17:46.202,6.981,0.525,6.981,0.521,0.004
2026-05-13 19:17:46.222,6.981,0.525,6.981,0.521,0.004
2026-05-13 19:17:46.262,6.981,0.525,6.981,0.521,0.004
2026-05-13 19:17:46.283,6.981,0.525,6.981,0.521,0.004
2026-05-13 19:17:46.303,6.981,0.525,6.981,0.521,0.004
2026-05-13 19:17:46.342,6.981,0.525,6.981,0.521,0.004
2026-05-13 19:17:46.382,6.981,0.525,6.981,0.521,0.004
2026-05-13 19:17:46.402,6.981,0.525,6.981,0.521,0.004
2026-05-13 19:17:46.442,6.981,0.525,6.981,0.521,0.004
2026-05-13 19:17:46.463,7.355,0.537,7.355,0.532,0.005
2026-05-13 19:17:46.502,7.355,0.537,7.355,0.532,0.005
2026-05-13 19:17:46.522,7.355,0.537,7.355,0.532,0.005
2026-05-13 19:17:46.542,7.355,0.537,7.355,0.532,0.005
2026-05-13 19:17:46.581,7.355,0.537,7.355,0.532,0.005
2026-05-13 19:17:46.602,7.355,0.537,7.355,0.532,0.005
2026-05-13 19:17:46.623,7.355,0.537,7.355,0.532,0.005
2026-05-13 19:17:46.662,7.355,0.537,7.355,0.532,0.005
2026-05-13 19:17:46.682,7.355,0.537,7.355,0.532,0.005
2026-05-13 19:17:46.722,7.709,0.548,7.709,0.543,0.005
2026-05-13 19:17:46.754,7.709,0.548,7.709,0.543,0.005
2026-05-13 19:17:46.801,7.709,0.548,7.709,0.543,0.005
2026-05-13 19:17:46.828,7.709,0.548,7.709,0.543,0.005
2026-05-13 19:17:46.875,7.709,0.548,7.709,0.543,0.005
2026-05-13 19:17:46.902,7.709,0.548,7.709,0.543,0.005
2026-05-13 19:17:46.926,7.709,0.548,7.709,0.543,0.005
2026-05-13 19:17:46.963,7.709,0.548,7.709,0.543,0.005
2026-05-13 19:17:47.012,7.709,0.548,7.709,0.543,0.005
2026-05-13 19:17:47.042,7.709,0.548,7.709,0.543,0.005
2026-05-13 19:17:47.062,7.709,0.548,7.709,0.543,0.005
2026-05-13 19:17:47.102,7.709,0.548,7.709,0.543,0.005
2026-05-13 19:17:47.122,7.709,0.548,7.709,0.543,0.005
2026-05-13 19:17:47.146,7.709,0.548,7.709,0.543,0.005
2026-05-13 19:17:47.170,7.709,0.548,7.709,0.543,0.005
2026-05-13 19:17:47.202,7.709,0.548,7.709,0.543,0.005
2026-05-13 19:17:47.222,7.709,0.548,7.709,0.543,0.005
2026-05-13 19:17:47.242,7.709,0.548,7.709,0.543,0.005
2026-05-13 19:17:47.282,7.709,0.548,7.709,0.543,0.005
2026-05-13 19:17:47.322,7.709,0.548,7.709,0.543,0.005
2026-05-13 19:17:47.362,7.709,0.548,7.709,0.543,0.005
2026-05-13 19:17:47.401,7.709,0.548,7.709,0.543,0.005
2026-05-13 19:17:47.422,7.709,0.548,7.709,0.543,0.005
2026-05-13 19:17:47.442,7.709,0.548,7.709,0.543,0.005
2026-05-13 19:17:47.482,7.709,0.548,7.709,0.543,0.005
2026-05-13 19:17:47.502,7.709,0.548,7.709,0.543,0.005
2026-05-13 19:17:47.522,8.045,0.558,8.046,0.552,0.005
2026-05-13 19:17:47.562,8.045,0.558,8.046,0.552,0.005
2026-05-13 19:17:47.582,8.045,0.558,8.046,0.552,0.005
2026-05-13 19:17:47.623,8.045,0.558,8.046,0.552,0.005
2026-05-13 19:17:47.662,8.045,0.558,8.046,0.552,0.005
2026-05-13 19:17:47.682,8.045,0.558,8.046,0.552,0.005
2026-05-13 19:17:47.702,8.045,0.558,8.046,0.552,0.005
2026-05-13 19:17:47.742,8.045,0.558,8.046,0.552,0.005
2026-05-13 19:17:47.782,8.045,0.558,8.046,0.552,0.005
2026-05-13 19:17:47.822,8.045,0.558,8.046,0.552,0.005
2026-05-13 19:17:47.862,8.045,0.558,8.046,0.552,0.005
2026-05-13 19:17:47.902,8.045,0.558,8.046,0.552,0.005
2026-05-13 19:17:47.922,8.045,0.558,8.046,0.552,0.005
2026-05-13 19:17:47.942,8.045,0.558,8.046,0.552,0.005
2026-05-13 19:17:47.962,8.045,0.558,8.046,0.552,0.005
2026-05-13 19:17:48.002,8.045,0.558,8.046,0.552,0.005
2026-05-13 19:17:48.042,8.045,0.558,8.046,0.552,0.005
2026-05-13 19:17:48.082,8.045,0.558,8.046,0.552,0.005
2026-05-13 19:17:48.102,8.045,0.558,8.046,0.552,0.005
2026-05-13 19:17:48.142,8.045,0.558,8.046,0.552,0.005
2026-05-13 19:17:48.163,8.045,0.558,8.046,0.552,0.005
2026-05-13 19:17:48.202,8.045,0.558,8.046,0.552,0.005
2026-05-13 19:17:48.228,8.685,0.578,8.685,0.571,0.006
2026-05-13 19:17:48.263,8.685,0.578,8.685,0.571,0.006
2026-05-13 19:17:48.301,8.685,0.578,8.685,0.571,0.006
2026-05-13 19:17:48.322,8.685,0.578,8.685,0.571,0.006
2026-05-13 19:17:48.342,8.685,0.578,8.685,0.571,0.006
2026-05-13 19:17:48.362,8.685,0.578,8.685,0.571,0.006
2026-05-13 19:17:48.382,8.685,0.578,8.685,0.571,0.006
2026-05-13 19:17:48.402,8.685,0.578,8.685,0.571,0.006
2026-05-13 19:17:48.442,8.685,0.578,8.685,0.571,0.006
2026-05-13 19:17:48.482,8.685,0.578,8.685,0.571,0.006
2026-05-13 19:17:48.522,8.685,0.578,8.685,0.571,0.006
2026-05-13 19:17:48.562,8.685,0.578,8.685,0.571,0.006
2026-05-13 19:17:48.582,8.685,0.578,8.685,0.571,0.006
2026-05-13 19:17:48.623,8.685,0.578,8.685,0.571,0.006
2026-05-13 19:17:48.662,8.685,0.578,8.685,0.571,0.006
2026-05-13 19:17:48.703,8.685,0.578,8.685,0.571,0.006
2026-05-13 19:17:48.742,8.685,0.578,8.685,0.571,0.006
2026-05-13 19:17:48.762,8.685,0.578,8.685,0.571,0.006
2026-05-13 19:17:48.782,8.685,0.578,8.685,0.571,0.006
2026-05-13 19:17:48.822,8.685,0.578,8.685,0.571,0.006
2026-05-13 19:17:48.842,8.978,0.585,8.978,0.58,0.006
2026-05-13 19:17:48.862,8.978,0.585,8.978,0.58,0.006
2026-05-13 19:17:48.902,8.978,0.585,8.978,0.58,0.006
2026-05-13 19:17:48.924,8.978,0.585,8.978,0.58,0.006
2026-05-13 19:17:48.962,8.978,0.585,8.978,0.58,0.006
2026-05-13 19:17:49.001,8.978,0.585,8.978,0.58,0.006
2026-05-13 19:17:49.023,8.978,0.585,8.978,0.58,0.006
2026-05-13 19:17:49.062,8.978,0.585,8.978,0.58,0.006
2026-05-13 19:17:49.082,8.978,0.585,8.978,0.58,0.006
2026-05-13 19:17:49.122,8.978,0.585,8.978,0.58,0.006
2026-05-13 19:17:49.161,8.978,0.585,8.978,0.58,0.006
2026-05-13 19:17:49.183,8.978,0.585,8.978,0.58,0.006
2026-05-13 19:17:49.222,8.978,0.585,8.978,0.58,0.006
2026-05-13 19:17:49.242,8.978,0.585,8.978,0.58,0.006
2026-05-13 19:17:49.282,8.978,0.585,8.978,0.58,0.006
2026-05-13 19:17:49.323,8.978,0.585,8.978,0.58,0.006
2026-05-13 19:17:49.362,8.978,0.585,8.978,0.58,0.006
2026-05-13 19:17:49.402,8.978,0.585,8.978,0.58,0.006
2026-05-13 19:17:49.423,8.978,0.585,8.978,0.58,0.006
2026-05-13 19:17:49.462,9.258,0.592,9.258,0.588,0.004
2026-05-13 19:17:49.483,9.258,0.592,9.258,0.588,0.004
2026-05-13 19:17:49.522,9.258,0.592,9.258,0.588,0.004
2026-05-13 19:17:49.562,9.258,0.592,9.258,0.588,0.004
2026-05-13 19:17:49.602,9.258,0.592,9.258,0.588,0.004
2026-05-13 19:17:49.622,9.258,0.592,9.258,0.588,0.004
2026-05-13 19:17:49.662,9.258,0.592,9.258,0.588,0.004
2026-05-13 19:17:49.682,9.258,0.592,9.258,0.588,0.004
2026-05-13 19:17:49.722,9.258,0.592,9.258,0.588,0.004
2026-05-13 19:17:49.761,9.258,0.592,9.258,0.588,0.004
2026-05-13 19:17:49.782,9.523,0.599,9.523,0.596,0.003
2026-05-13 19:17:49.803,9.523,0.599,9.523,0.596,0.003
2026-05-13 19:17:49.842,9.523,0.599,9.523,0.596,0.003
2026-05-13 19:17:49.883,9.523,0.599,9.523,0.596,0.003
2026-05-13 19:17:49.922,9.523,0.599,9.523,0.596,0.003
2026-05-13 19:17:49.965,9.523,0.599,9.523,0.596,0.003
2026-05-13 19:17:50.002,9.523,0.599,9.523,0.596,0.003
2026-05-13 19:17:50.042,9.523,0.599,9.523,0.596,0.003
2026-05-13 19:17:50.082,9.523,0.599,9.523,0.596,0.003
2026-05-13 19:17:50.108,9.523,0.599,9.523,0.596,0.003
2026-05-13 19:17:50.149,9.523,0.599,9.523,0.596,0.003
2026-05-13 19:17:50.181,9.523,0.599,9.523,0.596,0.003
2026-05-13 19:17:50.202,9.523,0.599,9.523,0.596,0.003
2026-05-13 19:17:50.239,9.523,0.599,9.523,0.596,0.003
2026-05-13 19:17:50.263,9.523,0.599,9.523,0.596,0.003
2026-05-13 19:17:50.302,9.776,0.605,9.776,0.603,0.002
2026-05-13 19:17:50.323,9.776,0.605,9.776,0.603,0.002
2026-05-13 19:17:50.378,9.776,0.605,9.776,0.603,0.002
2026-05-13 19:17:50.402,9.776,0.605,9.776,0.603,0.002
2026-05-13 19:17:50.442,9.776,0.605,9.776,0.603,0.002
2026-05-13 19:17:50.462,9.776,0.605,9.776,0.603,0.002
2026-05-13 19:17:50.502,9.776,0.605,9.776,0.603,0.002
2026-05-13 19:17:50.522,9.776,0.605,9.776,0.603,0.002
2026-05-13 19:17:50.562,9.776,0.605,9.776,0.603,0.002
2026-05-13 19:17:50.602,9.776,0.605,9.776,0.603,0.002
2026-05-13 19:17:50.622,9.776,0.605,9.776,0.603,0.002
2026-05-13 19:17:50.642,9.776,0.605,9.776,0.603,0.002
2026-05-13 19:17:50.662,9.776,0.605,9.776,0.603,0.002
2026-05-13 19:17:50.682,9.776,0.605,9.776,0.603,0.002
2026-05-13 19:17:50.722,10.017,0.614,10.018,0.61,0.004
2026-05-13 19:17:50.742,10.017,0.614,10.018,0.61,0.004
2026-05-13 19:17:50.786,10.017,0.614,10.018,0.61,0.004
2026-05-13 19:17:50.822,10.017,0.614,10.018,0.61,0.004
2026-05-13 19:17:50.862,10.017,0.614,10.018,0.61,0.004
2026-05-13 19:17:50.882,10.017,0.614,10.018,0.61,0.004
2026-05-13 19:17:50.922,10.017,0.614,10.018,0.61,0.004
2026-05-13 19:17:50.962,10.017,0.614,10.018,0.61,0.004
2026-05-13 19:17:51.002,10.017,0.614,10.018,0.61,0.004
2026-05-13 19:17:51.022,10.017,0.614,10.018,0.61,0.004
2026-05-13 19:17:51.062,10.017,0.614,10.018,0.61,0.004
2026-05-13 19:17:51.102,10.017,0.614,10.018,0.61,0.004
2026-05-13 19:17:51.122,10.017,0.614,10.018,0.61,0.004
2026-05-13 19:17:51.143,10.017,0.614,10.018,0.61,0.004
2026-05-13 19:17:51.182,10.017,0.614,10.018,0.61,0.004
2026-05-13 19:17:51.202,10.017,0.614,10.018,0.61,0.004
2026-05-13 19:17:51.242,10.017,0.614,10.018,0.61,0.004
2026-05-13 19:17:51.283,10.246,0.62,10.246,0.617,0.004
2026-05-13 19:17:51.322,10.246,0.62,10.246,0.617,0.004
2026-05-13 19:17:51.342,10.246,0.62,10.246,0.617,0.004
2026-05-13 19:17:51.382,10.246,0.62,10.246,0.617,0.004
2026-05-13 19:17:51.402,10.246,0.62,10.246,0.617,0.004
2026-05-13 19:17:51.442,10.246,0.62,10.246,0.617,0.004
2026-05-13 19:17:51.481,10.246,0.62,10.246,0.617,0.004
2026-05-13 19:17:51.502,10.246,0.62,10.246,0.617,0.004
2026-05-13 19:17:51.522,10.246,0.62,10.246,0.617,0.004
2026-05-13 19:17:51.562,10.246,0.62,10.246,0.617,0.004
2026-05-13 19:17:51.583,10.246,0.62,10.246,0.617,0.004
2026-05-13 19:17:51.622,10.246,0.62,10.246,0.617,0.004
2026-05-13 19:17:51.642,10.246,0.62,10.246,0.617,0.004
2026-05-13 19:17:51.662,10.246,0.62,10.246,0.617,0.004
2026-05-13 19:17:51.702,10.246,0.62,10.246,0.617,0.004
2026-05-13 19:17:51.722,10.461,0.627,10.461,0.623,0.004
2026-05-13 19:17:51.762,10.461,0.627,10.461,0.623,0.004
2026-05-13 19:17:51.783,10.461,0.627,10.461,0.623,0.004
2026-05-13 19:17:51.822,10.461,0.627,10.461,0.623,0.004
2026-05-13 19:17:51.842,10.461,0.627,10.461,0.623,0.004
2026-05-13 19:17:51.882,10.461,0.627,10.461,0.623,0.004
2026-05-13 19:17:51.923,10.461,0.627,10.461,0.623,0.004
2026-05-13 19:17:51.962,10.461,0.627,10.461,0.623,0.004
2026-05-13 19:17:51.982,10.461,0.627,10.461,0.623,0.004
2026-05-13 19:17:52.002,10.461,0.627,10.461,0.623,0.004
2026-05-13 19:17:52.039,10.461,0.627,10.461,0.623,0.004
2026-05-13 19:17:52.062,10.461,0.627,10.461,0.623,0.004
2026-05-13 19:17:52.083,10.461,0.627,10.461,0.623,0.004
2026-05-13 19:17:52.122,10.461,0.627,10.461,0.623,0.004
2026-05-13 19:17:52.142,10.668,0.634,10.668,0.629,0.005
2026-05-13 19:17:52.182,10.668,0.634,10.668,0.629,0.005
2026-05-13 19:17:52.204,10.668,0.634,10.668,0.629,0.005
2026-05-13 19:17:52.242,10.668,0.634,10.668,0.629,0.005
2026-05-13 19:17:52.262,10.668,0.634,10.668,0.629,0.005
2026-05-13 19:17:52.302,10.668,0.634,10.668,0.629,0.005
2026-05-13 19:17:52.342,10.668,0.634,10.668,0.629,0.005
2026-05-13 19:17:52.362,10.668,0.634,10.668,0.629,0.005
2026-05-13 19:17:52.402,10.668,0.634,10.668,0.629,0.005
2026-05-13 19:17:52.422,10.668,0.634,10.668,0.629,0.005
2026-05-13 19:17:52.463,10.668,0.634,10.668,0.629,0.005
2026-05-13 19:17:52.502,10.668,0.634,10.668,0.629,0.005
2026-05-13 19:17:52.522,10.668,0.634,10.668,0.629,0.005
2026-05-13 19:17:52.562,10.668,0.634,10.668,0.629,0.005
2026-05-13 19:17:52.602,10.668,0.634,10.668,0.629,0.005
2026-05-13 19:17:52.642,10.668,0.634,10.668,0.629,0.005
2026-05-13 19:17:52.662,10.668,0.634,10.668,0.629,0.005
2026-05-13 19:17:52.702,10.668,0.634,10.668,0.629,0.005
2026-05-13 19:17:52.723,10.668,0.634,10.668,0.629,0.005
2026-05-13 19:17:52.762,10.668,0.634,10.668,0.629,0.005
2026-05-13 19:17:52.782,10.668,0.634,10.668,0.629,0.005
2026-05-13 19:17:52.822,10.668,0.634,10.668,0.629,0.005
2026-05-13 19:17:52.862,10.668,0.634,10.668,0.629,0.005
2026-05-13 19:17:52.902,10.668,0.634,10.668,0.629,0.005
2026-05-13 19:17:52.922,10.668,0.634,10.668,0.629,0.005
2026-05-13 19:17:52.942,10.668,0.634,10.668,0.629,0.005
2026-05-13 19:17:52.982,10.668,0.634,10.668,0.629,0.005
2026-05-13 19:17:53.022,10.668,0.634,10.668,0.629,0.005
2026-05-13 19:17:53.058,10.865,0.64,10.865,0.635,0.005
2026-05-13 19:17:53.117,10.865,0.64,10.865,0.635,0.005
2026-05-13 19:17:53.150,10.865,0.64,10.865,0.635,0.005
2026-05-13 19:17:53.185,10.865,0.64,10.865,0.635,0.005
2026-05-13 19:17:53.222,10.865,0.64,10.865,0.635,0.005
2026-05-13 19:17:53.246,10.865,0.64,10.865,0.635,0.005
2026-05-13 19:17:53.282,10.865,0.64,10.865,0.635,0.005
2026-05-13 19:17:53.302,10.865,0.64,10.865,0.635,0.005
2026-05-13 19:17:53.333,10.865,0.64,10.865,0.635,0.005
2026-05-13 19:17:53.358,10.865,0.64,10.865,0.635,0.005
2026-05-13 19:17:53.382,10.865,0.64,10.865,0.635,0.005
2026-05-13 19:17:53.422,10.865,0.64,10.865,0.635,0.005
2026-05-13 19:17:53.442,10.865,0.64,10.865,0.635,0.005
2026-05-13 19:17:53.477,10.865,0.64,10.865,0.635,0.005
2026-05-13 19:17:53.499,10.865,0.64,10.865,0.635,0.005
2026-05-13 19:17:53.522,10.865,0.64,10.865,0.635,0.005
2026-05-13 19:17:53.562,10.865,0.64,10.865,0.635,0.005
2026-05-13 19:17:53.582,10.865,0.64,10.865,0.635,0.005
2026-05-13 19:17:53.602,10.865,0.64,10.865,0.635,0.005
2026-05-13 19:17:53.622,10.865,0.64,10.865,0.635,0.005
2026-05-13 19:17:53.662,10.865,0.64,10.865,0.635,0.005
2026-05-13 19:17:53.702,10.865,0.64,10.865,0.635,0.005
2026-05-13 19:17:53.723,10.865,0.64,10.865,0.635,0.005
2026-05-13 19:17:53.762,10.865,0.64,10.865,0.635,0.005
2026-05-13 19:17:53.802,10.865,0.64,10.865,0.635,0.005
2026-05-13 19:17:53.841,10.865,0.64,10.865,0.635,0.005
2026-05-13 19:17:53.862,10.865,0.64,10.865,0.635,0.005
2026-05-13 19:17:53.902,10.865,0.64,10.865,0.635,0.005
2026-05-13 19:17:53.923,10.865,0.64,10.865,0.635,0.005
2026-05-13 19:17:53.962,10.865,0.64,10.865,0.635,0.005
2026-05-13 19:17:54.002,11.23,0.652,11.23,0.645,0.006
2026-05-13 19:17:54.042,11.23,0.652,11.23,0.645,0.006
2026-05-13 19:17:54.063,11.23,0.652,11.23,0.645,0.006
2026-05-13 19:17:54.102,11.23,0.652,11.23,0.645,0.006
2026-05-13 19:17:54.122,11.23,0.652,11.23,0.645,0.006
2026-05-13 19:17:54.142,11.23,0.652,11.23,0.645,0.006
2026-05-13 19:17:54.162,11.23,0.652,11.23,0.645,0.006
2026-05-13 19:17:54.202,11.399,0.654,11.399,0.65,0.004
2026-05-13 19:17:54.222,11.399,0.654,11.399,0.65,0.004
2026-05-13 19:17:54.263,11.399,0.654,11.399,0.65,0.004
2026-05-13 19:17:54.302,11.399,0.654,11.399,0.65,0.004
2026-05-13 19:17:54.342,11.399,0.654,11.399,0.65,0.004
2026-05-13 19:17:54.363,11.399,0.654,11.399,0.65,0.004
2026-05-13 19:17:54.402,11.399,0.654,11.399,0.65,0.004
2026-05-13 19:17:54.422,11.399,0.654,11.399,0.65,0.004
2026-05-13 19:17:54.443,11.399,0.654,11.399,0.65,0.004
2026-05-13 19:17:54.482,11.399,0.654,11.399,0.65,0.004
2026-05-13 19:17:54.522,11.399,0.654,11.399,0.65,0.004
2026-05-13 19:17:54.562,11.399,0.654,11.399,0.65,0.004
2026-05-13 19:17:54.583,11.399,0.654,11.399,0.65,0.004
2026-05-13 19:17:54.622,11.399,0.654,11.399,0.65,0.004
2026-05-13 19:17:54.662,11.399,0.654,11.399,0.65,0.004
2026-05-13 19:17:54.682,11.399,0.654,11.399,0.65,0.004
2026-05-13 19:17:54.722,11.399,0.654,11.399,0.65,0.004
2026-05-13 19:17:54.742,11.399,0.654,11.399,0.65,0.004
2026-05-13 19:17:54.782,11.399,0.654,11.399,0.65,0.004
2026-05-13 19:17:54.822,11.399,0.654,11.399,0.65,0.004
2026-05-13 19:17:54.842,11.399,0.654,11.399,0.65,0.004
2026-05-13 19:17:54.882,11.399,0.654,11.399,0.65,0.004
2026-05-13 19:17:54.922,11.399,0.654,11.399,0.65,0.004
2026-05-13 19:17:54.962,11.399,0.654,11.399,0.65,0.004
2026-05-13 19:17:54.989,11.399,0.654,11.399,0.65,0.004
2026-05-13 19:17:55.022,11.399,0.654,11.399,0.65,0.004
2026-05-13 19:17:55.042,11.399,0.654,11.399,0.65,0.004
2026-05-13 19:17:55.066,11.561,0.659,11.561,0.655,0.004
2026-05-13 19:17:55.086,11.561,0.659,11.561,0.655,0.004
2026-05-13 19:17:55.114,11.561,0.659,11.561,0.655,0.004
2026-05-13 19:17:55.142,11.561,0.659,11.561,0.655,0.004
2026-05-13 19:17:55.182,11.561,0.659,11.561,0.655,0.004
2026-05-13 19:17:55.202,11.715,0.665,11.715,0.659,0.005
2026-05-13 19:17:55.242,11.715,0.665,11.715,0.659,0.005
2026-05-13 19:17:55.262,11.715,0.665,11.715,0.659,0.005
2026-05-13 19:17:55.302,11.715,0.665,11.715,0.659,0.005
2026-05-13 19:17:55.322,11.715,0.665,11.715,0.659,0.005
2026-05-13 19:17:55.362,11.715,0.665,11.715,0.659,0.005
2026-05-13 19:17:55.402,11.715,0.665,11.715,0.659,0.005
2026-05-13 19:17:55.442,11.715,0.665,11.715,0.659,0.005
2026-05-13 19:17:55.462,11.715,0.665,11.715,0.659,0.005
2026-05-13 19:17:55.483,11.715,0.665,11.715,0.659,0.005
2026-05-13 19:17:55.522,11.715,0.665,11.715,0.659,0.005
2026-05-13 19:17:55.542,11.715,0.665,11.715,0.659,0.005
2026-05-13 19:17:55.582,11.715,0.665,11.715,0.659,0.005
2026-05-13 19:17:55.602,11.715,0.665,11.715,0.659,0.005
2026-05-13 19:17:55.622,11.715,0.665,11.715,0.659,0.005
2026-05-13 19:17:55.663,11.715,0.665,11.715,0.659,0.005
2026-05-13 19:17:55.703,11.715,0.665,11.715,0.659,0.005
2026-05-13 19:17:55.742,11.863,0.668,11.863,0.664,0.004
2026-05-13 19:17:55.782,11.863,0.668,11.863,0.664,0.004
2026-05-13 19:17:55.824,11.863,0.668,11.863,0.664,0.004
2026-05-13 19:17:55.862,11.863,0.668,11.863,0.664,0.004
2026-05-13 19:17:55.883,11.863,0.668,11.863,0.664,0.004
2026-05-13 19:17:55.922,11.863,0.668,11.863,0.664,0.004
2026-05-13 19:17:55.962,11.863,0.668,11.863,0.664,0.004
2026-05-13 19:17:55.982,11.863,0.668,11.863,0.664,0.004
2026-05-13 19:17:56.022,11.863,0.668,11.863,0.664,0.004
2026-05-13 19:17:56.042,11.863,0.668,11.863,0.664,0.004
2026-05-13 19:17:56.062,11.863,0.668,11.863,0.664,0.004
2026-05-13 19:17:56.102,11.863,0.668,11.863,0.664,0.004
2026-05-13 19:17:56.142,11.863,0.668,11.863,0.664,0.004
2026-05-13 19:17:56.171,11.863,0.668,11.863,0.664,0.004
2026-05-13 19:17:56.215,11.863,0.668,11.863,0.664,0.004
2026-05-13 19:17:56.247,11.863,0.668,11.863,0.664,0.004
2026-05-13 19:17:56.300,12.012,0.67,12.012,0.668,0.002
2026-05-13 19:17:56.339,12.012,0.67,12.012,0.668,0.002
2026-05-13 19:17:56.363,12.012,0.67,12.012,0.668,0.002
2026-05-13 19:17:56.394,12.012,0.67,12.012,0.668,0.002
2026-05-13 19:17:56.437,12.012,0.67,12.012,0.668,0.002
2026-05-13 19:17:56.461,12.012,0.67,12.012,0.668,0.002
2026-05-13 19:17:56.482,12.012,0.67,12.012,0.668,0.002
2026-05-13 19:17:56.502,12.012,0.67,12.012,0.668,0.002
2026-05-13 19:17:56.541,12.012,0.67,12.012,0.668,0.002
2026-05-13 19:17:56.562,12.012,0.67,12.012,0.668,0.002
2026-05-13 19:17:56.590,12.012,0.67,12.012,0.668,0.002
2026-05-13 19:17:56.622,12.012,0.67,12.012,0.668,0.002
2026-05-13 19:17:56.642,12.012,0.67,12.012,0.668,0.002
2026-05-13 19:17:56.682,12.012,0.67,12.012,0.668,0.002
2026-05-13 19:17:56.722,12.012,0.67,12.012,0.668,0.002
2026-05-13 19:17:56.742,12.164,0.674,12.164,0.672,0.002
2026-05-13 19:17:56.782,12.164,0.674,12.164,0.672,0.002
2026-05-13 19:17:56.822,12.164,0.674,12.164,0.672,0.002
2026-05-13 19:17:56.862,12.164,0.674,12.164,0.672,0.002
2026-05-13 19:17:56.882,12.164,0.674,12.164,0.672,0.002
2026-05-13 19:17:56.922,12.164,0.674,12.164,0.672,0.002
2026-05-13 19:17:56.942,12.164,0.674,12.164,0.672,0.002
2026-05-13 19:17:56.962,12.164,0.674,12.164,0.672,0.002
2026-05-13 19:17:57.002,12.164,0.674,12.164,0.672,0.002
2026-05-13 19:17:57.023,12.164,0.674,12.164,0.672,0.002
2026-05-13 19:17:57.063,12.164,0.674,12.164,0.672,0.002
2026-05-13 19:17:57.102,12.164,0.674,12.164,0.672,0.002
2026-05-13 19:17:57.123,12.164,0.674,12.164,0.672,0.002
2026-05-13 19:17:57.162,12.164,0.674,12.164,0.672,0.002
2026-05-13 19:17:57.202,12.164,0.674,12.164,0.672,0.002
2026-05-13 19:17:57.222,12.164,0.674,12.164,0.672,0.002
2026-05-13 19:17:57.247,12.314,0.681,12.315,0.677,0.004
2026-05-13 19:17:57.282,12.314,0.681,12.315,0.677,0.004
2026-05-13 19:17:57.322,12.314,0.681,12.315,0.677,0.004
2026-05-13 19:17:57.362,12.314,0.681,12.315,0.677,0.004
2026-05-13 19:17:57.382,12.314,0.681,12.315,0.677,0.004
2026-05-13 19:17:57.422,12.314,0.681,12.315,0.677,0.004
2026-05-13 19:17:57.443,12.314,0.681,12.315,0.677,0.004
2026-05-13 19:17:57.463,12.314,0.681,12.315,0.677,0.004
2026-05-13 19:17:57.502,12.314,0.681,12.315,0.677,0.004
2026-05-13 19:17:57.542,12.314,0.681,12.315,0.677,0.004
2026-05-13 19:17:57.582,12.314,0.681,12.315,0.677,0.004
2026-05-13 19:17:57.602,12.314,0.681,12.315,0.677,0.004
2026-05-13 19:17:57.622,12.314,0.681,12.315,0.677,0.004
2026-05-13 19:17:57.643,12.314,0.681,12.315,0.677,0.004
2026-05-13 19:17:57.682,12.314,0.681,12.315,0.677,0.004
2026-05-13 19:17:57.722,12.314,0.681,12.315,0.677,0.004
2026-05-13 19:17:57.762,12.461,0.684,12.461,0.681,0.003
2026-05-13 19:17:57.782,12.461,0.684,12.461,0.681,0.003
2026-05-13 19:17:57.803,12.461,0.684,12.461,0.681,0.003
2026-05-13 19:17:57.843,12.461,0.684,12.461,0.681,0.003
2026-05-13 19:17:57.882,12.461,0.684,12.461,0.681,0.003
2026-05-13 19:17:57.910,12.461,0.684,12.461,0.681,0.003
2026-05-13 19:17:57.944,12.461,0.684,12.461,0.681,0.003
2026-05-13 19:17:57.977,12.461,0.684,12.461,0.681,0.003
2026-05-13 19:17:58.002,12.461,0.684,12.461,0.681,0.003
2026-05-13 19:17:58.023,12.461,0.684,12.461,0.681,0.003
2026-05-13 19:17:58.062,12.461,0.684,12.461,0.681,0.003
2026-05-13 19:17:58.082,12.461,0.684,12.461,0.681,0.003
2026-05-13 19:17:58.122,12.461,0.684,12.461,0.681,0.003
2026-05-13 19:17:58.142,12.461,0.684,12.461,0.681,0.003
2026-05-13 19:17:58.182,12.461,0.684,12.461,0.681,0.003
2026-05-13 19:17:58.202,12.461,0.684,12.461,0.681,0.003
2026-05-13 19:17:58.223,12.611,0.686,12.611,0.685,0.0
2026-05-13 19:17:58.262,12.611,0.686,12.611,0.685,0.0
2026-05-13 19:17:58.282,12.611,0.686,12.611,0.685,0.0
2026-05-13 19:17:58.302,12.611,0.686,12.611,0.685,0.0
2026-05-13 19:17:58.322,12.611,0.686,12.611,0.685,0.0
2026-05-13 19:17:58.343,12.611,0.686,12.611,0.685,0.0
2026-05-13 19:17:58.382,12.611,0.686,12.611,0.685,0.0
2026-05-13 19:17:58.423,12.611,0.686,12.611,0.685,0.0
2026-05-13 19:17:58.443,12.611,0.686,12.611,0.685,0.0
2026-05-13 19:17:58.482,12.611,0.686,12.611,0.685,0.0
2026-05-13 19:17:58.522,12.611,0.686,12.611,0.685,0.0
2026-05-13 19:17:58.543,12.611,0.686,12.611,0.685,0.0
2026-05-13 19:17:58.581,12.611,0.686,12.611,0.685,0.0
2026-05-13 19:17:58.602,12.611,0.686,12.611,0.685,0.0
2026-05-13 19:17:58.622,12.611,0.686,12.611,0.685,0.0
2026-05-13 19:17:58.662,12.611,0.686,12.611,0.685,0.0
2026-05-13 19:17:58.702,12.611,0.686,12.611,0.685,0.0
2026-05-13 19:17:58.742,12.611,0.686,12.611,0.685,0.0
2026-05-13 19:17:58.762,12.611,0.686,12.611,0.685,0.0
2026-05-13 19:17:58.802,12.611,0.686,12.611,0.685,0.0
2026-05-13 19:17:58.841,12.763,0.691,12.763,0.69,0.001
2026-05-13 19:17:58.863,12.763,0.691,12.763,0.69,0.001
2026-05-13 19:17:58.902,12.763,0.691,12.763,0.69,0.001
2026-05-13 19:17:58.922,12.763,0.691,12.763,0.69,0.001
2026-05-13 19:17:58.962,12.763,0.691,12.763,0.69,0.001
2026-05-13 19:17:58.982,12.763,0.691,12.763,0.69,0.001
2026-05-13 19:17:59.023,12.763,0.691,12.763,0.69,0.001
2026-05-13 19:17:59.063,12.763,0.691,12.763,0.69,0.001
2026-05-13 19:17:59.102,12.763,0.691,12.763,0.69,0.001
2026-05-13 19:17:59.122,12.763,0.691,12.763,0.69,0.001
2026-05-13 19:17:59.161,12.763,0.691,12.763,0.69,0.001
2026-05-13 19:17:59.182,12.763,0.691,12.763,0.69,0.001
2026-05-13 19:17:59.203,12.913,0.698,12.913,0.694,0.003
2026-05-13 19:17:59.242,12.913,0.698,12.913,0.694,0.003
2026-05-13 19:17:59.262,12.913,0.698,12.913,0.694,0.003
2026-05-13 19:17:59.302,12.913,0.698,12.913,0.694,0.003
2026-05-13 19:17:59.342,12.913,0.698,12.913,0.694,0.003
2026-05-13 19:17:59.362,12.913,0.698,12.913,0.694,0.003
2026-05-13 19:17:59.382,12.913,0.698,12.913,0.694,0.003
2026-05-13 19:17:59.422,12.913,0.698,12.913,0.694,0.003
2026-05-13 19:17:59.474,12.913,0.698,12.913,0.694,0.003
2026-05-13 19:17:59.502,12.913,0.698,12.913,0.694,0.003
2026-05-13 19:17:59.523,12.913,0.698,12.913,0.694,0.003
2026-05-13 19:17:59.569,12.913,0.698,12.913,0.694,0.003
2026-05-13 19:17:59.620,12.913,0.698,12.913,0.694,0.003
2026-05-13 19:17:59.642,12.913,0.698,12.913,0.694,0.003
2026-05-13 19:17:59.671,12.913,0.698,12.913,0.694,0.003
2026-05-13 19:17:59.714,12.913,0.698,12.913,0.694,0.003
2026-05-13 19:17:59.738,13.061,0.702,13.061,0.699,0.003
2026-05-13 19:17:59.762,13.061,0.702,13.061,0.699,0.003
2026-05-13 19:17:59.802,13.061,0.702,13.061,0.699,0.003
2026-05-13 19:17:59.826,13.061,0.702,13.061,0.699,0.003
2026-05-13 19:17:59.862,13.061,0.702,13.061,0.699,0.003
2026-05-13 19:17:59.888,13.061,0.702,13.061,0.699,0.003
2026-05-13 19:17:59.922,13.061,0.702,13.061,0.699,0.003
2026-05-13 19:17:59.942,13.061,0.702,13.061,0.699,0.003
2026-05-13 19:17:59.962,13.061,0.702,13.061,0.699,0.003
2026-05-13 19:18:00.003,13.061,0.702,13.061,0.699,0.003
2026-05-13 19:18:00.042,13.061,0.702,13.061,0.699,0.003
2026-05-13 19:18:00.062,13.061,0.702,13.061,0.699,0.003
2026-05-13 19:18:00.082,13.061,0.702,13.061,0.699,0.003
2026-05-13 19:18:00.122,13.061,0.702,13.061,0.699,0.003
2026-05-13 19:18:00.142,13.061,0.702,13.061,0.699,0.003
2026-05-13 19:18:00.162,13.061,0.702,13.061,0.699,0.003
2026-05-13 19:18:00.202,13.061,0.702,13.061,0.699,0.003
2026-05-13 19:18:00.222,13.21,0.704,13.21,0.703,0.001
2026-05-13 19:18:00.242,13.21,0.704,13.21,0.703,0.001
2026-05-13 19:18:00.282,13.21,0.704,13.21,0.703,0.001
2026-05-13 19:18:00.303,13.21,0.704,13.21,0.703,0.001
2026-05-13 19:18:00.342,13.21,0.704,13.21,0.703,0.001
2026-05-13 19:18:00.363,13.21,0.704,13.21,0.703,0.001
2026-05-13 19:18:00.402,13.21,0.704,13.21,0.703,0.001
2026-05-13 19:18:00.422,13.21,0.704,13.21,0.703,0.001
2026-05-13 19:18:00.462,13.21,0.704,13.21,0.703,0.001
2026-05-13 19:18:00.502,13.21,0.704,13.21,0.703,0.001
2026-05-13 19:18:00.523,13.21,0.704,13.21,0.703,0.001
2026-05-13 19:18:00.562,13.21,0.704,13.21,0.703,0.001
2026-05-13 19:18:00.602,13.21,0.704,13.21,0.703,0.001
2026-05-13 19:18:00.622,13.21,0.704,13.21,0.703,0.001
2026-05-13 19:18:00.642,13.21,0.704,13.21,0.703,0.001
2026-05-13 19:18:00.682,13.21,0.704,13.21,0.703,0.001
2026-05-13 19:18:00.702,13.21,0.704,13.21,0.703,0.001
2026-05-13 19:18:00.723,13.21,0.704,13.21,0.703,0.001
2026-05-13 19:18:00.743,13.21,0.704,13.21,0.703,0.001
2026-05-13 19:18:00.763,13.21,0.704,13.21,0.703,0.001
2026-05-13 19:18:00.802,13.21,0.704,13.21,0.703,0.001
2026-05-13 19:18:00.822,13.21,0.704,13.21,0.703,0.001
2026-05-13 19:18:00.843,13.21,0.704,13.21,0.703,0.001
2026-05-13 19:18:00.882,13.21,0.704,13.21,0.703,0.001
2026-05-13 19:18:00.922,13.362,0.708,13.362,0.707,0.0
2026-05-13 19:18:00.942,13.362,0.708,13.362,0.707,0.0
2026-05-13 19:18:00.963,13.362,0.708,13.362,0.707,0.0
2026-05-13 19:18:01.002,13.362,0.708,13.362,0.707,0.0
2026-05-13 19:18:01.022,13.362,0.708,13.362,0.707,0.0
2026-05-13 19:18:01.063,13.362,0.708,13.362,0.707,0.0
2026-05-13 19:18:01.102,13.362,0.708,13.362,0.707,0.0
2026-05-13 19:18:01.142,13.362,0.708,13.362,0.707,0.0
2026-05-13 19:18:01.162,13.362,0.708,13.362,0.707,0.0
2026-05-13 19:18:01.202,13.511,0.714,13.511,0.712,0.002
2026-05-13 19:18:01.222,13.511,0.714,13.511,0.712,0.002
2026-05-13 19:18:01.262,13.511,0.714,13.511,0.712,0.002
2026-05-13 19:18:01.283,13.511,0.714,13.511,0.712,0.002
2026-05-13 19:18:01.322,13.511,0.714,13.511,0.712,0.002
2026-05-13 19:18:01.362,13.511,0.714,13.511,0.712,0.002
2026-05-13 19:18:01.401,13.511,0.714,13.511,0.712,0.002
2026-05-13 19:18:01.422,13.511,0.714,13.511,0.712,0.002
2026-05-13 19:18:01.463,13.511,0.714,13.511,0.712,0.002
2026-05-13 19:18:01.502,13.511,0.714,13.511,0.712,0.002
2026-05-13 19:18:01.522,13.511,0.714,13.511,0.712,0.002
2026-05-13 19:18:01.562,13.511,0.714,13.511,0.712,0.002
2026-05-13 19:18:01.602,13.511,0.714,13.511,0.712,0.002
2026-05-13 19:18:01.642,13.511,0.714,13.511,0.712,0.002
2026-05-13 19:18:01.682,13.511,0.714,13.511,0.712,0.002
2026-05-13 19:18:01.702,13.511,0.714,13.511,0.712,0.002
2026-05-13 19:18:01.723,13.511,0.714,13.511,0.712,0.002
2026-05-13 19:18:01.762,13.511,0.714,13.511,0.712,0.002
2026-05-13 19:18:01.783,13.511,0.714,13.511,0.712,0.002
2026-05-13 19:18:01.822,13.511,0.714,13.511,0.712,0.002
2026-05-13 19:18:01.842,13.511,0.714,13.511,0.712,0.002
2026-05-13 19:18:01.862,13.511,0.714,13.511,0.712,0.002
2026-05-13 19:18:01.902,13.659,0.717,13.659,0.716,0.001
2026-05-13 19:18:01.942,13.659,0.717,13.659,0.716,0.001
2026-05-13 19:18:01.962,13.659,0.717,13.659,0.716,0.001
2026-05-13 19:18:01.982,13.659,0.717,13.659,0.716,0.001
2026-05-13 19:18:02.022,13.659,0.717,13.659,0.716,0.001
2026-05-13 19:18:02.042,13.659,0.717,13.659,0.716,0.001
2026-05-13 19:18:02.082,13.659,0.717,13.659,0.716,0.001
2026-05-13 19:18:02.102,13.659,0.717,13.659,0.716,0.001
2026-05-13 19:18:02.123,13.659,0.717,13.659,0.716,0.001
2026-05-13 19:18:02.165,13.808,0.719,13.808,0.72,0.002
2026-05-13 19:18:02.202,13.808,0.719,13.808,0.72,0.002
2026-05-13 19:18:02.242,13.808,0.719,13.808,0.72,0.002
2026-05-13 19:18:02.262,13.808,0.719,13.808,0.72,0.002
2026-05-13 19:18:02.303,13.808,0.719,13.808,0.72,0.002
2026-05-13 19:18:02.342,13.808,0.719,13.808,0.72,0.002
2026-05-13 19:18:02.362,13.808,0.719,13.808,0.72,0.002
2026-05-13 19:18:02.402,13.808,0.719,13.808,0.72,0.002
2026-05-13 19:18:02.422,13.808,0.719,13.808,0.72,0.002
2026-05-13 19:18:02.462,13.808,0.719,13.808,0.72,0.002
2026-05-13 19:18:02.483,13.808,0.719,13.808,0.72,0.002
2026-05-13 19:18:02.522,13.808,0.719,13.808,0.72,0.002
2026-05-13 19:18:02.562,13.808,0.719,13.808,0.72,0.002
2026-05-13 19:18:02.582,13.808,0.719,13.808,0.72,0.002
2026-05-13 19:18:02.622,13.808,0.719,13.808,0.72,0.002
2026-05-13 19:18:02.663,13.808,0.719,13.808,0.72,0.002
2026-05-13 19:18:02.702,13.808,0.719,13.808,0.72,0.002
2026-05-13 19:18:02.722,13.808,0.719,13.808,0.72,0.002
2026-05-13 19:18:02.771,13.808,0.719,13.808,0.72,0.002
2026-05-13 19:18:02.818,13.808,0.719,13.808,0.72,0.002
2026-05-13 19:18:02.842,13.808,0.719,13.808,0.72,0.002
2026-05-13 19:18:02.874,13.808,0.719,13.808,0.72,0.002
2026-05-13 19:18:02.916,13.96,0.722,13.96,0.725,0.002
2026-05-13 19:18:02.961,13.96,0.722,13.96,0.725,0.002
2026-05-13 19:18:03.000,13.96,0.722,13.96,0.725,0.002
2026-05-13 19:18:03.022,13.96,0.722,13.96,0.725,0.002
2026-05-13 19:18:03.042,13.96,0.722,13.96,0.725,0.002
2026-05-13 19:18:03.062,13.96,0.722,13.96,0.725,0.002
2026-05-13 19:18:03.101,13.96,0.722,13.96,0.725,0.002
2026-05-13 19:18:03.151,13.96,0.722,13.96,0.725,0.002
2026-05-13 19:18:03.182,13.96,0.722,13.96,0.725,0.002
2026-05-13 19:18:03.203,13.96,0.722,13.96,0.725,0.002
2026-05-13 19:18:03.242,13.96,0.722,13.96,0.725,0.002
2026-05-13 19:18:03.262,13.96,0.722,13.96,0.725,0.002
2026-05-13 19:18:03.302,14.119,0.729,14.119,0.729,0.0
2026-05-13 19:18:03.342,14.119,0.729,14.119,0.729,0.0
2026-05-13 19:18:03.364,14.119,0.729,14.119,0.729,0.0
2026-05-13 19:18:03.402,14.119,0.729,14.119,0.729,0.0
2026-05-13 19:18:03.422,14.119,0.729,14.119,0.729,0.0
2026-05-13 19:18:03.462,14.119,0.729,14.119,0.729,0.0
2026-05-13 19:18:03.503,14.119,0.729,14.119,0.729,0.0
2026-05-13 19:18:03.542,14.119,0.729,14.119,0.729,0.0
2026-05-13 19:18:03.582,14.119,0.729,14.119,0.729,0.0
2026-05-13 19:18:03.622,14.119,0.729,14.119,0.729,0.0
2026-05-13 19:18:03.643,14.119,0.729,14.119,0.729,0.0
2026-05-13 19:18:03.682,14.119,0.729,14.119,0.729,0.0
2026-05-13 19:18:03.722,14.119,0.729,14.119,0.729,0.0
2026-05-13 19:18:03.743,14.119,0.729,14.119,0.729,0.0
2026-05-13 19:18:03.783,14.346,0.734,14.346,0.736,0.002
2026-05-13 19:18:03.822,14.346,0.734,14.346,0.736,0.002
2026-05-13 19:18:03.862,14.346,0.734,14.346,0.736,0.002
2026-05-13 19:18:03.902,14.346,0.734,14.346,0.736,0.002
2026-05-13 19:18:03.929,14.346,0.734,14.346,0.736,0.002
2026-05-13 19:18:03.963,14.346,0.734,14.346,0.736,0.002
2026-05-13 19:18:04.002,14.346,0.734,14.346,0.736,0.002
2026-05-13 19:18:04.022,14.346,0.734,14.346,0.736,0.002
2026-05-13 19:18:04.062,14.346,0.734,14.346,0.736,0.002
2026-05-13 19:18:04.101,14.346,0.734,14.346,0.736,0.002
2026-05-13 19:18:04.122,14.346,0.734,14.346,0.736,0.002
2026-05-13 19:18:04.142,14.346,0.734,14.346,0.736,0.002
2026-05-13 19:18:04.182,14.346,0.734,14.346,0.736,0.002
2026-05-13 19:18:04.202,14.656,0.734,14.655,0.745,0.011
2026-05-13 19:18:04.242,14.656,0.734,14.69,0.746,0.036
2026-05-13 19:18:04.262,14.656,0.734,14.69,0.746,0.036
2026-05-13 19:18:04.302,14.656,0.734,14.69,0.746,0.036
2026-05-13 19:18:04.342,14.656,0.734,14.69,0.746,0.036
2026-05-13 19:18:04.382,14.656,0.734,14.69,0.746,0.036
2026-05-13 19:18:04.422,14.656,0.734,14.69,0.746,0.036
2026-05-13 19:18:04.442,14.656,0.734,14.69,0.746,0.036
2026-05-13 19:18:04.462,14.656,0.734,14.69,0.746,0.036
2026-05-13 19:18:04.502,14.656,0.734,14.69,0.746,0.036
2026-05-13 19:18:04.522,14.656,0.734,14.69,0.746,0.036
2026-05-13 19:18:04.562,14.656,0.734,14.69,0.746,0.036
2026-05-13 19:18:04.603,14.656,0.734,14.69,0.746,0.036
2026-05-13 19:18:04.642,14.656,0.734,14.69,0.746,0.036
2026-05-13 19:18:04.662,14.656,0.734,14.69,0.746,0.036
2026-05-13 19:18:04.685,14.656,0.734,14.69,0.746,0.036
2026-05-13 19:18:04.721,14.656,0.734,14.69,0.746,0.036
2026-05-13 19:18:04.742,14.656,0.734,14.69,0.746,0.036
2026-05-13 19:18:04.782,14.656,0.734,14.69,0.746,0.036
2026-05-13 19:18:04.822,14.656,0.734,14.69,0.746,0.036
2026-05-13 19:18:04.863,14.656,0.734,14.69,0.746,0.036
2026-05-13 19:18:04.902,14.656,0.734,14.69,0.746,0.036
2026-05-13 19:18:04.922,15.027,0.725,15.024,0.766,0.041
2026-05-13 19:18:04.962,15.027,0.725,15.024,0.766,0.041
2026-05-13 19:18:05.004,15.027,0.725,15.024,0.766,0.041
2026-05-13 19:18:05.042,15.027,0.725,15.024,0.766,0.041
2026-05-13 19:18:05.082,15.027,0.725,15.024,0.766,0.041
2026-05-13 19:18:05.122,15.027,0.725,15.024,0.766,0.041
2026-05-13 19:18:05.162,15.027,0.725,15.024,0.766,0.041
2026-05-13 19:18:05.202,15.027,0.725,15.024,0.766,0.041
2026-05-13 19:18:05.223,15.404,0.73,15.401,0.79,0.06
2026-05-13 19:18:05.262,15.404,0.73,15.401,0.79,0.06
2026-05-13 19:18:05.282,15.404,0.73,15.401,0.79,0.06
2026-05-13 19:18:05.322,15.404,0.73,15.401,0.79,0.06
2026-05-13 19:18:05.362,15.404,0.73,15.401,0.79,0.06
2026-05-13 19:18:05.402,15.404,0.73,15.401,0.79,0.06
2026-05-13 19:18:05.442,15.404,0.73,15.401,0.79,0.06
2026-05-13 19:18:05.481,15.404,0.73,15.401,0.79,0.06
2026-05-13 19:18:05.502,15.404,0.73,15.401,0.79,0.06
2026-05-13 19:18:05.523,15.404,0.73,15.401,0.79,0.06
2026-05-13 19:18:05.563,15.404,0.73,15.401,0.79,0.06
2026-05-13 19:18:05.602,15.404,0.73,15.401,0.79,0.06
2026-05-13 19:18:05.622,15.404,0.73,15.401,0.79,0.06
2026-05-13 19:18:05.642,15.404,0.73,15.401,0.79,0.06
2026-05-13 19:18:05.665,15.404,0.73,15.401,0.79,0.06
2026-05-13 19:18:05.702,15.789,0.774,15.787,0.813,0.039
2026-05-13 19:18:05.722,15.789,0.774,15.787,0.813,0.039
2026-05-13 19:18:05.762,15.789,0.774,15.787,0.813,0.039
2026-05-13 19:18:05.783,15.789,0.774,15.787,0.813,0.039
2026-05-13 19:18:05.822,15.789,0.774,15.787,0.813,0.039
2026-05-13 19:18:05.842,15.789,0.774,15.787,0.813,0.039
2026-05-13 19:18:05.863,15.789,0.774,15.787,0.813,0.039
2026-05-13 19:18:05.902,15.789,0.774,15.787,0.813,0.039
2026-05-13 19:18:05.922,15.789,0.774,15.787,0.813,0.039
2026-05-13 19:18:05.962,15.789,0.774,15.787,0.813,0.039
2026-05-13 19:18:06.002,15.789,0.774,15.787,0.813,0.039
2026-05-13 19:18:06.042,15.789,0.774,15.787,0.813,0.039
2026-05-13 19:18:06.081,15.789,0.774,15.787,0.813,0.039
2026-05-13 19:18:06.102,15.789,0.774,15.787,0.813,0.039
2026-05-13 19:18:06.142,15.789,0.774,15.787,0.813,0.039
2026-05-13 19:18:06.182,15.789,0.774,15.787,0.813,0.039
2026-05-13 19:18:06.222,15.789,0.774,15.787,0.813,0.039
2026-05-13 19:18:06.262,16.18,0.82,16.179,0.837,0.017
2026-05-13 19:18:06.282,16.18,0.82,16.179,0.837,0.017
2026-05-13 19:18:06.302,16.18,0.82,16.179,0.837,0.017
2026-05-13 19:18:06.342,16.18,0.82,16.179,0.837,0.017
2026-05-13 19:18:06.362,16.18,0.82,16.179,0.837,0.017
2026-05-13 19:18:06.402,16.18,0.82,16.179,0.837,0.017
2026-05-13 19:18:06.442,16.18,0.82,16.179,0.837,0.017
2026-05-13 19:18:06.462,16.18,0.82,16.179,0.837,0.017
2026-05-13 19:18:06.502,16.18,0.82,16.179,0.837,0.017
2026-05-13 19:18:06.550,16.18,0.82,16.179,0.837,0.017
2026-05-13 19:18:06.596,16.18,0.82,16.179,0.837,0.017
2026-05-13 19:18:06.622,16.18,0.82,16.179,0.837,0.017
2026-05-13 19:18:06.653,16.18,0.82,16.179,0.837,0.017
2026-05-13 19:18:06.715,16.18,0.82,16.179,0.837,0.017
2026-05-13 19:18:06.761,16.569,0.854,16.568,0.861,0.007
2026-05-13 19:18:06.807,16.569,0.854,16.568,0.861,0.007
2026-05-13 19:18:06.842,16.569,0.854,16.568,0.861,0.007
2026-05-13 19:18:06.862,16.569,0.854,16.568,0.861,0.007
2026-05-13 19:18:06.882,16.569,0.854,16.568,0.861,0.007
2026-05-13 19:18:06.906,16.569,0.854,16.568,0.861,0.007
2026-05-13 19:18:06.963,16.569,0.854,16.568,0.861,0.007
2026-05-13 19:18:07.002,16.569,0.854,16.568,0.861,0.007
2026-05-13 19:18:07.022,16.569,0.854,16.568,0.861,0.007
2026-05-13 19:18:07.042,16.569,0.854,16.568,0.861,0.007
2026-05-13 19:18:07.062,16.569,0.854,16.568,0.861,0.007
2026-05-13 19:18:07.102,16.569,0.854,16.568,0.861,0.007
2026-05-13 19:18:07.142,16.966,0.882,16.966,0.886,0.004
2026-05-13 19:18:07.182,16.966,0.882,16.966,0.886,0.004
2026-05-13 19:18:07.203,16.966,0.882,16.966,0.886,0.004
2026-05-13 19:18:07.242,16.966,0.882,16.966,0.886,0.004
2026-05-13 19:18:07.262,16.966,0.882,16.966,0.886,0.004
2026-05-13 19:18:07.302,16.966,0.882,16.966,0.886,0.004
2026-05-13 19:18:07.322,16.966,0.882,16.966,0.886,0.004
2026-05-13 19:18:07.362,16.966,0.882,16.966,0.886,0.004
2026-05-13 19:18:07.382,16.966,0.882,16.966,0.886,0.004
2026-05-13 19:18:07.422,16.966,0.882,16.966,0.886,0.004
2026-05-13 19:18:07.442,16.966,0.882,16.966,0.886,0.004
2026-05-13 19:18:07.482,16.966,0.882,16.966,0.886,0.004
2026-05-13 19:18:07.502,16.966,0.882,16.966,0.886,0.004
2026-05-13 19:18:07.543,16.966,0.882,16.966,0.886,0.004
2026-05-13 19:18:07.582,16.966,0.882,16.966,0.886,0.004
2026-05-13 19:18:07.602,16.966,0.882,16.966,0.886,0.004
2026-05-13 19:18:07.623,16.966,0.882,16.966,0.886,0.004
2026-05-13 19:18:07.663,16.966,0.882,16.966,0.886,0.004
2026-05-13 19:18:07.702,16.966,0.882,16.966,0.886,0.004
2026-05-13 19:18:07.723,17.365,0.907,17.364,0.91,0.003
2026-05-13 19:18:07.762,17.365,0.907,17.364,0.91,0.003
2026-05-13 19:18:07.782,17.365,0.907,17.364,0.91,0.003
2026-05-13 19:18:07.822,17.365,0.907,17.364,0.91,0.003
2026-05-13 19:18:07.862,17.365,0.907,17.364,0.91,0.003
2026-05-13 19:18:07.882,17.365,0.907,17.364,0.91,0.003
2026-05-13 19:18:07.902,17.365,0.907,17.364,0.91,0.003
2026-05-13 19:18:07.942,17.365,0.907,17.364,0.91,0.003
2026-05-13 19:18:07.982,17.365,0.907,17.364,0.91,0.003
2026-05-13 19:18:08.002,17.365,0.907,17.364,0.91,0.003
2026-05-13 19:18:08.022,17.365,0.907,17.364,0.91,0.003
2026-05-13 19:18:08.062,17.365,0.907,17.364,0.91,0.003
2026-05-13 19:18:08.102,17.365,0.907,17.364,0.91,0.003
2026-05-13 19:18:08.142,17.365,0.907,17.364,0.91,0.003
2026-05-13 19:18:08.182,17.365,0.907,17.364,0.91,0.003
2026-05-13 19:18:08.202,17.365,0.907,17.364,0.91,0.003
2026-05-13 19:18:08.242,17.365,0.907,17.364,0.91,0.003
2026-05-13 19:18:08.282,17.764,0.935,17.764,0.935,0.001
2026-05-13 19:18:08.302,17.764,0.935,17.764,0.935,0.001
2026-05-13 19:18:08.323,17.764,0.935,17.764,0.935,0.001
2026-05-13 19:18:08.361,17.764,0.935,17.764,0.935,0.001
2026-05-13 19:18:08.382,17.764,0.935,17.764,0.935,0.001
2026-05-13 19:18:08.403,17.764,0.935,17.764,0.935,0.001
2026-05-13 19:18:08.442,17.764,0.935,17.764,0.935,0.001
2026-05-13 19:18:08.483,17.764,0.935,17.764,0.935,0.001
2026-05-13 19:18:08.523,17.764,0.935,17.764,0.935,0.001
2026-05-13 19:18:08.562,17.764,0.935,17.764,0.935,0.001
2026-05-13 19:18:08.582,17.764,0.935,17.764,0.935,0.001
2026-05-13 19:18:08.622,17.764,0.935,17.764,0.935,0.001
2026-05-13 19:18:08.662,17.764,0.935,17.764,0.935,0.001
2026-05-13 19:18:08.682,17.764,0.935,17.764,0.935,0.001
2026-05-13 19:18:08.722,17.764,0.935,17.764,0.935,0.001
2026-05-13 19:18:08.742,17.764,0.935,17.764,0.935,0.001
2026-05-13 19:18:08.782,17.764,0.935,17.764,0.935,0.001
2026-05-13 19:18:08.802,17.764,0.935,17.764,0.935,0.001
2026-05-13 19:18:08.842,18.159,0.961,18.159,0.959,0.003
2026-05-13 19:18:08.882,18.159,0.961,18.159,0.959,0.003
2026-05-13 19:18:08.902,18.159,0.961,18.159,0.959,0.003
2026-05-13 19:18:08.942,18.159,0.961,18.159,0.959,0.003
2026-05-13 19:18:08.982,18.159,0.961,18.159,0.959,0.003
2026-05-13 19:18:09.002,18.159,0.961,18.159,0.959,0.003
2026-05-13 19:18:09.022,18.159,0.961,18.159,0.959,0.003
2026-05-13 19:18:09.063,18.159,0.961,18.159,0.959,0.003
2026-05-13 19:18:09.102,18.159,0.961,18.159,0.959,0.003
2026-05-13 19:18:09.122,18.159,0.961,18.159,0.959,0.003
2026-05-13 19:18:09.162,18.159,0.961,18.159,0.959,0.003
2026-05-13 19:18:09.186,18.554,0.987,18.554,0.983,0.004
2026-05-13 19:18:09.222,18.554,0.987,18.554,0.983,0.004
2026-05-13 19:18:09.263,18.554,0.987,18.554,0.983,0.004
2026-05-13 19:18:09.302,18.554,0.987,18.554,0.983,0.004
2026-05-13 19:18:09.322,18.554,0.987,18.554,0.983,0.004
2026-05-13 19:18:09.362,18.554,0.987,18.554,0.983,0.004
2026-05-13 19:18:09.382,18.554,0.987,18.554,0.983,0.004
2026-05-13 19:18:09.402,18.554,0.987,18.554,0.983,0.004
2026-05-13 19:18:09.442,18.554,0.987,18.554,0.983,0.004
2026-05-13 19:18:09.463,18.554,0.987,18.554,0.983,0.004
2026-05-13 19:18:09.502,18.554,0.987,18.554,0.983,0.004
2026-05-13 19:18:09.522,18.554,0.987,18.554,0.983,0.004
2026-05-13 19:18:09.562,18.554,0.987,18.554,0.983,0.004
2026-05-13 19:18:09.582,18.554,0.987,18.554,0.983,0.004
2026-05-13 19:18:09.622,18.554,0.987,18.554,0.983,0.004
2026-05-13 19:18:09.642,18.554,0.987,18.554,0.983,0.004
2026-05-13 19:18:09.662,18.554,0.987,18.554,0.983,0.004
2026-05-13 19:18:09.702,18.554,0.987,18.554,0.983,0.004
2026-05-13 19:18:09.742,18.554,0.987,18.554,0.983,0.004
2026-05-13 19:18:09.782,18.554,0.987,18.554,0.983,0.004
2026-05-13 19:18:09.822,18.935,1.01,18.936,1.006,0.004
2026-05-13 19:18:09.842,18.935,1.01,18.936,1.006,0.004
2026-05-13 19:18:09.863,18.935,1.01,18.936,1.006,0.004
2026-05-13 19:18:09.902,18.935,1.01,18.936,1.006,0.004
2026-05-13 19:18:09.922,18.935,1.01,18.936,1.006,0.004
2026-05-13 19:18:09.943,18.935,1.01,18.936,1.006,0.004
2026-05-13 19:18:09.982,18.935,1.01,18.936,1.006,0.004
2026-05-13 19:18:10.021,18.935,1.01,18.936,1.006,0.004
2026-05-13 19:18:10.046,18.935,1.01,18.936,1.006,0.004
2026-05-13 19:18:10.082,18.935,1.01,18.936,1.006,0.004
2026-05-13 19:18:10.113,18.935,1.01,18.936,1.006,0.004
2026-05-13 19:18:10.151,18.935,1.01,18.936,1.006,0.004
2026-05-13 19:18:10.182,18.935,1.01,18.936,1.006,0.004
2026-05-13 19:18:10.206,19.308,1.034,19.308,1.029,0.005
2026-05-13 19:18:10.227,19.308,1.034,19.308,1.029,0.005
2026-05-13 19:18:10.272,19.308,1.034,19.308,1.029,0.005
2026-05-13 19:18:10.323,19.308,1.034,19.308,1.029,0.005
2026-05-13 19:18:10.362,19.308,1.034,19.308,1.029,0.005
2026-05-13 19:18:10.402,19.308,1.034,19.308,1.029,0.005
2026-05-13 19:18:10.422,19.308,1.034,19.308,1.029,0.005
2026-05-13 19:18:10.466,19.308,1.034,19.308,1.029,0.005
2026-05-13 19:18:10.502,19.308,1.034,19.308,1.029,0.005
2026-05-13 19:18:10.522,19.308,1.034,19.308,1.029,0.005
2026-05-13 19:18:10.562,19.308,1.034,19.308,1.029,0.005
2026-05-13 19:18:10.603,19.308,1.034,19.308,1.029,0.005
2026-05-13 19:18:10.623,19.308,1.034,19.308,1.029,0.005
2026-05-13 19:18:10.661,19.308,1.034,19.308,1.029,0.005
2026-05-13 19:18:10.682,19.308,1.034,19.308,1.029,0.005
2026-05-13 19:18:10.703,19.308,1.034,19.308,1.029,0.005
2026-05-13 19:18:10.742,19.668,1.058,19.668,1.051,0.006
2026-05-13 19:18:10.782,19.668,1.058,19.668,1.051,0.006
2026-05-13 19:18:10.822,19.668,1.058,19.668,1.051,0.006
2026-05-13 19:18:10.862,19.668,1.058,19.668,1.051,0.006
2026-05-13 19:18:10.883,19.668,1.058,19.668,1.051,0.006
2026-05-13 19:18:10.922,19.668,1.058,19.668,1.051,0.006
2026-05-13 19:18:10.962,19.668,1.058,19.668,1.051,0.006
2026-05-13 19:18:11.002,19.668,1.058,19.668,1.051,0.006
2026-05-13 19:18:11.042,19.668,1.058,19.668,1.051,0.006
2026-05-13 19:18:11.062,19.668,1.058,19.668,1.051,0.006
2026-05-13 19:18:11.102,19.668,1.058,19.668,1.051,0.006
2026-05-13 19:18:11.151,20.014,1.08,20.015,1.073,0.007
2026-05-13 19:18:11.182,20.014,1.08,20.015,1.073,0.007
2026-05-13 19:18:11.222,20.014,1.08,20.015,1.073,0.007
2026-05-13 19:18:11.262,20.014,1.08,20.015,1.073,0.007
2026-05-13 19:18:11.282,20.014,1.08,20.015,1.073,0.007
2026-05-13 19:18:11.302,20.014,1.08,20.015,1.073,0.007
2026-05-13 19:18:11.342,20.014,1.08,20.015,1.073,0.007
2026-05-13 19:18:11.362,20.014,1.08,20.015,1.073,0.007
2026-05-13 19:18:11.402,20.014,1.08,20.015,1.073,0.007
2026-05-13 19:18:11.442,20.014,1.08,20.015,1.073,0.007
2026-05-13 19:18:11.482,20.014,1.08,20.015,1.073,0.007
2026-05-13 19:18:11.502,20.014,1.08,20.015,1.073,0.007
2026-05-13 19:18:11.522,20.014,1.08,20.015,1.073,0.007
2026-05-13 19:18:11.562,20.014,1.08,20.015,1.073,0.007
2026-05-13 19:18:11.602,20.014,1.08,20.015,1.073,0.007
2026-05-13 19:18:11.622,20.014,1.08,20.015,1.073,0.007
2026-05-13 19:18:11.642,20.014,1.08,20.015,1.073,0.007
2026-05-13 19:18:11.682,20.014,1.08,20.015,1.073,0.007
2026-05-13 19:18:11.723,20.014,1.08,20.015,1.073,0.007
2026-05-13 19:18:11.762,20.354,1.099,20.354,1.094,0.005
2026-05-13 19:18:11.782,20.354,1.099,20.354,1.094,0.005
2026-05-13 19:18:11.805,20.354,1.099,20.354,1.094,0.005
2026-05-13 19:18:11.842,20.354,1.099,20.354,1.094,0.005
2026-05-13 19:18:11.862,20.354,1.099,20.354,1.094,0.005
2026-05-13 19:18:11.882,20.354,1.099,20.354,1.094,0.005
2026-05-13 19:18:11.902,20.354,1.099,20.354,1.094,0.005
2026-05-13 19:18:11.942,20.354,1.099,20.354,1.094,0.005
2026-05-13 19:18:11.962,20.354,1.099,20.354,1.094,0.005
2026-05-13 19:18:11.982,20.354,1.099,20.354,1.094,0.005
2026-05-13 19:18:12.022,20.354,1.099,20.354,1.094,0.005
2026-05-13 19:18:12.062,20.354,1.099,20.354,1.094,0.005
2026-05-13 19:18:12.082,20.354,1.099,20.354,1.094,0.005
2026-05-13 19:18:12.122,20.354,1.099,20.354,1.094,0.005
2026-05-13 19:18:12.162,20.354,1.099,20.354,1.094,0.005
2026-05-13 19:18:12.182,20.354,1.099,20.354,1.094,0.005
2026-05-13 19:18:12.222,20.354,1.099,20.354,1.094,0.005
2026-05-13 19:18:12.242,20.354,1.099,20.354,1.094,0.005
2026-05-13 19:18:12.282,20.684,1.119,20.685,1.114,0.005
2026-05-13 19:18:12.322,20.684,1.119,20.685,1.114,0.005
2026-05-13 19:18:12.342,20.684,1.119,20.685,1.114,0.005
2026-05-13 19:18:12.362,20.684,1.119,20.685,1.114,0.005
2026-05-13 19:18:12.402,20.684,1.119,20.685,1.114,0.005
2026-05-13 19:18:12.422,20.684,1.119,20.685,1.114,0.005
2026-05-13 19:18:12.442,20.684,1.119,20.685,1.114,0.005
2026-05-13 19:18:12.482,20.684,1.119,20.685,1.114,0.005
2026-05-13 19:18:12.502,20.684,1.119,20.685,1.114,0.005
2026-05-13 19:18:12.546,20.684,1.119,20.685,1.114,0.005
2026-05-13 19:18:12.582,20.684,1.119,20.685,1.114,0.005
2026-05-13 19:18:12.602,20.684,1.119,20.685,1.114,0.005
2026-05-13 19:18:12.623,20.684,1.119,20.685,1.114,0.005
2026-05-13 19:18:12.662,20.684,1.119,20.685,1.114,0.005
2026-05-13 19:18:12.702,21.002,1.136,21.002,1.133,0.003
2026-05-13 19:18:12.722,21.002,1.136,21.002,1.133,0.003
2026-05-13 19:18:12.762,21.002,1.136,21.002,1.133,0.003
2026-05-13 19:18:12.782,21.002,1.136,21.002,1.133,0.003
2026-05-13 19:18:12.822,21.002,1.136,21.002,1.133,0.003
2026-05-13 19:18:12.842,21.002,1.136,21.002,1.133,0.003
2026-05-13 19:18:12.883,21.002,1.136,21.002,1.133,0.003
2026-05-13 19:18:12.922,21.002,1.136,21.002,1.133,0.003
2026-05-13 19:18:12.962,21.002,1.136,21.002,1.133,0.003
2026-05-13 19:18:13.002,21.002,1.136,21.002,1.133,0.003
2026-05-13 19:18:13.027,21.002,1.136,21.002,1.133,0.003
2026-05-13 19:18:13.062,21.002,1.136,21.002,1.133,0.003
2026-05-13 19:18:13.083,21.002,1.136,21.002,1.133,0.003
2026-05-13 19:18:13.122,21.002,1.136,21.002,1.133,0.003
2026-05-13 19:18:13.162,21.002,1.136,21.002,1.133,0.003
2026-05-13 19:18:13.202,21.002,1.136,21.002,1.133,0.003
2026-05-13 19:18:13.235,21.002,1.136,21.002,1.133,0.003
2026-05-13 19:18:13.277,21.002,1.136,21.002,1.133,0.003
2026-05-13 19:18:13.302,21.314,1.154,21.314,1.152,0.002
2026-05-13 19:18:13.375,21.314,1.154,21.314,1.152,0.002
2026-05-13 19:18:13.416,21.314,1.154,21.314,1.152,0.002
2026-05-13 19:18:13.442,21.314,1.154,21.314,1.152,0.002
2026-05-13 19:18:13.482,21.314,1.154,21.314,1.152,0.002
2026-05-13 19:18:13.505,21.314,1.154,21.314,1.152,0.002
2026-05-13 19:18:13.530,21.314,1.154,21.314,1.152,0.002
2026-05-13 19:18:13.562,21.314,1.154,21.314,1.152,0.002
2026-05-13 19:18:13.603,21.314,1.154,21.314,1.152,0.002
2026-05-13 19:18:13.639,21.314,1.154,21.314,1.152,0.002
2026-05-13 19:18:13.677,21.314,1.154,21.314,1.152,0.002
2026-05-13 19:18:13.702,21.611,1.169,21.611,1.171,0.001
2026-05-13 19:18:13.742,21.611,1.169,21.611,1.171,0.001
2026-05-13 19:18:13.762,21.611,1.169,21.611,1.171,0.001
2026-05-13 19:18:13.802,21.611,1.169,21.611,1.171,0.001
2026-05-13 19:18:13.842,21.611,1.169,21.611,1.171,0.001
2026-05-13 19:18:13.863,21.611,1.169,21.611,1.171,0.001
2026-05-13 19:18:13.902,21.611,1.169,21.611,1.171,0.001
2026-05-13 19:18:13.922,21.611,1.169,21.611,1.171,0.001
2026-05-13 19:18:13.963,21.611,1.169,21.611,1.171,0.001
2026-05-13 19:18:14.002,21.611,1.169,21.611,1.171,0.001
2026-05-13 19:18:14.023,21.611,1.169,21.611,1.171,0.001
2026-05-13 19:18:14.063,21.611,1.169,21.611,1.171,0.001
2026-05-13 19:18:14.102,21.611,1.169,21.611,1.171,0.001
2026-05-13 19:18:14.122,21.611,1.169,21.611,1.171,0.001
2026-05-13 19:18:14.162,21.899,1.187,21.898,1.188,0.001
2026-05-13 19:18:14.182,21.899,1.187,21.898,1.188,0.001
2026-05-13 19:18:14.204,21.899,1.187,21.898,1.188,0.001
2026-05-13 19:18:14.242,21.899,1.187,21.898,1.188,0.001
2026-05-13 19:18:14.282,21.899,1.187,21.898,1.188,0.001
2026-05-13 19:18:14.322,21.899,1.187,21.898,1.188,0.001
2026-05-13 19:18:14.342,21.899,1.187,21.898,1.188,0.001
2026-05-13 19:18:14.362,21.899,1.187,21.898,1.188,0.001
2026-05-13 19:18:14.382,21.899,1.187,21.898,1.188,0.001
2026-05-13 19:18:14.422,21.899,1.187,21.898,1.188,0.001
2026-05-13 19:18:14.442,21.899,1.187,21.898,1.188,0.001
2026-05-13 19:18:14.482,21.899,1.187,21.898,1.188,0.001
2026-05-13 19:18:14.522,21.899,1.187,21.898,1.188,0.001
2026-05-13 19:18:14.562,21.899,1.187,21.898,1.188,0.001
2026-05-13 19:18:14.582,21.899,1.187,21.898,1.188,0.001
2026-05-13 19:18:14.602,21.899,1.187,21.898,1.188,0.001
2026-05-13 19:18:14.623,21.899,1.187,21.898,1.188,0.001
2026-05-13 19:18:14.662,21.899,1.187,21.898,1.188,0.001
2026-05-13 19:18:14.682,21.899,1.187,21.898,1.188,0.001
2026-05-13 19:18:14.722,22.177,1.202,22.177,1.205,0.003
2026-05-13 19:18:14.762,22.177,1.202,22.177,1.205,0.003
2026-05-13 19:18:14.802,22.177,1.202,22.177,1.205,0.003
2026-05-13 19:18:14.822,22.177,1.202,22.177,1.205,0.003
2026-05-13 19:18:14.842,22.177,1.202,22.177,1.205,0.003
2026-05-13 19:18:14.882,22.177,1.202,22.177,1.205,0.003
2026-05-13 19:18:14.922,22.177,1.202,22.177,1.205,0.003
2026-05-13 19:18:14.942,22.177,1.202,22.177,1.205,0.003
2026-05-13 19:18:14.962,22.177,1.202,22.177,1.205,0.003
2026-05-13 19:18:14.982,22.177,1.202,22.177,1.205,0.003
2026-05-13 19:18:15.022,22.177,1.202,22.177,1.205,0.003
2026-05-13 19:18:15.042,22.177,1.202,22.177,1.205,0.003
2026-05-13 19:18:15.062,22.177,1.202,22.177,1.205,0.003
2026-05-13 19:18:15.102,22.177,1.202,22.177,1.205,0.003
2026-05-13 19:18:15.122,22.177,1.202,22.177,1.205,0.003
2026-05-13 19:18:15.162,22.177,1.202,22.177,1.205,0.003
2026-05-13 19:18:15.202,22.449,1.219,22.449,1.222,0.003
2026-05-13 19:18:15.222,22.449,1.219,22.449,1.222,0.003
2026-05-13 19:18:15.262,22.449,1.219,22.449,1.222,0.003
2026-05-13 19:18:15.282,22.449,1.219,22.449,1.222,0.003
2026-05-13 19:18:15.322,22.449,1.219,22.449,1.222,0.003
2026-05-13 19:18:15.343,22.449,1.219,22.449,1.222,0.003
2026-05-13 19:18:15.382,22.449,1.219,22.449,1.222,0.003
2026-05-13 19:18:15.402,22.449,1.219,22.449,1.222,0.003
2026-05-13 19:18:15.442,22.449,1.219,22.449,1.222,0.003
2026-05-13 19:18:15.462,22.449,1.219,22.449,1.222,0.003
2026-05-13 19:18:15.502,22.449,1.219,22.449,1.222,0.003
2026-05-13 19:18:15.523,22.449,1.219,22.449,1.222,0.003
2026-05-13 19:18:15.561,22.449,1.219,22.449,1.222,0.003
2026-05-13 19:18:15.583,22.449,1.219,22.449,1.222,0.003
2026-05-13 19:18:15.622,22.449,1.219,22.449,1.222,0.003
2026-05-13 19:18:15.665,22.712,1.236,22.712,1.238,0.002
2026-05-13 19:18:15.702,22.712,1.236,22.712,1.238,0.002
2026-05-13 19:18:15.722,22.712,1.236,22.712,1.238,0.002
2026-05-13 19:18:15.762,22.712,1.236,22.712,1.238,0.002
2026-05-13 19:18:15.782,22.712,1.236,22.712,1.238,0.002
2026-05-13 19:18:15.803,22.712,1.236,22.712,1.238,0.002
2026-05-13 19:18:15.842,22.712,1.236,22.712,1.238,0.002
2026-05-13 19:18:15.862,22.712,1.236,22.712,1.238,0.002
2026-05-13 19:18:15.901,22.712,1.236,22.712,1.238,0.002
2026-05-13 19:18:15.924,22.712,1.236,22.712,1.238,0.002
2026-05-13 19:18:15.962,22.712,1.236,22.712,1.238,0.002
2026-05-13 19:18:16.002,22.712,1.236,22.712,1.238,0.002
2026-05-13 19:18:16.023,22.712,1.236,22.712,1.238,0.002
2026-05-13 19:18:16.062,22.712,1.236,22.712,1.238,0.002
2026-05-13 19:18:16.082,22.712,1.236,22.712,1.238,0.002
2026-05-13 19:18:16.122,22.712,1.236,22.712,1.238,0.002
2026-05-13 19:18:16.142,22.712,1.236,22.712,1.238,0.002
2026-05-13 19:18:16.182,22.712,1.236,22.712,1.238,0.002
2026-05-13 19:18:16.202,22.964,1.251,22.964,1.254,0.002
2026-05-13 19:18:16.242,22.964,1.251,22.964,1.254,0.002
2026-05-13 19:18:16.262,22.964,1.251,22.964,1.254,0.002
2026-05-13 19:18:16.287,22.964,1.251,22.964,1.254,0.002
2026-05-13 19:18:16.322,22.964,1.251,22.964,1.254,0.002
2026-05-13 19:18:16.343,22.964,1.251,22.964,1.254,0.002
2026-05-13 19:18:16.382,22.964,1.251,22.964,1.254,0.002
2026-05-13 19:18:16.422,22.964,1.251,22.964,1.254,0.002
2026-05-13 19:18:16.462,22.964,1.251,22.964,1.254,0.002
2026-05-13 19:18:16.482,22.964,1.251,22.964,1.254,0.002
2026-05-13 19:18:16.522,22.964,1.251,22.964,1.254,0.002
2026-05-13 19:18:16.543,22.964,1.251,22.964,1.254,0.002
2026-05-13 19:18:16.582,22.964,1.251,22.964,1.254,0.002
2026-05-13 19:18:16.602,22.964,1.251,22.964,1.254,0.002
2026-05-13 19:18:16.643,22.964,1.251,22.964,1.254,0.002
2026-05-13 19:18:16.682,23.212,1.267,23.212,1.269,0.001
2026-05-13 19:18:16.702,23.212,1.267,23.212,1.269,0.001
2026-05-13 19:18:16.722,23.212,1.267,23.212,1.269,0.001
2026-05-13 19:18:16.762,23.212,1.267,23.212,1.269,0.001
2026-05-13 19:18:16.802,23.212,1.267,23.212,1.269,0.001
2026-05-13 19:18:16.822,23.212,1.267,23.212,1.269,0.001
2026-05-13 19:18:16.842,23.212,1.267,23.212,1.269,0.001
2026-05-13 19:18:16.862,23.212,1.267,23.212,1.269,0.001
2026-05-13 19:18:16.914,23.212,1.267,23.212,1.269,0.001
2026-05-13 19:18:16.966,23.212,1.267,23.212,1.269,0.001
2026-05-13 19:18:17.002,23.212,1.267,23.212,1.269,0.001
2026-05-13 19:18:17.022,23.212,1.267,23.212,1.269,0.001
2026-05-13 19:18:17.117,23.212,1.267,23.212,1.269,0.001
2026-05-13 19:18:17.168,23.212,1.267,23.212,1.269,0.001
2026-05-13 19:18:17.216,23.449,1.283,23.449,1.283,0.001
2026-05-13 19:18:17.247,23.449,1.283,23.449,1.283,0.001
2026-05-13 19:18:17.282,23.449,1.283,23.449,1.283,0.001
2026-05-13 19:18:17.322,23.449,1.283,23.449,1.283,0.001
2026-05-13 19:18:17.376,23.449,1.283,23.449,1.283,0.001
2026-05-13 19:18:17.408,23.449,1.283,23.449,1.283,0.001
2026-05-13 19:18:17.442,23.449,1.283,23.449,1.283,0.001
2026-05-13 19:18:17.482,23.449,1.283,23.449,1.283,0.001
2026-05-13 19:18:17.522,23.449,1.283,23.449,1.283,0.001
2026-05-13 19:18:17.542,23.449,1.283,23.449,1.283,0.001
2026-05-13 19:18:17.582,23.449,1.283,23.449,1.283,0.001
2026-05-13 19:18:17.602,23.449,1.283,23.449,1.283,0.001
2026-05-13 19:18:17.642,23.681,1.298,23.681,1.298,0.001
2026-05-13 19:18:17.682,23.681,1.298,23.681,1.298,0.001
2026-05-13 19:18:17.704,23.681,1.298,23.681,1.298,0.001
2026-05-13 19:18:17.742,23.681,1.298,23.681,1.298,0.001
2026-05-13 19:18:17.762,23.681,1.298,23.681,1.298,0.001
2026-05-13 19:18:17.803,23.681,1.298,23.681,1.298,0.001
2026-05-13 19:18:17.842,23.681,1.298,23.681,1.298,0.001
2026-05-13 19:18:17.882,23.681,1.298,23.681,1.298,0.001
2026-05-13 19:18:17.922,23.681,1.298,23.681,1.298,0.001
2026-05-13 19:18:17.962,23.681,1.298,23.681,1.298,0.001
2026-05-13 19:18:18.002,23.681,1.298,23.681,1.298,0.001
2026-05-13 19:18:18.022,23.681,1.298,23.681,1.298,0.001
2026-05-13 19:18:18.063,23.681,1.298,23.681,1.298,0.001
2026-05-13 19:18:18.102,23.681,1.298,23.681,1.298,0.001
2026-05-13 19:18:18.122,23.681,1.298,23.681,1.298,0.001
2026-05-13 19:18:18.142,23.681,1.298,23.681,1.298,0.001
2026-05-13 19:18:18.182,23.906,1.311,23.906,1.311,0.0
2026-05-13 19:18:18.202,23.906,1.311,23.906,1.311,0.0
2026-05-13 19:18:18.242,23.906,1.311,23.906,1.311,0.0
2026-05-13 19:18:18.282,23.906,1.311,23.906,1.311,0.0
2026-05-13 19:18:18.302,23.906,1.311,23.906,1.311,0.0
2026-05-13 19:18:18.341,23.906,1.311,23.906,1.311,0.0
2026-05-13 19:18:18.362,23.906,1.311,23.906,1.311,0.0
2026-05-13 19:18:18.382,23.906,1.311,23.906,1.311,0.0
2026-05-13 19:18:18.422,23.906,1.311,23.906,1.311,0.0
2026-05-13 19:18:18.442,23.906,1.311,23.906,1.311,0.0
2026-05-13 19:18:18.482,23.906,1.311,23.906,1.311,0.0
2026-05-13 19:18:18.522,23.906,1.311,23.906,1.311,0.0
2026-05-13 19:18:18.542,23.906,1.311,23.906,1.311,0.0
2026-05-13 19:18:18.582,23.906,1.311,23.906,1.311,0.0
2026-05-13 19:18:18.602,23.906,1.311,23.906,1.311,0.0
2026-05-13 19:18:18.622,23.906,1.311,23.906,1.311,0.0
2026-05-13 19:18:18.662,23.906,1.311,23.906,1.311,0.0
2026-05-13 19:18:18.683,23.906,1.311,23.906,1.311,0.0
2026-05-13 19:18:18.722,23.906,1.311,23.906,1.311,0.0
2026-05-13 19:18:18.742,23.906,1.311,23.906,1.311,0.0
2026-05-13 19:18:18.782,23.906,1.311,23.906,1.311,0.0
2026-05-13 19:18:18.802,23.906,1.311,23.906,1.311,0.0
2026-05-13 19:18:18.842,24.124,1.325,24.124,1.325,0.0
2026-05-13 19:18:18.863,24.124,1.325,24.124,1.325,0.0
2026-05-13 19:18:18.902,24.124,1.325,24.124,1.325,0.0
2026-05-13 19:18:18.942,24.124,1.325,24.124,1.325,0.0
2026-05-13 19:18:18.983,24.124,1.325,24.124,1.325,0.0
2026-05-13 19:18:19.022,24.124,1.325,24.124,1.325,0.0
2026-05-13 19:18:19.062,24.124,1.325,24.124,1.325,0.0
2026-05-13 19:18:19.082,24.124,1.325,24.124,1.325,0.0
2026-05-13 19:18:19.102,24.124,1.325,24.124,1.325,0.0
2026-05-13 19:18:19.122,24.124,1.325,24.124,1.325,0.0
2026-05-13 19:18:19.162,24.335,1.339,24.335,1.338,0.001
2026-05-13 19:18:19.182,24.335,1.339,24.335,1.338,0.001
2026-05-13 19:18:19.222,24.335,1.339,24.335,1.338,0.001
2026-05-13 19:18:19.242,24.335,1.339,24.335,1.338,0.001
2026-05-13 19:18:19.283,24.335,1.339,24.335,1.338,0.001
2026-05-13 19:18:19.322,24.335,1.339,24.335,1.338,0.001
2026-05-13 19:18:19.342,24.335,1.339,24.335,1.338,0.001
2026-05-13 19:18:19.363,24.335,1.339,24.335,1.338,0.001
2026-05-13 19:18:19.402,24.335,1.339,24.335,1.338,0.001
2026-05-13 19:18:19.422,24.335,1.339,24.335,1.338,0.001
2026-05-13 19:18:19.462,24.335,1.339,24.335,1.338,0.001
2026-05-13 19:18:19.502,24.335,1.339,24.335,1.338,0.001
2026-05-13 19:18:19.522,24.335,1.339,24.335,1.338,0.001
2026-05-13 19:18:19.542,24.335,1.339,24.335,1.338,0.001
2026-05-13 19:18:19.563,24.335,1.339,24.335,1.338,0.001
2026-05-13 19:18:19.602,24.335,1.339,24.335,1.338,0.001
2026-05-13 19:18:19.622,24.335,1.339,24.335,1.338,0.001
2026-05-13 19:18:19.643,24.335,1.339,24.335,1.338,0.001
2026-05-13 19:18:19.682,24.335,1.339,24.335,1.338,0.001
2026-05-13 19:18:19.702,24.335,1.339,24.335,1.338,0.001
2026-05-13 19:18:19.742,24.542,1.35,24.542,1.35,0.001
2026-05-13 19:18:19.762,24.542,1.35,24.542,1.35,0.001
2026-05-13 19:18:19.782,24.542,1.35,24.542,1.35,0.001
2026-05-13 19:18:19.822,24.542,1.35,24.542,1.35,0.001
2026-05-13 19:18:19.842,24.542,1.35,24.542,1.35,0.001
2026-05-13 19:18:19.883,24.542,1.35,24.542,1.35,0.001
2026-05-13 19:18:19.922,24.542,1.35,24.542,1.35,0.001
2026-05-13 19:18:19.962,24.542,1.35,24.542,1.35,0.001
2026-05-13 19:18:20.002,24.542,1.35,24.542,1.35,0.001
2026-05-13 19:18:20.042,24.542,1.35,24.542,1.35,0.001
2026-05-13 19:18:20.062,24.542,1.35,24.542,1.35,0.001
2026-05-13 19:18:20.102,24.542,1.35,24.542,1.35,0.001
2026-05-13 19:18:20.122,24.542,1.35,24.542,1.35,0.001
2026-05-13 19:18:20.142,24.542,1.35,24.542,1.35,0.001
2026-05-13 19:18:20.163,24.74,1.361,24.74,1.363,0.001
2026-05-13 19:18:20.202,24.74,1.361,24.74,1.363,0.001
2026-05-13 19:18:20.228,24.74,1.361,24.74,1.363,0.001
2026-05-13 19:18:20.262,24.74,1.361,24.74,1.363,0.001
2026-05-13 19:18:20.302,24.74,1.361,24.74,1.363,0.001
2026-05-13 19:18:20.322,24.74,1.361,24.74,1.363,0.001
2026-05-13 19:18:20.342,24.74,1.361,24.74,1.363,0.001
2026-05-13 19:18:20.383,24.74,1.361,24.74,1.363,0.001
2026-05-13 19:18:20.422,24.74,1.361,24.74,1.363,0.001
2026-05-13 19:18:20.442,24.74,1.361,24.74,1.363,0.001
2026-05-13 19:18:20.462,24.74,1.361,24.74,1.363,0.001
2026-05-13 19:18:20.502,24.74,1.361,24.74,1.363,0.001
2026-05-13 19:18:20.542,24.74,1.361,24.74,1.363,0.001
2026-05-13 19:18:20.562,24.74,1.361,24.74,1.363,0.001
2026-05-13 19:18:20.583,24.74,1.361,24.74,1.363,0.001
2026-05-13 19:18:20.622,24.74,1.361,24.74,1.363,0.001
2026-05-13 19:18:20.642,24.74,1.361,24.74,1.363,0.001
2026-05-13 19:18:20.682,24.74,1.361,24.74,1.363,0.001
2026-05-13 19:18:20.723,24.74,1.361,24.74,1.363,0.001
2026-05-13 19:18:20.762,24.931,1.375,24.931,1.374,0.001
2026-05-13 19:18:20.802,24.931,1.375,24.931,1.374,0.001
2026-05-13 19:18:20.842,24.931,1.375,24.931,1.374,0.001
2026-05-13 19:18:20.862,24.931,1.375,24.931,1.374,0.001
2026-05-13 19:18:20.902,24.931,1.375,24.931,1.374,0.001
2026-05-13 19:18:20.942,24.931,1.375,24.931,1.374,0.001
2026-05-13 19:18:20.982,24.931,1.375,24.931,1.374,0.001
2026-05-13 19:18:21.005,24.931,1.375,24.931,1.374,0.001
2026-05-13 19:18:21.039,24.931,1.375,24.931,1.374,0.001
2026-05-13 19:18:21.062,24.931,1.375,24.931,1.374,0.001
2026-05-13 19:18:21.094,24.931,1.375,24.931,1.374,0.001
2026-05-13 19:18:21.122,24.931,1.375,24.931,1.374,0.001
2026-05-13 19:18:21.142,24.931,1.375,24.931,1.374,0.001
2026-05-13 19:18:21.175,24.931,1.375,24.931,1.374,0.001
2026-05-13 19:18:21.202,24.931,1.375,24.931,1.374,0.001
2026-05-13 19:18:21.222,24.931,1.375,24.931,1.374,0.001
2026-05-13 19:18:21.242,24.931,1.375,24.931,1.374,0.001
2026-05-13 19:18:21.282,24.931,1.375,24.931,1.374,0.001
2026-05-13 19:18:21.302,24.931,1.375,24.931,1.374,0.001
2026-05-13 19:18:21.342,24.931,1.375,24.931,1.374,0.001
2026-05-13 19:18:21.362,24.931,1.375,24.931,1.374,0.001
2026-05-13 19:18:21.382,25.117,1.386,25.117,1.386,0.0
2026-05-13 19:18:21.424,25.117,1.386,25.117,1.386,0.0
2026-05-13 19:18:21.462,25.117,1.386,25.117,1.386,0.0
2026-05-13 19:18:21.483,25.117,1.386,25.117,1.386,0.0
2026-05-13 19:18:21.523,25.117,1.386,25.117,1.386,0.0
2026-05-13 19:18:21.562,25.117,1.386,25.117,1.386,0.0
2026-05-13 19:18:21.582,25.117,1.386,25.117,1.386,0.0
2026-05-13 19:18:21.622,25.117,1.386,25.117,1.386,0.0
2026-05-13 19:18:21.662,25.117,1.386,25.117,1.386,0.0
2026-05-13 19:18:21.702,25.297,1.396,25.297,1.397,0.001
2026-05-13 19:18:21.723,25.297,1.396,25.297,1.397,0.001
2026-05-13 19:18:21.762,25.297,1.396,25.297,1.397,0.001
2026-05-13 19:18:21.803,25.297,1.396,25.297,1.397,0.001
2026-05-13 19:18:21.842,25.297,1.396,25.297,1.397,0.001
2026-05-13 19:18:21.862,25.297,1.396,25.297,1.397,0.001
2026-05-13 19:18:21.902,25.297,1.396,25.297,1.397,0.001
2026-05-13 19:18:21.922,25.297,1.396,25.297,1.397,0.001
2026-05-13 19:18:21.943,25.297,1.396,25.297,1.397,0.001
2026-05-13 19:18:21.982,25.297,1.396,25.297,1.397,0.001
2026-05-13 19:18:22.002,25.297,1.396,25.297,1.397,0.001
2026-05-13 19:18:22.042,25.297,1.396,25.297,1.397,0.001
2026-05-13 19:18:22.082,25.297,1.396,25.297,1.397,0.001
2026-05-13 19:18:22.102,25.297,1.396,25.297,1.397,0.001
2026-05-13 19:18:22.122,25.297,1.396,25.297,1.397,0.001
2026-05-13 19:18:22.143,25.297,1.396,25.297,1.397,0.001
2026-05-13 19:18:22.182,25.297,1.396,25.297,1.397,0.001
2026-05-13 19:18:22.222,25.476,1.411,25.476,1.408,0.003
2026-05-13 19:18:22.242,25.476,1.411,25.476,1.408,0.003
2026-05-13 19:18:22.262,25.476,1.411,25.476,1.408,0.003
2026-05-13 19:18:22.304,25.476,1.411,25.476,1.408,0.003
2026-05-13 19:18:22.341,25.476,1.411,25.476,1.408,0.003
2026-05-13 19:18:22.362,25.476,1.411,25.476,1.408,0.003
2026-05-13 19:18:22.402,25.476,1.411,25.476,1.408,0.003
2026-05-13 19:18:22.422,25.476,1.411,25.476,1.408,0.003
2026-05-13 19:18:22.442,25.476,1.411,25.476,1.408,0.003
2026-05-13 19:18:22.482,25.476,1.411,25.476,1.408,0.003
2026-05-13 19:18:22.502,25.476,1.411,25.476,1.408,0.003
2026-05-13 19:18:22.542,25.476,1.411,25.476,1.408,0.003
2026-05-13 19:18:22.582,25.476,1.411,25.476,1.408,0.003
2026-05-13 19:18:22.622,25.476,1.411,25.476,1.408,0.003
2026-05-13 19:18:22.642,25.476,1.411,25.476,1.408,0.003
2026-05-13 19:18:22.662,25.476,1.411,25.476,1.408,0.003
2026-05-13 19:18:22.702,25.655,1.438,25.657,1.419,0.02
2026-05-13 19:18:22.743,25.655,1.438,25.657,1.419,0.02
2026-05-13 19:18:22.782,25.655,1.438,25.657,1.419,0.02
2026-05-13 19:18:22.802,25.655,1.438,25.657,1.419,0.02
2026-05-13 19:18:22.842,25.655,1.438,25.657,1.419,0.02
2026-05-13 19:18:22.862,25.655,1.438,25.657,1.419,0.02
2026-05-13 19:18:22.902,25.655,1.438,25.657,1.419,0.02
2026-05-13 19:18:22.922,25.655,1.438,25.657,1.419,0.02
2026-05-13 19:18:22.963,25.655,1.438,25.657,1.419,0.02
2026-05-13 19:18:23.002,25.655,1.438,25.657,1.419,0.02
2026-05-13 19:18:23.022,25.655,1.438,25.657,1.419,0.02
2026-05-13 19:18:23.062,25.655,1.438,25.657,1.419,0.02
2026-05-13 19:18:23.102,25.655,1.438,25.657,1.419,0.02
2026-05-13 19:18:23.122,25.655,1.438,25.657,1.419,0.02
2026-05-13 19:18:23.143,25.655,1.438,25.657,1.419,0.02
2026-05-13 19:18:23.182,25.655,1.438,25.657,1.419,0.02
2026-05-13 19:18:23.203,25.655,1.438,25.657,1.419,0.02
2026-05-13 19:18:23.242,25.655,1.438,25.657,1.419,0.02
2026-05-13 19:18:23.262,25.833,1.468,25.835,1.43,0.039
2026-05-13 19:18:23.283,25.833,1.468,25.835,1.43,0.039
2026-05-13 19:18:23.322,25.833,1.468,25.835,1.43,0.039
2026-05-13 19:18:23.342,25.833,1.468,25.835,1.43,0.039
2026-05-13 19:18:23.382,25.833,1.468,25.835,1.43,0.039
2026-05-13 19:18:23.414,25.833,1.468,25.835,1.43,0.039
2026-05-13 19:18:23.443,25.833,1.468,25.835,1.43,0.039
2026-05-13 19:18:23.476,25.833,1.468,25.835,1.43,0.039
2026-05-13 19:18:23.502,25.833,1.468,25.835,1.43,0.039
2026-05-13 19:18:23.525,25.833,1.468,25.835,1.43,0.039
2026-05-13 19:18:23.559,25.833,1.468,25.835,1.43,0.039
2026-05-13 19:18:23.582,25.833,1.468,25.835,1.43,0.039
2026-05-13 19:18:23.622,25.833,1.468,25.835,1.43,0.039
2026-05-13 19:18:23.647,25.833,1.468,25.835,1.43,0.039
2026-05-13 19:18:23.676,25.833,1.468,25.835,1.43,0.039
2026-05-13 19:18:23.702,26.011,1.496,26.015,1.441,0.056
2026-05-13 19:18:23.722,26.011,1.496,26.015,1.441,0.056
2026-05-13 19:18:23.747,26.011,1.496,26.015,1.441,0.056
2026-05-13 19:18:23.782,26.011,1.496,26.015,1.441,0.056
2026-05-13 19:18:23.802,26.011,1.496,26.015,1.441,0.056
2026-05-13 19:18:23.842,26.011,1.496,26.015,1.441,0.056
2026-05-13 19:18:23.862,26.011,1.496,26.015,1.441,0.056
2026-05-13 19:18:23.901,26.011,1.496,26.015,1.441,0.056
2026-05-13 19:18:23.922,26.011,1.496,26.015,1.441,0.056
2026-05-13 19:18:23.963,26.011,1.496,26.015,1.441,0.056
2026-05-13 19:18:24.002,26.011,1.496,26.015,1.441,0.056
2026-05-13 19:18:24.022,26.011,1.496,26.015,1.441,0.056
2026-05-13 19:18:24.063,26.011,1.496,26.015,1.441,0.056
2026-05-13 19:18:24.102,26.011,1.496,26.015,1.441,0.056
2026-05-13 19:18:24.142,26.011,1.496,26.015,1.441,0.056
2026-05-13 19:18:24.163,26.011,1.496,26.015,1.441,0.056
2026-05-13 19:18:24.202,26.189,1.525,26.193,1.452,0.073
2026-05-13 19:18:24.222,26.189,1.525,26.193,1.452,0.073
2026-05-13 19:18:24.263,26.189,1.525,26.193,1.452,0.073
2026-05-13 19:18:24.302,26.189,1.525,26.193,1.452,0.073
2026-05-13 19:18:24.342,26.189,1.525,26.193,1.452,0.073
2026-05-13 19:18:24.362,26.189,1.525,26.193,1.452,0.073
2026-05-13 19:18:24.382,26.189,1.525,26.193,1.452,0.073
2026-05-13 19:18:24.422,26.189,1.525,26.193,1.452,0.073
2026-05-13 19:18:24.462,26.189,1.525,26.193,1.452,0.073
2026-05-13 19:18:24.483,26.189,1.525,26.193,1.452,0.073
2026-05-13 19:18:24.522,26.189,1.525,26.193,1.452,0.073
2026-05-13 19:18:24.562,26.189,1.525,26.193,1.452,0.073
2026-05-13 19:18:24.602,26.189,1.525,26.193,1.452,0.073
2026-05-13 19:18:24.624,26.189,1.525,26.193,1.452,0.073
2026-05-13 19:18:24.662,26.189,1.525,26.193,1.452,0.073
2026-05-13 19:18:24.682,26.189,1.525,26.193,1.452,0.073
2026-05-13 19:18:24.717,26.189,1.525,26.193,1.452,0.073
2026-05-13 19:18:24.747,26.189,1.525,26.193,1.452,0.073
2026-05-13 19:18:24.769,26.189,1.525,26.193,1.452,0.073
2026-05-13 19:18:24.802,26.367,1.553,26.372,1.463,0.09
2026-05-13 19:18:24.838,26.367,1.553,26.372,1.463,0.09
2026-05-13 19:18:24.910,26.367,1.553,26.372,1.463,0.09
2026-05-13 19:18:24.955,26.367,1.553,26.372,1.463,0.09
2026-05-13 19:18:24.982,26.367,1.553,26.372,1.463,0.09
2026-05-13 19:18:25.022,26.367,1.553,26.372,1.463,0.09
2026-05-13 19:18:25.042,26.367,1.553,26.372,1.463,0.09
2026-05-13 19:18:25.084,26.367,1.553,26.372,1.463,0.09
2026-05-13 19:18:25.122,26.367,1.553,26.372,1.463,0.09
2026-05-13 19:18:25.143,26.367,1.553,26.372,1.463,0.09
2026-05-13 19:18:25.182,26.367,1.553,26.372,1.463,0.09
2026-05-13 19:18:25.222,26.545,1.581,26.551,1.474,0.107
2026-05-13 19:18:25.242,26.545,1.581,26.551,1.474,0.107
2026-05-13 19:18:25.282,26.545,1.581,26.551,1.474,0.107
2026-05-13 19:18:25.322,26.545,1.581,26.551,1.474,0.107
2026-05-13 19:18:25.362,26.545,1.581,26.551,1.474,0.107
2026-05-13 19:18:25.384,26.545,1.581,26.551,1.474,0.107
2026-05-13 19:18:25.422,26.545,1.581,26.551,1.474,0.107
2026-05-13 19:18:25.462,26.545,1.581,26.551,1.474,0.107
2026-05-13 19:18:25.502,26.545,1.581,26.551,1.474,0.107
2026-05-13 19:18:25.545,26.545,1.581,26.551,1.474,0.107
2026-05-13 19:18:25.582,26.545,1.581,26.551,1.474,0.107
2026-05-13 19:18:25.622,26.545,1.581,26.551,1.474,0.107
2026-05-13 19:18:25.642,26.545,1.581,26.551,1.474,0.107
2026-05-13 19:18:25.682,26.723,1.608,26.73,1.485,0.124
2026-05-13 19:18:25.704,26.723,1.608,26.73,1.485,0.124
2026-05-13 19:18:25.742,26.723,1.608,26.73,1.485,0.124
2026-05-13 19:18:25.762,26.723,1.608,26.73,1.485,0.124
2026-05-13 19:18:25.802,26.723,1.608,26.73,1.485,0.124
2026-05-13 19:18:25.842,26.723,1.608,26.73,1.485,0.124
2026-05-13 19:18:25.862,26.723,1.608,26.73,1.485,0.124
2026-05-13 19:18:25.902,26.723,1.608,26.73,1.485,0.124
2026-05-13 19:18:25.942,26.723,1.608,26.73,1.485,0.124
2026-05-13 19:18:25.962,26.723,1.608,26.73,1.485,0.124
2026-05-13 19:18:26.002,26.723,1.608,26.73,1.485,0.124
2026-05-13 19:18:26.022,26.723,1.608,26.73,1.485,0.124
2026-05-13 19:18:26.062,26.723,1.608,26.73,1.485,0.124
2026-05-13 19:18:26.102,26.723,1.608,26.73,1.485,0.124
2026-05-13 19:18:26.122,26.723,1.608,26.73,1.485,0.124
2026-05-13 19:18:26.163,26.723,1.608,26.73,1.485,0.124
2026-05-13 19:18:26.202,26.723,1.608,26.73,1.485,0.124
2026-05-13 19:18:26.222,26.723,1.608,26.73,1.485,0.124
2026-05-13 19:18:26.242,26.723,1.608,26.73,1.485,0.124
2026-05-13 19:18:26.262,26.723,1.608,26.73,1.485,0.124
2026-05-13 19:18:26.302,26.723,1.608,26.73,1.485,0.124
2026-05-13 19:18:26.322,26.723,1.608,26.73,1.485,0.124
2026-05-13 19:18:26.361,26.901,1.636,26.909,1.496,0.141
2026-05-13 19:18:26.383,26.901,1.636,26.909,1.496,0.141
2026-05-13 19:18:26.422,26.901,1.636,26.909,1.496,0.141
2026-05-13 19:18:26.442,26.901,1.636,26.909,1.496,0.141
2026-05-13 19:18:26.462,26.901,1.636,26.909,1.496,0.141
2026-05-13 19:18:26.482,26.901,1.636,26.909,1.496,0.141
2026-05-13 19:18:26.503,26.901,1.636,26.909,1.496,0.141
2026-05-13 19:18:26.542,26.901,1.636,26.909,1.496,0.141
2026-05-13 19:18:26.582,26.901,1.636,26.909,1.496,0.141
2026-05-13 19:18:26.602,26.901,1.636,26.909,1.496,0.141
2026-05-13 19:18:26.642,27.078,1.664,27.087,1.507,0.157
2026-05-13 19:18:26.663,27.078,1.664,27.087,1.507,0.157
2026-05-13 19:18:26.702,27.078,1.664,27.087,1.507,0.157
2026-05-13 19:18:26.742,27.078,1.664,27.087,1.507,0.157
2026-05-13 19:18:26.782,27.078,1.664,27.087,1.507,0.157
2026-05-13 19:18:26.822,27.078,1.664,27.087,1.507,0.157
2026-05-13 19:18:26.843,27.078,1.664,27.087,1.507,0.157
2026-05-13 19:18:26.882,27.078,1.664,27.087,1.507,0.157
2026-05-13 19:18:26.922,27.078,1.664,27.087,1.507,0.157
2026-05-13 19:18:26.942,27.078,1.664,27.087,1.507,0.157
2026-05-13 19:18:26.982,27.078,1.664,27.087,1.507,0.157
2026-05-13 19:18:27.022,27.078,1.664,27.087,1.507,0.157
2026-05-13 19:18:27.062,27.078,1.664,27.087,1.507,0.157
2026-05-13 19:18:27.102,27.078,1.664,27.087,1.507,0.157
2026-05-13 19:18:27.142,27.078,1.664,27.087,1.507,0.157
2026-05-13 19:18:27.162,27.078,1.664,27.087,1.507,0.157
2026-05-13 19:18:27.201,27.078,1.664,27.087,1.507,0.157
2026-05-13 19:18:27.222,27.078,1.664,27.087,1.507,0.157
2026-05-13 19:18:27.243,27.258,1.679,27.267,1.518,0.161
2026-05-13 19:18:27.282,27.258,1.679,27.267,1.518,0.161
2026-05-13 19:18:27.322,27.258,1.679,27.267,1.518,0.161
2026-05-13 19:18:27.362,27.258,1.679,27.267,1.518,0.161
2026-05-13 19:18:27.402,27.258,1.679,27.267,1.518,0.161
2026-05-13 19:18:27.442,27.258,1.679,27.267,1.518,0.161
2026-05-13 19:18:27.464,27.258,1.679,27.267,1.518,0.161
2026-05-13 19:18:27.502,27.258,1.679,27.267,1.518,0.161
2026-05-13 19:18:27.522,27.258,1.679,27.267,1.518,0.161
2026-05-13 19:18:27.562,27.258,1.679,27.267,1.518,0.161
2026-05-13 19:18:27.602,27.258,1.679,27.267,1.518,0.161
2026-05-13 19:18:27.622,27.258,1.679,27.267,1.518,0.161
2026-05-13 19:18:27.662,27.258,1.679,27.267,1.518,0.161
2026-05-13 19:18:27.696,27.437,1.679,27.446,1.529,0.151
2026-05-13 19:18:27.745,27.437,1.679,27.446,1.529,0.151
2026-05-13 19:18:27.782,27.437,1.679,27.446,1.529,0.151
2026-05-13 19:18:27.811,27.437,1.679,27.446,1.529,0.151
2026-05-13 19:18:27.877,27.437,1.679,27.446,1.529,0.151
2026-05-13 19:18:27.921,27.437,1.679,27.446,1.529,0.151
2026-05-13 19:18:27.966,27.437,1.679,27.446,1.529,0.151
2026-05-13 19:18:28.041,27.437,1.679,27.446,1.529,0.151
2026-05-13 19:18:28.070,27.437,1.679,27.446,1.529,0.151
2026-05-13 19:18:28.096,27.437,1.679,27.446,1.529,0.151
2026-05-13 19:18:28.122,27.437,1.679,27.446,1.529,0.151
2026-05-13 19:18:28.142,27.437,1.679,27.446,1.529,0.151
2026-05-13 19:18:28.177,27.437,1.679,27.446,1.529,0.151
2026-05-13 19:18:28.219,27.437,1.679,27.446,1.529,0.151
2026-05-13 19:18:28.242,27.437,1.679,27.446,1.529,0.151
2026-05-13 19:18:28.262,27.617,1.675,27.625,1.54,0.136
2026-05-13 19:18:28.282,27.617,1.675,27.625,1.54,0.136
2026-05-13 19:18:28.322,27.617,1.675,27.625,1.54,0.136
2026-05-13 19:18:28.362,27.617,1.675,27.625,1.54,0.136
2026-05-13 19:18:28.382,27.617,1.675,27.625,1.54,0.136
2026-05-13 19:18:28.403,27.617,1.675,27.625,1.54,0.136
2026-05-13 19:18:28.423,27.617,1.675,27.625,1.54,0.136
2026-05-13 19:18:28.462,27.617,1.675,27.625,1.54,0.136
2026-05-13 19:18:28.482,27.617,1.675,27.625,1.54,0.136
2026-05-13 19:18:28.502,27.617,1.675,27.625,1.54,0.136
2026-05-13 19:18:28.542,27.617,1.675,27.625,1.54,0.136
2026-05-13 19:18:28.582,27.617,1.675,27.625,1.54,0.136
2026-05-13 19:18:28.622,27.617,1.675,27.625,1.54,0.136
2026-05-13 19:18:28.662,27.617,1.675,27.625,1.54,0.136
2026-05-13 19:18:28.682,27.797,1.671,27.804,1.551,0.121
2026-05-13 19:18:28.722,27.797,1.671,27.804,1.551,0.121
2026-05-13 19:18:28.762,27.797,1.671,27.804,1.551,0.121
2026-05-13 19:18:28.782,27.797,1.671,27.804,1.551,0.121
2026-05-13 19:18:28.822,27.797,1.671,27.804,1.551,0.121
2026-05-13 19:18:28.862,27.797,1.671,27.804,1.551,0.121
2026-05-13 19:18:28.902,27.797,1.671,27.804,1.551,0.121
2026-05-13 19:18:28.942,27.797,1.671,27.804,1.551,0.121
2026-05-13 19:18:28.962,27.797,1.671,27.804,1.551,0.121
2026-05-13 19:18:28.982,27.797,1.671,27.804,1.551,0.121
2026-05-13 19:18:29.022,27.797,1.671,27.804,1.551,0.121
2026-05-13 19:18:29.042,27.797,1.671,27.804,1.551,0.121
2026-05-13 19:18:29.062,27.797,1.671,27.804,1.551,0.121
2026-05-13 19:18:29.102,27.797,1.671,27.804,1.551,0.121
2026-05-13 19:18:29.142,27.797,1.671,27.804,1.551,0.121
2026-05-13 19:18:29.162,27.977,1.668,27.983,1.562,0.106
2026-05-13 19:18:29.183,27.977,1.668,27.983,1.562,0.106
2026-05-13 19:18:29.222,27.977,1.668,27.983,1.562,0.106
2026-05-13 19:18:29.262,27.977,1.668,27.983,1.562,0.106
2026-05-13 19:18:29.302,27.977,1.668,27.983,1.562,0.106
2026-05-13 19:18:29.342,27.977,1.668,27.983,1.562,0.106
2026-05-13 19:18:29.362,27.977,1.668,27.983,1.562,0.106
2026-05-13 19:18:29.402,27.977,1.668,27.983,1.562,0.106
2026-05-13 19:18:29.422,27.977,1.668,27.983,1.562,0.106
2026-05-13 19:18:29.443,27.977,1.668,27.983,1.562,0.106
2026-05-13 19:18:29.482,27.977,1.668,27.983,1.562,0.106
2026-05-13 19:18:29.502,27.977,1.668,27.983,1.562,0.106
2026-05-13 19:18:29.542,27.977,1.668,27.983,1.562,0.106
2026-05-13 19:18:29.583,27.977,1.668,27.983,1.562,0.106
2026-05-13 19:18:29.622,27.977,1.668,27.983,1.562,0.106
2026-05-13 19:18:29.642,27.977,1.668,27.983,1.562,0.106
2026-05-13 19:18:29.682,27.977,1.668,27.983,1.562,0.106
2026-05-13 19:18:29.702,28.157,1.664,28.163,1.573,0.091
2026-05-13 19:18:29.722,28.157,1.664,28.163,1.573,0.091
2026-05-13 19:18:29.743,28.157,1.664,28.163,1.573,0.091
2026-05-13 19:18:29.782,28.157,1.664,28.163,1.573,0.091
2026-05-13 19:18:29.822,28.157,1.664,28.163,1.573,0.091
2026-05-13 19:18:29.842,28.157,1.664,28.163,1.573,0.091
2026-05-13 19:18:29.863,28.157,1.664,28.163,1.573,0.091
2026-05-13 19:18:29.902,28.157,1.664,28.163,1.573,0.091
2026-05-13 19:18:29.922,28.157,1.664,28.163,1.573,0.091
2026-05-13 19:18:29.942,28.157,1.664,28.163,1.573,0.091
2026-05-13 19:18:29.982,28.157,1.664,28.163,1.573,0.091
2026-05-13 19:18:30.022,28.157,1.664,28.163,1.573,0.091
2026-05-13 19:18:30.062,28.157,1.664,28.163,1.573,0.091
2026-05-13 19:18:30.102,28.157,1.664,28.163,1.573,0.091
2026-05-13 19:18:30.142,28.157,1.664,28.163,1.573,0.091
2026-05-13 19:18:30.182,28.157,1.664,28.163,1.573,0.091
2026-05-13 19:18:30.202,28.157,1.664,28.163,1.573,0.091
2026-05-13 19:18:30.222,28.337,1.66,28.342,1.584,0.077
2026-05-13 19:18:30.242,28.337,1.66,28.342,1.584,0.077
2026-05-13 19:18:30.282,28.337,1.66,28.342,1.584,0.077
2026-05-13 19:18:30.303,28.337,1.66,28.342,1.584,0.077
2026-05-13 19:18:30.343,28.337,1.66,28.342,1.584,0.077
2026-05-13 19:18:30.382,28.337,1.66,28.342,1.584,0.077
2026-05-13 19:18:30.402,28.337,1.66,28.342,1.584,0.077
2026-05-13 19:18:30.442,28.337,1.66,28.342,1.584,0.077
2026-05-13 19:18:30.482,28.337,1.66,28.342,1.584,0.077
2026-05-13 19:18:30.522,28.337,1.66,28.342,1.584,0.077
2026-05-13 19:18:30.562,28.337,1.66,28.342,1.584,0.077
2026-05-13 19:18:30.582,28.337,1.66,28.342,1.584,0.077
2026-05-13 19:18:30.622,28.337,1.66,28.342,1.584,0.077
2026-05-13 19:18:30.642,28.517,1.656,28.521,1.595,0.062
2026-05-13 19:18:30.682,28.517,1.656,28.521,1.595,0.062
2026-05-13 19:18:30.702,28.517,1.656,28.521,1.595,0.062
2026-05-13 19:18:30.723,28.517,1.656,28.521,1.595,0.062
2026-05-13 19:18:30.744,28.517,1.656,28.521,1.595,0.062
2026-05-13 19:18:30.782,28.517,1.656,28.521,1.595,0.062
2026-05-13 19:18:30.802,28.517,1.656,28.521,1.595,0.062
2026-05-13 19:18:30.822,28.517,1.656,28.521,1.595,0.062
2026-05-13 19:18:30.863,28.517,1.656,28.521,1.595,0.062
2026-05-13 19:18:30.902,28.517,1.656,28.521,1.595,0.062
2026-05-13 19:18:30.922,28.517,1.656,28.521,1.595,0.062
2026-05-13 19:18:30.961,28.517,1.656,28.521,1.595,0.062
2026-05-13 19:18:30.982,28.517,1.656,28.521,1.595,0.062
2026-05-13 19:18:31.022,28.517,1.656,28.521,1.595,0.062
2026-05-13 19:18:31.062,28.517,1.656,28.521,1.595,0.062
2026-05-13 19:18:31.082,28.517,1.656,28.521,1.595,0.062
2026-05-13 19:18:31.122,28.517,1.656,28.521,1.595,0.062
2026-05-13 19:18:31.142,28.517,1.656,28.521,1.595,0.062
2026-05-13 19:18:31.182,28.517,1.656,28.521,1.595,0.062
2026-05-13 19:18:31.203,28.697,1.652,28.7,1.605,0.047
2026-05-13 19:18:31.242,28.697,1.652,28.7,1.605,0.047
2026-05-13 19:18:31.262,28.697,1.652,28.7,1.605,0.047
2026-05-13 19:18:31.285,28.697,1.652,28.7,1.605,0.047
2026-05-13 19:18:31.322,28.697,1.652,28.7,1.605,0.047
2026-05-13 19:18:31.342,28.697,1.652,28.7,1.605,0.047
2026-05-13 19:18:31.362,28.697,1.652,28.7,1.605,0.047
2026-05-13 19:18:31.402,28.697,1.652,28.7,1.605,0.047
2026-05-13 19:18:31.428,28.697,1.652,28.7,1.605,0.047
2026-05-13 19:18:31.459,28.697,1.652,28.7,1.605,0.047
2026-05-13 19:18:31.486,28.697,1.652,28.7,1.605,0.047
2026-05-13 19:18:31.510,28.697,1.652,28.7,1.605,0.047
2026-05-13 19:18:31.542,28.697,1.652,28.7,1.605,0.047
2026-05-13 19:18:31.570,28.697,1.652,28.7,1.605,0.047
2026-05-13 19:18:31.594,28.697,1.652,28.7,1.605,0.047
2026-05-13 19:18:31.622,28.697,1.652,28.7,1.605,0.047
2026-05-13 19:18:31.651,28.697,1.652,28.7,1.605,0.047
2026-05-13 19:18:31.692,28.697,1.652,28.7,1.605,0.047
2026-05-13 19:18:31.722,28.877,1.648,28.879,1.616,0.032
2026-05-13 19:18:31.762,28.877,1.648,28.879,1.616,0.032
2026-05-13 19:18:31.797,28.877,1.648,28.879,1.616,0.032
2026-05-13 19:18:31.830,28.877,1.648,28.879,1.616,0.032
2026-05-13 19:18:31.861,28.877,1.648,28.879,1.616,0.032
2026-05-13 19:18:31.882,28.877,1.648,28.879,1.616,0.032
2026-05-13 19:18:31.922,28.877,1.648,28.879,1.616,0.032
2026-05-13 19:18:31.962,28.877,1.648,28.879,1.616,0.032
2026-05-13 19:18:31.982,28.877,1.648,28.879,1.616,0.032
2026-05-13 19:18:32.002,28.877,1.648,28.879,1.616,0.032
2026-05-13 19:18:32.042,28.877,1.648,28.879,1.616,0.032
2026-05-13 19:18:32.082,28.877,1.648,28.879,1.616,0.032
2026-05-13 19:18:32.122,28.877,1.648,28.879,1.616,0.032
2026-05-13 19:18:32.168,29.057,1.644,29.058,1.627,0.017
2026-05-13 19:18:32.202,29.057,1.644,29.058,1.627,0.017
2026-05-13 19:18:32.242,29.057,1.644,29.058,1.627,0.017
2026-05-13 19:18:32.283,29.057,1.644,29.058,1.627,0.017
2026-05-13 19:18:32.322,29.057,1.644,29.058,1.627,0.017
2026-05-13 19:18:32.342,29.057,1.644,29.058,1.627,0.017
2026-05-13 19:18:32.382,29.057,1.644,29.058,1.627,0.017
2026-05-13 19:18:32.402,29.057,1.644,29.058,1.627,0.017
2026-05-13 19:18:32.442,29.057,1.644,29.058,1.627,0.017
2026-05-13 19:18:32.463,29.057,1.644,29.058,1.627,0.017
2026-05-13 19:18:32.502,29.057,1.644,29.058,1.627,0.017
2026-05-13 19:18:32.522,29.057,1.644,29.058,1.627,0.017
2026-05-13 19:18:32.562,29.057,1.644,29.058,1.627,0.017
2026-05-13 19:18:32.602,29.057,1.644,29.058,1.627,0.017
2026-05-13 19:18:32.622,29.057,1.644,29.058,1.627,0.017
2026-05-13 19:18:32.662,29.057,1.644,29.058,1.627,0.017
2026-05-13 19:18:32.683,29.057,1.644,29.058,1.627,0.017
2026-05-13 19:18:32.705,29.237,1.64,29.237,1.638,0.001
2026-05-13 19:18:32.742,29.237,1.64,29.237,1.638,0.001
2026-05-13 19:18:32.782,29.237,1.64,29.237,1.638,0.001
2026-05-13 19:18:32.802,29.237,1.64,29.237,1.638,0.001
2026-05-13 19:18:32.842,29.237,1.64,29.237,1.638,0.001
2026-05-13 19:18:32.882,29.237,1.64,29.237,1.638,0.001
2026-05-13 19:18:32.921,29.237,1.64,29.237,1.638,0.001
2026-05-13 19:18:32.942,29.237,1.64,29.237,1.638,0.001
2026-05-13 19:18:32.982,29.237,1.64,29.237,1.638,0.001
2026-05-13 19:18:33.022,29.237,1.64,29.237,1.638,0.001
2026-05-13 19:18:33.062,29.237,1.64,29.237,1.638,0.001
2026-05-13 19:18:33.102,29.237,1.64,29.237,1.638,0.001
2026-05-13 19:18:33.122,29.237,1.64,29.237,1.638,0.001
2026-05-13 19:18:33.142,29.237,1.64,29.237,1.638,0.001
2026-05-13 19:18:33.182,29.417,1.636,29.416,1.649,0.014
2026-05-13 19:18:33.222,29.417,1.636,29.416,1.649,0.014
2026-05-13 19:18:33.262,29.417,1.636,29.416,1.649,0.014
2026-05-13 19:18:33.282,29.417,1.636,29.416,1.649,0.014
2026-05-13 19:18:33.322,29.417,1.636,29.416,1.649,0.014
2026-05-13 19:18:33.342,29.417,1.636,29.416,1.649,0.014
2026-05-13 19:18:33.362,29.417,1.636,29.416,1.649,0.014
2026-05-13 19:18:33.383,29.417,1.636,29.416,1.649,0.014
2026-05-13 19:18:33.422,29.417,1.636,29.416,1.649,0.014
2026-05-13 19:18:33.462,29.417,1.636,29.416,1.649,0.014
2026-05-13 19:18:33.502,29.417,1.636,29.416,1.649,0.014
2026-05-13 19:18:33.542,29.417,1.636,29.416,1.649,0.014
2026-05-13 19:18:33.582,29.417,1.636,29.416,1.649,0.014
2026-05-13 19:18:33.603,29.417,1.636,29.416,1.649,0.014
2026-05-13 19:18:33.642,29.417,1.636,29.416,1.649,0.014
2026-05-13 19:18:33.682,29.597,1.632,29.596,1.66,0.028
2026-05-13 19:18:33.702,29.597,1.632,29.596,1.66,0.028
2026-05-13 19:18:33.742,29.597,1.632,29.596,1.66,0.028
2026-05-13 19:18:33.762,29.597,1.632,29.596,1.66,0.028
2026-05-13 19:18:33.802,29.597,1.632,29.596,1.66,0.028
2026-05-13 19:18:33.822,29.597,1.632,29.596,1.66,0.028
2026-05-13 19:18:33.862,29.597,1.632,29.596,1.66,0.028
2026-05-13 19:18:33.902,29.597,1.632,29.596,1.66,0.028
2026-05-13 19:18:33.942,29.597,1.632,29.596,1.66,0.028
2026-05-13 19:18:33.963,29.597,1.632,29.596,1.66,0.028
2026-05-13 19:18:34.003,29.597,1.632,29.596,1.66,0.028
2026-05-13 19:18:34.042,29.597,1.632,29.596,1.66,0.028
2026-05-13 19:18:34.082,29.597,1.632,29.596,1.66,0.028
2026-05-13 19:18:34.122,29.597,1.632,29.596,1.66,0.028
2026-05-13 19:18:34.142,29.597,1.632,29.596,1.66,0.028
2026-05-13 19:18:34.162,29.597,1.632,29.596,1.66,0.028
2026-05-13 19:18:34.202,29.759,1.629,29.756,1.67,0.041
2026-05-13 19:18:34.245,29.759,1.629,29.756,1.67,0.041
2026-05-13 19:18:34.282,29.759,1.629,29.756,1.67,0.041
2026-05-13 19:18:34.322,29.759,1.629,29.756,1.67,0.041
2026-05-13 19:18:34.346,29.759,1.629,29.756,1.67,0.041
2026-05-13 19:18:34.377,29.759,1.629,29.756,1.67,0.041
2026-05-13 19:18:34.404,29.759,1.629,29.756,1.67,0.041
2026-05-13 19:18:34.442,29.759,1.629,29.756,1.67,0.041
2026-05-13 19:18:34.482,29.759,1.629,29.756,1.67,0.041
2026-05-13 19:18:34.506,29.759,1.629,29.756,1.67,0.041
2026-05-13 19:18:34.558,29.759,1.629,29.756,1.67,0.041
2026-05-13 19:18:34.602,29.759,1.629,29.756,1.67,0.041
2026-05-13 19:18:34.636,29.759,1.629,29.756,1.67,0.041
2026-05-13 19:18:34.656,29.759,1.629,29.756,1.67,0.041
2026-05-13 19:18:34.696,29.759,1.629,29.756,1.67,0.041
2026-05-13 19:18:34.722,29.911,1.624,29.907,1.68,0.056
2026-05-13 19:18:34.764,29.911,1.624,29.907,1.68,0.056
2026-05-13 19:18:34.810,29.911,1.624,29.907,1.68,0.056
2026-05-13 19:18:34.842,29.911,1.624,29.907,1.68,0.056
2026-05-13 19:18:34.871,29.911,1.624,29.907,1.68,0.056
2026-05-13 19:18:34.892,29.911,1.624,29.907,1.68,0.056
2026-05-13 19:18:34.952,29.911,1.624,29.907,1.68,0.056
2026-05-13 19:18:34.982,29.911,1.624,29.907,1.68,0.056
2026-05-13 19:18:35.002,29.911,1.624,29.907,1.68,0.056
2026-05-13 19:18:35.042,29.911,1.624,29.907,1.68,0.056
2026-05-13 19:18:35.082,29.911,1.624,29.907,1.68,0.056
2026-05-13 19:18:35.122,29.911,1.624,29.907,1.68,0.056
2026-05-13 19:18:35.162,29.911,1.624,29.907,1.68,0.056
2026-05-13 19:18:35.183,29.911,1.624,29.907,1.68,0.056
2026-05-13 19:18:35.222,29.911,1.624,29.907,1.68,0.056
2026-05-13 19:18:35.242,29.911,1.624,29.907,1.68,0.056
2026-05-13 19:18:35.283,29.911,1.624,29.907,1.68,0.056
2026-05-13 19:18:35.322,29.911,1.624,29.907,1.68,0.056
2026-05-13 19:18:35.362,30.027,1.601,30.022,1.687,0.086
2026-05-13 19:18:35.382,30.027,1.601,30.022,1.687,0.086
2026-05-13 19:18:35.402,30.027,1.601,30.022,1.687,0.086
2026-05-13 19:18:35.422,30.027,1.601,30.022,1.687,0.086
2026-05-13 19:18:35.442,30.027,1.601,30.022,1.687,0.086
2026-05-13 19:18:35.482,30.027,1.601,30.022,1.687,0.086
2026-05-13 19:18:35.522,30.027,1.601,30.022,1.687,0.086
2026-05-13 19:18:35.542,30.027,1.601,30.022,1.687,0.086
2026-05-13 19:18:35.562,30.027,1.601,30.022,1.687,0.086
2026-05-13 19:18:35.602,30.027,1.601,30.022,1.687,0.086
2026-05-13 19:18:35.622,30.027,1.601,30.022,1.687,0.086
2026-05-13 19:18:35.642,29.898,1.603,29.894,1.679,0.076
2026-05-13 19:18:35.666,29.898,1.603,29.894,1.679,0.076
2026-05-13 19:18:35.702,29.898,1.603,29.894,1.679,0.076
2026-05-13 19:18:35.742,29.898,1.603,29.894,1.679,0.076
2026-05-13 19:18:35.782,29.898,1.603,29.894,1.679,0.076
2026-05-13 19:18:35.802,29.898,1.603,29.894,1.679,0.076
2026-05-13 19:18:35.822,29.898,1.603,29.894,1.679,0.076
2026-05-13 19:18:35.843,29.898,1.603,29.894,1.679,0.076
2026-05-13 19:18:35.882,29.898,1.603,29.894,1.679,0.076
2026-05-13 19:18:35.922,29.898,1.603,29.894,1.679,0.076
2026-05-13 19:18:35.943,29.898,1.603,29.894,1.679,0.076
2026-05-13 19:18:35.987,29.898,1.603,29.894,1.679,0.076
2026-05-13 19:18:36.022,29.898,1.603,29.894,1.679,0.076
2026-05-13 19:18:36.062,29.898,1.603,29.894,1.679,0.076
2026-05-13 19:18:36.102,29.898,1.603,29.894,1.679,0.076
2026-05-13 19:18:36.122,29.898,1.603,29.894,1.679,0.076
2026-05-13 19:18:36.162,29.898,1.603,29.894,1.679,0.076
2026-05-13 19:18:36.182,29.898,1.603,29.894,1.679,0.076
2026-05-13 19:18:36.222,29.898,1.603,29.894,1.679,0.076
2026-05-13 19:18:36.242,29.898,1.603,29.894,1.679,0.076
2026-05-13 19:18:36.288,29.94,1.588,29.935,1.681,0.093
2026-05-13 19:18:36.322,29.94,1.588,29.935,1.681,0.093
2026-05-13 19:18:36.364,29.94,1.588,29.935,1.681,0.093
2026-05-13 19:18:36.402,29.94,1.588,29.935,1.681,0.093
2026-05-13 19:18:36.422,29.94,1.588,29.935,1.681,0.093
2026-05-13 19:18:36.462,29.94,1.588,29.935,1.681,0.093
2026-05-13 19:18:36.482,29.94,1.588,29.935,1.681,0.093
2026-05-13 19:18:36.522,29.94,1.588,29.935,1.681,0.093
2026-05-13 19:18:36.542,29.94,1.588,29.935,1.681,0.093
2026-05-13 19:18:36.582,29.94,1.588,29.935,1.681,0.093
2026-05-13 19:18:36.602,29.94,1.588,29.935,1.681,0.093
2026-05-13 19:18:36.642,29.94,1.588,29.935,1.681,0.093
2026-05-13 19:18:36.662,29.94,1.588,29.935,1.681,0.093
2026-05-13 19:18:36.682,29.94,1.588,29.935,1.681,0.093
2026-05-13 19:18:36.721,29.94,1.588,29.935,1.681,0.093
2026-05-13 19:18:36.742,29.94,1.588,29.935,1.681,0.093
2026-05-13 19:18:36.767,29.94,1.588,29.935,1.681,0.093
2026-05-13 19:18:36.802,30.09,1.554,30.082,1.69,0.137
2026-05-13 19:18:36.842,30.09,1.554,30.082,1.69,0.137
2026-05-13 19:18:36.863,30.09,1.554,30.082,1.69,0.137
2026-05-13 19:18:36.902,30.09,1.554,30.082,1.69,0.137
2026-05-13 19:18:36.922,30.09,1.554,30.082,1.69,0.137
2026-05-13 19:18:36.962,30.09,1.554,30.082,1.69,0.137
2026-05-13 19:18:36.982,30.09,1.554,30.082,1.69,0.137
2026-05-13 19:18:37.002,30.09,1.554,30.082,1.69,0.137
2026-05-13 19:18:37.043,30.09,1.554,30.082,1.69,0.137
2026-05-13 19:18:37.083,30.09,1.554,30.082,1.69,0.137
2026-05-13 19:18:37.122,30.09,1.554,30.082,1.69,0.137
2026-05-13 19:18:37.142,30.09,1.554,30.082,1.69,0.137
2026-05-13 19:18:37.162,30.09,1.554,30.082,1.69,0.137
2026-05-13 19:18:37.202,30.09,1.554,30.082,1.69,0.137
2026-05-13 19:18:37.242,30.09,1.554,30.082,1.69,0.137
2026-05-13 19:18:37.282,30.244,1.538,30.234,1.7,0.162
2026-05-13 19:18:37.307,30.244,1.538,30.234,1.7,0.162
2026-05-13 19:18:37.342,30.244,1.538,30.234,1.7,0.162
2026-05-13 19:18:37.382,30.244,1.538,30.234,1.7,0.162
2026-05-13 19:18:37.422,30.244,1.538,30.234,1.7,0.162
2026-05-13 19:18:37.462,30.244,1.538,30.234,1.7,0.162
2026-05-13 19:18:37.485,30.244,1.538,30.234,1.7,0.162
2026-05-13 19:18:37.507,30.244,1.538,30.234,1.7,0.162
2026-05-13 19:18:37.546,30.244,1.538,30.234,1.7,0.162
2026-05-13 19:18:37.617,30.244,1.538,30.234,1.7,0.162
2026-05-13 19:18:37.694,30.244,1.538,30.234,1.7,0.162
2026-05-13 19:18:37.794,30.244,1.538,30.234,1.7,0.162
2026-05-13 19:18:37.822,30.244,1.538,30.234,1.7,0.162
2026-05-13 19:18:37.862,30.244,1.538,30.234,1.7,0.162
2026-05-13 19:18:37.889,30.244,1.538,30.234,1.7,0.162
2026-05-13 19:18:37.910,30.244,1.538,30.234,1.7,0.162
2026-05-13 19:18:37.948,30.244,1.538,30.234,1.7,0.162
2026-05-13 19:18:37.986,30.403,1.553,30.393,1.709,0.157
2026-05-13 19:18:38.022,30.403,1.553,30.393,1.709,0.157
2026-05-13 19:18:38.042,30.403,1.553,30.393,1.709,0.157
2026-05-13 19:18:38.063,30.403,1.553,30.393,1.709,0.157
2026-05-13 19:18:38.097,30.403,1.553,30.393,1.709,0.157
2026-05-13 19:18:38.145,30.403,1.553,30.393,1.709,0.157
2026-05-13 19:18:38.182,30.403,1.553,30.393,1.709,0.157
2026-05-13 19:18:38.202,30.403,1.553,30.393,1.709,0.157
2026-05-13 19:18:38.223,30.403,1.553,30.393,1.709,0.157
2026-05-13 19:18:38.263,30.403,1.553,30.393,1.709,0.157
2026-05-13 19:18:38.308,30.627,1.587,30.619,1.723,0.136
2026-05-13 19:18:38.342,30.627,1.587,30.619,1.723,0.136
2026-05-13 19:18:38.362,30.627,1.587,30.619,1.723,0.136
2026-05-13 19:18:38.382,30.627,1.587,30.619,1.723,0.136
2026-05-13 19:18:38.422,30.627,1.587,30.619,1.723,0.136
2026-05-13 19:18:38.462,30.627,1.587,30.619,1.723,0.136
2026-05-13 19:18:38.502,30.627,1.587,30.619,1.723,0.136
2026-05-13 19:18:38.542,30.627,1.587,30.619,1.723,0.136
2026-05-13 19:18:38.563,30.627,1.587,30.619,1.723,0.136
2026-05-13 19:18:38.587,30.627,1.587,30.619,1.723,0.136
2026-05-13 19:18:38.622,30.627,1.587,30.619,1.723,0.136
2026-05-13 19:18:38.642,30.627,1.587,30.619,1.723,0.136
2026-05-13 19:18:38.662,30.627,1.587,30.619,1.723,0.136
2026-05-13 19:18:38.684,30.627,1.587,30.619,1.723,0.136
2026-05-13 19:18:38.722,30.627,1.587,30.619,1.723,0.136
2026-05-13 19:18:38.742,30.627,1.587,30.619,1.723,0.136
2026-05-13 19:18:38.762,30.627,1.587,30.619,1.723,0.136
2026-05-13 19:18:38.784,30.627,1.587,30.619,1.723,0.136
2026-05-13 19:18:38.822,30.627,1.587,30.619,1.723,0.136
2026-05-13 19:18:38.862,30.898,1.656,30.893,1.74,0.084
2026-05-13 19:18:38.884,30.898,1.656,30.99,1.746,0.129
2026-05-13 19:18:38.905,30.898,1.656,30.99,1.746,0.129
2026-05-13 19:18:38.942,30.898,1.656,30.99,1.746,0.129
2026-05-13 19:18:38.962,30.898,1.656,30.99,1.746,0.129
2026-05-13 19:18:38.982,30.898,1.656,30.99,1.746,0.129
2026-05-13 19:18:39.022,30.898,1.656,30.99,1.746,0.129
2026-05-13 19:18:39.042,30.898,1.656,30.99,1.746,0.129
2026-05-13 19:18:39.083,30.898,1.656,30.99,1.746,0.129
2026-05-13 19:18:39.122,30.898,1.656,30.99,1.746,0.129
2026-05-13 19:18:39.142,30.898,1.656,30.99,1.746,0.129
2026-05-13 19:18:39.183,30.898,1.656,30.99,1.746,0.129
2026-05-13 19:18:39.222,30.898,1.656,30.99,1.746,0.129
2026-05-13 19:18:39.242,30.898,1.656,30.99,1.746,0.129
2026-05-13 19:18:39.282,31.176,1.724,31.175,1.749,0.025
2026-05-13 19:18:39.322,31.176,1.724,31.175,1.749,0.025
2026-05-13 19:18:39.342,31.176,1.724,31.175,1.749,0.025
2026-05-13 19:18:39.382,31.176,1.724,31.175,1.749,0.025
2026-05-13 19:18:39.423,31.176,1.724,31.175,1.749,0.025
2026-05-13 19:18:39.462,31.176,1.724,31.175,1.749,0.025
2026-05-13 19:18:39.502,31.176,1.724,31.175,1.749,0.025
2026-05-13 19:18:39.522,31.176,1.724,31.175,1.749,0.025
2026-05-13 19:18:39.562,31.176,1.724,31.175,1.749,0.025
2026-05-13 19:18:39.602,31.176,1.724,31.175,1.749,0.025
2026-05-13 19:18:39.623,31.176,1.724,31.175,1.749,0.025
2026-05-13 19:18:39.662,31.176,1.724,31.175,1.749,0.025
2026-05-13 19:18:39.683,31.453,1.791,31.454,1.754,0.038
2026-05-13 19:18:39.729,31.453,1.791,31.454,1.754,0.038
2026-05-13 19:18:39.762,31.453,1.791,31.454,1.754,0.038
2026-05-13 19:18:39.782,31.453,1.791,31.454,1.754,0.038
2026-05-13 19:18:39.822,31.453,1.791,31.454,1.754,0.038
2026-05-13 19:18:39.842,31.453,1.791,31.454,1.754,0.038
2026-05-13 19:18:39.863,31.453,1.791,31.454,1.754,0.038
2026-05-13 19:18:39.902,31.453,1.791,31.454,1.754,0.038
2026-05-13 19:18:39.922,31.453,1.791,31.454,1.754,0.038
2026-05-13 19:18:39.962,31.453,1.791,31.454,1.754,0.038
2026-05-13 19:18:39.982,31.453,1.791,31.454,1.754,0.038
2026-05-13 19:18:40.002,31.453,1.791,31.454,1.754,0.038
2026-05-13 19:18:40.023,31.453,1.791,31.454,1.754,0.038
2026-05-13 19:18:40.062,31.453,1.791,31.454,1.754,0.038
2026-05-13 19:18:40.103,31.453,1.791,31.454,1.754,0.038
2026-05-13 19:18:40.142,31.453,1.791,31.454,1.754,0.038
2026-05-13 19:18:40.182,31.453,1.791,31.454,1.754,0.038
2026-05-13 19:18:40.202,31.73,1.859,31.732,1.758,0.101
2026-05-13 19:18:40.222,31.73,1.859,31.732,1.758,0.101
2026-05-13 19:18:40.242,31.73,1.859,31.732,1.758,0.101
2026-05-13 19:18:40.282,31.73,1.859,31.732,1.758,0.101
2026-05-13 19:18:40.302,31.73,1.859,31.732,1.758,0.101
2026-05-13 19:18:40.322,31.73,1.859,31.732,1.758,0.101
2026-05-13 19:18:40.362,31.73,1.859,31.732,1.758,0.101
2026-05-13 19:18:40.402,31.73,1.859,31.732,1.758,0.101
2026-05-13 19:18:40.442,31.73,1.859,31.732,1.758,0.101
2026-05-13 19:18:40.475,31.73,1.859,31.732,1.758,0.101
2026-05-13 19:18:40.502,31.73,1.859,31.732,1.758,0.101
2026-05-13 19:18:40.525,31.73,1.859,31.732,1.758,0.101
2026-05-13 19:18:40.569,31.73,1.859,31.732,1.758,0.101
2026-05-13 19:18:40.602,31.73,1.859,31.732,1.758,0.101
2026-05-13 19:18:40.622,31.73,1.859,31.732,1.758,0.101
2026-05-13 19:18:40.642,31.73,1.859,31.732,1.758,0.101
2026-05-13 19:18:40.667,31.73,1.859,31.732,1.758,0.101
2026-05-13 19:18:40.702,31.73,1.859,31.732,1.758,0.101
2026-05-13 19:18:40.742,31.73,1.859,31.732,1.758,0.101
2026-05-13 19:18:40.782,32.062,1.942,32.065,1.764,0.178
2026-05-13 19:18:40.802,32.062,1.942,32.065,1.764,0.178
2026-05-13 19:18:40.837,32.062,1.942,32.065,1.764,0.178
2026-05-13 19:18:40.862,32.062,1.942,32.065,1.764,0.178
2026-05-13 19:18:40.897,32.062,1.942,32.065,1.764,0.178
2026-05-13 19:18:40.922,32.062,1.942,32.065,1.764,0.178
2026-05-13 19:18:40.962,32.062,1.942,32.065,1.764,0.178
2026-05-13 19:18:40.982,32.062,1.942,32.065,1.764,0.178
2026-05-13 19:18:41.003,32.062,1.942,32.065,1.764,0.178
2026-05-13 19:18:41.042,32.062,1.942,32.065,1.764,0.178
2026-05-13 19:18:41.062,32.062,1.942,32.065,1.764,0.178
2026-05-13 19:18:41.083,32.062,1.942,32.065,1.764,0.178
2026-05-13 19:18:41.122,32.062,1.942,32.065,1.764,0.178
2026-05-13 19:18:41.162,32.062,1.942,32.065,1.764,0.178
2026-05-13 19:18:41.202,32.062,1.942,32.065,1.764,0.178
2026-05-13 19:18:41.242,32.062,1.942,32.065,1.764,0.178
2026-05-13 19:18:41.262,32.062,1.942,32.065,1.764,0.178
2026-05-13 19:18:41.302,32.062,1.942,32.065,1.764,0.178
2026-05-13 19:18:41.322,32.062,1.942,32.065,1.764,0.178
2026-05-13 19:18:41.362,32.062,1.942,32.065,1.764,0.178
2026-05-13 19:18:41.384,32.062,1.942,32.065,1.764,0.178
2026-05-13 19:18:41.422,32.062,1.942,32.065,1.764,0.178
2026-05-13 19:18:41.462,32.062,1.942,32.065,1.764,0.178
2026-05-13 19:18:41.482,32.062,1.942,32.065,1.764,0.178
2026-05-13 19:18:41.522,32.289,1.963,32.292,1.768,0.195
2026-05-13 19:18:41.562,32.289,1.963,32.292,1.768,0.195
2026-05-13 19:18:41.588,32.289,1.963,32.292,1.768,0.195
2026-05-13 19:18:41.622,32.289,1.963,32.292,1.768,0.195
2026-05-13 19:18:41.661,32.289,1.963,32.292,1.768,0.195
2026-05-13 19:18:41.682,32.289,1.963,32.292,1.768,0.195
2026-05-13 19:18:41.703,32.289,1.963,32.292,1.768,0.195
2026-05-13 19:18:41.742,32.289,1.963,32.292,1.768,0.195
2026-05-13 19:18:41.782,32.289,1.963,32.292,1.768,0.195
2026-05-13 19:18:41.822,32.289,1.963,32.292,1.768,0.195
2026-05-13 19:18:41.842,32.289,1.963,32.292,1.768,0.195
2026-05-13 19:18:41.882,32.289,1.963,32.292,1.768,0.195
2026-05-13 19:18:41.902,32.289,1.963,32.292,1.768,0.195
2026-05-13 19:18:41.942,32.572,1.934,32.574,1.772,0.162
2026-05-13 19:18:41.962,32.572,1.934,32.574,1.772,0.162
2026-05-13 19:18:42.002,32.572,1.934,32.574,1.772,0.162
2026-05-13 19:18:42.030,32.572,1.934,32.574,1.772,0.162
2026-05-13 19:18:42.062,32.572,1.934,32.574,1.772,0.162
2026-05-13 19:18:42.102,32.572,1.934,32.574,1.772,0.162
2026-05-13 19:18:42.122,32.572,1.934,32.574,1.772,0.162
2026-05-13 19:18:42.162,32.572,1.934,32.574,1.772,0.162
2026-05-13 19:18:42.202,32.572,1.934,32.574,1.772,0.162
2026-05-13 19:18:42.242,32.572,1.934,32.574,1.772,0.162
2026-05-13 19:18:42.262,32.572,1.934,32.574,1.772,0.162
2026-05-13 19:18:42.302,32.572,1.934,32.574,1.772,0.162
2026-05-13 19:18:42.342,32.848,1.881,32.849,1.777,0.104
2026-05-13 19:18:42.362,32.848,1.881,32.849,1.777,0.104
2026-05-13 19:18:42.402,32.848,1.881,32.849,1.777,0.104
2026-05-13 19:18:42.422,32.848,1.881,32.849,1.777,0.104
2026-05-13 19:18:42.442,32.848,1.881,32.849,1.777,0.104
2026-05-13 19:18:42.482,32.848,1.881,32.849,1.777,0.104
2026-05-13 19:18:42.522,32.848,1.881,32.849,1.777,0.104
2026-05-13 19:18:42.562,32.848,1.881,32.849,1.777,0.104
2026-05-13 19:18:42.582,32.848,1.881,32.849,1.777,0.104
2026-05-13 19:18:42.602,32.848,1.881,32.849,1.777,0.104
2026-05-13 19:18:42.642,32.848,1.881,32.849,1.777,0.104
2026-05-13 19:18:42.662,33.122,1.808,33.122,1.781,0.027
2026-05-13 19:18:42.682,33.122,1.808,33.122,1.781,0.027
2026-05-13 19:18:42.721,33.122,1.808,33.122,1.781,0.027
2026-05-13 19:18:42.742,33.122,1.808,33.122,1.781,0.027
2026-05-13 19:18:42.765,33.122,1.808,33.122,1.781,0.027
2026-05-13 19:18:42.797,33.122,1.808,33.122,1.781,0.027
2026-05-13 19:18:42.828,33.122,1.808,33.122,1.781,0.027
2026-05-13 19:18:42.865,33.122,1.808,33.122,1.781,0.027
2026-05-13 19:18:42.897,33.122,1.808,33.122,1.781,0.027
2026-05-13 19:18:42.929,33.122,1.808,33.122,1.781,0.027
2026-05-13 19:18:42.977,33.122,1.808,33.122,1.781,0.027
2026-05-13 19:18:43.015,33.122,1.808,33.122,1.781,0.027
2026-05-13 19:18:43.048,33.122,1.808,33.122,1.781,0.027
2026-05-13 19:18:43.096,33.122,1.808,33.122,1.781,0.027
2026-05-13 19:18:43.128,33.122,1.808,33.122,1.781,0.027
2026-05-13 19:18:43.167,33.122,1.808,33.122,1.781,0.027
2026-05-13 19:18:43.214,33.122,1.808,33.122,1.781,0.027
2026-05-13 19:18:43.245,33.122,1.808,33.122,1.781,0.027
2026-05-13 19:18:43.268,33.122,1.808,33.122,1.781,0.027
2026-05-13 19:18:43.314,33.122,1.808,33.122,1.781,0.027
2026-05-13 19:18:43.346,33.122,1.808,33.122,1.781,0.027
2026-05-13 19:18:43.377,33.391,1.721,33.39,1.786,0.065
2026-05-13 19:18:43.415,33.391,1.721,33.39,1.786,0.065
2026-05-13 19:18:43.452,33.391,1.721,33.39,1.786,0.065
2026-05-13 19:18:43.501,33.391,1.721,33.39,1.786,0.065
2026-05-13 19:18:43.543,33.391,1.721,33.39,1.786,0.065
2026-05-13 19:18:43.586,33.391,1.721,33.39,1.786,0.065
2026-05-13 19:18:43.631,33.391,1.721,33.39,1.786,0.065
2026-05-13 19:18:43.652,33.391,1.721,33.39,1.786,0.065
2026-05-13 19:18:43.683,33.391,1.721,33.39,1.786,0.065
2026-05-13 19:18:43.714,33.713,1.608,33.71,1.791,0.183
2026-05-13 19:18:43.745,33.713,1.608,33.71,1.791,0.183
2026-05-13 19:18:43.781,33.713,1.608,33.71,1.791,0.183
2026-05-13 19:18:43.809,33.713,1.608,33.71,1.791,0.183
2026-05-13 19:18:43.849,33.713,1.608,33.71,1.791,0.183
2026-05-13 19:18:43.896,33.713,1.608,33.71,1.791,0.183
2026-05-13 19:18:43.918,33.713,1.608,33.71,1.791,0.183
2026-05-13 19:18:43.944,33.713,1.608,33.71,1.791,0.183
2026-05-13 19:18:43.968,33.713,1.608,33.71,1.791,0.183
2026-05-13 19:18:44.014,33.713,1.608,33.71,1.791,0.183
2026-05-13 19:18:44.046,33.713,1.608,33.71,1.791,0.183
2026-05-13 19:18:44.077,33.713,1.608,33.71,1.791,0.183
2026-05-13 19:18:44.115,33.713,1.608,33.71,1.791,0.183
2026-05-13 19:18:44.147,33.713,1.608,33.71,1.791,0.183
2026-05-13 19:18:44.195,33.713,1.608,33.71,1.791,0.183
2026-05-13 19:18:44.233,33.713,1.608,33.71,1.791,0.183
2026-05-13 19:18:44.264,33.713,1.608,33.71,1.791,0.183
2026-05-13 19:18:44.288,33.926,1.526,33.921,1.794,0.268
2026-05-13 19:18:44.318,33.926,1.526,33.921,1.794,0.268
2026-05-13 19:18:44.338,33.926,1.526,33.921,1.794,0.268
2026-05-13 19:18:44.362,33.926,1.526,33.921,1.794,0.268
2026-05-13 19:18:44.394,33.926,1.526,33.921,1.794,0.268
2026-05-13 19:18:44.433,33.926,1.526,33.921,1.794,0.268
2026-05-13 19:18:44.464,33.926,1.526,33.921,1.794,0.268
2026-05-13 19:18:44.491,33.926,1.526,33.921,1.794,0.268
2026-05-13 19:18:44.515,33.926,1.526,33.921,1.794,0.268
2026-05-13 19:18:44.546,33.926,1.526,33.921,1.794,0.268
2026-05-13 19:18:44.577,33.926,1.526,33.921,1.794,0.268
2026-05-13 19:18:44.611,33.926,1.526,33.921,1.794,0.268
2026-05-13 19:18:44.631,33.926,1.526,33.921,1.794,0.268
2026-05-13 19:18:44.662,33.926,1.526,33.921,1.794,0.268
2026-05-13 19:18:44.686,33.926,1.526,33.921,1.794,0.268
2026-05-13 19:18:44.710,33.926,1.526,33.921,1.794,0.268
2026-05-13 19:18:44.732,33.926,1.526,33.921,1.794,0.268
2026-05-13 19:18:44.763,33.926,1.526,33.921,1.794,0.268
2026-05-13 19:18:44.795,34.186,1.413,34.18,1.799,0.386
2026-05-13 19:18:44.831,34.186,1.413,34.18,1.799,0.386
2026-05-13 19:18:44.868,34.186,1.413,34.18,1.799,0.386
2026-05-13 19:18:44.890,34.186,1.413,34.18,1.799,0.386
2026-05-13 19:18:44.915,34.186,1.413,34.18,1.799,0.386
2026-05-13 19:18:44.946,34.186,1.413,34.18,1.799,0.386
2026-05-13 19:18:44.970,34.186,1.413,34.18,1.799,0.386
2026-05-13 19:18:45.013,34.186,1.413,34.18,1.799,0.386
2026-05-13 19:18:45.045,34.186,1.413,34.18,1.799,0.386
2026-05-13 19:18:45.077,34.186,1.413,34.18,1.799,0.386
2026-05-13 19:18:45.111,34.186,1.413,34.18,1.799,0.386
2026-05-13 19:18:45.131,34.186,1.413,34.18,1.799,0.386
2026-05-13 19:18:45.163,34.186,1.413,34.18,1.799,0.386
2026-05-13 19:18:45.194,34.186,1.413,34.18,1.799,0.386
2026-05-13 19:18:45.233,34.186,1.413,34.18,1.799,0.386
2026-05-13 19:18:45.264,34.431,1.27,34.423,1.803,0.533
2026-05-13 19:18:45.302,34.431,1.27,34.423,1.803,0.533
2026-05-13 19:18:45.328,34.431,1.27,34.423,1.803,0.533
2026-05-13 19:18:45.368,34.431,1.27,34.423,1.803,0.533
2026-05-13 19:18:45.397,34.431,1.27,34.423,1.803,0.533
2026-05-13 19:18:45.429,34.431,1.27,34.423,1.803,0.533
2026-05-13 19:18:45.467,34.431,1.27,34.423,1.803,0.533
2026-05-13 19:18:45.489,34.431,1.27,34.423,1.803,0.533
2026-05-13 19:18:45.515,34.431,1.27,34.423,1.803,0.533
2026-05-13 19:18:45.546,34.431,1.27,34.423,1.803,0.533
2026-05-13 19:18:45.594,34.431,1.27,34.423,1.803,0.533
2026-05-13 19:18:45.625,34.431,1.27,34.423,1.803,0.533
2026-05-13 19:18:45.649,34.431,1.27,34.423,1.803,0.533
2026-05-13 19:18:45.695,34.431,1.27,34.423,1.803,0.533
2026-05-13 19:18:45.727,34.431,1.27,34.423,1.803,0.533
2026-05-13 19:18:45.748,34.431,1.27,34.423,1.803,0.533
2026-05-13 19:18:45.789,34.431,1.27,34.423,1.803,0.533
2026-05-13 19:18:45.814,34.431,1.27,34.423,1.803,0.533
2026-05-13 19:18:45.849,34.662,1.101,34.65,1.806,0.706
2026-05-13 19:18:45.883,34.662,1.101,34.65,1.806,0.706
2026-05-13 19:18:45.906,34.662,1.101,34.65,1.806,0.706
2026-05-13 19:18:45.927,34.662,1.101,34.65,1.806,0.706
2026-05-13 19:18:45.975,34.662,1.101,34.65,1.806,0.706
2026-05-13 19:18:46.014,34.662,1.101,34.65,1.806,0.706
2026-05-13 19:18:46.038,34.662,1.101,34.65,1.806,0.706
2026-05-13 19:18:46.076,34.662,1.101,34.65,1.806,0.706
2026-05-13 19:18:46.115,34.662,1.101,34.65,1.806,0.706
2026-05-13 19:18:46.147,34.662,1.101,34.65,1.806,0.706
2026-05-13 19:18:46.194,34.662,1.101,34.65,1.806,0.706
2026-05-13 19:18:46.232,34.662,1.101,34.65,1.806,0.706
2026-05-13 19:18:46.263,34.662,1.101,34.65,1.806,0.706
2026-05-13 19:18:46.295,34.662,1.101,34.65,1.806,0.706
2026-05-13 19:18:46.331,34.662,1.101,34.65,1.806,0.706
2026-05-13 19:18:46.362,34.662,1.101,34.65,1.806,0.706
2026-05-13 19:18:46.398,34.891,0.932,34.876,1.81,0.879
2026-05-13 19:18:46.431,34.891,0.932,34.876,1.81,0.879
2026-05-13 19:18:46.463,34.891,0.932,34.876,1.81,0.879
2026-05-13 19:18:46.495,34.891,0.932,34.876,1.81,0.879
2026-05-13 19:18:46.531,34.891,0.932,34.876,1.81,0.879
2026-05-13 19:18:46.564,34.891,0.932,34.876,1.81,0.879
2026-05-13 19:18:46.595,34.891,0.932,34.876,1.81,0.879
2026-05-13 19:18:46.627,34.891,0.932,34.876,1.81,0.879
2026-05-13 19:18:46.650,34.891,0.932,34.876,1.81,0.879
2026-05-13 19:18:46.696,34.891,0.932,34.876,1.81,0.879
2026-05-13 19:18:46.731,35.13,0.776,35.113,1.814,1.039
2026-05-13 19:18:46.765,35.13,0.776,35.113,1.814,1.039
2026-05-13 19:18:46.797,35.13,0.776,35.113,1.814,1.039
2026-05-13 19:18:46.828,35.13,0.776,35.113,1.814,1.039
2026-05-13 19:18:46.876,35.13,0.776,35.113,1.814,1.039
2026-05-13 19:18:46.915,35.13,0.776,35.113,1.814,1.039
2026-05-13 19:18:46.947,35.13,0.776,35.113,1.814,1.039
2026-05-13 19:18:46.994,35.13,0.776,35.113,1.814,1.039
2026-05-13 19:18:47.026,35.13,0.776,35.113,1.814,1.039
2026-05-13 19:18:47.049,35.13,0.776,35.113,1.814,1.039
2026-05-13 19:18:47.085,35.13,0.776,35.113,1.814,1.039
2026-05-13 19:18:47.164,35.13,0.776,35.113,1.814,1.039
2026-05-13 19:18:47.209,35.13,0.776,35.113,1.814,1.039
2026-05-13 19:18:47.287,35.13,0.776,35.113,1.814,1.039
2026-05-13 19:18:47.337,35.369,0.622,35.349,1.818,1.196
2026-05-13 19:18:47.391,35.369,0.622,35.349,1.818,1.196
2026-05-13 19:18:47.411,35.369,0.622,35.349,1.818,1.196
2026-05-13 19:18:47.436,35.369,0.622,35.349,1.818,1.196
2026-05-13 19:18:47.456,35.369,0.622,35.349,1.818,1.196
2026-05-13 19:18:47.481,35.369,0.622,35.349,1.818,1.196
2026-05-13 19:18:47.515,35.369,0.622,35.349,1.818,1.196
2026-05-13 19:18:47.545,35.369,0.622,35.349,1.818,1.196
2026-05-13 19:18:47.579,35.369,0.622,35.349,1.818,1.196
2026-05-13 19:18:47.608,35.369,0.622,35.349,1.818,1.196
2026-05-13 19:18:47.648,35.369,0.622,35.349,1.818,1.196
2026-05-13 19:18:47.696,35.417,0.591,35.396,1.819,1.228
2026-05-13 19:18:47.727,35.417,0.591,35.396,1.819,1.228
2026-05-13 19:18:47.765,35.417,0.591,35.396,1.819,1.228
2026-05-13 19:18:47.796,35.417,0.591,35.396,1.819,1.228
2026-05-13 19:18:47.828,35.417,0.591,35.396,1.819,1.228
2026-05-13 19:18:47.876,35.417,0.591,35.396,1.819,1.228
2026-05-13 19:18:47.914,35.417,0.591,35.396,1.819,1.228
2026-05-13 19:18:47.946,35.417,0.591,35.396,1.819,1.228
2026-05-13 19:18:47.977,35.417,0.591,35.396,1.819,1.228
2026-05-13 19:18:48.009,35.417,0.591,35.396,1.819,1.228
2026-05-13 19:18:48.032,35.417,0.591,35.396,1.819,1.228
2026-05-13 19:18:48.063,35.417,0.591,35.396,1.819,1.228
2026-05-13 19:18:48.094,35.417,0.591,35.396,1.819,1.228
2026-05-13 19:18:48.134,35.417,0.591,35.396,1.819,1.228
2026-05-13 19:18:48.165,35.417,0.591,35.396,1.819,1.228
2026-05-13 19:18:48.196,35.417,0.591,35.396,1.819,1.228
2026-05-13 19:18:48.228,35.417,0.591,35.396,1.819,1.228
2026-05-13 19:18:48.248,35.417,0.591,35.396,1.819,1.228
2026-05-13 19:18:48.295,35.417,0.591,35.396,1.819,1.228
2026-05-13 19:18:48.331,35.417,0.591,35.396,1.819,1.228
2026-05-13 19:18:48.363,35.417,0.591,35.396,1.819,1.228
2026-05-13 19:18:48.395,35.417,0.591,35.396,1.819,1.228
2026-05-13 19:18:48.431,35.417,0.591,35.396,1.819,1.228
2026-05-13 19:18:48.463,35.417,0.591,35.396,1.819,1.228
2026-05-13 19:18:48.494,35.417,0.591,35.396,1.819,1.228
2026-05-13 19:18:48.531,35.417,0.591,35.396,1.819,1.228
2026-05-13 19:18:48.563,35.417,0.591,35.396,1.819,1.228
2026-05-13 19:18:48.595,35.417,0.591,35.396,1.819,1.228
2026-05-13 19:18:48.631,35.417,0.591,35.396,1.819,1.228
2026-05-13 19:18:48.663,35.417,0.591,35.396,1.819,1.228
2026-05-13 19:18:48.696,35.417,0.591,35.396,1.819,1.228
2026-05-13 19:18:48.732,35.417,0.591,35.396,1.819,1.228
2026-05-13 19:18:48.763,35.417,0.591,35.396,1.819,1.228
2026-05-13 19:18:48.795,35.417,0.591,35.396,1.819,1.228
2026-05-13 19:18:48.827,35.417,0.591,35.396,1.819,1.228
2026-05-13 19:18:48.848,35.417,0.591,35.396,1.819,1.228
2026-05-13 19:18:48.885,35.417,0.591,35.396,1.819,1.228
2026-05-13 19:18:48.924,35.417,0.591,35.396,1.819,1.228
2026-05-13 19:18:48.944,35.417,0.591,35.396,1.819,1.228
2026-05-13 19:18:48.967,35.417,0.591,35.396,1.819,1.228
2026-05-13 19:18:48.995,35.417,0.591,35.396,1.819,1.228
2026-05-13 19:18:49.026,35.417,0.591,35.396,1.819,1.228
2026-05-13 19:18:49.064,35.417,0.591,35.396,1.819,1.228
2026-05-13 19:18:49.096,35.417,0.591,35.396,1.819,1.228
2026-05-13 19:18:49.128,35.417,0.591,35.396,1.819,1.228
2026-05-13 19:18:49.175,35.417,0.591,35.396,1.819,1.228
2026-05-13 19:18:49.207,35.417,0.591,35.396,1.819,1.228
2026-05-13 19:18:49.231,35.417,0.591,35.396,1.819,1.228
2026-05-13 19:18:49.263,35.417,0.591,35.396,1.819,1.228
2026-05-13 19:18:49.294,35.417,0.591,35.396,1.819,1.228
2026-05-13 19:18:49.326,35.417,0.591,35.396,1.819,1.228
2026-05-13 19:18:49.348,35.417,0.591,35.396,1.819,1.228
2026-05-13 19:18:49.395,35.417,0.591,35.396,1.819,1.228
2026-05-13 19:18:49.427,35.417,0.591,35.396,1.819,1.228
2026-05-13 19:18:49.450,35.417,0.591,35.396,1.819,1.228
2026-05-13 19:18:49.497,35.417,0.591,35.396,1.819,1.228
2026-05-13 19:18:49.529,35.417,0.591,35.396,1.819,1.228
2026-05-13 19:18:49.563,35.417,0.591,35.396,1.819,1.228
2026-05-13 19:18:49.595,35.417,0.591,35.396,1.819,1.228
2026-05-13 19:18:49.627,35.417,0.591,35.396,1.819,1.228
2026-05-13 19:18:49.650,35.417,0.591,35.396,1.819,1.228
2026-05-13 19:18:49.697,35.417,0.591,35.396,1.819,1.228
2026-05-13 19:18:49.728,35.417,0.591,35.396,1.819,1.228
2026-05-13 19:18:49.764,35.417,0.591,35.396,1.819,1.228
2026-05-13 19:18:49.796,35.417,0.591,35.396,1.819,1.228
2026-05-13 19:18:49.831,35.417,0.591,35.396,1.819,1.228
2026-05-13 19:18:49.862,35.417,0.591,35.396,1.819,1.228
2026-05-13 19:18:49.887,35.417,0.591,35.396,1.819,1.228
2026-05-13 19:18:49.914,35.417,0.591,35.396,1.819,1.228
2026-05-13 19:18:49.948,35.417,0.591,35.396,1.819,1.228
2026-05-13 19:18:49.996,35.417,0.591,35.396,1.819,1.228
2026-05-13 19:18:50.028,35.417,0.591,35.396,1.819,1.228
2026-05-13 19:18:50.075,35.417,0.591,35.396,1.819,1.228
2026-05-13 19:18:50.116,35.417,0.591,35.396,1.819,1.228
2026-05-13 19:18:50.155,35.417,0.591,35.396,1.819,1.228
2026-05-13 19:18:50.187,35.417,0.591,35.396,1.819,1.228
2026-05-13 19:18:50.235,35.417,0.591,35.396,1.819,1.228
2026-05-13 19:18:50.267,35.417,0.591,35.396,1.819,1.228
2026-05-13 19:18:50.315,35.417,0.591,35.396,1.819,1.228
2026-05-13 19:18:50.355,35.417,0.591,35.396,1.819,1.228
2026-05-13 19:18:50.395,35.417,0.591,35.396,1.819,1.228
2026-05-13 19:18:50.427,35.417,0.591,35.396,1.819,1.228
2026-05-13 19:18:50.451,35.417,0.591,35.396,1.819,1.228
2026-05-13 19:18:50.476,35.417,0.591,35.396,1.819,1.228
2026-05-13 19:18:50.497,35.417,0.591,35.396,1.819,1.228
2026-05-13 19:18:50.542,35.417,0.591,35.396,1.819,1.228
2026-05-13 19:18:50.577,35.417,0.591,35.396,1.819,1.228
2026-05-13 19:18:50.609,35.417,0.591,35.396,1.819,1.228
2026-05-13 19:18:50.649,35.417,0.591,35.396,1.819,1.228
2026-05-13 19:18:50.697,35.417,0.591,35.396,1.819,1.228
2026-05-13 19:18:50.729,35.417,0.591,35.396,1.819,1.228
2026-05-13 19:18:50.776,35.417,0.591,35.396,1.819,1.228
2026-05-13 19:18:50.808,35.417,0.591,35.396,1.819,1.228
2026-05-13 19:18:50.848,35.417,0.591,35.396,1.819,1.228
2026-05-13 19:18:50.895,35.417,0.591,35.396,1.819,1.228
2026-05-13 19:18:50.927,35.417,0.591,35.396,1.819,1.228
2026-05-13 19:18:50.974,35.417,0.591,35.396,1.819,1.228
2026-05-13 19:18:51.014,35.417,0.591,35.396,1.819,1.228
2026-05-13 19:18:51.046,35.417,0.591,35.396,1.819,1.228
2026-05-13 19:18:51.077,35.417,0.591,35.396,1.819,1.228
2026-05-13 19:18:51.109,35.417,0.591,35.396,1.819,1.228
2026-05-13 19:18:51.148,35.417,0.591,35.396,1.819,1.228
2026-05-13 19:18:51.196,35.417,0.591,35.396,1.819,1.228
2026-05-13 19:18:51.227,35.417,0.591,35.396,1.819,1.228
2026-05-13 19:18:51.267,35.417,0.591,35.396,1.819,1.228
2026-05-13 19:18:51.298,35.417,0.591,35.396,1.819,1.228
2026-05-13 19:18:51.329,35.417,0.591,35.396,1.819,1.228
2026-05-13 19:18:51.376,35.417,0.591,35.396,1.819,1.228
2026-05-13 19:18:51.398,35.417,0.591,35.396,1.819,1.228
2026-05-13 19:18:51.429,35.417,0.591,35.396,1.819,1.228
2026-05-13 19:18:51.477,35.417,0.591,35.396,1.819,1.228
2026-05-13 19:18:51.511,35.417,0.591,35.396,1.819,1.228
2026-05-13 19:18:51.546,35.417,0.591,35.396,1.819,1.228
2026-05-13 19:18:51.594,35.417,0.591,35.396,1.819,1.228
2026-05-13 19:18:51.626,35.417,0.591,35.396,1.819,1.228
2026-05-13 19:18:51.650,35.417,0.591,35.396,1.819,1.228
2026-05-13 19:18:51.697,35.417,0.591,35.396,1.819,1.228
2026-05-13 19:18:51.728,35.417,0.591,35.396,1.819,1.228
2026-05-13 19:18:51.776,35.417,0.591,35.396,1.819,1.228
2026-05-13 19:18:51.813,35.417,0.591,35.396,1.819,1.228
2026-05-13 19:18:51.845,35.417,0.591,35.396,1.819,1.228
2026-05-13 19:18:51.877,35.417,0.591,35.396,1.819,1.228
2026-05-13 19:18:51.908,35.417,0.591,35.396,1.819,1.228
2026-05-13 19:18:51.931,35.417,0.591,35.396,1.819,1.228
2026-05-13 19:18:51.963,35.417,0.591,35.396,1.819,1.228
2026-05-13 19:18:51.994,35.417,0.591,35.396,1.819,1.228
2026-05-13 19:18:52.031,35.417,0.591,35.396,1.819,1.228
2026-05-13 19:18:52.063,35.417,0.591,35.396,1.819,1.228
2026-05-13 19:18:52.095,35.417,0.591,35.396,1.819,1.228
2026-05-13 19:18:52.127,35.417,0.591,35.396,1.819,1.228
2026-05-13 19:18:52.169,35.417,0.591,35.396,1.819,1.228
2026-05-13 19:18:52.196,35.417,0.591,35.396,1.819,1.228
2026-05-13 19:18:52.228,35.417,0.591,35.396,1.819,1.228
2026-05-13 19:18:52.269,35.417,0.591,35.396,1.819,1.228
2026-05-13 19:18:52.297,35.417,0.591,35.396,1.819,1.228
2026-05-13 19:18:52.329,35.417,0.591,35.396,1.819,1.228
2026-05-13 19:18:52.365,35.417,0.591,35.396,1.819,1.228
2026-05-13 19:18:52.397,35.417,0.591,35.396,1.819,1.228
2026-05-13 19:18:52.429,35.417,0.591,35.396,1.819,1.228
2026-05-13 19:18:52.476,35.417,0.591,35.396,1.819,1.228
2026-05-13 19:18:52.511,35.417,0.591,35.396,1.819,1.228
2026-05-13 19:18:52.547,35.417,0.591,35.396,1.819,1.228
2026-05-13 19:18:52.587,35.417,0.591,35.396,1.819,1.228
2026-05-13 19:18:52.616,35.417,0.591,35.396,1.819,1.228
2026-05-13 19:18:52.648,35.417,0.591,35.396,1.819,1.228
2026-05-13 19:18:52.695,35.417,0.591,35.396,1.819,1.228
2026-05-13 19:18:52.732,35.417,0.591,35.396,1.819,1.228
2026-05-13 19:18:52.764,35.417,0.591,35.396,1.819,1.228
2026-05-13 19:18:52.795,35.417,0.591,35.396,1.819,1.228
2026-05-13 19:18:52.831,35.417,0.591,35.396,1.819,1.228
2026-05-13 19:18:52.862,35.417,0.591,35.396,1.819,1.228
2026-05-13 19:18:52.894,35.417,0.591,35.396,1.819,1.228
2026-05-13 19:18:52.931,35.417,0.591,35.396,1.819,1.228
2026-05-13 19:18:52.964,35.417,0.591,35.396,1.819,1.228
2026-05-13 19:18:52.995,35.417,0.591,35.396,1.819,1.228
2026-05-13 19:18:53.026,35.417,0.591,35.396,1.819,1.228
2026-05-13 19:18:53.049,35.417,0.591,35.396,1.819,1.228
2026-05-13 19:18:53.098,35.417,0.591,35.396,1.819,1.228
2026-05-13 19:18:53.131,35.417,0.591,35.396,1.819,1.228
2026-05-13 19:18:53.211,35.417,0.591,35.396,1.819,1.228
2026-05-13 19:18:53.257,35.417,0.591,35.396,1.819,1.228
2026-05-13 19:18:53.301,35.417,0.591,35.396,1.819,1.228
2026-05-13 19:18:53.349,35.417,0.591,35.396,1.819,1.228
2026-05-13 19:18:53.398,35.417,0.591,35.396,1.819,1.228
2026-05-13 19:18:53.421,35.417,0.591,35.396,1.819,1.228
2026-05-13 19:18:53.444,35.417,0.591,35.396,1.819,1.228
2026-05-13 19:18:53.476,35.417,0.591,35.396,1.819,1.228
2026-05-13 19:18:53.513,35.417,0.591,35.396,1.819,1.228
2026-05-13 19:18:53.545,35.417,0.591,35.396,1.819,1.228
2026-05-13 19:18:53.576,35.417,0.591,35.396,1.819,1.228
2026-05-13 19:18:53.614,35.417,0.591,35.396,1.819,1.228
2026-05-13 19:18:53.646,35.417,0.591,35.396,1.819,1.228
2026-05-13 19:18:53.677,35.417,0.591,35.396,1.819,1.228
2026-05-13 19:18:53.714,35.417,0.591,35.396,1.819,1.228
2026-05-13 19:18:53.746,35.417,0.591,35.396,1.819,1.228
2026-05-13 19:18:53.787,35.417,0.591,35.396,1.819,1.228
2026-05-13 19:18:53.814,35.417,0.591,35.396,1.819,1.228
2026-05-13 19:18:53.846,35.417,0.591,35.396,1.819,1.228
2026-05-13 19:18:53.896,35.417,0.591,35.396,1.819,1.228
2026-05-13 19:18:53.928,35.417,0.591,35.396,1.819,1.228
2026-05-13 19:18:53.969,35.417,0.591,35.396,1.819,1.228
2026-05-13 19:18:53.996,35.417,0.591,35.396,1.819,1.228
2026-05-13 19:18:54.028,35.417,0.591,35.396,1.819,1.228
2026-05-13 19:18:54.075,35.417,0.591,35.396,1.819,1.228
2026-05-13 19:18:54.114,35.417,0.591,35.396,1.819,1.228
2026-05-13 19:18:54.146,35.417,0.591,35.396,1.819,1.228
2026-05-13 19:18:54.194,35.417,0.591,35.396,1.819,1.228
2026-05-13 19:18:54.231,35.417,0.591,35.396,1.819,1.228
2026-05-13 19:18:54.263,35.417,0.591,35.396,1.819,1.228
2026-05-13 19:18:54.295,35.417,0.591,35.396,1.819,1.228
2026-05-13 19:18:54.326,35.417,0.591,35.396,1.819,1.228
2026-05-13 19:18:54.352,35.417,0.591,35.396,1.819,1.228
2026-05-13 19:18:54.398,35.417,0.591,35.396,1.819,1.228
2026-05-13 19:18:54.430,35.417,0.591,35.396,1.819,1.228
2026-05-13 19:18:54.477,35.417,0.591,35.396,1.819,1.228
2026-05-13 19:18:54.514,35.417,0.591,35.396,1.819,1.228
2026-05-13 19:18:54.545,35.417,0.591,35.396,1.819,1.228
2026-05-13 19:18:54.577,35.417,0.591,35.396,1.819,1.228
2026-05-13 19:18:54.609,35.417,0.591,35.396,1.819,1.228
2026-05-13 19:18:54.631,35.417,0.591,35.396,1.819,1.228
2026-05-13 19:18:54.664,35.417,0.591,35.396,1.819,1.228
2026-05-13 19:18:54.695,35.417,0.591,35.396,1.819,1.228
2026-05-13 19:18:54.727,35.417,0.591,35.396,1.819,1.228
2026-05-13 19:18:54.750,35.417,0.591,35.396,1.819,1.228
2026-05-13 19:18:54.797,35.417,0.591,35.396,1.819,1.228
2026-05-13 19:18:54.828,35.417,0.591,35.396,1.819,1.228
2026-05-13 19:18:54.876,35.417,0.591,35.396,1.819,1.228
2026-05-13 19:18:54.914,35.417,0.591,35.396,1.819,1.228
2026-05-13 19:18:54.946,35.417,0.591,35.396,1.819,1.228
2026-05-13 19:18:54.994,35.417,0.591,35.396,1.819,1.228
2026-05-13 19:18:55.031,35.417,0.591,35.396,1.819,1.228
2026-05-13 19:18:55.062,35.417,0.591,35.396,1.819,1.228
2026-05-13 19:18:55.094,35.417,0.591,35.396,1.819,1.228
2026-05-13 19:18:55.131,35.417,0.591,35.396,1.819,1.228
2026-05-13 19:18:55.165,35.417,0.591,35.396,1.819,1.228
2026-05-13 19:18:55.197,35.393,0.608,35.373,1.818,1.211
2026-05-13 19:18:55.228,35.393,0.608,35.373,1.818,1.211
2026-05-13 19:18:55.276,35.393,0.608,35.373,1.818,1.211
2026-05-13 19:18:55.313,35.393,0.608,35.373,1.818,1.211
2026-05-13 19:18:55.345,35.393,0.608,35.373,1.818,1.211
2026-05-13 19:18:55.377,35.393,0.608,35.373,1.818,1.211
2026-05-13 19:18:55.416,35.393,0.608,35.373,1.818,1.211
2026-05-13 19:18:55.447,35.393,0.608,35.373,1.818,1.211
2026-05-13 19:18:55.487,35.393,0.608,35.373,1.818,1.211
2026-05-13 19:18:55.514,35.393,0.608,35.373,1.818,1.211
2026-05-13 19:18:55.545,35.393,0.608,35.373,1.818,1.211
2026-05-13 19:18:55.574,35.393,0.608,35.373,1.818,1.211
2026-05-13 19:18:55.621,35.393,0.608,35.373,1.818,1.211
2026-05-13 19:18:55.644,35.393,0.608,35.373,1.818,1.211
2026-05-13 19:18:55.671,35.393,0.608,35.373,1.818,1.211
2026-05-13 19:18:55.701,35.393,0.608,35.373,1.818,1.211
2026-05-13 19:18:55.723,35.324,0.653,35.304,1.817,1.164
2026-05-13 19:18:55.776,35.324,0.653,35.304,1.817,1.164
2026-05-13 19:18:55.815,35.324,0.653,35.304,1.817,1.164
2026-05-13 19:18:55.849,35.324,0.653,35.304,1.817,1.164
2026-05-13 19:18:55.871,35.324,0.653,35.304,1.817,1.164
2026-05-13 19:18:56.005,35.324,0.653,35.304,1.817,1.164
2026-05-13 19:18:56.126,35.324,0.653,35.304,1.817,1.164
2026-05-13 19:18:56.226,35.324,0.653,35.304,1.817,1.164
2026-05-13 19:18:56.453,35.268,0.688,35.249,1.816,1.129
2026-05-13 19:18:56.563,35.268,0.688,35.249,1.816,1.129
2026-05-13 19:18:56.718,35.268,0.688,35.249,1.816,1.129
2026-05-13 19:18:56.811,35.164,0.755,35.146,1.815,1.06
2026-05-13 19:18:56.904,35.164,0.755,35.146,1.815,1.06
2026-05-13 19:18:57.006,35.164,0.755,35.146,1.815,1.06
2026-05-13 19:18:57.368,35.164,0.755,35.146,1.815,1.06
2026-05-13 19:18:57.551,35.057,0.823,35.041,1.813,0.99
2026-05-13 19:18:57.656,35.057,0.823,35.041,1.813,0.99
2026-05-13 19:18:57.791,35.057,0.823,35.041,1.813,0.99
2026-05-13 19:18:58.017,35.098,0.797,35.081,1.814,1.016
2026-05-13 19:18:58.089,35.098,0.797,35.081,1.814,1.016
2026-05-13 19:18:58.267,35.098,0.797,35.081,1.814,1.016
2026-05-13 19:18:58.356,35.333,0.647,35.314,1.817,1.171
2026-05-13 19:18:58.691,35.333,0.647,35.314,1.817,1.171
2026-05-13 19:18:58.950,35.333,0.647,35.314,1.817,1.171
2026-05-13 19:18:59.335,35.336,0.647,35.317,1.818,1.171
2026-05-13 19:18:59.536,35.257,0.688,35.238,1.816,1.128
2026-05-13 19:18:59.686,35.257,0.688,35.238,1.816,1.128
2026-05-13 19:18:59.724,35.257,0.688,35.238,1.816,1.128
2026-05-13 19:18:59.751,35.257,0.688,35.238,1.816,1.128
2026-05-13 19:18:59.871,35.257,0.688,35.238,1.816,1.128
2026-05-13 19:19:00.102,35.148,0.713,35.13,1.814,1.101
2026-05-13 19:19:00.191,35.148,0.713,35.13,1.814,1.101
2026-05-13 19:19:00.438,35.09,0.687,35.071,1.813,1.127
2026-05-13 19:19:00.586,35.09,0.687,35.071,1.813,1.127
2026-05-13 19:19:00.766,35.09,0.687,35.071,1.813,1.127
2026-05-13 19:19:00.834,35.106,0.641,35.087,1.814,1.173
2026-05-13 19:19:00.967,35.106,0.641,35.087,1.814,1.173
2026-05-13 19:19:01.056,35.106,0.641,35.087,1.814,1.173
2026-05-13 19:19:01.128,35.106,0.641,35.087,1.814,1.173
2026-05-13 19:19:01.236,35.106,0.641,35.087,1.814,1.173
2026-05-13 19:19:01.356,35.106,0.641,35.087,1.814,1.173
2026-05-13 19:19:01.411,35.136,0.575,35.115,1.814,1.24
2026-05-13 19:19:01.591,35.136,0.575,35.115,1.814,1.24
2026-05-13 19:19:01.799,35.136,0.575,35.115,1.814,1.24
2026-05-13 19:19:01.971,35.267,0.603,35.247,1.816,1.213
2026-05-13 19:19:02.135,35.267,0.603,35.247,1.816,1.213
2026-05-13 19:19:02.242,35.267,0.603,35.247,1.816,1.213
2026-05-13 19:19:02.356,35.267,0.603,35.247,1.816,1.213
2026-05-13 19:19:02.416,35.267,0.603,35.247,1.816,1.213
2026-05-13 19:19:02.616,35.35,0.801,35.334,1.818,1.017
2026-05-13 19:19:02.676,35.35,0.801,35.334,1.818,1.017
2026-05-13 19:19:02.854,35.35,0.801,35.334,1.818,1.017
2026-05-13 19:19:02.988,35.476,1.011,35.462,1.82,0.809
2026-05-13 19:19:03.187,35.476,1.011,35.462,1.82,0.809
2026-05-13 19:19:03.261,35.68,0.963,35.665,1.823,0.86
2026-05-13 19:19:03.493,35.68,0.963,35.665,1.823,0.86
2026-05-13 19:19:03.641,35.68,0.963,35.665,1.823,0.86
2026-05-13 19:19:03.752,35.68,0.963,35.665,1.823,0.86
2026-05-13 19:19:03.851,35.68,0.963,35.665,1.823,0.86
2026-05-13 19:19:03.988,35.905,0.924,35.891,1.827,0.903
2026-05-13 19:19:04.146,35.905,0.924,35.891,1.827,0.903
2026-05-13 19:19:04.300,35.905,0.924,35.891,1.827,0.903
2026-05-13 19:19:04.425,36.125,0.882,36.109,1.831,0.948
2026-05-13 19:19:04.541,36.125,0.882,36.109,1.831,0.948
2026-05-13 19:19:04.568,36.125,0.882,36.109,1.831,0.948
2026-05-13 19:19:04.632,36.125,0.882,36.109,1.831,0.948
2026-05-13 19:19:04.773,36.125,0.882,36.109,1.831,0.948
2026-05-13 19:19:04.871,36.125,0.882,36.109,1.831,0.948
2026-05-13 19:19:04.971,36.125,0.882,36.109,1.831,0.948
2026-05-13 19:19:04.999,36.125,0.882,36.109,1.831,0.948
2026-05-13 19:19:05.079,36.125,0.882,36.109,1.831,0.948
2026-05-13 19:19:05.130,36.125,0.882,36.109,1.831,0.948
2026-05-13 19:19:05.156,36.554,0.818,36.537,1.838,1.02
2026-05-13 19:19:05.185,36.554,0.818,36.537,1.838,1.02
2026-05-13 19:19:05.211,36.554,0.818,36.537,1.838,1.02
2026-05-13 19:19:05.243,36.554,0.818,36.537,1.838,1.02
2026-05-13 19:19:05.281,36.554,0.818,36.537,1.838,1.02
2026-05-13 19:19:05.307,36.554,0.818,36.537,1.838,1.02
2026-05-13 19:19:05.334,36.554,0.818,36.537,1.838,1.02
2026-05-13 19:19:05.362,36.554,0.818,36.537,1.838,1.02
2026-05-13 19:19:05.394,36.554,0.818,36.537,1.838,1.02
2026-05-13 19:19:05.425,36.554,0.818,36.537,1.838,1.02
2026-05-13 19:19:05.457,36.554,0.818,36.537,1.838,1.02
2026-05-13 19:19:05.489,36.554,0.818,36.537,1.838,1.02
2026-05-13 19:19:05.537,36.554,0.818,36.537,1.838,1.02
2026-05-13 19:19:05.569,36.554,0.818,36.537,1.838,1.02
2026-05-13 19:19:05.616,36.554,0.818,36.537,1.838,1.02
2026-05-13 19:19:05.649,36.781,0.792,36.764,1.841,1.049
2026-05-13 19:19:05.696,36.781,0.792,36.764,1.841,1.049
2026-05-13 19:19:05.721,36.781,0.792,36.764,1.841,1.049
2026-05-13 19:19:05.757,36.781,0.792,36.764,1.841,1.049
2026-05-13 19:19:05.796,36.343,0.842,36.327,1.834,0.993
2026-05-13 19:19:05.821,36.343,0.842,36.327,1.834,0.993
2026-05-13 19:19:05.847,36.343,0.842,36.327,1.834,0.993
2026-05-13 19:19:05.895,36.343,0.842,36.327,1.834,0.993
2026-05-13 19:19:05.931,36.343,0.842,36.327,1.834,0.993
2026-05-13 19:19:05.962,36.343,0.842,36.327,1.834,0.993
2026-05-13 19:19:05.986,36.343,0.842,36.327,1.834,0.993
2026-05-13 19:19:06.013,36.343,0.842,36.327,1.834,0.993
2026-05-13 19:19:06.047,36.343,0.842,36.327,1.834,0.993
2026-05-13 19:19:06.096,36.343,0.842,36.327,1.834,0.993
2026-05-13 19:19:06.134,36.343,0.842,36.327,1.834,0.993
2026-05-13 19:19:06.164,36.343,0.842,36.327,1.834,0.993
2026-05-13 19:19:06.199,36.343,0.842,36.327,1.834,0.993
2026-05-13 19:19:06.231,37.003,0.767,36.986,1.845,1.078
2026-05-13 19:19:06.280,37.003,0.767,36.986,1.845,1.078
2026-05-13 19:19:06.313,37.003,0.767,36.986,1.845,1.078
2026-05-13 19:19:06.345,37.003,0.767,36.986,1.845,1.078
2026-05-13 19:19:06.377,37.003,0.767,36.986,1.845,1.078
2026-05-13 19:19:06.414,37.003,0.767,36.986,1.845,1.078
2026-05-13 19:19:06.445,37.003,0.767,36.986,1.845,1.078
2026-05-13 19:19:06.476,37.003,0.767,36.986,1.845,1.078
2026-05-13 19:19:06.508,37.003,0.767,36.986,1.845,1.078
2026-05-13 19:19:06.548,37.003,0.767,36.986,1.845,1.078
2026-05-13 19:19:06.595,37.003,0.767,36.986,1.845,1.078
2026-05-13 19:19:06.627,37.003,0.767,36.986,1.845,1.078
2026-05-13 19:19:06.675,37.003,0.767,36.986,1.845,1.078
2026-05-13 19:19:06.714,37.003,0.767,36.986,1.845,1.078
2026-05-13 19:19:06.745,37.003,0.767,36.986,1.845,1.078
2026-05-13 19:19:06.777,37.003,0.767,36.986,1.845,1.078
2026-05-13 19:19:06.810,37.003,0.767,36.986,1.845,1.078
2026-05-13 19:19:06.856,37.003,0.767,36.986,1.845,1.078
2026-05-13 19:19:06.897,37.23,0.742,37.04,1.846,1.121
2026-05-13 19:19:06.918,37.23,0.742,37.245,1.843,1.102
2026-05-13 19:19:06.941,37.23,0.742,37.245,1.843,1.102
2026-05-13 19:19:06.962,37.23,0.742,37.245,1.843,1.102
2026-05-13 19:19:06.993,37.23,0.742,37.245,1.843,1.102
2026-05-13 19:19:07.031,37.23,0.742,37.245,1.843,1.102
2026-05-13 19:19:07.069,37.23,0.742,37.245,1.843,1.102
2026-05-13 19:19:07.113,37.23,0.742,37.245,1.843,1.102
2026-05-13 19:19:07.145,37.23,0.742,37.245,1.843,1.102
2026-05-13 19:19:07.176,37.23,0.742,37.245,1.843,1.102
2026-05-13 19:19:07.213,37.23,0.742,37.245,1.843,1.102
2026-05-13 19:19:07.245,37.23,0.742,37.245,1.843,1.102
2026-05-13 19:19:07.268,37.23,0.742,37.245,1.843,1.102
2026-05-13 19:19:07.297,37.23,0.742,37.245,1.843,1.102
2026-05-13 19:19:07.327,37.23,0.742,37.245,1.843,1.102
2026-05-13 19:19:07.366,37.453,0.714,37.468,1.84,1.126
2026-05-13 19:19:07.397,37.453,0.714,37.468,1.84,1.126
2026-05-13 19:19:07.428,37.453,0.714,37.468,1.84,1.126
2026-05-13 19:19:07.468,37.453,0.714,37.468,1.84,1.126
2026-05-13 19:19:07.515,37.453,0.714,37.468,1.84,1.126
2026-05-13 19:19:07.547,37.453,0.714,37.468,1.84,1.126
2026-05-13 19:19:07.594,37.453,0.714,37.468,1.84,1.126
2026-05-13 19:19:07.626,37.453,0.714,37.468,1.84,1.126
2026-05-13 19:19:07.650,37.453,0.714,37.468,1.84,1.126
2026-05-13 19:19:07.696,37.679,0.687,37.695,1.837,1.15
2026-05-13 19:19:07.728,37.679,0.687,37.695,1.837,1.15
2026-05-13 19:19:07.776,37.679,0.687,37.695,1.837,1.15
2026-05-13 19:19:07.817,37.679,0.687,37.695,1.837,1.15
2026-05-13 19:19:07.847,37.679,0.687,37.695,1.837,1.15
2026-05-13 19:19:07.887,37.679,0.687,37.695,1.837,1.15
2026-05-13 19:19:07.914,37.679,0.687,37.695,1.837,1.15
2026-05-13 19:19:07.945,37.679,0.687,37.695,1.837,1.15
2026-05-13 19:19:07.977,37.679,0.687,37.695,1.837,1.15
2026-05-13 19:19:08.013,37.679,0.687,37.695,1.837,1.15
2026-05-13 19:19:08.044,37.679,0.687,37.695,1.837,1.15
2026-05-13 19:19:08.076,37.679,0.687,37.695,1.837,1.15
2026-05-13 19:19:08.114,37.679,0.687,37.695,1.837,1.15
2026-05-13 19:19:08.145,37.679,0.687,37.695,1.837,1.15
2026-05-13 19:19:08.169,37.905,0.66,37.921,1.834,1.174
2026-05-13 19:19:08.214,37.905,0.66,37.921,1.834,1.174
2026-05-13 19:19:08.247,37.905,0.66,37.921,1.834,1.174
2026-05-13 19:19:08.293,37.905,0.66,37.921,1.834,1.174
2026-05-13 19:19:08.346,37.905,0.66,37.921,1.834,1.174
2026-05-13 19:19:08.448,37.905,0.66,37.921,1.834,1.174
2026-05-13 19:19:08.518,37.905,0.66,37.921,1.834,1.174
2026-05-13 19:19:08.561,37.905,0.66,37.921,1.834,1.174
2026-05-13 19:19:08.584,37.905,0.66,37.921,1.834,1.174
2026-05-13 19:19:08.637,37.905,0.66,37.921,1.834,1.174
2026-05-13 19:19:08.682,37.905,0.66,37.921,1.834,1.174
2026-05-13 19:19:08.731,37.905,0.66,37.921,1.834,1.174
2026-05-13 19:19:08.756,37.905,0.66,37.921,1.834,1.174
2026-05-13 19:19:08.788,37.905,0.66,37.921,1.834,1.174
2026-05-13 19:19:08.831,37.905,0.66,37.921,1.834,1.174
2026-05-13 19:19:08.852,37.905,0.66,37.921,1.834,1.174
2026-05-13 19:19:08.894,38.121,0.635,38.137,1.831,1.196
2026-05-13 19:19:08.926,38.121,0.635,38.137,1.831,1.196
2026-05-13 19:19:08.952,38.121,0.635,38.137,1.831,1.196
2026-05-13 19:19:09.001,38.121,0.635,38.137,1.831,1.196
2026-05-13 19:19:09.026,38.121,0.635,38.137,1.831,1.196
2026-05-13 19:19:09.068,38.121,0.635,38.137,1.831,1.196
2026-05-13 19:19:09.097,38.121,0.635,38.137,1.831,1.196
2026-05-13 19:19:09.127,38.121,0.635,38.137,1.831,1.196
2026-05-13 19:19:09.167,38.121,0.635,38.137,1.831,1.196
2026-05-13 19:19:09.196,38.121,0.635,38.137,1.831,1.196
2026-05-13 19:19:09.228,38.121,0.635,38.137,1.831,1.196
2026-05-13 19:19:09.264,38.121,0.635,38.137,1.831,1.196
2026-05-13 19:19:09.296,38.121,0.635,38.137,1.831,1.196
2026-05-13 19:19:09.327,38.121,0.635,38.137,1.831,1.196
2026-05-13 19:19:09.367,38.345,0.62,38.361,1.828,1.208
2026-05-13 19:19:09.395,38.345,0.62,38.361,1.828,1.208
2026-05-13 19:19:09.432,38.345,0.62,38.361,1.828,1.208
2026-05-13 19:19:09.467,38.345,0.62,38.361,1.828,1.208
2026-05-13 19:19:09.496,38.345,0.62,38.361,1.828,1.208
2026-05-13 19:19:09.531,38.345,0.62,38.361,1.828,1.208
2026-05-13 19:19:09.564,38.345,0.62,38.361,1.828,1.208
2026-05-13 19:19:09.595,38.345,0.62,38.361,1.828,1.208
2026-05-13 19:19:09.627,38.345,0.62,38.361,1.828,1.208
2026-05-13 19:19:09.667,38.345,0.62,38.361,1.828,1.208
2026-05-13 19:19:09.697,38.569,0.602,38.586,1.825,1.223
2026-05-13 19:19:09.728,38.569,0.602,38.586,1.825,1.223
2026-05-13 19:19:09.770,38.569,0.602,38.586,1.825,1.223
2026-05-13 19:19:09.813,38.569,0.602,38.586,1.825,1.223
2026-05-13 19:19:09.845,38.569,0.602,38.586,1.825,1.223
2026-05-13 19:19:09.877,38.569,0.602,38.586,1.825,1.223
2026-05-13 19:19:09.908,38.569,0.602,38.586,1.825,1.223
2026-05-13 19:19:09.930,38.569,0.602,38.586,1.825,1.223
2026-05-13 19:19:09.962,38.569,0.602,38.586,1.825,1.223
2026-05-13 19:19:09.994,38.569,0.602,38.586,1.825,1.223
2026-05-13 19:19:10.026,38.569,0.602,38.586,1.825,1.223
2026-05-13 19:19:10.049,38.569,0.602,38.586,1.825,1.223
2026-05-13 19:19:10.095,38.569,0.602,38.586,1.825,1.223
2026-05-13 19:19:10.131,38.569,0.602,38.586,1.825,1.223
2026-05-13 19:19:10.162,38.569,0.602,38.586,1.825,1.223
2026-05-13 19:19:10.194,38.569,0.602,38.586,1.825,1.223
2026-05-13 19:19:10.225,38.569,0.602,38.586,1.825,1.223
2026-05-13 19:19:10.249,38.796,0.583,38.813,1.822,1.239
2026-05-13 19:19:10.295,38.796,0.583,38.813,1.822,1.239
2026-05-13 19:19:10.315,38.796,0.583,38.813,1.822,1.239
2026-05-13 19:19:10.348,38.796,0.583,38.813,1.822,1.239
2026-05-13 19:19:10.395,38.796,0.583,38.813,1.822,1.239
2026-05-13 19:19:10.427,38.796,0.583,38.813,1.822,1.239
2026-05-13 19:19:10.475,38.796,0.583,38.813,1.822,1.239
2026-05-13 19:19:10.514,38.796,0.583,38.813,1.822,1.239
2026-05-13 19:19:10.546,38.796,0.583,38.813,1.822,1.239
2026-05-13 19:19:10.577,38.796,0.583,38.813,1.822,1.239
2026-05-13 19:19:10.609,38.796,0.583,38.813,1.822,1.239
2026-05-13 19:19:10.649,38.796,0.583,38.813,1.822,1.239
2026-05-13 19:19:10.697,38.796,0.583,38.813,1.822,1.239
2026-05-13 19:19:10.728,38.796,0.583,38.813,1.822,1.239
2026-05-13 19:19:10.749,39.021,0.566,39.038,1.819,1.253
2026-05-13 19:19:10.795,39.021,0.566,39.038,1.819,1.253
2026-05-13 19:19:10.828,39.021,0.566,39.038,1.819,1.253
2026-05-13 19:19:10.853,39.021,0.566,39.038,1.819,1.253
2026-05-13 19:19:10.895,39.021,0.566,39.038,1.819,1.253
2026-05-13 19:19:10.927,39.021,0.566,39.038,1.819,1.253
2026-05-13 19:19:10.948,39.021,0.566,39.038,1.819,1.253
2026-05-13 19:19:10.995,39.021,0.566,39.038,1.819,1.253
2026-05-13 19:19:11.027,39.021,0.566,39.038,1.819,1.253
2026-05-13 19:19:11.051,39.021,0.566,39.038,1.819,1.253
2026-05-13 19:19:11.094,39.021,0.566,39.038,1.819,1.253
2026-05-13 19:19:11.126,39.021,0.566,39.038,1.819,1.253
2026-05-13 19:19:11.147,39.021,0.566,39.038,1.819,1.253
2026-05-13 19:19:11.194,39.245,0.547,39.262,1.816,1.269
2026-05-13 19:19:11.226,39.245,0.547,39.262,1.816,1.269
2026-05-13 19:19:11.267,39.245,0.547,39.262,1.816,1.269
2026-05-13 19:19:11.297,39.245,0.547,39.262,1.816,1.269
2026-05-13 19:19:11.328,39.245,0.547,39.262,1.816,1.269
2026-05-13 19:19:11.363,39.245,0.547,39.262,1.816,1.269
2026-05-13 19:19:11.397,39.245,0.547,39.262,1.816,1.269
2026-05-13 19:19:11.430,39.245,0.547,39.262,1.816,1.269
2026-05-13 19:19:11.465,39.245,0.547,39.262,1.816,1.269
2026-05-13 19:19:11.517,39.245,0.547,39.262,1.816,1.269
2026-05-13 19:19:11.563,39.245,0.547,39.262,1.816,1.269
2026-05-13 19:19:11.585,39.245,0.547,39.262,1.816,1.269
2026-05-13 19:19:11.609,39.245,0.547,39.262,1.816,1.269
2026-05-13 19:19:11.642,39.245,0.547,39.262,1.816,1.269
2026-05-13 19:19:11.673,39.245,0.547,39.262,1.816,1.269
2026-05-13 19:19:11.705,39.245,0.547,39.262,1.816,1.269
2026-05-13 19:19:11.737,39.245,0.547,39.262,1.816,1.269
2026-05-13 19:19:11.763,39.245,0.547,39.262,1.816,1.269
2026-05-13 19:19:11.797,39.471,0.527,39.489,1.813,1.286
2026-05-13 19:19:11.831,39.471,0.527,39.489,1.813,1.286
2026-05-13 19:19:11.863,39.471,0.527,39.489,1.813,1.286
2026-05-13 19:19:11.917,39.471,0.527,39.489,1.813,1.286
2026-05-13 19:19:11.963,39.471,0.527,39.489,1.813,1.286
2026-05-13 19:19:11.994,39.471,0.527,39.489,1.813,1.286
2026-05-13 19:19:12.026,39.471,0.527,39.489,1.813,1.286
2026-05-13 19:19:12.050,39.471,0.527,39.489,1.813,1.286
2026-05-13 19:19:12.095,39.471,0.527,39.489,1.813,1.286
2026-05-13 19:19:12.127,39.471,0.527,39.489,1.813,1.286
2026-05-13 19:19:12.174,39.471,0.527,39.489,1.813,1.286
2026-05-13 19:19:12.212,39.471,0.527,39.489,1.813,1.286
2026-05-13 19:19:12.244,39.696,0.508,39.713,1.81,1.302
2026-05-13 19:19:12.282,39.696,0.508,39.713,1.81,1.302
2026-05-13 19:19:12.315,39.696,0.508,39.713,1.81,1.302
2026-05-13 19:19:12.347,39.696,0.508,39.713,1.81,1.302
2026-05-13 19:19:12.386,39.696,0.508,39.713,1.81,1.302
2026-05-13 19:19:12.415,39.696,0.508,39.713,1.81,1.302
2026-05-13 19:19:12.445,39.696,0.508,39.713,1.81,1.302
2026-05-13 19:19:12.477,39.696,0.508,39.713,1.81,1.302
2026-05-13 19:19:12.508,39.696,0.508,39.713,1.81,1.302
2026-05-13 19:19:12.530,39.696,0.508,39.713,1.81,1.302
2026-05-13 19:19:12.562,39.696,0.508,39.713,1.81,1.302
2026-05-13 19:19:12.589,39.696,0.508,39.713,1.81,1.302
2026-05-13 19:19:12.613,39.696,0.508,39.713,1.81,1.302
2026-05-13 19:19:12.645,39.696,0.508,39.713,1.81,1.302
2026-05-13 19:19:12.677,39.696,0.508,39.713,1.81,1.302
2026-05-13 19:19:12.714,39.922,0.487,39.94,1.807,1.32
2026-05-13 19:19:12.748,39.922,0.487,39.94,1.807,1.32
2026-05-13 19:19:12.788,39.922,0.487,39.94,1.807,1.32
2026-05-13 19:19:12.829,39.922,0.487,39.94,1.807,1.32
2026-05-13 19:19:12.865,39.922,0.487,39.94,1.807,1.32

Avg error: 0.270m | Max error: 1.320m
