time,actual_x,actual_y,plan_x,plan_y,error_m
2026-05-13 19:29:53.339,39.967,1.717,39.967,1.717,0.001
2026-05-13 19:29:53.365,39.967,1.717,39.967,1.717,0.001
2026-05-13 19:29:53.385,39.967,1.717,39.967,1.717,0.001
2026-05-13 19:29:53.425,39.967,1.717,39.967,1.717,0.001
2026-05-13 19:29:53.445,39.967,1.717,39.967,1.717,0.001
2026-05-13 19:29:53.485,39.967,1.717,39.967,1.717,0.001
2026-05-13 19:29:53.525,39.967,1.717,39.967,1.717,0.001
2026-05-13 19:29:53.565,39.967,1.717,39.967,1.717,0.001
2026-05-13 19:29:53.586,39.967,1.717,39.967,1.717,0.001
2026-05-13 19:29:53.606,39.967,1.717,39.967,1.717,0.001
2026-05-13 19:29:53.645,39.967,1.717,39.967,1.717,0.001
2026-05-13 19:29:53.666,39.967,1.717,39.967,1.717,0.001
2026-05-13 19:29:53.686,39.967,1.717,39.967,1.717,0.001
2026-05-13 19:29:53.725,39.967,1.717,39.967,1.717,0.001
2026-05-13 19:29:53.765,39.967,1.717,39.967,1.717,0.001
2026-05-13 19:29:53.785,39.967,1.717,39.967,1.717,0.001
2026-05-13 19:29:53.805,39.967,1.717,39.967,1.717,0.001
2026-05-13 19:29:53.845,39.967,1.717,39.967,1.717,0.001
2026-05-13 19:29:53.885,39.88,1.71,39.967,1.717,0.087
2026-05-13 19:29:53.905,39.88,1.71,39.967,1.717,0.087
2026-05-13 19:29:53.925,39.88,1.71,39.967,1.717,0.087
2026-05-13 19:29:53.965,39.88,1.71,39.967,1.717,0.087
2026-05-13 19:29:53.985,39.88,1.71,39.967,1.717,0.087
2026-05-13 19:29:54.006,39.88,1.71,39.967,1.717,0.087
2026-05-13 19:29:54.045,39.88,1.71,39.967,1.717,0.087
2026-05-13 19:29:54.066,39.88,1.71,39.967,1.717,0.087
2026-05-13 19:29:54.106,39.88,1.71,39.967,1.717,0.087
2026-05-13 19:29:54.146,39.88,1.71,39.967,1.717,0.087
2026-05-13 19:29:54.166,39.88,1.71,39.967,1.717,0.087
2026-05-13 19:29:54.205,39.88,1.71,39.967,1.717,0.087
2026-05-13 19:29:54.225,39.88,1.71,39.967,1.717,0.087
2026-05-13 19:29:54.246,39.88,1.71,39.967,1.717,0.087
2026-05-13 19:29:54.285,39.88,1.71,39.967,1.717,0.087
2026-05-13 19:29:54.325,39.88,1.71,39.967,1.717,0.087
2026-05-13 19:29:54.346,39.88,1.71,39.967,1.717,0.087
2026-05-13 19:29:54.385,39.718,1.705,39.967,1.717,0.25
2026-05-13 19:29:54.405,39.718,1.705,39.967,1.717,0.25
2026-05-13 19:29:54.463,39.718,1.705,39.967,1.717,0.25
2026-05-13 19:29:54.540,39.718,1.705,39.967,1.717,0.25
2026-05-13 19:29:54.654,39.718,1.705,39.967,1.717,0.25
2026-05-13 19:29:54.686,39.718,1.705,39.967,1.717,0.25
2026-05-13 19:29:54.792,39.718,1.705,39.967,1.717,0.25
2026-05-13 19:29:54.864,39.718,1.705,39.967,1.717,0.25
2026-05-13 19:29:54.921,39.718,1.705,39.967,1.717,0.25
2026-05-13 19:29:54.974,39.478,1.688,39.967,1.717,0.49
2026-05-13 19:29:55.013,39.478,1.688,39.967,1.717,0.49
2026-05-13 19:29:55.045,39.478,1.688,39.967,1.717,0.49
2026-05-13 19:29:55.070,39.478,1.688,39.967,1.717,0.49
2026-05-13 19:29:55.101,39.478,1.688,39.967,1.717,0.49
2026-05-13 19:29:55.131,39.478,1.688,39.967,1.717,0.49
2026-05-13 19:29:55.165,39.478,1.688,39.967,1.717,0.49
2026-05-13 19:29:55.185,39.478,1.688,39.967,1.717,0.49
2026-05-13 19:29:55.206,39.478,1.688,39.967,1.717,0.49
2026-05-13 19:29:55.245,39.478,1.688,39.967,1.717,0.49
2026-05-13 19:29:55.266,39.478,1.688,39.967,1.717,0.49
2026-05-13 19:29:55.287,39.478,1.688,39.967,1.717,0.49
2026-05-13 19:29:55.325,39.478,1.688,39.967,1.717,0.49
2026-05-13 19:29:55.345,39.478,1.688,39.967,1.717,0.49
2026-05-13 19:29:55.385,39.178,1.658,39.967,1.717,0.791
2026-05-13 19:29:55.405,39.178,1.658,39.967,1.717,0.791
2026-05-13 19:29:55.425,39.178,1.658,39.967,1.717,0.791
2026-05-13 19:29:55.445,39.178,1.658,39.967,1.717,0.791
2026-05-13 19:29:55.466,39.178,1.658,39.967,1.717,0.791
2026-05-13 19:29:55.505,39.178,1.658,39.967,1.717,0.791
2026-05-13 19:29:55.545,39.178,1.658,39.967,1.717,0.791
2026-05-13 19:29:55.566,39.178,1.658,39.967,1.717,0.791
2026-05-13 19:29:55.586,39.178,1.658,39.967,1.717,0.791
2026-05-13 19:29:55.625,39.178,1.658,39.967,1.717,0.791
2026-05-13 19:29:55.645,39.178,1.658,39.967,1.717,0.791
2026-05-13 19:29:55.685,39.178,1.658,39.967,1.717,0.791
2026-05-13 19:29:55.705,39.178,1.658,39.967,1.717,0.791
2026-05-13 19:29:55.725,39.178,1.658,39.967,1.717,0.791
2026-05-13 19:29:55.745,39.178,1.658,39.967,1.717,0.791
2026-05-13 19:29:55.765,39.178,1.658,39.967,1.717,0.791
2026-05-13 19:29:55.805,39.178,1.658,39.967,1.717,0.791
2026-05-13 19:29:55.845,39.178,1.658,39.967,1.717,0.791
2026-05-13 19:29:55.865,38.885,1.652,39.967,1.717,1.084
2026-05-13 19:29:55.906,38.885,1.652,39.967,1.717,1.084
2026-05-13 19:29:55.945,38.885,1.652,39.967,1.717,1.084
2026-05-13 19:29:55.965,38.885,1.652,39.967,1.717,1.084
2026-05-13 19:29:55.986,38.885,1.652,39.967,1.717,1.084
2026-05-13 19:29:56.025,38.885,1.652,39.967,1.717,1.084
2026-05-13 19:29:56.066,38.885,1.652,39.967,1.717,1.084
2026-05-13 19:29:56.105,38.885,1.652,39.967,1.717,1.084
2026-05-13 19:29:56.145,38.885,1.652,39.967,1.717,1.084
2026-05-13 19:29:56.186,38.885,1.652,39.967,1.717,1.084
2026-05-13 19:29:56.226,38.885,1.652,39.967,1.717,1.084
2026-05-13 19:29:56.265,38.885,1.652,39.967,1.717,1.084
2026-05-13 19:29:56.305,38.885,1.652,39.967,1.717,1.084
2026-05-13 19:29:56.325,38.885,1.652,39.967,1.717,1.084
2026-05-13 19:29:56.346,38.885,1.652,39.967,1.717,1.084
2026-05-13 19:29:56.385,38.885,1.652,39.967,1.717,1.084
2026-05-13 19:29:56.405,38.639,1.699,39.967,1.717,1.328
2026-05-13 19:29:56.425,38.639,1.699,39.967,1.717,1.328
2026-05-13 19:29:56.465,38.639,1.699,39.967,1.717,1.328
2026-05-13 19:29:56.485,38.639,1.699,39.967,1.717,1.328
2026-05-13 19:29:56.506,38.639,1.699,39.967,1.717,1.328
2026-05-13 19:29:56.545,38.639,1.699,39.967,1.717,1.328
2026-05-13 19:29:56.585,38.639,1.699,39.967,1.717,1.328
2026-05-13 19:29:56.605,38.639,1.699,39.967,1.717,1.328
2026-05-13 19:29:56.626,38.639,1.699,39.967,1.717,1.328
2026-05-13 19:29:56.665,38.639,1.699,39.967,1.717,1.328
2026-05-13 19:29:56.705,38.639,1.699,39.967,1.717,1.328
2026-05-13 19:29:56.745,38.639,1.699,39.967,1.717,1.328
2026-05-13 19:29:56.786,38.639,1.699,39.967,1.717,1.328
2026-05-13 19:29:56.826,38.417,1.737,39.967,1.717,1.55
2026-05-13 19:29:56.866,38.417,1.737,39.967,1.717,1.55
2026-05-13 19:29:56.886,38.417,1.737,39.967,1.717,1.55
2026-05-13 19:29:56.925,38.417,1.737,39.967,1.717,1.55
2026-05-13 19:29:56.965,38.417,1.737,39.967,1.717,1.55
2026-05-13 19:29:56.986,38.417,1.737,39.967,1.717,1.55
2026-05-13 19:29:57.025,38.417,1.737,39.967,1.717,1.55
2026-05-13 19:29:57.046,38.417,1.737,39.967,1.717,1.55
2026-05-13 19:29:57.085,38.417,1.737,39.967,1.717,1.55
2026-05-13 19:29:57.105,38.417,1.737,39.967,1.717,1.55
2026-05-13 19:29:57.145,38.417,1.737,39.967,1.717,1.55
2026-05-13 19:29:57.165,38.417,1.737,39.967,1.717,1.55
2026-05-13 19:29:57.186,38.417,1.737,39.967,1.717,1.55
2026-05-13 19:29:57.225,38.417,1.737,39.967,1.717,1.55
2026-05-13 19:29:57.245,38.417,1.737,39.967,1.717,1.55
2026-05-13 19:29:57.272,38.417,1.737,39.967,1.717,1.55
2026-05-13 19:29:57.305,38.417,1.737,39.967,1.717,1.55
2026-05-13 19:29:57.345,38.417,1.737,39.967,1.717,1.55
2026-05-13 19:29:57.385,38.417,1.737,39.967,1.717,1.55
2026-05-13 19:29:57.425,38.417,1.737,39.967,1.717,1.55
2026-05-13 19:29:57.446,38.229,1.753,39.967,1.717,1.739
2026-05-13 19:29:57.485,38.229,1.753,39.967,1.717,1.739
2026-05-13 19:29:57.505,38.229,1.753,39.967,1.717,1.739
2026-05-13 19:29:57.545,38.229,1.753,39.967,1.717,1.739
2026-05-13 19:29:57.565,38.229,1.753,39.967,1.717,1.739
2026-05-13 19:29:57.586,38.229,1.753,39.967,1.717,1.739
2026-05-13 19:29:57.625,38.229,1.753,39.967,1.717,1.739
2026-05-13 19:29:57.665,38.229,1.753,39.967,1.717,1.739
2026-05-13 19:29:57.686,38.229,1.753,39.967,1.717,1.739
2026-05-13 19:29:57.725,38.229,1.753,39.967,1.717,1.739
2026-05-13 19:29:57.745,38.229,1.753,39.967,1.717,1.739
2026-05-13 19:29:57.785,38.229,1.753,39.967,1.717,1.739
2026-05-13 19:29:57.805,38.229,1.753,39.967,1.717,1.739
2026-05-13 19:29:57.845,38.229,1.753,39.967,1.717,1.739
2026-05-13 19:29:57.865,38.229,1.753,39.967,1.717,1.739
2026-05-13 19:29:57.886,38.229,1.753,39.967,1.717,1.739
2026-05-13 19:29:57.926,38.229,1.753,39.967,1.717,1.739
2026-05-13 19:29:57.964,38.065,1.766,39.967,1.717,1.903
2026-05-13 19:29:58.020,38.065,1.766,39.967,1.717,1.903
2026-05-13 19:29:58.045,38.065,1.766,39.967,1.717,1.903
2026-05-13 19:29:58.109,38.065,1.766,39.967,1.717,1.903
2026-05-13 19:29:58.174,38.065,1.766,39.967,1.717,1.903
2026-05-13 19:29:58.205,38.065,1.766,39.967,1.717,1.903
2026-05-13 19:29:58.245,38.065,1.766,39.967,1.717,1.903
2026-05-13 19:29:58.283,38.065,1.766,39.967,1.717,1.903
2026-05-13 19:29:58.305,38.065,1.766,39.967,1.717,1.903
2026-05-13 19:29:58.328,38.065,1.766,39.967,1.717,1.903
2026-05-13 19:29:58.365,38.065,1.766,39.967,1.717,1.903
2026-05-13 19:29:58.401,38.065,1.766,39.967,1.717,1.903
2026-05-13 19:29:58.423,38.065,1.766,39.967,1.717,1.903
2026-05-13 19:29:58.464,38.065,1.766,39.967,1.717,1.903
2026-05-13 19:29:58.485,38.065,1.766,39.967,1.717,1.903
2026-05-13 19:29:58.525,37.92,1.783,39.967,1.717,2.048
2026-05-13 19:29:58.565,37.92,1.783,39.967,1.717,2.048
2026-05-13 19:29:58.585,37.92,1.783,39.967,1.717,2.048
2026-05-13 19:29:58.625,37.92,1.783,39.967,1.717,2.048
2026-05-13 19:29:58.646,37.92,1.783,39.967,1.717,2.048
2026-05-13 19:29:58.685,37.92,1.783,39.967,1.717,2.048
2026-05-13 19:29:58.705,37.92,1.783,39.967,1.717,2.048
2026-05-13 19:29:58.726,37.92,1.783,39.967,1.717,2.048
2026-05-13 19:29:58.765,37.92,1.783,39.967,1.717,2.048
2026-05-13 19:29:58.786,37.92,1.783,39.967,1.717,2.048
2026-05-13 19:29:58.825,37.92,1.783,39.967,1.717,2.048
2026-05-13 19:29:58.845,37.92,1.783,39.967,1.717,2.048
2026-05-13 19:29:58.865,37.92,1.783,39.967,1.717,2.048
2026-05-13 19:29:58.905,37.769,1.799,39.967,1.717,2.2
2026-05-13 19:29:58.925,37.769,1.799,39.967,1.717,2.2
2026-05-13 19:29:58.945,37.769,1.799,39.967,1.717,2.2
2026-05-13 19:29:58.986,37.769,1.799,39.967,1.717,2.2
2026-05-13 19:29:59.025,37.769,1.799,39.967,1.717,2.2
2026-05-13 19:29:59.045,37.769,1.799,39.967,1.717,2.2
2026-05-13 19:29:59.066,37.769,1.799,39.967,1.717,2.2
2026-05-13 19:29:59.105,37.769,1.799,39.967,1.717,2.2
2026-05-13 19:29:59.145,37.769,1.799,39.967,1.717,2.2
2026-05-13 19:29:59.185,37.769,1.799,39.967,1.717,2.2
2026-05-13 19:29:59.225,37.769,1.799,39.967,1.717,2.2
2026-05-13 19:29:59.245,37.769,1.799,39.967,1.717,2.2
2026-05-13 19:29:59.286,37.769,1.799,39.967,1.717,2.2
2026-05-13 19:29:59.326,37.769,1.799,39.967,1.717,2.2
2026-05-13 19:29:59.366,37.769,1.799,39.967,1.717,2.2
2026-05-13 19:29:59.405,37.769,1.799,39.967,1.717,2.2
2026-05-13 19:29:59.445,37.769,1.799,39.967,1.717,2.2
2026-05-13 19:29:59.465,37.769,1.799,39.967,1.717,2.2
2026-05-13 19:29:59.485,37.769,1.799,39.967,1.717,2.2
2026-05-13 19:29:59.525,37.769,1.799,39.967,1.717,2.2
2026-05-13 19:29:59.546,37.603,1.808,39.967,1.717,2.366
2026-05-13 19:29:59.586,37.603,1.808,39.967,1.717,2.366
2026-05-13 19:29:59.625,37.603,1.808,39.967,1.717,2.366
2026-05-13 19:29:59.645,37.603,1.808,39.967,1.717,2.366
2026-05-13 19:29:59.685,37.603,1.808,39.967,1.717,2.366
2026-05-13 19:29:59.705,37.603,1.808,39.967,1.717,2.366
2026-05-13 19:29:59.726,37.603,1.808,39.967,1.717,2.366
2026-05-13 19:29:59.765,37.603,1.808,39.967,1.717,2.366
2026-05-13 19:29:59.785,37.603,1.808,39.967,1.717,2.366
2026-05-13 19:29:59.825,37.603,1.808,39.967,1.717,2.366
2026-05-13 19:29:59.846,37.603,1.808,39.967,1.717,2.366
2026-05-13 19:29:59.885,37.603,1.808,39.967,1.717,2.366
2026-05-13 19:29:59.925,37.369,1.822,39.967,1.717,2.6
2026-05-13 19:29:59.965,37.369,1.822,39.967,1.717,2.6
2026-05-13 19:29:59.985,37.369,1.822,39.967,1.717,2.6
2026-05-13 19:30:00.006,37.369,1.822,39.967,1.717,2.6
2026-05-13 19:30:00.045,37.369,1.822,39.967,1.717,2.6
2026-05-13 19:30:00.085,37.369,1.822,39.967,1.717,2.6
2026-05-13 19:30:00.126,37.369,1.822,39.967,1.717,2.6
2026-05-13 19:30:00.165,37.369,1.822,39.967,1.717,2.6
2026-05-13 19:30:00.205,37.369,1.822,39.967,1.717,2.6
2026-05-13 19:30:00.245,37.369,1.822,39.967,1.717,2.6
2026-05-13 19:30:00.265,37.369,1.822,39.967,1.717,2.6
2026-05-13 19:30:00.285,37.369,1.822,39.967,1.717,2.6
2026-05-13 19:30:00.325,37.369,1.822,39.967,1.717,2.6
2026-05-13 19:30:00.345,37.369,1.822,39.967,1.717,2.6
2026-05-13 19:30:00.385,37.369,1.822,39.967,1.717,2.6
2026-05-13 19:30:00.425,37.369,1.822,39.967,1.717,2.6
2026-05-13 19:30:00.445,37.369,1.822,39.967,1.717,2.6
2026-05-13 19:30:00.465,37.369,1.822,39.967,1.717,2.6
2026-05-13 19:30:00.507,37.056,1.84,39.967,1.717,2.913
2026-05-13 19:30:00.545,37.056,1.84,39.967,1.717,2.913
2026-05-13 19:30:00.565,37.056,1.84,39.967,1.717,2.913
2026-05-13 19:30:00.605,37.056,1.84,39.967,1.717,2.913
2026-05-13 19:30:00.646,37.056,1.84,39.967,1.717,2.913
2026-05-13 19:30:00.666,37.056,1.84,39.967,1.717,2.913
2026-05-13 19:30:00.705,37.056,1.84,39.967,1.717,2.913
2026-05-13 19:30:00.745,37.056,1.84,39.967,1.717,2.913
2026-05-13 19:30:00.766,37.056,1.84,39.967,1.717,2.913
2026-05-13 19:30:00.805,37.056,1.84,39.967,1.717,2.913
2026-05-13 19:30:00.845,37.056,1.84,39.967,1.717,2.913
2026-05-13 19:30:00.865,36.695,1.849,39.967,1.717,3.274
2026-05-13 19:30:00.886,36.695,1.849,39.967,1.717,3.274
2026-05-13 19:30:00.926,36.695,1.849,39.967,1.717,3.274
2026-05-13 19:30:00.966,36.695,1.849,39.967,1.717,3.274
2026-05-13 19:30:01.005,36.695,1.849,39.967,1.717,3.274
2026-05-13 19:30:01.025,36.695,1.849,39.967,1.717,3.274
2026-05-13 19:30:01.046,36.695,1.849,39.967,1.717,3.274
2026-05-13 19:30:01.086,36.695,1.849,39.967,1.717,3.274
2026-05-13 19:30:01.106,36.695,1.849,39.967,1.717,3.274
2026-05-13 19:30:01.145,36.695,1.849,39.967,1.717,3.274
2026-05-13 19:30:01.185,36.695,1.849,39.967,1.717,3.274
2026-05-13 19:30:01.205,36.695,1.849,39.967,1.717,3.274
2026-05-13 19:30:01.245,36.695,1.849,39.967,1.717,3.274
2026-05-13 19:30:01.286,36.695,1.849,39.967,1.717,3.274
2026-05-13 19:30:01.325,36.695,1.849,39.967,1.717,3.274
2026-05-13 19:30:01.345,36.695,1.849,39.967,1.717,3.274
2026-05-13 19:30:01.385,36.695,1.849,39.967,1.717,3.274
2026-05-13 19:30:01.406,36.695,1.849,39.967,1.717,3.274
2026-05-13 19:30:01.445,36.319,1.848,39.967,1.717,3.651
2026-05-13 19:30:01.486,36.319,1.848,39.967,1.717,3.651
2026-05-13 19:30:01.525,36.319,1.848,39.967,1.717,3.651
2026-05-13 19:30:01.545,36.319,1.848,39.967,1.717,3.651
2026-05-13 19:30:01.582,36.319,1.848,39.967,1.717,3.651
2026-05-13 19:30:01.611,36.319,1.848,39.967,1.717,3.651
2026-05-13 19:30:01.649,36.319,1.848,39.967,1.717,3.651
2026-05-13 19:30:01.669,36.319,1.848,39.967,1.717,3.651
2026-05-13 19:30:01.703,36.319,1.848,39.967,1.717,3.651
2026-05-13 19:30:01.736,36.319,1.848,39.967,1.717,3.651
2026-05-13 19:30:01.765,36.319,1.848,39.967,1.717,3.651
2026-05-13 19:30:01.785,36.319,1.848,39.967,1.717,3.651
2026-05-13 19:30:01.825,36.319,1.848,39.967,1.717,3.651
2026-05-13 19:30:01.861,36.319,1.848,39.967,1.717,3.651
2026-05-13 19:30:01.885,36.319,1.848,39.967,1.717,3.651
2026-05-13 19:30:01.905,36.319,1.848,39.967,1.717,3.651
2026-05-13 19:30:01.945,36.319,1.848,39.967,1.717,3.651
2026-05-13 19:30:01.987,35.929,1.865,39.967,1.717,4.041
2026-05-13 19:30:02.025,35.929,1.865,39.967,1.717,4.041
2026-05-13 19:30:02.065,35.929,1.865,39.967,1.717,4.041
2026-05-13 19:30:02.105,35.929,1.865,39.967,1.717,4.041
2026-05-13 19:30:02.145,35.929,1.865,39.967,1.717,4.041
2026-05-13 19:30:02.185,35.929,1.865,39.967,1.717,4.041
2026-05-13 19:30:02.225,35.929,1.865,39.967,1.717,4.041
2026-05-13 19:30:02.245,35.929,1.865,39.967,1.717,4.041
2026-05-13 19:30:02.285,35.929,1.865,39.967,1.717,4.041
2026-05-13 19:30:02.325,35.929,1.865,39.967,1.717,4.041
2026-05-13 19:30:02.345,35.929,1.865,39.967,1.717,4.041
2026-05-13 19:30:02.366,35.929,1.865,39.967,1.717,4.041
2026-05-13 19:30:02.405,35.929,1.865,39.967,1.717,4.041
2026-05-13 19:30:02.427,35.62,1.865,39.967,1.717,4.35
2026-05-13 19:30:02.465,35.62,1.865,39.967,1.717,4.35
2026-05-13 19:30:02.485,35.62,1.865,39.967,1.717,4.35
2026-05-13 19:30:02.506,35.62,1.865,39.967,1.717,4.35
2026-05-13 19:30:02.545,35.62,1.865,39.967,1.717,4.35
2026-05-13 19:30:02.565,35.62,1.865,39.967,1.717,4.35
2026-05-13 19:30:02.585,35.62,1.865,39.967,1.717,4.35
2026-05-13 19:30:02.626,35.62,1.865,39.967,1.717,4.35
2026-05-13 19:30:02.666,35.62,1.865,39.967,1.717,4.35
2026-05-13 19:30:02.705,35.62,1.865,39.967,1.717,4.35
2026-05-13 19:30:02.745,35.62,1.865,39.967,1.717,4.35
2026-05-13 19:30:02.785,35.62,1.865,39.967,1.717,4.35
2026-05-13 19:30:02.805,35.62,1.865,39.967,1.717,4.35
2026-05-13 19:30:02.825,35.62,1.865,39.967,1.717,4.35
2026-05-13 19:30:02.865,35.62,1.865,39.967,1.717,4.35
2026-05-13 19:30:02.905,35.233,1.84,39.967,1.717,4.735
2026-05-13 19:30:02.925,35.233,1.84,39.967,1.717,4.735
2026-05-13 19:30:02.966,35.233,1.84,39.967,1.717,4.735
2026-05-13 19:30:03.005,35.233,1.84,39.967,1.717,4.735
2026-05-13 19:30:03.025,35.233,1.84,39.967,1.717,4.735
2026-05-13 19:30:03.045,35.233,1.84,39.967,1.717,4.735
2026-05-13 19:30:03.085,35.233,1.84,39.967,1.717,4.735
2026-05-13 19:30:03.106,35.233,1.84,39.967,1.717,4.735
2026-05-13 19:30:03.145,35.233,1.84,39.967,1.717,4.735
2026-05-13 19:30:03.185,35.233,1.84,39.967,1.717,4.735
2026-05-13 19:30:03.225,35.233,1.84,39.967,1.717,4.735
2026-05-13 19:30:03.245,35.233,1.84,39.967,1.717,4.735
2026-05-13 19:30:03.265,35.233,1.84,39.967,1.717,4.735
2026-05-13 19:30:03.286,35.233,1.84,39.967,1.717,4.735
2026-05-13 19:30:03.326,35.233,1.84,39.967,1.717,4.735
2026-05-13 19:30:03.365,35.233,1.84,39.967,1.717,4.735
2026-05-13 19:30:03.385,35.233,1.84,39.967,1.717,4.735
2026-05-13 19:30:03.405,35.233,1.84,39.967,1.717,4.735
2026-05-13 19:30:03.425,35.233,1.84,39.967,1.717,4.735
2026-05-13 19:30:03.465,35.233,1.84,39.967,1.717,4.735
2026-05-13 19:30:03.505,35.233,1.84,39.967,1.717,4.735
2026-05-13 19:30:03.545,35.233,1.84,39.967,1.717,4.735
2026-05-13 19:30:03.586,35.233,1.84,39.967,1.717,4.735
2026-05-13 19:30:03.625,35.233,1.84,39.967,1.717,4.735
2026-05-13 19:30:03.645,35.233,1.84,39.967,1.717,4.735
2026-05-13 19:30:03.685,35.233,1.84,39.967,1.717,4.735
2026-05-13 19:30:03.706,35.233,1.84,39.967,1.717,4.735
2026-05-13 19:30:03.746,35.233,1.84,39.967,1.717,4.735
2026-05-13 19:30:03.786,34.882,1.821,39.967,1.717,5.086
2026-05-13 19:30:03.807,34.882,1.821,39.967,1.717,5.086
2026-05-13 19:30:03.846,34.882,1.821,39.967,1.717,5.086
2026-05-13 19:30:03.885,34.882,1.821,39.967,1.717,5.086
2026-05-13 19:30:03.928,34.558,1.809,39.967,1.717,5.41
2026-05-13 19:30:03.966,34.558,1.809,39.967,1.717,5.41
2026-05-13 19:30:03.998,34.558,1.809,39.967,1.717,5.41
2026-05-13 19:30:04.025,34.558,1.809,39.967,1.717,5.41
2026-05-13 19:30:04.045,34.558,1.809,39.967,1.717,5.41
2026-05-13 19:30:04.066,34.558,1.809,39.967,1.717,5.41
2026-05-13 19:30:04.105,34.558,1.809,39.967,1.717,5.41
2026-05-13 19:30:04.145,34.558,1.809,39.967,1.717,5.41
2026-05-13 19:30:04.165,34.558,1.809,39.967,1.717,5.41
2026-05-13 19:30:04.186,34.558,1.809,39.967,1.717,5.41
2026-05-13 19:30:04.225,34.558,1.809,39.967,1.717,5.41
2026-05-13 19:30:04.245,34.558,1.809,39.967,1.717,5.41
2026-05-13 19:30:04.285,34.558,1.809,39.967,1.717,5.41
2026-05-13 19:30:04.305,34.558,1.809,39.967,1.717,5.41
2026-05-13 19:30:04.326,34.558,1.809,39.967,1.717,5.41
2026-05-13 19:30:04.365,34.558,1.809,39.967,1.717,5.41
2026-05-13 19:30:04.385,34.558,1.809,39.967,1.717,5.41
2026-05-13 19:30:04.406,34.558,1.809,39.967,1.717,5.41
2026-05-13 19:30:04.445,34.558,1.809,39.967,1.717,5.41
2026-05-13 19:30:04.465,34.558,1.809,39.967,1.717,5.41
2026-05-13 19:30:04.486,34.558,1.809,39.967,1.717,5.41
2026-05-13 19:30:04.525,34.261,1.801,39.967,1.717,5.707
2026-05-13 19:30:04.546,34.261,1.801,39.967,1.717,5.707
2026-05-13 19:30:04.585,34.261,1.801,39.967,1.717,5.707
2026-05-13 19:30:04.606,34.261,1.801,39.967,1.717,5.707
2026-05-13 19:30:04.646,34.261,1.801,39.967,1.717,5.707
2026-05-13 19:30:04.666,34.261,1.801,39.967,1.717,5.707
2026-05-13 19:30:04.705,34.261,1.801,39.967,1.717,5.707
2026-05-13 19:30:04.739,34.261,1.801,39.967,1.717,5.707
2026-05-13 19:30:04.782,34.261,1.801,39.967,1.717,5.707
2026-05-13 19:30:04.803,34.261,1.801,39.967,1.717,5.707
2026-05-13 19:30:04.837,34.261,1.801,39.967,1.717,5.707
2026-05-13 19:30:04.862,34.261,1.801,39.967,1.717,5.707
2026-05-13 19:30:04.885,34.261,1.801,39.967,1.717,5.707
2026-05-13 19:30:04.910,34.261,1.801,39.967,1.717,5.707
2026-05-13 19:30:04.935,33.986,1.793,39.967,1.717,5.981
2026-05-13 19:30:04.958,33.986,1.793,39.967,1.717,5.981
2026-05-13 19:30:04.985,33.986,1.793,39.967,1.717,5.981
2026-05-13 19:30:05.005,33.986,1.793,39.967,1.717,5.981
2026-05-13 19:30:05.045,33.986,1.793,39.967,1.717,5.981
2026-05-13 19:30:05.065,33.986,1.793,39.967,1.717,5.981
2026-05-13 19:30:05.086,33.986,1.793,39.967,1.717,5.981
2026-05-13 19:30:05.152,33.986,1.793,39.967,1.717,5.981
2026-05-13 19:30:05.180,33.986,1.793,39.967,1.717,5.981
2026-05-13 19:30:05.205,33.986,1.793,39.967,1.717,5.981
2026-05-13 19:30:05.225,33.986,1.793,39.967,1.717,5.981
2026-05-13 19:30:05.245,33.986,1.793,39.967,1.717,5.981
2026-05-13 19:30:05.266,33.986,1.793,39.967,1.717,5.981
2026-05-13 19:30:05.305,33.986,1.793,39.967,1.717,5.981
2026-05-13 19:30:05.345,33.986,1.793,39.967,1.717,5.981
2026-05-13 19:30:05.385,33.986,1.793,39.967,1.717,5.981
2026-05-13 19:30:05.405,33.986,1.793,39.967,1.717,5.981
2026-05-13 19:30:05.425,33.986,1.793,39.967,1.717,5.981
2026-05-13 19:30:05.466,33.986,1.793,39.967,1.717,5.981
2026-05-13 19:30:05.505,33.986,1.793,39.967,1.717,5.981
2026-05-13 19:30:05.526,33.736,1.785,39.967,1.717,6.231
2026-05-13 19:30:05.565,33.736,1.785,39.967,1.717,6.231
2026-05-13 19:30:05.586,33.736,1.785,39.967,1.717,6.231
2026-05-13 19:30:05.625,33.736,1.785,39.967,1.717,6.231
2026-05-13 19:30:05.665,33.736,1.785,39.967,1.717,6.231
2026-05-13 19:30:05.685,33.736,1.785,39.967,1.717,6.231
2026-05-13 19:30:05.725,33.736,1.785,39.967,1.717,6.231
2026-05-13 19:30:05.765,33.736,1.785,39.967,1.717,6.231
2026-05-13 19:30:05.805,33.736,1.785,39.967,1.717,6.231
2026-05-13 19:30:05.825,33.736,1.785,39.967,1.717,6.231
2026-05-13 19:30:05.845,33.736,1.785,39.967,1.717,6.231
2026-05-13 19:30:05.885,33.736,1.785,39.967,1.717,6.231
2026-05-13 19:30:05.905,33.509,1.781,39.967,1.717,6.459
2026-05-13 19:30:05.925,33.509,1.781,39.967,1.717,6.459
2026-05-13 19:30:05.965,33.509,1.781,39.967,1.717,6.459
2026-05-13 19:30:05.985,33.509,1.781,39.967,1.717,6.459
2026-05-13 19:30:06.006,33.509,1.781,39.967,1.717,6.459
2026-05-13 19:30:06.045,33.509,1.781,39.967,1.717,6.459
2026-05-13 19:30:06.065,33.509,1.781,39.967,1.717,6.459
2026-05-13 19:30:06.105,33.509,1.781,39.967,1.717,6.459
2026-05-13 19:30:06.125,33.509,1.781,39.967,1.717,6.459
2026-05-13 19:30:06.165,33.509,1.781,39.967,1.717,6.459
2026-05-13 19:30:06.205,33.509,1.781,39.967,1.717,6.459
2026-05-13 19:30:06.225,33.509,1.781,39.967,1.717,6.459
2026-05-13 19:30:06.265,33.509,1.781,39.967,1.717,6.459
2026-05-13 19:30:06.285,33.509,1.781,39.967,1.717,6.459
2026-05-13 19:30:06.325,33.509,1.781,39.967,1.717,6.459
2026-05-13 19:30:06.345,33.509,1.781,39.967,1.717,6.459
2026-05-13 19:30:06.385,33.509,1.781,39.967,1.717,6.459
2026-05-13 19:30:06.405,33.299,1.78,39.967,1.717,6.668
2026-05-13 19:30:06.426,33.299,1.78,39.967,1.717,6.668
2026-05-13 19:30:06.466,33.299,1.78,39.967,1.717,6.668
2026-05-13 19:30:06.505,33.299,1.78,39.967,1.717,6.668
2026-05-13 19:30:06.525,33.299,1.78,39.967,1.717,6.668
2026-05-13 19:30:06.546,33.299,1.78,39.967,1.717,6.668
2026-05-13 19:30:06.585,33.299,1.78,39.967,1.717,6.668
2026-05-13 19:30:06.605,33.299,1.78,39.967,1.717,6.668
2026-05-13 19:30:06.646,33.299,1.78,39.967,1.717,6.668
2026-05-13 19:30:06.666,33.299,1.78,39.967,1.717,6.668
2026-05-13 19:30:06.705,33.299,1.78,39.967,1.717,6.668
2026-05-13 19:30:06.746,33.299,1.78,39.967,1.717,6.668
2026-05-13 19:30:06.785,33.299,1.78,39.967,1.717,6.668
2026-05-13 19:30:06.805,33.299,1.78,39.967,1.717,6.668
2026-05-13 19:30:06.846,33.299,1.78,39.967,1.717,6.668
2026-05-13 19:30:06.866,33.104,1.775,39.967,1.717,6.863
2026-05-13 19:30:06.905,33.104,1.775,39.967,1.717,6.863
2026-05-13 19:30:06.925,33.104,1.775,39.967,1.717,6.863
2026-05-13 19:30:06.946,33.104,1.775,39.967,1.717,6.863
2026-05-13 19:30:06.966,33.104,1.775,39.967,1.717,6.863
2026-05-13 19:30:07.005,33.104,1.775,39.967,1.717,6.863
2026-05-13 19:30:07.025,33.104,1.775,39.967,1.717,6.863
2026-05-13 19:30:07.065,33.104,1.775,39.967,1.717,6.863
2026-05-13 19:30:07.105,33.104,1.775,39.967,1.717,6.863
2026-05-13 19:30:07.145,33.104,1.775,39.967,1.717,6.863
2026-05-13 19:30:07.165,33.104,1.775,39.967,1.717,6.863
2026-05-13 19:30:07.186,33.104,1.775,39.967,1.717,6.863
2026-05-13 19:30:07.225,33.104,1.775,39.967,1.717,6.863
2026-05-13 19:30:07.265,33.104,1.775,39.967,1.717,6.863
2026-05-13 19:30:07.286,33.104,1.775,39.967,1.717,6.863
2026-05-13 19:30:07.325,33.104,1.775,39.967,1.717,6.863
2026-05-13 19:30:07.346,33.104,1.775,39.967,1.717,6.863
2026-05-13 19:30:07.385,33.104,1.775,39.967,1.717,6.863
2026-05-13 19:30:07.425,33.104,1.775,39.967,1.717,6.863
2026-05-13 19:30:07.447,33.104,1.775,39.967,1.717,6.863
2026-05-13 19:30:07.486,33.104,1.775,39.967,1.717,6.863
2026-05-13 19:30:07.525,33.104,1.775,39.967,1.717,6.863
2026-05-13 19:30:07.546,33.104,1.775,39.967,1.717,6.863
2026-05-13 19:30:07.566,33.104,1.775,39.967,1.717,6.863
2026-05-13 19:30:07.605,33.104,1.775,39.967,1.717,6.863
2026-05-13 19:30:07.626,33.104,1.775,39.967,1.717,6.863
2026-05-13 19:30:07.665,33.104,1.775,39.967,1.717,6.863
2026-05-13 19:30:07.705,32.928,1.77,39.967,1.717,7.04
2026-05-13 19:30:07.746,32.928,1.77,39.967,1.717,7.04
2026-05-13 19:30:07.792,32.928,1.77,39.967,1.717,7.04
2026-05-13 19:30:07.826,32.928,1.77,39.967,1.717,7.04
2026-05-13 19:30:07.865,32.766,1.768,39.967,1.717,7.201
2026-05-13 19:30:07.908,32.766,1.768,39.967,1.717,7.201
2026-05-13 19:30:07.961,32.766,1.768,39.967,1.717,7.201
2026-05-13 19:30:07.985,32.766,1.768,39.967,1.717,7.201
2026-05-13 19:30:08.022,32.766,1.768,39.967,1.717,7.201
2026-05-13 19:30:08.057,32.766,1.768,39.967,1.717,7.201
2026-05-13 19:30:08.112,32.766,1.768,39.967,1.717,7.201
2026-05-13 19:30:08.145,32.766,1.768,39.967,1.717,7.201
2026-05-13 19:30:08.185,32.766,1.768,39.967,1.717,7.201
2026-05-13 19:30:08.205,32.766,1.768,39.967,1.717,7.201
2026-05-13 19:30:08.245,32.766,1.768,39.967,1.717,7.201
2026-05-13 19:30:08.285,32.766,1.768,39.967,1.717,7.201
2026-05-13 19:30:08.331,32.766,1.768,39.967,1.717,7.201
2026-05-13 19:30:08.365,32.766,1.768,39.967,1.717,7.201
2026-05-13 19:30:08.385,32.766,1.768,39.967,1.717,7.201
2026-05-13 19:30:08.425,32.766,1.768,39.967,1.717,7.201
2026-05-13 19:30:08.445,32.766,1.768,39.967,1.717,7.201
2026-05-13 19:30:08.485,32.615,1.766,39.967,1.717,7.352
2026-05-13 19:30:08.526,32.615,1.766,39.967,1.717,7.352
2026-05-13 19:30:08.565,32.615,1.766,39.967,1.717,7.352
2026-05-13 19:30:08.606,32.615,1.766,39.967,1.717,7.352
2026-05-13 19:30:08.645,32.615,1.766,39.967,1.717,7.352
2026-05-13 19:30:08.685,32.615,1.766,39.967,1.717,7.352
2026-05-13 19:30:08.706,32.615,1.766,39.967,1.717,7.352
2026-05-13 19:30:08.745,32.615,1.766,39.967,1.717,7.352
2026-05-13 19:30:08.766,32.615,1.766,39.967,1.717,7.352
2026-05-13 19:30:08.805,32.615,1.766,39.967,1.717,7.352
2026-05-13 19:30:08.826,32.615,1.766,39.967,1.717,7.352
2026-05-13 19:30:08.866,32.615,1.766,39.967,1.717,7.352
2026-05-13 19:30:08.910,32.615,1.766,39.967,1.717,7.352
2026-05-13 19:30:08.945,32.465,1.763,39.967,1.717,7.502
2026-05-13 19:30:08.985,32.465,1.763,39.967,1.717,7.502
2026-05-13 19:30:09.025,32.465,1.763,39.967,1.717,7.502
2026-05-13 19:30:09.045,32.465,1.763,39.967,1.717,7.502
2026-05-13 19:30:09.065,32.465,1.763,39.967,1.717,7.502
2026-05-13 19:30:09.105,32.465,1.763,39.967,1.717,7.502
2026-05-13 19:30:09.145,32.465,1.763,39.967,1.717,7.502
2026-05-13 19:30:09.166,32.465,1.763,39.967,1.717,7.502
2026-05-13 19:30:09.205,32.465,1.763,39.967,1.717,7.502
2026-05-13 19:30:09.245,32.465,1.763,39.967,1.717,7.502
2026-05-13 19:30:09.285,32.465,1.763,39.967,1.717,7.502
2026-05-13 19:30:09.325,32.465,1.763,39.967,1.717,7.502
2026-05-13 19:30:09.348,32.465,1.763,39.967,1.717,7.502
2026-05-13 19:30:09.385,32.465,1.763,39.967,1.717,7.502
2026-05-13 19:30:09.426,32.465,1.763,39.967,1.717,7.502
2026-05-13 19:30:09.446,32.465,1.763,39.967,1.717,7.502
2026-05-13 19:30:09.485,32.465,1.763,39.967,1.717,7.502
2026-05-13 19:30:09.505,32.465,1.763,39.967,1.717,7.502
2026-05-13 19:30:09.546,32.286,1.761,39.967,1.717,7.681
2026-05-13 19:30:09.586,32.286,1.761,39.967,1.717,7.681
2026-05-13 19:30:09.625,32.286,1.761,39.967,1.717,7.681
2026-05-13 19:30:09.665,32.286,1.761,39.967,1.717,7.681
2026-05-13 19:30:09.686,32.286,1.761,39.967,1.717,7.681
2026-05-13 19:30:09.725,32.286,1.761,39.967,1.717,7.681
2026-05-13 19:30:09.745,32.286,1.761,39.967,1.717,7.681
2026-05-13 19:30:09.785,32.286,1.761,39.967,1.717,7.681
2026-05-13 19:30:09.805,32.286,1.761,39.967,1.717,7.681
2026-05-13 19:30:09.846,32.286,1.761,39.967,1.717,7.681
2026-05-13 19:30:09.885,32.286,1.761,39.967,1.717,7.681
2026-05-13 19:30:09.905,32.286,1.761,39.967,1.717,7.681
2026-05-13 19:30:09.945,32.166,1.76,39.967,1.717,7.801
2026-05-13 19:30:09.965,32.166,1.76,39.967,1.717,7.801
2026-05-13 19:30:09.986,32.166,1.76,39.967,1.717,7.801
2026-05-13 19:30:10.025,32.166,1.76,39.967,1.717,7.801
2026-05-13 19:30:10.065,32.166,1.76,39.967,1.717,7.801
2026-05-13 19:30:10.086,32.166,1.76,39.967,1.717,7.801
2026-05-13 19:30:10.126,32.166,1.76,39.967,1.717,7.801
2026-05-13 19:30:10.166,32.166,1.76,39.967,1.717,7.801
2026-05-13 19:30:10.205,32.166,1.76,39.967,1.717,7.801
2026-05-13 19:30:10.245,32.166,1.76,39.967,1.717,7.801
2026-05-13 19:30:10.265,32.166,1.76,39.967,1.717,7.801
2026-05-13 19:30:10.285,32.166,1.76,39.967,1.717,7.801
2026-05-13 19:30:10.313,32.166,1.76,39.967,1.717,7.801
2026-05-13 19:30:10.346,32.166,1.76,39.967,1.717,7.801
2026-05-13 19:30:10.385,32.166,1.76,39.967,1.717,7.801
2026-05-13 19:30:10.425,32.166,1.76,39.967,1.717,7.801
2026-05-13 19:30:10.465,32.166,1.76,39.967,1.717,7.801
2026-05-13 19:30:10.508,32.166,1.76,39.967,1.717,7.801
2026-05-13 19:30:10.545,32.016,1.756,39.967,1.717,7.951
2026-05-13 19:30:10.565,32.016,1.756,39.967,1.717,7.951
2026-05-13 19:30:10.586,32.016,1.756,39.967,1.717,7.951
2026-05-13 19:30:10.625,32.016,1.756,39.967,1.717,7.951
2026-05-13 19:30:10.646,32.016,1.756,39.967,1.717,7.951
2026-05-13 19:30:10.685,32.016,1.756,39.967,1.717,7.951
2026-05-13 19:30:10.705,32.016,1.756,39.967,1.717,7.951
2026-05-13 19:30:10.726,32.016,1.756,39.967,1.717,7.951
2026-05-13 19:30:10.765,32.016,1.756,39.967,1.717,7.951
2026-05-13 19:30:10.785,32.016,1.756,39.967,1.717,7.951
2026-05-13 19:30:10.805,32.016,1.756,39.967,1.717,7.951
2026-05-13 19:30:10.845,32.016,1.756,39.967,1.717,7.951
2026-05-13 19:30:10.885,32.016,1.756,39.967,1.717,7.951
2026-05-13 19:30:10.905,32.016,1.756,39.967,1.717,7.951
2026-05-13 19:30:10.926,32.016,1.756,39.967,1.717,7.951
2026-05-13 19:30:10.946,32.016,1.756,39.967,1.717,7.951
2026-05-13 19:30:10.985,32.016,1.756,39.967,1.717,7.951
2026-05-13 19:30:11.006,32.016,1.756,39.967,1.717,7.951
2026-05-13 19:30:11.045,32.016,1.756,39.967,1.717,7.951
2026-05-13 19:30:11.066,32.016,1.756,39.967,1.717,7.951
2026-05-13 19:30:11.105,32.016,1.756,39.967,1.717,7.951
2026-05-13 19:30:11.145,32.016,1.756,39.967,1.717,7.951
2026-05-13 19:30:11.186,31.867,1.754,39.967,1.717,8.101
2026-05-13 19:30:11.206,31.867,1.754,39.967,1.717,8.101
2026-05-13 19:30:11.245,31.867,1.754,39.967,1.717,8.101
2026-05-13 19:30:11.265,31.867,1.754,39.967,1.717,8.101
2026-05-13 19:30:11.285,31.867,1.754,39.967,1.717,8.101
2026-05-13 19:30:11.325,31.867,1.754,39.967,1.717,8.101
2026-05-13 19:30:11.365,31.867,1.754,39.967,1.717,8.101
2026-05-13 19:30:11.387,31.867,1.754,39.967,1.717,8.101
2026-05-13 19:30:11.425,31.867,1.754,39.967,1.717,8.101
2026-05-13 19:30:11.445,31.867,1.754,39.967,1.717,8.101
2026-05-13 19:30:11.465,31.867,1.754,39.967,1.717,8.101
2026-05-13 19:30:11.505,31.867,1.754,39.967,1.717,8.101
2026-05-13 19:30:11.543,31.867,1.754,39.967,1.717,8.101
2026-05-13 19:30:11.596,31.867,1.754,39.967,1.717,8.101
2026-05-13 19:30:11.650,31.867,1.754,39.967,1.717,8.101
2026-05-13 19:30:11.685,31.688,1.753,39.967,1.717,8.279
2026-05-13 19:30:11.732,31.688,1.753,39.967,1.717,8.279
2026-05-13 19:30:11.804,31.688,1.753,39.967,1.717,8.279
2026-05-13 19:30:11.825,31.688,1.753,39.967,1.717,8.279
2026-05-13 19:30:11.845,31.688,1.753,39.967,1.717,8.279
2026-05-13 19:30:11.866,31.688,1.753,39.967,1.717,8.279
2026-05-13 19:30:11.905,31.688,1.753,39.967,1.717,8.279
2026-05-13 19:30:11.928,31.688,1.753,39.967,1.717,8.279
2026-05-13 19:30:11.965,31.688,1.753,39.967,1.717,8.279
2026-05-13 19:30:12.005,31.688,1.753,39.967,1.717,8.279
2026-05-13 19:30:12.026,31.688,1.753,39.967,1.717,8.279
2026-05-13 19:30:12.065,31.515,1.752,39.967,1.717,8.452
2026-05-13 19:30:12.105,31.515,1.752,39.967,1.717,8.452
2026-05-13 19:30:12.145,31.515,1.752,39.967,1.717,8.452
2026-05-13 19:30:12.185,31.515,1.752,39.967,1.717,8.452
2026-05-13 19:30:12.225,31.515,1.752,39.967,1.717,8.452
2026-05-13 19:30:12.265,31.515,1.752,39.967,1.717,8.452
2026-05-13 19:30:12.285,31.515,1.752,39.967,1.717,8.452
2026-05-13 19:30:12.305,31.515,1.752,39.967,1.717,8.452
2026-05-13 19:30:12.326,31.515,1.752,39.967,1.717,8.452
2026-05-13 19:30:12.365,31.515,1.752,39.967,1.717,8.452
2026-05-13 19:30:12.385,31.515,1.752,39.967,1.717,8.452
2026-05-13 19:30:12.405,31.515,1.752,39.967,1.717,8.452
2026-05-13 19:30:12.426,31.515,1.752,39.967,1.717,8.452
2026-05-13 19:30:12.465,31.515,1.752,39.967,1.717,8.452
2026-05-13 19:30:12.505,31.515,1.752,39.967,1.717,8.452
2026-05-13 19:30:12.546,31.515,1.752,39.967,1.717,8.452
2026-05-13 19:30:12.585,31.515,1.752,39.967,1.717,8.452
2026-05-13 19:30:12.605,31.515,1.752,39.967,1.717,8.452
2026-05-13 19:30:12.645,31.515,1.752,39.967,1.717,8.452
2026-05-13 19:30:12.665,31.515,1.752,39.967,1.717,8.452
2026-05-13 19:30:12.685,31.515,1.752,39.967,1.717,8.452
2026-05-13 19:30:12.725,31.515,1.752,39.967,1.717,8.452
2026-05-13 19:30:12.745,31.515,1.752,39.967,1.717,8.452
2026-05-13 19:30:12.766,31.515,1.752,39.967,1.717,8.452
2026-05-13 19:30:12.805,31.515,1.752,39.967,1.717,8.452
2026-05-13 19:30:12.846,31.515,1.752,39.967,1.717,8.452
2026-05-13 19:30:12.886,31.515,1.752,39.967,1.717,8.452
2026-05-13 19:30:12.909,31.329,1.752,39.967,1.717,8.638
2026-05-13 19:30:12.945,31.329,1.752,39.967,1.717,8.638
2026-05-13 19:30:12.965,31.329,1.752,39.967,1.717,8.638
2026-05-13 19:30:12.985,31.013,1.753,39.967,1.717,8.954
2026-05-13 19:30:13.005,31.013,1.753,39.967,1.717,8.954
2026-05-13 19:30:13.025,31.013,1.753,39.967,1.717,8.954
2026-05-13 19:30:13.066,31.013,1.753,39.967,1.717,8.954
2026-05-13 19:30:13.105,31.013,1.753,39.967,1.717,8.954
2026-05-13 19:30:13.125,31.013,1.753,39.967,1.717,8.954
2026-05-13 19:30:13.165,31.013,1.753,39.967,1.717,8.954
2026-05-13 19:30:13.186,31.013,1.753,39.967,1.717,8.954
2026-05-13 19:30:13.225,31.013,1.753,39.967,1.717,8.954
2026-05-13 19:30:13.265,31.013,1.753,39.967,1.717,8.954
2026-05-13 19:30:13.285,31.013,1.753,39.967,1.717,8.954
2026-05-13 19:30:13.325,31.013,1.753,39.967,1.717,8.954
2026-05-13 19:30:13.345,31.013,1.753,39.967,1.717,8.954
2026-05-13 19:30:13.365,31.013,1.753,39.967,1.717,8.954
2026-05-13 19:30:13.405,31.013,1.753,39.967,1.717,8.954
2026-05-13 19:30:13.445,31.013,1.753,39.967,1.717,8.954
2026-05-13 19:30:13.485,31.013,1.753,39.967,1.717,8.954
2026-05-13 19:30:13.525,30.629,1.755,39.967,1.717,9.339
2026-05-13 19:30:13.565,30.629,1.755,39.967,1.717,9.339
2026-05-13 19:30:13.606,30.629,1.755,39.967,1.717,9.339
2026-05-13 19:30:13.637,30.629,1.755,39.967,1.717,9.339
2026-05-13 19:30:13.665,30.629,1.755,39.967,1.717,9.339
2026-05-13 19:30:13.697,30.629,1.755,39.967,1.717,9.339
2026-05-13 19:30:13.725,30.629,1.755,39.967,1.717,9.339
2026-05-13 19:30:13.746,30.629,1.755,39.967,1.717,9.339
2026-05-13 19:30:13.785,30.629,1.755,39.967,1.717,9.339
2026-05-13 19:30:13.805,30.629,1.755,39.967,1.717,9.339
2026-05-13 19:30:13.845,30.629,1.755,39.967,1.717,9.339
2026-05-13 19:30:13.885,30.629,1.755,39.967,1.717,9.339
2026-05-13 19:30:13.906,30.629,1.755,39.967,1.717,9.339
2026-05-13 19:30:13.945,30.629,1.755,39.967,1.717,9.339
2026-05-13 19:30:13.986,30.241,1.732,39.967,1.717,9.726
2026-05-13 19:30:14.025,30.241,1.732,39.967,1.717,9.726
2026-05-13 19:30:14.046,30.241,1.732,39.967,1.717,9.726
2026-05-13 19:30:14.086,30.241,1.732,39.967,1.717,9.726
2026-05-13 19:30:14.125,30.241,1.732,39.967,1.717,9.726
2026-05-13 19:30:14.146,30.241,1.732,39.967,1.717,9.726
2026-05-13 19:30:14.186,30.241,1.732,39.967,1.717,9.726
2026-05-13 19:30:14.225,30.241,1.732,39.967,1.717,9.726
2026-05-13 19:30:14.245,30.241,1.732,39.967,1.717,9.726
2026-05-13 19:30:14.266,30.241,1.732,39.967,1.717,9.726
2026-05-13 19:30:14.306,30.241,1.732,39.967,1.717,9.726
2026-05-13 19:30:14.345,30.241,1.732,39.967,1.717,9.726
2026-05-13 19:30:14.366,30.241,1.732,39.967,1.717,9.726
2026-05-13 19:30:14.405,30.241,1.732,39.967,1.717,9.726
2026-05-13 19:30:14.425,30.241,1.732,39.967,1.717,9.726
2026-05-13 19:30:14.466,29.849,1.688,39.967,1.717,10.118
2026-05-13 19:30:14.505,29.849,1.688,39.967,1.717,10.118
2026-05-13 19:30:14.546,29.849,1.688,39.967,1.717,10.118
2026-05-13 19:30:14.566,29.849,1.688,39.967,1.717,10.118
2026-05-13 19:30:14.606,29.849,1.688,39.967,1.717,10.118
2026-05-13 19:30:14.646,29.849,1.688,39.967,1.717,10.118
2026-05-13 19:30:14.685,29.849,1.688,39.967,1.717,10.118
2026-05-13 19:30:14.725,29.849,1.688,39.967,1.717,10.118
2026-05-13 19:30:14.746,29.849,1.688,39.967,1.717,10.118
2026-05-13 19:30:14.785,29.849,1.688,39.967,1.717,10.118
2026-05-13 19:30:14.825,29.849,1.688,39.967,1.717,10.118
2026-05-13 19:30:14.846,29.849,1.688,39.967,1.717,10.118
2026-05-13 19:30:14.866,29.849,1.688,39.967,1.717,10.118
2026-05-13 19:30:14.906,29.849,1.688,39.967,1.717,10.118
2026-05-13 19:30:14.946,29.46,1.656,39.967,1.717,10.507
2026-05-13 19:30:14.987,29.46,1.656,39.967,1.717,10.507
2026-05-13 19:30:15.025,29.46,1.656,39.967,1.717,10.507
2026-05-13 19:30:15.045,29.46,1.656,39.967,1.717,10.507
2026-05-13 19:30:15.086,29.46,1.656,39.967,1.717,10.507
2026-05-13 19:30:15.125,29.46,1.656,39.967,1.717,10.507
2026-05-13 19:30:15.145,29.46,1.656,39.967,1.717,10.507
2026-05-13 19:30:15.185,29.46,1.656,39.967,1.717,10.507
2026-05-13 19:30:15.205,29.46,1.656,39.967,1.717,10.507
2026-05-13 19:30:15.251,29.46,1.656,39.967,1.717,10.507
2026-05-13 19:30:15.296,29.46,1.656,39.967,1.717,10.507
2026-05-13 19:30:15.325,29.46,1.656,39.967,1.717,10.507
2026-05-13 19:30:15.352,29.46,1.656,39.967,1.717,10.507
2026-05-13 19:30:15.385,29.46,1.656,39.967,1.717,10.507
2026-05-13 19:30:15.437,29.46,1.656,39.967,1.717,10.507
2026-05-13 19:30:15.465,29.46,1.656,39.967,1.717,10.507
2026-05-13 19:30:15.505,29.46,1.656,39.967,1.717,10.507
2026-05-13 19:30:15.545,29.062,1.632,39.967,1.717,10.905
2026-05-13 19:30:15.567,29.062,1.632,39.967,1.717,10.905
2026-05-13 19:30:15.597,29.062,1.632,39.967,1.717,10.905
2026-05-13 19:30:15.625,29.062,1.632,39.967,1.717,10.905
2026-05-13 19:30:15.666,29.062,1.632,39.967,1.717,10.905
2026-05-13 19:30:15.705,29.062,1.632,39.967,1.717,10.905
2026-05-13 19:30:15.725,29.062,1.632,39.967,1.717,10.905
2026-05-13 19:30:15.745,29.062,1.632,39.967,1.717,10.905
2026-05-13 19:30:15.785,29.062,1.632,39.967,1.717,10.905
2026-05-13 19:30:15.806,29.062,1.632,39.967,1.717,10.905
2026-05-13 19:30:15.846,29.062,1.632,39.967,1.717,10.905
2026-05-13 19:30:15.885,29.062,1.632,39.967,1.717,10.905
2026-05-13 19:30:15.905,29.062,1.632,39.967,1.717,10.905
2026-05-13 19:30:15.945,29.062,1.632,39.967,1.717,10.905
2026-05-13 19:30:15.966,28.663,1.605,39.967,1.717,11.304
2026-05-13 19:30:16.005,28.663,1.605,39.967,1.717,11.304
2026-05-13 19:30:16.046,28.663,1.605,39.967,1.717,11.304
2026-05-13 19:30:16.085,28.663,1.605,39.967,1.717,11.304
2026-05-13 19:30:16.125,28.663,1.605,39.967,1.717,11.304
2026-05-13 19:30:16.145,28.663,1.605,39.967,1.717,11.304
2026-05-13 19:30:16.185,28.663,1.605,39.967,1.717,11.304
2026-05-13 19:30:16.225,28.663,1.605,39.967,1.717,11.304
2026-05-13 19:30:16.245,28.663,1.605,39.967,1.717,11.304
2026-05-13 19:30:16.285,28.663,1.605,39.967,1.717,11.304
2026-05-13 19:30:16.325,28.663,1.605,39.967,1.717,11.304
2026-05-13 19:30:16.345,28.663,1.605,39.967,1.717,11.304
2026-05-13 19:30:16.385,28.663,1.605,39.967,1.717,11.304
2026-05-13 19:30:16.405,28.663,1.605,39.967,1.717,11.304
2026-05-13 19:30:16.446,28.663,1.605,39.967,1.717,11.304
2026-05-13 19:30:16.485,28.663,1.605,39.967,1.717,11.304
2026-05-13 19:30:16.506,28.663,1.605,39.967,1.717,11.304
2026-05-13 19:30:16.546,28.663,1.605,39.967,1.717,11.304
2026-05-13 19:30:16.585,28.663,1.605,39.967,1.717,11.304
2026-05-13 19:30:16.605,28.266,1.576,39.967,1.717,11.702
2026-05-13 19:30:16.626,28.266,1.576,39.967,1.717,11.702
2026-05-13 19:30:16.665,28.266,1.576,39.967,1.717,11.702
2026-05-13 19:30:16.685,28.266,1.576,39.967,1.717,11.702
2026-05-13 19:30:16.706,28.266,1.576,39.967,1.717,11.702
2026-05-13 19:30:16.745,28.266,1.576,39.967,1.717,11.702
2026-05-13 19:30:16.785,28.266,1.576,39.967,1.717,11.702
2026-05-13 19:30:16.805,28.266,1.576,39.967,1.717,11.702
2026-05-13 19:30:16.846,28.266,1.576,39.967,1.717,11.702
2026-05-13 19:30:16.885,28.266,1.576,39.967,1.717,11.702
2026-05-13 19:30:16.905,28.266,1.576,39.967,1.717,11.702
2026-05-13 19:30:16.925,28.266,1.576,39.967,1.717,11.702
2026-05-13 19:30:16.945,28.266,1.576,39.967,1.717,11.702
2026-05-13 19:30:16.986,28.266,1.576,39.967,1.717,11.702
2026-05-13 19:30:17.025,27.87,1.55,39.967,1.717,12.098
2026-05-13 19:30:17.065,27.87,1.55,39.967,1.717,12.098
2026-05-13 19:30:17.105,27.87,1.55,39.967,1.717,12.098
2026-05-13 19:30:17.145,27.87,1.55,39.967,1.717,12.098
2026-05-13 19:30:17.185,27.87,1.55,39.967,1.717,12.098
2026-05-13 19:30:17.206,27.87,1.55,39.967,1.717,12.098
2026-05-13 19:30:17.245,27.87,1.55,39.967,1.717,12.098
2026-05-13 19:30:17.266,27.87,1.55,39.967,1.717,12.098
2026-05-13 19:30:17.305,27.87,1.55,39.967,1.717,12.098
2026-05-13 19:30:17.345,27.87,1.55,39.967,1.717,12.098
2026-05-13 19:30:17.366,27.87,1.55,39.967,1.717,12.098
2026-05-13 19:30:17.405,27.87,1.55,39.967,1.717,12.098
2026-05-13 19:30:17.445,27.469,1.528,39.967,1.717,12.5
2026-05-13 19:30:17.465,27.469,1.528,39.967,1.717,12.5
2026-05-13 19:30:17.505,27.469,1.528,39.967,1.717,12.5
2026-05-13 19:30:17.545,27.469,1.528,39.967,1.717,12.5
2026-05-13 19:30:17.566,27.469,1.528,39.967,1.717,12.5
2026-05-13 19:30:17.605,27.469,1.528,39.967,1.717,12.5
2026-05-13 19:30:17.626,27.469,1.528,39.967,1.717,12.5
2026-05-13 19:30:17.646,27.469,1.528,39.967,1.717,12.5
2026-05-13 19:30:17.685,27.469,1.528,39.967,1.717,12.5
2026-05-13 19:30:17.725,27.469,1.528,39.967,1.717,12.5
2026-05-13 19:30:17.745,27.469,1.528,39.967,1.717,12.5
2026-05-13 19:30:17.766,27.469,1.528,39.967,1.717,12.5
2026-05-13 19:30:17.805,27.469,1.528,39.967,1.717,12.5
2026-05-13 19:30:17.825,27.469,1.528,39.967,1.717,12.5
2026-05-13 19:30:17.865,27.469,1.528,39.967,1.717,12.5
2026-05-13 19:30:17.886,27.469,1.528,39.967,1.717,12.5
2026-05-13 19:30:17.925,27.469,1.528,39.967,1.717,12.5
2026-05-13 19:30:17.945,27.469,1.528,39.967,1.717,12.5
2026-05-13 19:30:17.985,27.469,1.528,39.967,1.717,12.5
2026-05-13 19:30:18.005,27.469,1.528,39.967,1.717,12.5
2026-05-13 19:30:18.046,27.469,1.528,39.967,1.717,12.5
2026-05-13 19:30:18.085,27.469,1.528,39.967,1.717,12.5
2026-05-13 19:30:18.105,27.469,1.528,39.967,1.717,12.5
2026-05-13 19:30:18.125,27.469,1.528,39.967,1.717,12.5
2026-05-13 19:30:18.146,26.997,1.496,39.967,1.717,12.972
2026-05-13 19:30:18.185,26.997,1.496,39.967,1.717,12.972
2026-05-13 19:30:18.225,26.997,1.496,39.967,1.717,12.972
2026-05-13 19:30:18.245,26.997,1.496,39.967,1.717,12.972
2026-05-13 19:30:18.288,26.997,1.496,39.967,1.717,12.972
2026-05-13 19:30:18.326,26.997,1.496,39.967,1.717,12.972
2026-05-13 19:30:18.366,26.997,1.496,39.967,1.717,12.972
2026-05-13 19:30:18.405,26.997,1.496,39.967,1.717,12.972
2026-05-13 19:30:18.451,26.997,1.496,39.967,1.717,12.972
2026-05-13 19:30:18.503,26.693,1.474,39.967,1.717,13.277
2026-05-13 19:30:18.535,26.693,1.474,39.967,1.717,13.277
2026-05-13 19:30:18.573,26.693,1.474,39.967,1.717,13.277
2026-05-13 19:30:18.616,26.693,1.474,39.967,1.717,13.277
2026-05-13 19:30:18.645,26.693,1.474,39.967,1.717,13.277
2026-05-13 19:30:18.669,26.693,1.474,39.967,1.717,13.277
2026-05-13 19:30:18.705,26.693,1.474,39.967,1.717,13.277
2026-05-13 19:30:18.745,26.693,1.474,39.967,1.717,13.277
2026-05-13 19:30:18.765,26.693,1.474,39.967,1.717,13.277
2026-05-13 19:30:18.786,26.693,1.474,39.967,1.717,13.277
2026-05-13 19:30:18.825,26.693,1.474,39.967,1.717,13.277
2026-05-13 19:30:18.853,26.693,1.474,39.967,1.717,13.277
2026-05-13 19:30:18.878,26.693,1.474,39.967,1.717,13.277
2026-05-13 19:30:18.905,26.693,1.474,39.967,1.717,13.277
2026-05-13 19:30:18.945,26.693,1.474,39.967,1.717,13.277
2026-05-13 19:30:18.966,26.693,1.474,39.967,1.717,13.277
2026-05-13 19:30:19.005,26.693,1.474,39.967,1.717,13.277
2026-05-13 19:30:19.046,26.251,1.448,39.967,1.717,13.719
2026-05-13 19:30:19.085,26.251,1.448,39.967,1.717,13.719
2026-05-13 19:30:19.105,26.251,1.448,39.967,1.717,13.719
2026-05-13 19:30:19.125,26.251,1.448,39.967,1.717,13.719
2026-05-13 19:30:19.165,26.251,1.448,39.967,1.717,13.719
2026-05-13 19:30:19.185,26.251,1.448,39.967,1.717,13.719
2026-05-13 19:30:19.225,26.251,1.448,39.967,1.717,13.719
2026-05-13 19:30:19.245,26.251,1.448,39.967,1.717,13.719
2026-05-13 19:30:19.266,26.251,1.448,39.967,1.717,13.719
2026-05-13 19:30:19.305,26.251,1.448,39.967,1.717,13.719
2026-05-13 19:30:19.325,26.251,1.448,39.967,1.717,13.719
2026-05-13 19:30:19.346,26.251,1.448,39.967,1.717,13.719
2026-05-13 19:30:19.366,26.251,1.448,39.967,1.717,13.719
2026-05-13 19:30:19.405,26.251,1.448,39.967,1.717,13.719
2026-05-13 19:30:19.425,26.251,1.448,39.967,1.717,13.719
2026-05-13 19:30:19.446,26.251,1.448,39.967,1.717,13.719
2026-05-13 19:30:19.486,26.251,1.448,39.967,1.717,13.719
2026-05-13 19:30:19.506,25.895,1.428,39.967,1.717,14.075
2026-05-13 19:30:19.545,25.895,1.428,39.967,1.717,14.075
2026-05-13 19:30:19.565,25.895,1.428,39.967,1.717,14.075
2026-05-13 19:30:19.586,25.895,1.428,39.967,1.717,14.075
2026-05-13 19:30:19.610,25.895,1.428,39.967,1.717,14.075
2026-05-13 19:30:19.645,25.895,1.428,39.967,1.717,14.075
2026-05-13 19:30:19.685,25.895,1.428,39.967,1.717,14.075
2026-05-13 19:30:19.705,25.895,1.428,39.967,1.717,14.075
2026-05-13 19:30:19.725,25.895,1.428,39.967,1.717,14.075
2026-05-13 19:30:19.746,25.895,1.428,39.967,1.717,14.075
2026-05-13 19:30:19.785,25.895,1.428,39.967,1.717,14.075
2026-05-13 19:30:19.806,25.895,1.428,39.967,1.717,14.075
2026-05-13 19:30:19.845,25.895,1.428,39.967,1.717,14.075
2026-05-13 19:30:19.865,25.895,1.428,39.967,1.717,14.075
2026-05-13 19:30:19.905,25.895,1.428,39.967,1.717,14.075
2026-05-13 19:30:19.926,25.895,1.428,39.967,1.717,14.075
2026-05-13 19:30:19.965,25.895,1.428,39.967,1.717,14.075
2026-05-13 19:30:19.985,25.895,1.428,39.967,1.717,14.075
2026-05-13 19:30:20.005,25.895,1.428,39.967,1.717,14.075
2026-05-13 19:30:20.045,25.895,1.428,39.967,1.717,14.075
2026-05-13 19:30:20.085,25.616,1.412,39.967,1.717,14.354
2026-05-13 19:30:20.105,25.616,1.412,39.967,1.717,14.354
2026-05-13 19:30:20.145,25.616,1.412,39.967,1.717,14.354
2026-05-13 19:30:20.165,25.616,1.412,39.967,1.717,14.354
2026-05-13 19:30:20.205,25.616,1.412,39.967,1.717,14.354
2026-05-13 19:30:20.225,25.616,1.412,39.967,1.717,14.354
2026-05-13 19:30:20.246,25.616,1.412,39.967,1.717,14.354
2026-05-13 19:30:20.285,25.616,1.412,39.967,1.717,14.354
2026-05-13 19:30:20.325,25.616,1.412,39.967,1.717,14.354
2026-05-13 19:30:20.345,25.616,1.412,39.967,1.717,14.354
2026-05-13 19:30:20.385,25.616,1.412,39.967,1.717,14.354
2026-05-13 19:30:20.431,25.616,1.412,39.967,1.717,14.354
2026-05-13 19:30:20.484,25.616,1.412,39.967,1.717,14.354
2026-05-13 19:30:20.526,25.616,1.412,39.967,1.717,14.354
2026-05-13 19:30:20.654,25.279,1.389,39.967,1.717,14.692
2026-05-13 19:30:20.838,25.279,1.389,39.967,1.717,14.692
2026-05-13 19:30:20.954,25.279,1.389,39.967,1.717,14.692
2026-05-13 19:30:21.060,24.952,1.369,39.967,1.717,15.019
2026-05-13 19:30:21.245,24.952,1.369,39.967,1.717,15.019
2026-05-13 19:30:21.332,24.952,1.369,39.967,1.717,15.019
2026-05-13 19:30:21.476,24.952,1.369,39.967,1.717,15.019
2026-05-13 19:30:21.575,24.952,1.369,39.967,1.717,15.019
2026-05-13 19:30:21.737,24.573,1.347,39.967,1.717,15.399
2026-05-13 19:30:21.861,24.573,1.347,39.967,1.717,15.399
2026-05-13 19:30:22.024,24.573,1.347,39.967,1.717,15.399
2026-05-13 19:30:22.217,24.33,1.332,39.967,1.717,15.642
2026-05-13 19:30:22.257,24.33,1.332,39.967,1.717,15.642
2026-05-13 19:30:22.285,24.33,1.332,39.967,1.717,15.642
2026-05-13 19:30:22.325,24.33,1.332,39.967,1.717,15.642
2026-05-13 19:30:22.345,24.33,1.332,39.967,1.717,15.642
2026-05-13 19:30:22.385,24.33,1.332,39.967,1.717,15.642
2026-05-13 19:30:22.405,24.33,1.332,39.967,1.717,15.642
2026-05-13 19:30:22.447,24.33,1.332,39.967,1.717,15.642
2026-05-13 19:30:22.485,24.33,1.332,39.967,1.717,15.642
2026-05-13 19:30:22.506,24.33,1.332,39.967,1.717,15.642
2026-05-13 19:30:22.547,24.33,1.332,39.967,1.717,15.642
2026-05-13 19:30:22.570,24.33,1.332,39.967,1.717,15.642
2026-05-13 19:30:22.606,23.974,1.309,39.967,1.717,15.998
2026-05-13 19:30:22.645,23.974,1.309,39.967,1.717,15.998
2026-05-13 19:30:22.665,23.974,1.309,39.967,1.717,15.998
2026-05-13 19:30:22.697,23.974,1.309,39.967,1.717,15.998
2026-05-13 19:30:22.725,23.974,1.309,39.967,1.717,15.998
2026-05-13 19:30:22.746,23.974,1.309,39.967,1.717,15.998
2026-05-13 19:30:22.785,23.974,1.309,39.967,1.717,15.998
2026-05-13 19:30:22.826,23.974,1.309,39.967,1.717,15.998
2026-05-13 19:30:22.865,23.974,1.309,39.967,1.717,15.998
2026-05-13 19:30:22.885,23.974,1.309,39.967,1.717,15.998
2026-05-13 19:30:22.905,23.974,1.309,39.967,1.717,15.998
2026-05-13 19:30:22.945,23.974,1.309,39.967,1.717,15.998
2026-05-13 19:30:22.986,23.974,1.309,39.967,1.717,15.998
2026-05-13 19:30:23.025,23.974,1.309,39.967,1.717,15.998
2026-05-13 19:30:23.045,23.974,1.309,39.967,1.717,15.998
2026-05-13 19:30:23.085,23.974,1.309,39.967,1.717,15.998
2026-05-13 19:30:23.105,23.974,1.309,39.967,1.717,15.998
2026-05-13 19:30:23.126,23.974,1.309,39.967,1.717,15.998
2026-05-13 19:30:23.165,23.974,1.309,39.967,1.717,15.998
2026-05-13 19:30:23.185,23.974,1.309,39.967,1.717,15.998
2026-05-13 19:30:23.282,23.974,1.309,39.967,1.717,15.998
2026-05-13 19:30:23.305,23.974,1.309,39.967,1.717,15.998
2026-05-13 19:30:23.326,23.974,1.309,39.967,1.717,15.998
2026-05-13 19:30:23.365,23.974,1.309,39.967,1.717,15.998
2026-05-13 19:30:23.385,23.974,1.309,39.967,1.717,15.998
2026-05-13 19:30:23.406,23.974,1.309,39.967,1.717,15.998
2026-05-13 19:30:23.437,23.687,1.291,39.967,1.717,16.286
2026-05-13 19:30:23.485,23.687,1.291,39.967,1.717,16.286
2026-05-13 19:30:23.525,23.687,1.291,39.967,1.717,16.286
2026-05-13 19:30:23.550,23.687,1.291,39.967,1.717,16.286
2026-05-13 19:30:23.585,23.687,1.291,39.967,1.717,16.286
2026-05-13 19:30:23.606,23.687,1.291,39.967,1.717,16.286
2026-05-13 19:30:23.645,23.687,1.291,39.967,1.717,16.286
2026-05-13 19:30:23.685,23.687,1.291,39.967,1.717,16.286
2026-05-13 19:30:23.726,23.413,1.276,39.967,1.717,16.56
2026-05-13 19:30:23.779,23.413,1.276,39.967,1.717,16.56
2026-05-13 19:30:23.805,23.413,1.276,39.967,1.717,16.56
2026-05-13 19:30:23.827,23.413,1.276,39.967,1.717,16.56
2026-05-13 19:30:23.847,23.413,1.276,39.967,1.717,16.56
2026-05-13 19:30:23.871,23.413,1.276,39.967,1.717,16.56
2026-05-13 19:30:23.906,23.413,1.276,39.967,1.717,16.56
2026-05-13 19:30:23.945,23.413,1.276,39.967,1.717,16.56
2026-05-13 19:30:23.965,23.413,1.276,39.967,1.717,16.56
2026-05-13 19:30:23.985,23.413,1.276,39.967,1.717,16.56
2026-05-13 19:30:24.026,23.413,1.276,39.967,1.717,16.56
2026-05-13 19:30:24.046,23.413,1.276,39.967,1.717,16.56
2026-05-13 19:30:24.067,23.413,1.276,39.967,1.717,16.56
2026-05-13 19:30:24.087,23.413,1.276,39.967,1.717,16.56
2026-05-13 19:30:24.125,23.413,1.276,39.967,1.717,16.56
2026-05-13 19:30:24.145,23.413,1.276,39.967,1.717,16.56
2026-05-13 19:30:24.186,23.413,1.276,39.967,1.717,16.56
2026-05-13 19:30:24.226,23.413,1.276,39.967,1.717,16.56
2026-05-13 19:30:24.265,23.413,1.276,39.967,1.717,16.56
2026-05-13 19:30:24.306,23.413,1.276,39.967,1.717,16.56
2026-05-13 19:30:24.345,23.413,1.276,39.967,1.717,16.56
2026-05-13 19:30:24.365,23.413,1.276,39.967,1.717,16.56
2026-05-13 19:30:24.385,23.413,1.276,39.967,1.717,16.56
2026-05-13 19:30:24.867,23.413,1.276,39.967,1.717,16.56
2026-05-13 19:30:25.268,22.882,1.244,39.967,1.717,17.091
2026-05-13 19:30:25.903,22.629,1.227,39.967,1.717,17.344
2026-05-13 19:30:25.972,22.149,1.197,39.967,1.717,17.826
2026-05-13 19:30:26.006,22.149,1.197,39.967,1.717,17.826
2026-05-13 19:30:26.045,22.149,1.197,39.967,1.717,17.826
2026-05-13 19:30:26.085,22.149,1.197,39.967,1.717,17.826
2026-05-13 19:30:26.125,22.149,1.197,39.967,1.717,17.826
2026-05-13 19:30:26.165,22.149,1.197,39.967,1.717,17.826
2026-05-13 19:30:26.187,22.149,1.197,39.967,1.717,17.826
2026-05-13 19:30:26.225,22.149,1.197,39.967,1.717,17.826
2026-05-13 19:30:26.265,22.149,1.197,39.967,1.717,17.826
2026-05-13 19:30:26.286,22.149,1.197,39.967,1.717,17.826
2026-05-13 19:30:26.326,22.149,1.197,39.967,1.717,17.826
2026-05-13 19:30:26.357,22.149,1.197,39.967,1.717,17.826
2026-05-13 19:30:26.385,22.149,1.197,39.967,1.717,17.826
2026-05-13 19:30:26.408,21.964,1.187,39.967,1.717,18.011
2026-05-13 19:30:26.447,21.964,1.187,39.967,1.717,18.011
2026-05-13 19:30:26.486,21.964,1.187,39.967,1.717,18.011
2026-05-13 19:30:26.523,21.964,1.187,39.967,1.717,18.011
2026-05-13 19:30:26.546,21.964,1.187,39.967,1.717,18.011
2026-05-13 19:30:26.585,21.964,1.187,39.967,1.717,18.011
2026-05-13 19:30:26.606,21.964,1.187,39.967,1.717,18.011
2026-05-13 19:30:26.645,21.964,1.187,39.967,1.717,18.011
2026-05-13 19:30:26.665,21.964,1.187,39.967,1.717,18.011
2026-05-13 19:30:26.685,21.964,1.187,39.967,1.717,18.011
2026-05-13 19:30:26.725,21.964,1.187,39.967,1.717,18.011
2026-05-13 19:30:26.745,21.964,1.187,39.967,1.717,18.011
2026-05-13 19:30:26.766,21.964,1.187,39.967,1.717,18.011
2026-05-13 19:30:26.808,21.964,1.187,39.967,1.717,18.011
2026-05-13 19:30:26.845,21.964,1.187,39.967,1.717,18.011
2026-05-13 19:30:26.865,21.964,1.187,39.967,1.717,18.011
2026-05-13 19:30:26.885,21.964,1.187,39.967,1.717,18.011
2026-05-13 19:30:26.906,21.964,1.187,39.967,1.717,18.011
2026-05-13 19:30:26.929,21.964,1.187,39.967,1.717,18.011
2026-05-13 19:30:26.965,21.695,1.171,39.967,1.717,18.28
2026-05-13 19:30:27.005,21.695,1.171,39.967,1.717,18.28
2026-05-13 19:30:27.025,21.695,1.171,39.967,1.717,18.28
2026-05-13 19:30:27.058,21.695,1.171,39.967,1.717,18.28
2026-05-13 19:30:27.085,21.695,1.171,39.967,1.717,18.28
2026-05-13 19:30:27.106,21.695,1.171,39.967,1.717,18.28
2026-05-13 19:30:27.145,21.695,1.171,39.967,1.717,18.28
2026-05-13 19:30:27.186,21.695,1.171,39.967,1.717,18.28
2026-05-13 19:30:27.225,21.695,1.171,39.967,1.717,18.28
2026-05-13 19:30:27.245,21.695,1.171,39.967,1.717,18.28
2026-05-13 19:30:27.266,21.695,1.171,39.967,1.717,18.28
2026-05-13 19:30:27.319,21.695,1.171,39.967,1.717,18.28
2026-05-13 19:30:27.345,21.695,1.171,39.967,1.717,18.28
2026-05-13 19:30:27.367,21.695,1.171,39.967,1.717,18.28
2026-05-13 19:30:27.405,21.695,1.171,39.967,1.717,18.28
2026-05-13 19:30:27.426,21.695,1.171,39.967,1.717,18.28
2026-05-13 19:30:27.465,21.695,1.171,39.967,1.717,18.28
2026-05-13 19:30:27.505,21.695,1.171,39.967,1.717,18.28
2026-05-13 19:30:27.527,21.48,1.158,39.967,1.717,18.496
2026-05-13 19:30:27.565,21.48,1.158,39.967,1.717,18.496
2026-05-13 19:30:27.613,21.48,1.158,39.967,1.717,18.496
2026-05-13 19:30:27.645,21.48,1.158,39.967,1.717,18.496
2026-05-13 19:30:27.685,21.48,1.158,39.967,1.717,18.496
2026-05-13 19:30:27.725,21.48,1.158,39.967,1.717,18.496
2026-05-13 19:30:27.745,21.48,1.158,39.967,1.717,18.496
2026-05-13 19:30:27.766,21.48,1.158,39.967,1.717,18.496
2026-05-13 19:30:27.806,21.48,1.158,39.967,1.717,18.496
2026-05-13 19:30:27.845,21.48,1.158,39.967,1.717,18.496
2026-05-13 19:30:27.866,21.271,1.145,39.967,1.717,18.705
2026-05-13 19:30:27.886,21.271,1.145,39.967,1.717,18.705
2026-05-13 19:30:27.930,21.271,1.145,39.967,1.717,18.705
2026-05-13 19:30:27.966,21.271,1.145,39.967,1.717,18.705
2026-05-13 19:30:28.005,21.271,1.145,39.967,1.717,18.705
2026-05-13 19:30:28.494,21.271,1.145,39.967,1.717,18.705
2026-05-13 19:30:28.526,21.069,1.133,39.967,1.717,18.907
2026-05-13 19:30:28.931,21.069,1.133,39.967,1.717,18.907
2026-05-13 19:30:29.423,20.872,1.123,39.967,1.717,19.104
2026-05-13 19:30:29.711,20.68,1.111,39.967,1.717,19.296
2026-05-13 19:30:29.782,20.68,1.111,39.967,1.717,19.296
2026-05-13 19:30:30.067,20.68,1.111,39.967,1.717,19.296
2026-05-13 19:30:30.200,20.496,1.098,39.967,1.717,19.481
2026-05-13 19:30:30.399,20.496,1.098,39.967,1.717,19.481
2026-05-13 19:30:30.667,20.319,1.089,39.967,1.717,19.658
2026-05-13 19:30:30.699,20.319,1.089,39.967,1.717,19.658
2026-05-13 19:30:30.833,20.319,1.089,39.967,1.717,19.658
2026-05-13 19:30:30.977,20.319,1.089,39.967,1.717,19.658
2026-05-13 19:30:31.119,20.144,1.08,39.967,1.717,19.833
2026-05-13 19:30:31.199,20.144,1.08,39.967,1.717,19.833
2026-05-13 19:30:31.225,20.144,1.08,39.967,1.717,19.833
2026-05-13 19:30:31.265,20.144,1.08,39.967,1.717,19.833
2026-05-13 19:30:31.419,20.144,1.08,39.967,1.717,19.833
2026-05-13 19:30:31.630,20.144,1.08,39.967,1.717,19.833
2026-05-13 19:30:32.010,19.976,1.068,39.967,1.717,20.002
2026-05-13 19:30:32.272,19.814,1.058,39.967,1.717,20.164
2026-05-13 19:30:32.405,19.814,1.058,39.967,1.717,20.164
2026-05-13 19:30:32.778,19.656,1.049,39.967,1.717,20.322
2026-05-13 19:30:32.995,19.656,1.049,39.967,1.717,20.322
2026-05-13 19:30:33.208,19.503,1.039,39.967,1.717,20.476
2026-05-13 19:30:33.377,19.503,1.039,39.967,1.717,20.476
2026-05-13 19:30:33.669,19.353,1.028,39.967,1.717,20.626
2026-05-13 19:30:33.860,19.353,1.028,39.967,1.717,20.626
2026-05-13 19:30:34.042,19.205,1.02,39.967,1.717,20.774
2026-05-13 19:30:34.073,19.205,1.02,39.967,1.717,20.774
2026-05-13 19:30:34.231,19.205,1.02,39.967,1.717,20.774
2026-05-13 19:30:34.282,19.205,1.02,39.967,1.717,20.774
2026-05-13 19:30:34.473,19.205,1.02,39.967,1.717,20.774
2026-05-13 19:30:34.603,19.205,1.02,39.967,1.717,20.774
2026-05-13 19:30:34.786,19.205,1.02,39.967,1.717,20.774
2026-05-13 19:30:35.101,19.055,1.012,39.967,1.717,20.924
2026-05-13 19:30:35.474,18.904,1.003,39.967,1.717,21.075
2026-05-13 19:30:35.807,18.904,1.003,39.967,1.717,21.075
2026-05-13 19:30:36.068,18.754,0.992,39.967,1.717,21.226
2026-05-13 19:30:36.116,18.605,0.983,39.967,1.717,21.374
2026-05-13 19:30:36.148,18.605,0.983,39.967,1.717,21.374
2026-05-13 19:30:36.203,18.605,0.983,39.967,1.717,21.374
2026-05-13 19:30:36.651,18.605,0.983,39.967,1.717,21.374
2026-05-13 19:30:36.953,18.458,0.975,39.967,1.717,21.522
2026-05-13 19:30:37.462,18.306,0.967,39.967,1.717,21.674
2026-05-13 19:30:37.822,18.156,0.956,39.967,1.717,21.824
2026-05-13 19:30:38.125,18.156,0.956,39.967,1.717,21.824
2026-05-13 19:30:38.500,18.006,0.947,39.967,1.717,21.974
2026-05-13 19:30:38.537,17.859,0.939,39.967,1.717,22.122
2026-05-13 19:30:38.597,17.859,0.939,39.967,1.717,22.122
2026-05-13 19:30:38.626,17.859,0.939,39.967,1.717,22.122
2026-05-13 19:30:38.665,17.859,0.939,39.967,1.717,22.122
2026-05-13 19:30:38.705,17.859,0.939,39.967,1.717,22.122
2026-05-13 19:30:38.745,17.859,0.939,39.967,1.717,22.122
2026-05-13 19:30:38.786,17.859,0.939,39.967,1.717,22.122
2026-05-13 19:30:38.806,17.859,0.939,39.967,1.717,22.122
2026-05-13 19:30:38.846,17.859,0.939,39.967,1.717,22.122
2026-05-13 19:30:38.866,17.859,0.939,39.967,1.717,22.122
2026-05-13 19:30:38.889,17.708,0.931,39.967,1.717,22.273
2026-05-13 19:30:38.925,17.708,0.931,39.967,1.717,22.273
2026-05-13 19:30:38.945,17.708,0.931,39.967,1.717,22.273
2026-05-13 19:30:38.985,17.708,0.931,39.967,1.717,22.273
2026-05-13 19:30:39.020,17.708,0.931,39.967,1.717,22.273
2026-05-13 19:30:39.045,17.708,0.931,39.967,1.717,22.273
2026-05-13 19:30:39.085,17.708,0.931,39.967,1.717,22.273
2026-05-13 19:30:39.107,17.708,0.931,39.967,1.717,22.273
2026-05-13 19:30:39.145,17.708,0.931,39.967,1.717,22.273
2026-05-13 19:30:39.165,17.708,0.931,39.967,1.717,22.273
2026-05-13 19:30:39.205,17.708,0.931,39.967,1.717,22.273
2026-05-13 19:30:39.245,17.708,0.931,39.967,1.717,22.273
2026-05-13 19:30:39.285,17.708,0.931,39.967,1.717,22.273
2026-05-13 19:30:39.326,17.708,0.931,39.967,1.717,22.273
2026-05-13 19:30:39.365,17.708,0.931,39.967,1.717,22.273
2026-05-13 19:30:39.387,17.557,0.921,39.967,1.717,22.424
2026-05-13 19:30:39.434,17.557,0.921,39.967,1.717,22.424
2026-05-13 19:30:39.462,17.557,0.921,39.967,1.717,22.424
2026-05-13 19:30:39.485,17.557,0.921,39.967,1.717,22.424
2026-05-13 19:30:39.507,17.557,0.921,39.967,1.717,22.424
2026-05-13 19:30:39.545,17.557,0.921,39.967,1.717,22.424
2026-05-13 19:30:39.586,17.557,0.921,39.967,1.717,22.424
2026-05-13 19:30:39.625,17.557,0.921,39.967,1.717,22.424
2026-05-13 19:30:39.646,17.557,0.921,39.967,1.717,22.424
2026-05-13 19:30:39.685,17.557,0.921,39.967,1.717,22.424
2026-05-13 19:30:39.706,17.557,0.921,39.967,1.717,22.424
2026-05-13 19:30:39.745,17.557,0.921,39.967,1.717,22.424
2026-05-13 19:30:39.785,17.557,0.921,39.967,1.717,22.424
2026-05-13 19:30:39.826,17.557,0.921,39.967,1.717,22.424
2026-05-13 19:30:39.865,17.557,0.921,39.967,1.717,22.424
2026-05-13 19:30:39.909,17.408,0.911,39.967,1.717,22.573
2026-05-13 19:30:39.945,17.408,0.911,39.967,1.717,22.573
2026-05-13 19:30:39.966,17.408,0.911,39.967,1.717,22.573
2026-05-13 19:30:39.996,17.408,0.911,39.967,1.717,22.573
2026-05-13 19:30:40.025,17.408,0.911,39.967,1.717,22.573
2026-05-13 19:30:40.045,17.408,0.911,39.967,1.717,22.573
2026-05-13 19:30:40.086,17.408,0.911,39.967,1.717,22.573
2026-05-13 19:30:40.125,17.408,0.911,39.967,1.717,22.573
2026-05-13 19:30:40.145,17.408,0.911,39.967,1.717,22.573
2026-05-13 19:30:40.166,17.408,0.911,39.967,1.717,22.573
2026-05-13 19:30:40.205,17.408,0.911,39.967,1.717,22.573
2026-05-13 19:30:40.245,17.408,0.911,39.967,1.717,22.573
2026-05-13 19:30:40.267,17.408,0.911,39.967,1.717,22.573
2026-05-13 19:30:40.305,17.408,0.911,39.967,1.717,22.573
2026-05-13 19:30:40.345,17.408,0.911,39.967,1.717,22.573
2026-05-13 19:30:40.365,17.408,0.911,39.967,1.717,22.573
2026-05-13 19:30:40.386,17.26,0.903,39.967,1.717,22.721
2026-05-13 19:30:40.406,17.26,0.903,39.967,1.717,22.721
2026-05-13 19:30:40.434,17.26,0.903,39.967,1.717,22.721
2026-05-13 19:30:40.466,17.26,0.903,39.967,1.717,22.721
2026-05-13 19:30:40.505,17.26,0.903,39.967,1.717,22.721
2026-05-13 19:30:40.526,17.26,0.903,39.967,1.717,22.721
2026-05-13 19:30:40.565,17.26,0.903,39.967,1.717,22.721
2026-05-13 19:30:40.585,17.26,0.903,39.967,1.717,22.721
2026-05-13 19:30:40.605,17.26,0.903,39.967,1.717,22.721
2026-05-13 19:30:40.645,17.26,0.903,39.967,1.717,22.721
2026-05-13 19:30:40.665,17.26,0.903,39.967,1.717,22.721
2026-05-13 19:30:40.685,17.26,0.903,39.967,1.717,22.721
2026-05-13 19:30:40.705,17.26,0.903,39.967,1.717,22.721
2026-05-13 19:30:40.745,17.26,0.903,39.967,1.717,22.721
2026-05-13 19:30:40.785,17.26,0.903,39.967,1.717,22.721
2026-05-13 19:30:40.805,17.26,0.903,39.967,1.717,22.721
2026-05-13 19:30:40.826,17.26,0.903,39.967,1.717,22.721
2026-05-13 19:30:40.865,17.111,0.895,39.967,1.717,22.871
2026-05-13 19:30:40.886,17.111,0.895,39.967,1.717,22.871
2026-05-13 19:30:40.925,17.111,0.895,39.967,1.717,22.871
2026-05-13 19:30:40.945,17.111,0.895,39.967,1.717,22.871
2026-05-13 19:30:40.969,17.111,0.895,39.967,1.717,22.871
2026-05-13 19:30:41.005,17.111,0.895,39.967,1.717,22.871
2026-05-13 19:30:41.025,17.111,0.895,39.967,1.717,22.871
2026-05-13 19:30:41.231,17.111,0.895,39.967,1.717,22.871
2026-05-13 19:30:41.338,17.111,0.895,39.967,1.717,22.871
2026-05-13 19:30:41.512,17.111,0.895,39.967,1.717,22.871
2026-05-13 19:30:41.641,16.96,0.885,39.967,1.717,23.022
2026-05-13 19:30:41.711,16.96,0.885,39.967,1.717,23.022
2026-05-13 19:30:41.887,16.96,0.885,39.967,1.717,23.022
2026-05-13 19:30:42.291,16.81,0.874,39.967,1.717,23.173
2026-05-13 19:30:42.616,16.81,0.874,39.967,1.717,23.173
2026-05-13 19:30:42.646,16.662,0.866,39.967,1.717,23.321
2026-05-13 19:30:42.679,16.662,0.866,39.967,1.717,23.321
2026-05-13 19:30:42.705,16.662,0.866,39.967,1.717,23.321
2026-05-13 19:30:42.726,16.662,0.866,39.967,1.717,23.321
2026-05-13 19:30:42.765,16.662,0.866,39.967,1.717,23.321
2026-05-13 19:30:42.786,16.662,0.866,39.967,1.717,23.321
2026-05-13 19:30:42.825,16.662,0.866,39.967,1.717,23.321
2026-05-13 19:30:42.865,16.662,0.866,39.967,1.717,23.321
2026-05-13 19:30:42.885,16.662,0.866,39.967,1.717,23.321
2026-05-13 19:30:42.906,16.511,0.858,39.967,1.717,23.471
2026-05-13 19:30:42.945,16.511,0.858,39.967,1.717,23.471
2026-05-13 19:30:42.980,16.511,0.858,39.967,1.717,23.471
2026-05-13 19:30:43.005,16.511,0.858,39.967,1.717,23.471
2026-05-13 19:30:43.028,16.511,0.858,39.967,1.717,23.471
2026-05-13 19:30:43.066,16.511,0.858,39.967,1.717,23.471
2026-05-13 19:30:43.105,16.511,0.858,39.967,1.717,23.471
2026-05-13 19:30:43.145,16.511,0.858,39.967,1.717,23.471
2026-05-13 19:30:43.165,16.511,0.858,39.967,1.717,23.471
2026-05-13 19:30:43.206,16.511,0.858,39.967,1.717,23.471
2026-05-13 19:30:43.245,16.511,0.858,39.967,1.717,23.471
2026-05-13 19:30:43.285,16.511,0.858,39.967,1.717,23.471
2026-05-13 19:30:43.325,16.511,0.858,39.967,1.717,23.471
2026-05-13 19:30:43.345,16.511,0.858,39.967,1.717,23.471
2026-05-13 19:30:43.366,16.511,0.858,39.967,1.717,23.471
2026-05-13 19:30:43.388,16.511,0.858,39.967,1.717,23.471
2026-05-13 19:30:43.425,16.363,0.849,39.967,1.717,23.62
2026-05-13 19:30:43.446,16.363,0.849,39.967,1.717,23.62
2026-05-13 19:30:43.486,16.363,0.849,39.967,1.717,23.62
2026-05-13 19:30:43.520,16.363,0.849,39.967,1.717,23.62
2026-05-13 19:30:43.545,16.363,0.849,39.967,1.717,23.62
2026-05-13 19:30:43.565,16.363,0.849,39.967,1.717,23.62
2026-05-13 19:30:43.607,16.363,0.849,39.967,1.717,23.62
2026-05-13 19:30:43.646,16.363,0.849,39.967,1.717,23.62
2026-05-13 19:30:43.686,16.363,0.849,39.967,1.717,23.62
2026-05-13 19:30:43.710,16.363,0.849,39.967,1.717,23.62
2026-05-13 19:30:43.745,16.363,0.849,39.967,1.717,23.62
2026-05-13 19:30:43.785,16.363,0.849,39.967,1.717,23.62
2026-05-13 19:30:43.805,16.363,0.849,39.967,1.717,23.62
2026-05-13 19:30:43.845,16.363,0.849,39.967,1.717,23.62
2026-05-13 19:30:43.866,16.363,0.849,39.967,1.717,23.62
2026-05-13 19:30:43.887,16.363,0.849,39.967,1.717,23.62
2026-05-13 19:30:43.925,16.363,0.849,39.967,1.717,23.62
2026-05-13 19:30:43.965,16.363,0.849,39.967,1.717,23.62
2026-05-13 19:30:43.985,16.363,0.849,39.967,1.717,23.62
2026-05-13 19:30:44.025,16.363,0.849,39.967,1.717,23.62
2026-05-13 19:30:44.045,16.363,0.849,39.967,1.717,23.62
2026-05-13 19:30:44.085,16.363,0.849,39.967,1.717,23.62
2026-05-13 19:30:44.107,16.363,0.849,39.967,1.717,23.62
2026-05-13 19:30:44.145,16.363,0.849,39.967,1.717,23.62
2026-05-13 19:30:44.165,16.363,0.849,39.967,1.717,23.62
2026-05-13 19:30:44.205,16.363,0.849,39.967,1.717,23.62
2026-05-13 19:30:44.245,16.363,0.849,39.967,1.717,23.62
2026-05-13 19:30:44.267,16.363,0.849,39.967,1.717,23.62
2026-05-13 19:30:44.305,16.211,0.839,39.967,1.717,23.772
2026-05-13 19:30:44.345,16.211,0.839,39.967,1.717,23.772
2026-05-13 19:30:44.365,16.211,0.839,39.967,1.717,23.772
2026-05-13 19:30:44.392,16.211,0.839,39.967,1.717,23.772
2026-05-13 19:30:44.425,16.064,0.83,39.967,1.717,23.919
2026-05-13 19:30:44.465,16.064,0.83,39.967,1.717,23.919
2026-05-13 19:30:44.492,16.064,0.83,39.967,1.717,23.919
2026-05-13 19:30:44.525,16.064,0.83,39.967,1.717,23.919
2026-05-13 19:30:44.545,16.064,0.83,39.967,1.717,23.919
2026-05-13 19:30:44.565,16.064,0.83,39.967,1.717,23.919
2026-05-13 19:30:44.606,16.064,0.83,39.967,1.717,23.919
2026-05-13 19:30:44.627,16.064,0.83,39.967,1.717,23.919
2026-05-13 19:30:44.665,16.064,0.83,39.967,1.717,23.919
2026-05-13 19:30:44.685,16.064,0.83,39.967,1.717,23.919
2026-05-13 19:30:44.706,16.064,0.83,39.967,1.717,23.919
2026-05-13 19:30:44.745,16.064,0.83,39.967,1.717,23.919
2026-05-13 19:30:44.765,16.064,0.83,39.967,1.717,23.919
2026-05-13 19:30:44.786,16.064,0.83,39.967,1.717,23.919
2026-05-13 19:30:44.825,16.064,0.83,39.967,1.717,23.919
2026-05-13 19:30:44.845,16.064,0.83,39.967,1.717,23.919
2026-05-13 19:30:44.866,16.064,0.83,39.967,1.717,23.919
2026-05-13 19:30:44.906,16.064,0.83,39.967,1.717,23.919
2026-05-13 19:30:44.945,16.064,0.83,39.967,1.717,23.919
2026-05-13 19:30:44.985,15.914,0.822,39.967,1.717,24.069
2026-05-13 19:30:45.030,15.914,0.822,39.967,1.717,24.069
2026-05-13 19:30:45.065,15.914,0.822,39.967,1.717,24.069
2026-05-13 19:30:45.105,15.914,0.822,39.967,1.717,24.069
2026-05-13 19:30:45.477,15.914,0.822,39.967,1.717,24.069
2026-05-13 19:30:45.668,15.763,0.812,39.967,1.717,24.22
2026-05-13 19:30:45.820,15.763,0.812,39.967,1.717,24.22
2026-05-13 19:30:46.051,15.763,0.812,39.967,1.717,24.22
2026-05-13 19:30:46.237,15.614,0.801,39.967,1.717,24.37
2026-05-13 19:30:46.338,15.614,0.801,39.967,1.717,24.37
2026-05-13 19:30:46.456,15.614,0.801,39.967,1.717,24.37
2026-05-13 19:30:46.524,15.466,0.792,39.967,1.717,24.518
2026-05-13 19:30:46.575,15.466,0.792,39.967,1.717,24.518
2026-05-13 19:30:46.663,15.466,0.792,39.967,1.717,24.518
2026-05-13 19:30:46.700,15.466,0.792,39.967,1.717,24.518
2026-05-13 19:30:46.745,15.466,0.792,39.967,1.717,24.518
2026-05-13 19:30:46.770,15.466,0.792,39.967,1.717,24.518
2026-05-13 19:30:46.803,15.466,0.792,39.967,1.717,24.518
2026-05-13 19:30:46.862,15.466,0.792,39.967,1.717,24.518
2026-05-13 19:30:46.885,15.466,0.792,39.967,1.717,24.518
2026-05-13 19:30:46.944,15.466,0.792,39.967,1.717,24.518
2026-05-13 19:30:47.004,15.316,0.785,39.967,1.717,24.668
2026-05-13 19:30:47.068,15.316,0.785,39.967,1.717,24.668
2026-05-13 19:30:47.129,15.316,0.785,39.967,1.717,24.668
2026-05-13 19:30:47.208,15.316,0.785,39.967,1.717,24.668
2026-05-13 19:30:47.237,15.316,0.785,39.967,1.717,24.668
2026-05-13 19:30:47.333,15.316,0.785,39.967,1.717,24.668
2026-05-13 19:30:47.404,15.316,0.785,39.967,1.717,24.668
2026-05-13 19:30:47.465,15.121,0.774,39.967,1.717,24.864
2026-05-13 19:30:47.525,15.121,0.774,39.967,1.717,24.864
2026-05-13 19:30:47.599,15.121,0.774,39.967,1.717,24.864
2026-05-13 19:30:47.689,15.121,0.774,39.967,1.717,24.864
2026-05-13 19:30:47.725,15.121,0.774,39.967,1.717,24.864
2026-05-13 19:30:47.788,15.121,0.774,39.967,1.717,24.864
2026-05-13 19:30:47.880,15.121,0.774,39.967,1.717,24.864
2026-05-13 19:30:47.972,15.121,0.774,39.967,1.717,24.864
2026-05-13 19:30:48.036,14.845,0.76,39.967,1.717,25.141
2026-05-13 19:30:48.120,14.845,0.76,39.967,1.717,25.141
2026-05-13 19:30:48.206,14.845,0.76,39.967,1.717,25.141
2026-05-13 19:30:48.332,14.845,0.76,39.967,1.717,25.141
2026-05-13 19:30:48.365,14.845,0.76,39.967,1.717,25.141
2026-05-13 19:30:48.401,14.491,0.744,39.967,1.717,25.495
2026-05-13 19:30:48.483,14.491,0.744,39.967,1.717,25.495
2026-05-13 19:30:48.560,14.491,0.744,39.967,1.717,25.495
2026-05-13 19:30:48.626,14.491,0.744,39.967,1.717,25.495
2026-05-13 19:30:48.682,14.491,0.744,39.967,1.717,25.495
2026-05-13 19:30:48.756,14.491,0.744,39.967,1.717,25.495
2026-05-13 19:30:48.786,14.491,0.744,39.967,1.717,25.495
2026-05-13 19:30:48.862,14.491,0.744,39.967,1.717,25.495
2026-05-13 19:30:48.929,14.491,0.744,39.967,1.717,25.495
2026-05-13 19:30:49.017,14.491,0.744,39.967,1.717,25.495
2026-05-13 19:30:49.058,14.088,0.724,39.967,1.717,25.898
2026-05-13 19:30:49.125,14.088,0.724,39.967,1.717,25.898
2026-05-13 19:30:49.184,14.088,0.724,39.967,1.717,25.898
2026-05-13 19:30:49.264,14.088,0.724,39.967,1.717,25.898
2026-05-13 19:30:49.292,14.088,0.724,39.967,1.717,25.898
2026-05-13 19:30:49.371,14.088,0.724,39.967,1.717,25.898
2026-05-13 19:30:49.465,14.088,0.724,39.967,1.717,25.898
2026-05-13 19:30:49.529,13.693,0.702,39.967,1.717,26.293
2026-05-13 19:30:49.574,13.693,0.702,39.967,1.717,26.293
2026-05-13 19:30:49.609,13.693,0.702,39.967,1.717,26.293
2026-05-13 19:30:49.655,13.693,0.702,39.967,1.717,26.293
2026-05-13 19:30:49.702,13.693,0.702,39.967,1.717,26.293
2026-05-13 19:30:49.750,13.693,0.702,39.967,1.717,26.293
2026-05-13 19:30:49.785,13.693,0.702,39.967,1.717,26.293
2026-05-13 19:30:49.820,13.693,0.702,39.967,1.717,26.293
2026-05-13 19:30:49.863,13.693,0.702,39.967,1.717,26.293
2026-05-13 19:30:49.920,13.693,0.702,39.967,1.717,26.293
2026-05-13 19:30:49.982,13.693,0.702,39.967,1.717,26.293
2026-05-13 19:30:50.007,13.693,0.702,39.967,1.717,26.293
2026-05-13 19:30:50.068,13.298,0.691,39.967,1.717,26.689
2026-05-13 19:30:50.105,13.298,0.691,39.967,1.717,26.689
2026-05-13 19:30:50.180,13.298,0.691,39.967,1.717,26.689
2026-05-13 19:30:50.212,13.298,0.691,39.967,1.717,26.689
2026-05-13 19:30:50.253,13.298,0.691,39.967,1.717,26.689
2026-05-13 19:30:50.332,13.298,0.691,39.967,1.717,26.689
2026-05-13 19:30:50.384,13.298,0.691,39.967,1.717,26.689
2026-05-13 19:30:50.422,13.298,0.691,39.967,1.717,26.689
2026-05-13 19:30:50.445,12.906,0.688,39.967,1.717,27.081
2026-05-13 19:30:50.492,12.906,0.688,39.967,1.717,27.081
2026-05-13 19:30:50.556,12.906,0.688,39.967,1.717,27.081
2026-05-13 19:30:50.612,12.906,0.688,39.967,1.717,27.081
2026-05-13 19:30:50.647,12.906,0.688,39.967,1.717,27.081
2026-05-13 19:30:50.676,12.906,0.688,39.967,1.717,27.081
2026-05-13 19:30:50.728,12.906,0.688,39.967,1.717,27.081
2026-05-13 19:30:50.774,12.906,0.688,39.967,1.717,27.081
2026-05-13 19:30:50.805,12.906,0.688,39.967,1.717,27.081
2026-05-13 19:30:50.924,12.906,0.688,39.967,1.717,27.081
2026-05-13 19:30:50.996,12.505,0.681,39.967,1.717,27.482
2026-05-13 19:30:51.063,12.505,0.681,39.967,1.717,27.482
2026-05-13 19:30:51.161,12.505,0.681,39.967,1.717,27.482
2026-05-13 19:30:51.340,12.505,0.681,39.967,1.717,27.482
2026-05-13 19:30:51.425,12.505,0.681,39.967,1.717,27.482
2026-05-13 19:30:51.445,12.111,0.669,39.967,1.717,27.876
2026-05-13 19:30:51.526,12.111,0.669,39.967,1.717,27.876
2026-05-13 19:30:51.606,12.111,0.669,39.967,1.717,27.876
2026-05-13 19:30:51.672,12.111,0.669,39.967,1.717,27.876
2026-05-13 19:30:51.707,12.111,0.669,39.967,1.717,27.876
2026-05-13 19:30:51.769,12.111,0.669,39.967,1.717,27.876
2026-05-13 19:30:51.805,12.111,0.669,39.967,1.717,27.876
2026-05-13 19:30:51.838,12.111,0.669,39.967,1.717,27.876
2026-05-13 19:30:51.881,12.111,0.669,39.967,1.717,27.876
2026-05-13 19:30:51.924,12.111,0.669,39.967,1.717,27.876
2026-05-13 19:30:51.957,11.729,0.657,39.967,1.717,28.257
2026-05-13 19:30:51.978,11.729,0.657,39.967,1.717,28.257
2026-05-13 19:30:52.053,11.729,0.657,39.967,1.717,28.257
2026-05-13 19:30:52.079,11.729,0.657,39.967,1.717,28.257
2026-05-13 19:30:52.100,11.729,0.657,39.967,1.717,28.257
2026-05-13 19:30:52.126,11.729,0.657,39.967,1.717,28.257
2026-05-13 19:30:52.149,11.729,0.657,39.967,1.717,28.257
2026-05-13 19:30:52.185,11.729,0.657,39.967,1.717,28.257
2026-05-13 19:30:52.218,11.729,0.657,39.967,1.717,28.257
2026-05-13 19:30:52.247,11.729,0.657,39.967,1.717,28.257
2026-05-13 19:30:52.285,11.729,0.657,39.967,1.717,28.257
2026-05-13 19:30:52.326,11.729,0.657,39.967,1.717,28.257
2026-05-13 19:30:52.366,11.729,0.657,39.967,1.717,28.257
2026-05-13 19:30:52.405,11.729,0.657,39.967,1.717,28.257
2026-05-13 19:30:52.452,11.369,0.646,39.967,1.717,28.618
2026-05-13 19:30:52.485,11.369,0.646,39.967,1.717,28.618
2026-05-13 19:30:52.515,11.369,0.646,39.967,1.717,28.618
2026-05-13 19:30:52.551,11.369,0.646,39.967,1.717,28.618
2026-05-13 19:30:52.584,11.369,0.646,39.967,1.717,28.618
2026-05-13 19:30:52.605,11.369,0.646,39.967,1.717,28.618
2026-05-13 19:30:52.626,11.369,0.646,39.967,1.717,28.618
2026-05-13 19:30:52.676,11.369,0.646,39.967,1.717,28.618
2026-05-13 19:30:52.705,11.369,0.646,39.967,1.717,28.618
2026-05-13 19:30:52.725,11.369,0.646,39.967,1.717,28.618
2026-05-13 19:30:52.760,11.369,0.646,39.967,1.717,28.618
2026-05-13 19:30:52.785,11.369,0.646,39.967,1.717,28.618
2026-05-13 19:30:52.825,11.369,0.646,39.967,1.717,28.618
2026-05-13 19:30:52.845,11.369,0.646,39.967,1.717,28.618
2026-05-13 19:30:52.867,11.369,0.646,39.967,1.717,28.618
2026-05-13 19:30:52.902,11.369,0.646,39.967,1.717,28.618
2026-05-13 19:30:52.925,11.369,0.646,39.967,1.717,28.618
2026-05-13 19:30:52.961,11.027,0.637,39.967,1.717,28.96
2026-05-13 19:30:52.998,11.027,0.637,39.967,1.717,28.96
2026-05-13 19:30:53.026,11.027,0.637,39.967,1.717,28.96
2026-05-13 19:30:53.054,11.027,0.637,39.967,1.717,28.96
2026-05-13 19:30:53.077,11.027,0.637,39.967,1.717,28.96
2026-05-13 19:30:53.106,11.027,0.637,39.967,1.717,28.96
2026-05-13 19:30:53.132,11.027,0.637,39.967,1.717,28.96
2026-05-13 19:30:53.165,11.027,0.637,39.967,1.717,28.96
2026-05-13 19:30:53.237,11.027,0.637,39.967,1.717,28.96
2026-05-13 19:30:53.291,11.027,0.637,39.967,1.717,28.96
2026-05-13 19:30:53.323,11.027,0.637,39.967,1.717,28.96
2026-05-13 19:30:53.345,11.027,0.637,39.967,1.717,28.96
2026-05-13 19:30:53.365,11.027,0.637,39.967,1.717,28.96
2026-05-13 19:30:53.393,10.702,0.631,39.967,1.717,29.285
2026-05-13 19:30:53.436,10.702,0.631,39.967,1.717,29.285
2026-05-13 19:30:53.465,10.702,0.631,39.967,1.717,29.285
2026-05-13 19:30:53.513,10.702,0.631,39.967,1.717,29.285
2026-05-13 19:30:53.546,10.702,0.631,39.967,1.717,29.285
2026-05-13 19:30:53.581,10.702,0.631,39.967,1.717,29.285
2026-05-13 19:30:53.612,10.702,0.631,39.967,1.717,29.285
2026-05-13 19:30:53.650,10.702,0.631,39.967,1.717,29.285
2026-05-13 19:30:53.685,10.702,0.631,39.967,1.717,29.285
2026-05-13 19:30:53.713,10.702,0.631,39.967,1.717,29.285
2026-05-13 19:30:53.783,10.702,0.631,39.967,1.717,29.285
2026-05-13 19:30:53.819,10.702,0.631,39.967,1.717,29.285
2026-05-13 19:30:53.870,10.702,0.631,39.967,1.717,29.285
2026-05-13 19:30:53.909,10.702,0.631,39.967,1.717,29.285
2026-05-13 19:30:53.943,10.702,0.631,39.967,1.717,29.285
2026-05-13 19:30:53.975,10.702,0.631,39.967,1.717,29.285
2026-05-13 19:30:54.032,10.392,0.625,39.967,1.717,29.595
2026-05-13 19:30:54.079,10.392,0.625,39.967,1.717,29.595
2026-05-13 19:30:54.120,10.392,0.625,39.967,1.717,29.595
2026-05-13 19:30:54.149,10.392,0.625,39.967,1.717,29.595
2026-05-13 19:30:54.183,10.392,0.625,39.967,1.717,29.595
2026-05-13 19:30:54.229,10.392,0.625,39.967,1.717,29.595
2026-05-13 19:30:54.250,10.392,0.625,39.967,1.717,29.595
2026-05-13 19:30:54.285,10.392,0.625,39.967,1.717,29.595
2026-05-13 19:30:54.306,10.392,0.625,39.967,1.717,29.595
2026-05-13 19:30:54.330,10.392,0.625,39.967,1.717,29.595
2026-05-13 19:30:54.353,10.392,0.625,39.967,1.717,29.595
2026-05-13 19:30:54.385,10.095,0.62,39.967,1.717,29.892
2026-05-13 19:30:54.405,10.095,0.62,39.967,1.717,29.892
2026-05-13 19:30:54.446,10.095,0.62,39.967,1.717,29.892
2026-05-13 19:30:54.485,10.095,0.62,39.967,1.717,29.892
2026-05-13 19:30:54.505,10.095,0.62,39.967,1.717,29.892
2026-05-13 19:30:54.542,10.095,0.62,39.967,1.717,29.892
2026-05-13 19:30:54.565,10.095,0.62,39.967,1.717,29.892
2026-05-13 19:30:54.586,10.095,0.62,39.967,1.717,29.892
2026-05-13 19:30:54.626,10.095,0.62,39.967,1.717,29.892
2026-05-13 19:30:54.665,10.095,0.62,39.967,1.717,29.892
2026-05-13 19:30:54.706,10.095,0.62,39.967,1.717,29.892
2026-05-13 19:30:54.745,10.095,0.62,39.967,1.717,29.892
2026-05-13 19:30:54.765,10.095,0.62,39.967,1.717,29.892
2026-05-13 19:30:54.786,10.095,0.62,39.967,1.717,29.892
2026-05-13 19:30:54.806,10.095,0.62,39.967,1.717,29.892
2026-05-13 19:30:54.826,10.095,0.62,39.967,1.717,29.892
2026-05-13 19:30:54.865,10.095,0.62,39.967,1.717,29.892
2026-05-13 19:30:54.885,10.095,0.62,39.967,1.717,29.892
2026-05-13 19:30:54.912,10.095,0.62,39.967,1.717,29.892
2026-05-13 19:30:54.934,10.095,0.62,39.967,1.717,29.892
2026-05-13 19:30:54.965,10.095,0.62,39.967,1.717,29.892
2026-05-13 19:30:54.986,10.095,0.62,39.967,1.717,29.892
2026-05-13 19:30:55.025,10.095,0.62,39.967,1.717,29.892
2026-05-13 19:30:55.066,10.095,0.62,39.967,1.717,29.892
2026-05-13 19:30:55.105,10.095,0.62,39.967,1.717,29.892
2026-05-13 19:30:55.150,10.095,0.62,39.967,1.717,29.892
2026-05-13 19:30:55.186,10.095,0.62,39.967,1.717,29.892
2026-05-13 19:30:55.225,10.095,0.62,39.967,1.717,29.892
2026-05-13 19:30:55.245,10.095,0.62,39.967,1.717,29.892
2026-05-13 19:30:55.285,10.095,0.62,39.967,1.717,29.892
2026-05-13 19:30:55.305,10.095,0.62,39.967,1.717,29.892
2026-05-13 19:30:55.326,9.814,0.613,39.967,1.717,30.173
2026-05-13 19:30:55.352,9.814,0.613,39.967,1.717,30.173
2026-05-13 19:30:55.385,9.814,0.613,39.967,1.717,30.173
2026-05-13 19:30:55.426,9.546,0.608,39.967,1.717,30.441
2026-05-13 19:30:55.449,9.546,0.608,39.967,1.717,30.441
2026-05-13 19:30:55.486,9.546,0.608,39.967,1.717,30.441
2026-05-13 19:30:55.525,9.546,0.608,39.967,1.717,30.441
2026-05-13 19:30:55.566,9.546,0.608,39.967,1.717,30.441
2026-05-13 19:30:55.606,9.546,0.608,39.967,1.717,30.441
2026-05-13 19:30:55.646,9.546,0.608,39.967,1.717,30.441
2026-05-13 19:30:55.685,9.546,0.608,39.967,1.717,30.441
2026-05-13 19:30:55.742,9.546,0.608,39.967,1.717,30.441
2026-05-13 19:30:55.820,9.546,0.608,39.967,1.717,30.441
2026-05-13 19:30:55.868,9.546,0.608,39.967,1.717,30.441
2026-05-13 19:30:55.923,9.546,0.608,39.967,1.717,30.441
2026-05-13 19:30:55.984,9.546,0.608,39.967,1.717,30.441
2026-05-13 19:30:56.033,9.292,0.601,39.967,1.717,30.695
2026-05-13 19:30:56.089,9.292,0.601,39.967,1.717,30.695
2026-05-13 19:30:56.130,9.292,0.601,39.967,1.717,30.695
2026-05-13 19:30:56.154,9.292,0.601,39.967,1.717,30.695
2026-05-13 19:30:56.186,9.292,0.601,39.967,1.717,30.695
2026-05-13 19:30:56.245,9.292,0.601,39.967,1.717,30.695
2026-05-13 19:30:56.321,9.292,0.601,39.967,1.717,30.695
2026-05-13 19:30:56.354,9.292,0.601,39.967,1.717,30.695
2026-05-13 19:30:56.385,9.292,0.601,39.967,1.717,30.695
2026-05-13 19:30:56.429,9.292,0.601,39.967,1.717,30.695
2026-05-13 19:30:56.461,9.292,0.601,39.967,1.717,30.695
2026-05-13 19:30:56.504,9.292,0.601,39.967,1.717,30.695
2026-05-13 19:30:56.554,9.292,0.601,39.967,1.717,30.695
2026-05-13 19:30:56.585,9.292,0.601,39.967,1.717,30.695
2026-05-13 19:30:56.631,9.292,0.601,39.967,1.717,30.695
2026-05-13 19:30:56.665,9.292,0.601,39.967,1.717,30.695
2026-05-13 19:30:56.699,9.292,0.601,39.967,1.717,30.695
2026-05-13 19:30:56.748,9.292,0.601,39.967,1.717,30.695
2026-05-13 19:30:56.793,9.292,0.601,39.967,1.717,30.695
2026-05-13 19:30:56.857,9.292,0.601,39.967,1.717,30.695
2026-05-13 19:30:56.902,9.292,0.601,39.967,1.717,30.695
2026-05-13 19:30:56.946,9.052,0.594,39.967,1.717,30.936
2026-05-13 19:30:57.007,9.052,0.594,39.967,1.717,30.936
2026-05-13 19:30:57.034,9.052,0.594,39.967,1.717,30.936
2026-05-13 19:30:57.060,9.052,0.594,39.967,1.717,30.936
2026-05-13 19:30:57.096,9.052,0.594,39.967,1.717,30.936
2026-05-13 19:30:57.132,8.821,0.585,39.967,1.717,31.167
2026-05-13 19:30:57.165,8.821,0.585,39.967,1.717,31.167
2026-05-13 19:30:57.190,8.821,0.585,39.967,1.717,31.167
2026-05-13 19:30:57.225,8.821,0.585,39.967,1.717,31.167
2026-05-13 19:30:57.246,8.821,0.585,39.967,1.717,31.167
2026-05-13 19:30:57.285,8.821,0.585,39.967,1.717,31.167
2026-05-13 19:30:57.307,8.821,0.585,39.967,1.717,31.167
2026-05-13 19:30:57.329,8.821,0.585,39.967,1.717,31.167
2026-05-13 19:30:57.365,8.605,0.575,39.967,1.717,31.383
2026-05-13 19:30:57.386,8.605,0.575,39.967,1.717,31.383
2026-05-13 19:30:57.413,8.605,0.575,39.967,1.717,31.383
2026-05-13 19:30:57.445,8.605,0.575,39.967,1.717,31.383
2026-05-13 19:30:57.465,8.605,0.575,39.967,1.717,31.383
2026-05-13 19:30:57.485,8.605,0.575,39.967,1.717,31.383
2026-05-13 19:30:57.516,8.605,0.575,39.967,1.717,31.383
2026-05-13 19:30:57.545,8.605,0.575,39.967,1.717,31.383
2026-05-13 19:30:57.585,8.605,0.575,39.967,1.717,31.383
2026-05-13 19:30:57.625,8.605,0.575,39.967,1.717,31.383
2026-05-13 19:30:57.666,8.605,0.575,39.967,1.717,31.383
2026-05-13 19:30:57.705,8.605,0.575,39.967,1.717,31.383
2026-05-13 19:30:57.725,8.605,0.575,39.967,1.717,31.383
2026-05-13 19:30:57.747,8.605,0.575,39.967,1.717,31.383
2026-05-13 19:30:57.785,8.605,0.575,39.967,1.717,31.383
2026-05-13 19:30:57.825,8.605,0.575,39.967,1.717,31.383
2026-05-13 19:30:57.866,8.605,0.575,39.967,1.717,31.383
2026-05-13 19:30:57.897,8.605,0.575,39.967,1.717,31.383
2026-05-13 19:30:57.920,8.605,0.575,39.967,1.717,31.383
2026-05-13 19:30:57.955,8.605,0.575,39.967,1.717,31.383
2026-05-13 19:30:57.985,8.399,0.568,39.967,1.717,31.589
2026-05-13 19:30:58.005,8.399,0.568,39.967,1.717,31.589
2026-05-13 19:30:58.026,8.399,0.568,39.967,1.717,31.589
2026-05-13 19:30:58.065,8.399,0.568,39.967,1.717,31.589
2026-05-13 19:30:58.085,8.399,0.568,39.967,1.717,31.589
2026-05-13 19:30:58.107,8.399,0.568,39.967,1.717,31.589
2026-05-13 19:30:58.145,8.399,0.568,39.967,1.717,31.589
2026-05-13 19:30:58.165,8.399,0.568,39.967,1.717,31.589
2026-05-13 19:30:58.186,8.399,0.568,39.967,1.717,31.589
2026-05-13 19:30:58.225,8.399,0.568,39.967,1.717,31.589
2026-05-13 19:30:58.265,8.399,0.568,39.967,1.717,31.589
2026-05-13 19:30:58.286,8.399,0.568,39.967,1.717,31.589
2026-05-13 19:30:58.319,8.399,0.568,39.967,1.717,31.589
2026-05-13 19:30:58.342,8.399,0.568,39.967,1.717,31.589
2026-05-13 19:30:58.365,8.399,0.568,39.967,1.717,31.589
2026-05-13 19:30:58.385,8.202,0.561,39.967,1.717,31.786
2026-05-13 19:30:58.405,8.202,0.561,39.967,1.717,31.786
2026-05-13 19:30:58.445,8.202,0.561,39.967,1.717,31.786
2026-05-13 19:30:58.465,8.202,0.561,39.967,1.717,31.786
2026-05-13 19:30:58.506,8.202,0.561,39.967,1.717,31.786
2026-05-13 19:30:58.545,8.202,0.561,39.967,1.717,31.786
2026-05-13 19:30:58.585,8.202,0.561,39.967,1.717,31.786
2026-05-13 19:30:58.606,8.202,0.561,39.967,1.717,31.786
2026-05-13 19:30:58.645,8.202,0.561,39.967,1.717,31.786
2026-05-13 19:30:58.685,8.202,0.561,39.967,1.717,31.786
2026-05-13 19:30:58.725,8.202,0.561,39.967,1.717,31.786
2026-05-13 19:30:58.766,8.202,0.561,39.967,1.717,31.786
2026-05-13 19:30:58.786,8.202,0.561,39.967,1.717,31.786
2026-05-13 19:30:58.825,8.202,0.561,39.967,1.717,31.786
2026-05-13 19:30:58.845,8.202,0.561,39.967,1.717,31.786
2026-05-13 19:30:58.885,8.202,0.561,39.967,1.717,31.786
2026-05-13 19:30:58.906,8.202,0.561,39.967,1.717,31.786
2026-05-13 19:30:58.928,8.202,0.561,39.967,1.717,31.786
2026-05-13 19:30:58.965,8.202,0.561,39.967,1.717,31.786
2026-05-13 19:30:58.986,8.202,0.561,39.967,1.717,31.786
2026-05-13 19:30:59.025,8.015,0.553,39.967,1.717,31.973
2026-05-13 19:30:59.066,8.015,0.553,39.967,1.717,31.973
2026-05-13 19:30:59.105,8.015,0.553,39.967,1.717,31.973
2026-05-13 19:30:59.126,8.015,0.553,39.967,1.717,31.973
2026-05-13 19:30:59.166,8.015,0.553,39.967,1.717,31.973
2026-05-13 19:30:59.206,8.015,0.553,39.967,1.717,31.973
2026-05-13 19:30:59.245,8.015,0.553,39.967,1.717,31.973
2026-05-13 19:30:59.266,8.015,0.553,39.967,1.717,31.973
2026-05-13 19:30:59.305,8.015,0.553,39.967,1.717,31.973
2026-05-13 19:30:59.345,8.015,0.553,39.967,1.717,31.973
2026-05-13 19:30:59.389,7.839,0.547,39.967,1.717,32.149
2026-05-13 19:30:59.425,7.839,0.547,39.967,1.717,32.149
2026-05-13 19:30:59.465,7.839,0.547,39.967,1.717,32.149
2026-05-13 19:30:59.486,7.839,0.547,39.967,1.717,32.149
2026-05-13 19:30:59.525,7.839,0.547,39.967,1.717,32.149
2026-05-13 19:30:59.578,7.839,0.547,39.967,1.717,32.149
2026-05-13 19:30:59.637,7.839,0.547,39.967,1.717,32.149
2026-05-13 19:30:59.700,7.839,0.547,39.967,1.717,32.149
2026-05-13 19:30:59.757,7.839,0.547,39.967,1.717,32.149
2026-05-13 19:30:59.793,7.839,0.547,39.967,1.717,32.149
2026-05-13 19:30:59.845,7.839,0.547,39.967,1.717,32.149
2026-05-13 19:30:59.940,7.839,0.547,39.967,1.717,32.149
2026-05-13 19:30:59.982,7.839,0.547,39.967,1.717,32.149
2026-05-13 19:31:00.018,7.839,0.547,39.967,1.717,32.149
2026-05-13 19:31:00.079,7.839,0.547,39.967,1.717,32.149
2026-05-13 19:31:00.153,7.67,0.543,39.967,1.717,32.318
2026-05-13 19:31:00.224,7.67,0.543,39.967,1.717,32.318
2026-05-13 19:31:00.267,7.67,0.543,39.967,1.717,32.318
2026-05-13 19:31:00.301,7.67,0.543,39.967,1.717,32.318
2026-05-13 19:31:00.323,7.67,0.543,39.967,1.717,32.318
2026-05-13 19:31:00.348,7.67,0.543,39.967,1.717,32.318
2026-05-13 19:31:00.385,7.508,0.537,39.967,1.717,32.481
2026-05-13 19:31:00.410,7.508,0.537,39.967,1.717,32.481
2026-05-13 19:31:00.445,7.508,0.537,39.967,1.717,32.481
2026-05-13 19:31:00.485,7.508,0.537,39.967,1.717,32.481
2026-05-13 19:31:00.505,7.508,0.537,39.967,1.717,32.481
2026-05-13 19:31:00.545,7.508,0.537,39.967,1.717,32.481
2026-05-13 19:31:00.585,7.508,0.537,39.967,1.717,32.481
2026-05-13 19:31:00.605,7.508,0.537,39.967,1.717,32.481
2026-05-13 19:31:00.645,7.508,0.537,39.967,1.717,32.481
2026-05-13 19:31:00.665,7.508,0.537,39.967,1.717,32.481
2026-05-13 19:31:00.705,7.508,0.537,39.967,1.717,32.481
2026-05-13 19:31:00.726,7.508,0.537,39.967,1.717,32.481
2026-05-13 19:31:00.766,7.508,0.537,39.967,1.717,32.481
2026-05-13 19:31:00.805,7.508,0.537,39.967,1.717,32.481
2026-05-13 19:31:00.826,7.508,0.537,39.967,1.717,32.481
2026-05-13 19:31:00.846,7.508,0.537,39.967,1.717,32.481
2026-05-13 19:31:00.885,7.508,0.537,39.967,1.717,32.481
2026-05-13 19:31:00.905,7.508,0.537,39.967,1.717,32.481
2026-05-13 19:31:00.945,7.508,0.537,39.967,1.717,32.481
2026-05-13 19:31:00.966,7.355,0.531,39.967,1.717,32.633
2026-05-13 19:31:00.986,7.355,0.531,39.967,1.717,32.633
2026-05-13 19:31:01.026,7.355,0.531,39.967,1.717,32.633
2026-05-13 19:31:01.066,7.355,0.531,39.967,1.717,32.633
2026-05-13 19:31:01.105,7.355,0.531,39.967,1.717,32.633
2026-05-13 19:31:01.145,7.355,0.531,39.967,1.717,32.633
2026-05-13 19:31:01.165,7.355,0.531,39.967,1.717,32.633
2026-05-13 19:31:01.185,7.355,0.531,39.967,1.717,32.633
2026-05-13 19:31:01.225,7.355,0.531,39.967,1.717,32.633
2026-05-13 19:31:01.245,7.355,0.531,39.967,1.717,32.633
2026-05-13 19:31:01.266,7.355,0.531,39.967,1.717,32.633
2026-05-13 19:31:01.305,7.355,0.531,39.967,1.717,32.633
2026-05-13 19:31:01.345,7.355,0.531,39.967,1.717,32.633
2026-05-13 19:31:01.386,7.355,0.531,39.967,1.717,32.633
2026-05-13 19:31:01.406,7.207,0.528,39.967,1.717,32.782
2026-05-13 19:31:01.427,7.207,0.528,39.967,1.717,32.782
2026-05-13 19:31:01.465,7.207,0.528,39.967,1.717,32.782
2026-05-13 19:31:01.505,7.207,0.528,39.967,1.717,32.782
2026-05-13 19:31:01.525,7.207,0.528,39.967,1.717,32.782
2026-05-13 19:31:01.546,7.207,0.528,39.967,1.717,32.782
2026-05-13 19:31:01.585,7.207,0.528,39.967,1.717,32.782
2026-05-13 19:31:01.625,7.207,0.528,39.967,1.717,32.782
2026-05-13 19:31:01.645,7.207,0.528,39.967,1.717,32.782
2026-05-13 19:31:01.685,7.207,0.528,39.967,1.717,32.782
2026-05-13 19:31:01.726,7.207,0.528,39.967,1.717,32.782
2026-05-13 19:31:01.765,7.207,0.528,39.967,1.717,32.782
2026-05-13 19:31:01.786,7.207,0.528,39.967,1.717,32.782
2026-05-13 19:31:01.806,7.207,0.528,39.967,1.717,32.782
2026-05-13 19:31:01.845,7.207,0.528,39.967,1.717,32.782
2026-05-13 19:31:01.885,7.207,0.528,39.967,1.717,32.782
2026-05-13 19:31:01.925,7.057,0.524,39.967,1.717,32.932
2026-05-13 19:31:01.965,7.057,0.524,39.967,1.717,32.932
2026-05-13 19:31:01.985,7.057,0.524,39.967,1.717,32.932
2026-05-13 19:31:02.011,7.057,0.524,39.967,1.717,32.932
2026-05-13 19:31:02.045,7.057,0.524,39.967,1.717,32.932
2026-05-13 19:31:02.085,7.057,0.524,39.967,1.717,32.932
2026-05-13 19:31:02.125,7.057,0.524,39.967,1.717,32.932
2026-05-13 19:31:02.145,7.057,0.524,39.967,1.717,32.932
2026-05-13 19:31:02.186,7.057,0.524,39.967,1.717,32.932
2026-05-13 19:31:02.225,7.057,0.524,39.967,1.717,32.932
2026-05-13 19:31:02.245,7.057,0.524,39.967,1.717,32.932
2026-05-13 19:31:02.265,7.057,0.524,39.967,1.717,32.932
2026-05-13 19:31:02.305,7.057,0.524,39.967,1.717,32.932
2026-05-13 19:31:02.326,7.057,0.524,39.967,1.717,32.932
2026-05-13 19:31:02.365,6.906,0.518,39.967,1.717,33.083
2026-05-13 19:31:02.386,6.906,0.518,39.967,1.717,33.083
2026-05-13 19:31:02.426,6.906,0.518,39.967,1.717,33.083
2026-05-13 19:31:02.448,6.906,0.518,39.967,1.717,33.083
2026-05-13 19:31:02.485,6.906,0.518,39.967,1.717,33.083
2026-05-13 19:31:02.525,6.906,0.518,39.967,1.717,33.083
2026-05-13 19:31:02.566,6.906,0.518,39.967,1.717,33.083
2026-05-13 19:31:02.606,6.906,0.518,39.967,1.717,33.083
2026-05-13 19:31:02.645,6.906,0.518,39.967,1.717,33.083
2026-05-13 19:31:02.685,6.906,0.518,39.967,1.717,33.083
2026-05-13 19:31:02.725,6.906,0.518,39.967,1.717,33.083
2026-05-13 19:31:02.751,6.906,0.518,39.967,1.717,33.083
2026-05-13 19:31:02.790,6.906,0.518,39.967,1.717,33.083
2026-05-13 19:31:02.825,6.906,0.518,39.967,1.717,33.083
2026-05-13 19:31:02.858,6.906,0.518,39.967,1.717,33.083
2026-05-13 19:31:02.889,6.906,0.518,39.967,1.717,33.083
2026-05-13 19:31:02.925,6.906,0.518,39.967,1.717,33.083
2026-05-13 19:31:02.963,6.906,0.518,39.967,1.717,33.083
2026-05-13 19:31:02.986,6.757,0.512,39.967,1.717,33.232
2026-05-13 19:31:03.022,6.757,0.512,39.967,1.717,33.232
2026-05-13 19:31:03.046,6.757,0.512,39.967,1.717,33.232
2026-05-13 19:31:03.085,6.757,0.512,39.967,1.717,33.232
2026-05-13 19:31:03.125,6.757,0.512,39.967,1.717,33.232
2026-05-13 19:31:03.178,6.757,0.512,39.967,1.717,33.232
2026-05-13 19:31:03.205,6.757,0.512,39.967,1.717,33.232
2026-05-13 19:31:03.226,6.757,0.512,39.967,1.717,33.232
2026-05-13 19:31:03.265,6.757,0.512,39.967,1.717,33.232
2026-05-13 19:31:03.285,6.757,0.512,39.967,1.717,33.232
2026-05-13 19:31:03.326,6.757,0.512,39.967,1.717,33.232
2026-05-13 19:31:03.366,6.757,0.512,39.967,1.717,33.232
2026-05-13 19:31:03.405,6.609,0.508,39.967,1.717,33.38
2026-05-13 19:31:03.445,6.609,0.508,39.967,1.717,33.38
2026-05-13 19:31:03.486,6.609,0.508,39.967,1.717,33.38
2026-05-13 19:31:03.506,6.609,0.508,39.967,1.717,33.38
2026-05-13 19:31:03.545,6.609,0.508,39.967,1.717,33.38
2026-05-13 19:31:03.565,6.609,0.508,39.967,1.717,33.38
2026-05-13 19:31:03.585,6.609,0.508,39.967,1.717,33.38
2026-05-13 19:31:03.625,6.609,0.508,39.967,1.717,33.38
2026-05-13 19:31:03.645,6.609,0.508,39.967,1.717,33.38
2026-05-13 19:31:03.686,6.609,0.508,39.967,1.717,33.38
2026-05-13 19:31:03.725,6.609,0.508,39.967,1.717,33.38
2026-05-13 19:31:03.765,6.609,0.508,39.967,1.717,33.38
2026-05-13 19:31:03.805,6.609,0.508,39.967,1.717,33.38
2026-05-13 19:31:03.825,6.609,0.508,39.967,1.717,33.38
2026-05-13 19:31:03.866,6.609,0.508,39.967,1.717,33.38
2026-05-13 19:31:03.905,6.609,0.508,39.967,1.717,33.38
2026-05-13 19:31:03.945,6.609,0.508,39.967,1.717,33.38
2026-05-13 19:31:03.965,6.609,0.508,39.967,1.717,33.38
2026-05-13 19:31:04.005,6.609,0.508,39.967,1.717,33.38
2026-05-13 19:31:04.025,6.458,0.505,39.967,1.717,33.531
2026-05-13 19:31:04.065,6.458,0.505,39.967,1.717,33.531
2026-05-13 19:31:04.091,6.458,0.505,39.967,1.717,33.531
2026-05-13 19:31:04.125,6.458,0.505,39.967,1.717,33.531
2026-05-13 19:31:04.166,6.458,0.505,39.967,1.717,33.531
2026-05-13 19:31:04.205,6.458,0.505,39.967,1.717,33.531
2026-05-13 19:31:04.225,6.458,0.505,39.967,1.717,33.531
2026-05-13 19:31:04.246,6.458,0.505,39.967,1.717,33.531
2026-05-13 19:31:04.285,6.458,0.505,39.967,1.717,33.531
2026-05-13 19:31:04.306,6.458,0.505,39.967,1.717,33.531
2026-05-13 19:31:04.346,6.458,0.505,39.967,1.717,33.531
2026-05-13 19:31:04.386,6.458,0.505,39.967,1.717,33.531
2026-05-13 19:31:04.425,6.308,0.499,39.967,1.717,33.682
2026-05-13 19:31:04.465,6.308,0.499,39.967,1.717,33.682
2026-05-13 19:31:04.505,6.308,0.499,39.967,1.717,33.682
2026-05-13 19:31:04.526,6.308,0.499,39.967,1.717,33.682
2026-05-13 19:31:04.565,6.308,0.499,39.967,1.717,33.682
2026-05-13 19:31:04.605,6.308,0.499,39.967,1.717,33.682
2026-05-13 19:31:04.645,6.308,0.499,39.967,1.717,33.682
2026-05-13 19:31:04.685,6.308,0.499,39.967,1.717,33.682
2026-05-13 19:31:04.725,6.308,0.499,39.967,1.717,33.682
2026-05-13 19:31:04.746,6.308,0.499,39.967,1.717,33.682
2026-05-13 19:31:04.786,6.308,0.499,39.967,1.717,33.682
2026-05-13 19:31:04.825,6.308,0.499,39.967,1.717,33.682
2026-05-13 19:31:04.845,6.308,0.499,39.967,1.717,33.682
2026-05-13 19:31:04.886,6.308,0.499,39.967,1.717,33.682
2026-05-13 19:31:04.925,6.308,0.499,39.967,1.717,33.682
2026-05-13 19:31:04.946,6.308,0.499,39.967,1.717,33.682
2026-05-13 19:31:04.985,6.308,0.499,39.967,1.717,33.682
2026-05-13 19:31:05.006,6.308,0.499,39.967,1.717,33.682
2026-05-13 19:31:05.045,6.16,0.494,39.967,1.717,33.83
2026-05-13 19:31:05.068,6.16,0.494,39.967,1.717,33.83
2026-05-13 19:31:05.105,6.16,0.494,39.967,1.717,33.83
2026-05-13 19:31:05.145,6.16,0.494,39.967,1.717,33.83
2026-05-13 19:31:05.185,6.16,0.494,39.967,1.717,33.83
2026-05-13 19:31:05.206,6.16,0.494,39.967,1.717,33.83
2026-05-13 19:31:05.245,6.16,0.494,39.967,1.717,33.83
2026-05-13 19:31:05.266,6.16,0.494,39.967,1.717,33.83
2026-05-13 19:31:05.305,6.16,0.494,39.967,1.717,33.83
2026-05-13 19:31:05.345,6.16,0.494,39.967,1.717,33.83
2026-05-13 19:31:05.366,6.16,0.494,39.967,1.717,33.83
2026-05-13 19:31:05.405,6.16,0.494,39.967,1.717,33.83
2026-05-13 19:31:05.426,6.16,0.494,39.967,1.717,33.83
2026-05-13 19:31:05.465,6.16,0.494,39.967,1.717,33.83
2026-05-13 19:31:05.486,6.16,0.494,39.967,1.717,33.83
2026-05-13 19:31:05.506,6.16,0.494,39.967,1.717,33.83
2026-05-13 19:31:05.545,6.011,0.493,39.967,1.717,33.978
2026-05-13 19:31:05.586,6.011,0.493,39.967,1.717,33.978
2026-05-13 19:31:05.637,6.011,0.493,39.967,1.717,33.978
2026-05-13 19:31:05.665,6.011,0.493,39.967,1.717,33.978
2026-05-13 19:31:05.689,6.011,0.493,39.967,1.717,33.978
2026-05-13 19:31:05.739,6.011,0.493,39.967,1.717,33.978
2026-05-13 19:31:05.769,6.011,0.493,39.967,1.717,33.978
2026-05-13 19:31:05.807,6.011,0.493,39.967,1.717,33.978
2026-05-13 19:31:05.829,6.011,0.493,39.967,1.717,33.978
2026-05-13 19:31:05.855,6.011,0.493,39.967,1.717,33.978
2026-05-13 19:31:05.897,6.011,0.493,39.967,1.717,33.978
2026-05-13 19:31:05.920,6.011,0.493,39.967,1.717,33.978
2026-05-13 19:31:05.951,5.86,0.489,39.967,1.717,34.129
2026-05-13 19:31:05.985,5.86,0.489,39.967,1.717,34.129
2026-05-13 19:31:06.026,5.86,0.489,39.967,1.717,34.129
2026-05-13 19:31:06.046,5.86,0.489,39.967,1.717,34.129
2026-05-13 19:31:06.094,5.86,0.489,39.967,1.717,34.129
2026-05-13 19:31:06.125,5.86,0.489,39.967,1.717,34.129
2026-05-13 19:31:06.145,5.86,0.489,39.967,1.717,34.129
2026-05-13 19:31:06.185,5.86,0.489,39.967,1.717,34.129
2026-05-13 19:31:06.205,5.86,0.489,39.967,1.717,34.129
2026-05-13 19:31:06.246,5.86,0.489,39.967,1.717,34.129
2026-05-13 19:31:06.285,5.86,0.489,39.967,1.717,34.129
2026-05-13 19:31:06.325,5.86,0.489,39.967,1.717,34.129
2026-05-13 19:31:06.366,5.86,0.489,39.967,1.717,34.129
2026-05-13 19:31:06.406,5.86,0.489,39.967,1.717,34.129
2026-05-13 19:31:06.445,5.86,0.489,39.967,1.717,34.129
2026-05-13 19:31:06.485,5.86,0.489,39.967,1.717,34.129
2026-05-13 19:31:06.506,5.86,0.489,39.967,1.717,34.129
2026-05-13 19:31:06.546,5.86,0.489,39.967,1.717,34.129
2026-05-13 19:31:06.586,5.709,0.483,39.967,1.717,34.28
2026-05-13 19:31:06.607,5.709,0.483,39.967,1.717,34.28
2026-05-13 19:31:06.645,5.709,0.483,39.967,1.717,34.28
2026-05-13 19:31:06.685,5.709,0.483,39.967,1.717,34.28
2026-05-13 19:31:06.725,5.709,0.483,39.967,1.717,34.28
2026-05-13 19:31:06.765,5.709,0.483,39.967,1.717,34.28
2026-05-13 19:31:06.805,5.709,0.483,39.967,1.717,34.28
2026-05-13 19:31:06.825,5.709,0.483,39.967,1.717,34.28
2026-05-13 19:31:06.865,5.709,0.483,39.967,1.717,34.28
2026-05-13 19:31:06.885,5.709,0.483,39.967,1.717,34.28
2026-05-13 19:31:06.926,5.709,0.483,39.967,1.717,34.28
2026-05-13 19:31:06.966,5.709,0.483,39.967,1.717,34.28
2026-05-13 19:31:07.005,5.709,0.483,39.967,1.717,34.28
2026-05-13 19:31:07.046,5.709,0.483,39.967,1.717,34.28
2026-05-13 19:31:07.085,5.56,0.476,39.967,1.717,34.429
2026-05-13 19:31:07.125,5.56,0.476,39.967,1.717,34.429
2026-05-13 19:31:07.145,5.56,0.476,39.967,1.717,34.429
2026-05-13 19:31:07.165,5.56,0.476,39.967,1.717,34.429
2026-05-13 19:31:07.186,5.56,0.476,39.967,1.717,34.429
2026-05-13 19:31:07.225,5.56,0.476,39.967,1.717,34.429
2026-05-13 19:31:07.265,5.56,0.476,39.967,1.717,34.429
2026-05-13 19:31:07.286,5.56,0.476,39.967,1.717,34.429
2026-05-13 19:31:07.325,5.56,0.476,39.967,1.717,34.429
2026-05-13 19:31:07.346,5.56,0.476,39.967,1.717,34.429
2026-05-13 19:31:07.386,5.56,0.476,39.967,1.717,34.429
2026-05-13 19:31:07.425,5.412,0.473,39.967,1.717,34.577
2026-05-13 19:31:07.446,5.412,0.473,39.967,1.717,34.577
2026-05-13 19:31:07.486,5.412,0.473,39.967,1.717,34.577
2026-05-13 19:31:07.525,5.412,0.473,39.967,1.717,34.577
2026-05-13 19:31:07.565,5.412,0.473,39.967,1.717,34.577
2026-05-13 19:31:07.587,5.412,0.473,39.967,1.717,34.577
2026-05-13 19:31:07.626,5.412,0.473,39.967,1.717,34.577
2026-05-13 19:31:07.665,5.412,0.473,39.967,1.717,34.577
2026-05-13 19:31:07.705,5.412,0.473,39.967,1.717,34.577
2026-05-13 19:31:07.726,5.412,0.473,39.967,1.717,34.577
2026-05-13 19:31:07.765,5.412,0.473,39.967,1.717,34.577
2026-05-13 19:31:07.786,5.412,0.473,39.967,1.717,34.577
2026-05-13 19:31:07.825,5.412,0.473,39.967,1.717,34.577
2026-05-13 19:31:07.845,5.412,0.473,39.967,1.717,34.577
2026-05-13 19:31:07.885,5.412,0.473,39.967,1.717,34.577
2026-05-13 19:31:07.925,5.412,0.473,39.967,1.717,34.577
2026-05-13 19:31:07.946,5.412,0.473,39.967,1.717,34.577
2026-05-13 19:31:07.985,5.412,0.473,39.967,1.717,34.577
2026-05-13 19:31:08.006,5.412,0.473,39.967,1.717,34.577
2026-05-13 19:31:08.046,5.412,0.473,39.967,1.717,34.577
2026-05-13 19:31:08.085,5.262,0.471,39.967,1.717,34.728
2026-05-13 19:31:08.106,5.262,0.471,39.967,1.717,34.728
2026-05-13 19:31:08.145,5.262,0.471,39.967,1.717,34.728
2026-05-13 19:31:08.185,5.262,0.471,39.967,1.717,34.728
2026-05-13 19:31:08.206,5.262,0.471,39.967,1.717,34.728
2026-05-13 19:31:08.245,5.262,0.471,39.967,1.717,34.728
2026-05-13 19:31:08.265,5.262,0.471,39.967,1.717,34.728
2026-05-13 19:31:08.285,5.262,0.471,39.967,1.717,34.728
2026-05-13 19:31:08.306,5.262,0.471,39.967,1.717,34.728
2026-05-13 19:31:08.345,5.262,0.471,39.967,1.717,34.728
2026-05-13 19:31:08.366,5.262,0.471,39.967,1.717,34.728
2026-05-13 19:31:08.386,5.262,0.471,39.967,1.717,34.728
2026-05-13 19:31:08.425,5.111,0.465,39.967,1.717,34.879
2026-05-13 19:31:08.465,5.111,0.465,39.967,1.717,34.879
2026-05-13 19:31:08.486,5.111,0.465,39.967,1.717,34.879
2026-05-13 19:31:08.526,5.111,0.465,39.967,1.717,34.879
2026-05-13 19:31:08.567,5.111,0.465,39.967,1.717,34.879
2026-05-13 19:31:08.605,5.111,0.465,39.967,1.717,34.879
2026-05-13 19:31:08.626,5.111,0.465,39.967,1.717,34.879
2026-05-13 19:31:08.667,5.111,0.465,39.967,1.717,34.879
2026-05-13 19:31:08.706,5.111,0.465,39.967,1.717,34.879
2026-05-13 19:31:08.737,5.111,0.465,39.967,1.717,34.879
2026-05-13 19:31:08.778,5.111,0.465,39.967,1.717,34.879
2026-05-13 19:31:08.830,5.111,0.465,39.967,1.717,34.879
2026-05-13 19:31:08.876,5.111,0.465,39.967,1.717,34.879
2026-05-13 19:31:08.906,5.111,0.465,39.967,1.717,34.879
2026-05-13 19:31:08.926,5.111,0.465,39.967,1.717,34.879
2026-05-13 19:31:08.946,5.111,0.465,39.967,1.717,34.879
2026-05-13 19:31:08.986,5.111,0.465,39.967,1.717,34.879
2026-05-13 19:31:09.025,5.111,0.465,39.967,1.717,34.879
2026-05-13 19:31:09.045,5.111,0.465,39.967,1.717,34.879
2026-05-13 19:31:09.085,5.111,0.465,39.967,1.717,34.879
2026-05-13 19:31:09.106,5.111,0.465,39.967,1.717,34.879
2026-05-13 19:31:09.145,5.111,0.465,39.967,1.717,34.879
2026-05-13 19:31:09.165,5.111,0.465,39.967,1.717,34.879
2026-05-13 19:31:09.185,5.111,0.465,39.967,1.717,34.879
2026-05-13 19:31:09.206,5.111,0.465,39.967,1.717,34.879
2026-05-13 19:31:09.245,5.111,0.465,39.967,1.717,34.879
2026-05-13 19:31:09.265,5.111,0.465,39.967,1.717,34.879
2026-05-13 19:31:09.305,4.944,0.459,39.967,1.717,35.046
2026-05-13 19:31:09.325,4.944,0.459,39.967,1.717,35.046
2026-05-13 19:31:09.346,4.944,0.459,39.967,1.717,35.046
2026-05-13 19:31:09.385,4.944,0.459,39.967,1.717,35.046
2026-05-13 19:31:09.405,4.944,0.459,39.967,1.717,35.046
2026-05-13 19:31:09.426,4.702,0.457,39.967,1.717,35.288
2026-05-13 19:31:09.446,4.702,0.457,39.967,1.717,35.288
2026-05-13 19:31:09.485,4.702,0.457,39.967,1.717,35.288
2026-05-13 19:31:09.505,4.702,0.457,39.967,1.717,35.288
2026-05-13 19:31:09.545,4.702,0.457,39.967,1.717,35.288
2026-05-13 19:31:09.585,4.702,0.457,39.967,1.717,35.288
2026-05-13 19:31:09.605,4.702,0.457,39.967,1.717,35.288
2026-05-13 19:31:09.625,4.702,0.457,39.967,1.717,35.288
2026-05-13 19:31:09.665,4.702,0.457,39.967,1.717,35.288
2026-05-13 19:31:09.706,4.702,0.457,39.967,1.717,35.288
2026-05-13 19:31:09.745,4.702,0.457,39.967,1.717,35.288
2026-05-13 19:31:09.765,4.702,0.457,39.967,1.717,35.288
2026-05-13 19:31:09.806,4.702,0.457,39.967,1.717,35.288
2026-05-13 19:31:09.845,4.702,0.457,39.967,1.717,35.288
2026-05-13 19:31:09.886,4.702,0.457,39.967,1.717,35.288
2026-05-13 19:31:09.925,4.702,0.457,39.967,1.717,35.288
2026-05-13 19:31:09.945,4.702,0.457,39.967,1.717,35.288
2026-05-13 19:31:09.965,4.702,0.457,39.967,1.717,35.288
2026-05-13 19:31:10.005,4.702,0.457,39.967,1.717,35.288
2026-05-13 19:31:10.025,4.702,0.457,39.967,1.717,35.288
2026-05-13 19:31:10.045,4.702,0.457,39.967,1.717,35.288
2026-05-13 19:31:10.066,4.702,0.457,39.967,1.717,35.288
2026-05-13 19:31:10.086,4.702,0.457,39.967,1.717,35.288
2026-05-13 19:31:10.126,4.38,0.461,39.967,1.717,35.609
2026-05-13 19:31:10.166,4.38,0.461,39.967,1.717,35.609
2026-05-13 19:31:10.206,4.38,0.461,39.967,1.717,35.609
2026-05-13 19:31:10.226,4.38,0.461,39.967,1.717,35.609
2026-05-13 19:31:10.266,4.38,0.461,39.967,1.717,35.609
2026-05-13 19:31:10.286,4.38,0.461,39.967,1.717,35.609
2026-05-13 19:31:10.325,4.38,0.461,39.967,1.717,35.609
2026-05-13 19:31:10.346,4.38,0.461,39.967,1.717,35.609
2026-05-13 19:31:10.386,4.38,0.461,39.967,1.717,35.609
2026-05-13 19:31:10.425,4.025,0.461,39.967,1.717,35.964
2026-05-13 19:31:10.452,4.025,0.461,39.967,1.717,35.964
2026-05-13 19:31:10.486,4.025,0.461,39.967,1.717,35.964
2026-05-13 19:31:10.506,4.025,0.461,39.967,1.717,35.964
2026-05-13 19:31:10.545,4.025,0.461,39.967,1.717,35.964
2026-05-13 19:31:10.585,4.025,0.461,39.967,1.717,35.964
2026-05-13 19:31:10.606,4.025,0.461,39.967,1.717,35.964
2026-05-13 19:31:10.626,4.025,0.461,39.967,1.717,35.964
2026-05-13 19:31:10.666,4.025,0.461,39.967,1.717,35.964
2026-05-13 19:31:10.705,4.025,0.461,39.967,1.717,35.964
2026-05-13 19:31:10.725,4.025,0.461,39.967,1.717,35.964
2026-05-13 19:31:10.765,4.025,0.461,39.967,1.717,35.964
2026-05-13 19:31:10.785,4.025,0.461,39.967,1.717,35.964
2026-05-13 19:31:10.825,4.025,0.461,39.967,1.717,35.964
2026-05-13 19:31:10.846,4.025,0.461,39.967,1.717,35.964
2026-05-13 19:31:10.886,4.025,0.461,39.967,1.717,35.964
2026-05-13 19:31:10.925,4.025,0.461,39.967,1.717,35.964
2026-05-13 19:31:10.946,4.025,0.461,39.967,1.717,35.964
2026-05-13 19:31:10.991,3.655,0.406,39.967,1.717,36.335
2026-05-13 19:31:11.025,3.655,0.406,39.967,1.717,36.335
2026-05-13 19:31:11.045,3.655,0.406,39.967,1.717,36.335
2026-05-13 19:31:11.066,3.655,0.406,39.967,1.717,36.335
2026-05-13 19:31:11.106,3.655,0.406,39.967,1.717,36.335
2026-05-13 19:31:11.146,3.655,0.406,39.967,1.717,36.335
2026-05-13 19:31:11.185,3.655,0.406,39.967,1.717,36.335
2026-05-13 19:31:11.206,3.655,0.406,39.967,1.717,36.335
2026-05-13 19:31:11.245,3.655,0.406,39.967,1.717,36.335
2026-05-13 19:31:11.265,3.655,0.406,39.967,1.717,36.335
2026-05-13 19:31:11.305,3.655,0.406,39.967,1.717,36.335
2026-05-13 19:31:11.345,3.655,0.406,39.967,1.717,36.335
2026-05-13 19:31:11.366,3.655,0.406,39.967,1.717,36.335
2026-05-13 19:31:11.406,3.284,0.315,39.967,1.717,36.709
2026-05-13 19:31:11.446,3.284,0.315,39.967,1.717,36.709
2026-05-13 19:31:11.485,3.284,0.315,39.967,1.717,36.709
2026-05-13 19:31:11.505,3.284,0.315,39.967,1.717,36.709
2026-05-13 19:31:11.546,3.284,0.315,39.967,1.717,36.709
2026-05-13 19:31:11.586,3.284,0.315,39.967,1.717,36.709
2026-05-13 19:31:11.607,3.284,0.315,39.967,1.717,36.709
2026-05-13 19:31:11.655,3.284,0.315,39.967,1.717,36.709
2026-05-13 19:31:11.681,3.284,0.315,39.967,1.717,36.709
2026-05-13 19:31:11.715,3.284,0.315,39.967,1.717,36.709
2026-05-13 19:31:11.743,3.284,0.315,39.967,1.717,36.709
2026-05-13 19:31:11.772,3.284,0.315,39.967,1.717,36.709
2026-05-13 19:31:11.806,3.284,0.315,39.967,1.717,36.709
2026-05-13 19:31:11.846,3.284,0.315,39.967,1.717,36.709
2026-05-13 19:31:11.886,3.284,0.315,39.967,1.717,36.709
2026-05-13 19:31:11.926,3.284,0.315,39.967,1.717,36.709
2026-05-13 19:31:11.965,3.284,0.315,39.967,1.717,36.709
2026-05-13 19:31:11.986,3.284,0.315,39.967,1.717,36.709
2026-05-13 19:31:12.025,3.284,0.315,39.967,1.717,36.709
2026-05-13 19:31:12.046,3.284,0.315,39.967,1.717,36.709
2026-05-13 19:31:12.093,2.965,0.241,39.967,1.717,37.031
2026-05-13 19:31:12.126,2.965,0.241,39.967,1.717,37.031
2026-05-13 19:31:12.165,2.965,0.241,39.967,1.717,37.031
2026-05-13 19:31:12.205,2.965,0.241,39.967,1.717,37.031
2026-05-13 19:31:12.226,2.965,0.241,39.967,1.717,37.031
2026-05-13 19:31:12.266,2.965,0.241,39.967,1.717,37.031
2026-05-13 19:31:12.286,2.965,0.241,39.967,1.717,37.031
2026-05-13 19:31:12.326,2.965,0.241,39.967,1.717,37.031
2026-05-13 19:31:12.365,2.965,0.241,39.967,1.717,37.031
2026-05-13 19:31:12.385,2.965,0.241,39.967,1.717,37.031
2026-05-13 19:31:12.426,2.965,0.241,39.967,1.717,37.031
2026-05-13 19:31:12.467,2.965,0.241,39.967,1.717,37.031
2026-05-13 19:31:12.505,2.965,0.241,39.967,1.717,37.031
2026-05-13 19:31:12.545,2.701,0.179,39.967,1.717,37.298
2026-05-13 19:31:12.566,2.701,0.179,39.967,1.717,37.298
2026-05-13 19:31:12.605,2.701,0.179,39.967,1.717,37.298
2026-05-13 19:31:12.626,2.701,0.179,39.967,1.717,37.298
2026-05-13 19:31:12.665,2.701,0.179,39.967,1.717,37.298
2026-05-13 19:31:12.686,2.701,0.179,39.967,1.717,37.298
2026-05-13 19:31:12.725,2.701,0.179,39.967,1.717,37.298
2026-05-13 19:31:12.765,2.701,0.179,39.967,1.717,37.298
2026-05-13 19:31:12.786,2.701,0.179,39.967,1.717,37.298
2026-05-13 19:31:12.806,2.701,0.179,39.967,1.717,37.298
2026-05-13 19:31:12.845,2.701,0.179,39.967,1.717,37.298
2026-05-13 19:31:12.865,2.701,0.179,39.967,1.717,37.298
2026-05-13 19:31:12.885,2.701,0.179,39.967,1.717,37.298
2026-05-13 19:31:12.925,2.701,0.179,39.967,1.717,37.298
2026-05-13 19:31:12.945,2.701,0.179,39.967,1.717,37.298
2026-05-13 19:31:12.986,2.701,0.179,39.967,1.717,37.298
2026-05-13 19:31:13.025,2.701,0.179,39.967,1.717,37.298
2026-05-13 19:31:13.046,2.476,0.133,39.967,1.717,37.525
2026-05-13 19:31:13.068,2.476,0.133,39.967,1.717,37.525
2026-05-13 19:31:13.106,2.476,0.133,39.967,1.717,37.525
2026-05-13 19:31:13.145,2.476,0.133,39.967,1.717,37.525
2026-05-13 19:31:13.186,2.476,0.133,39.967,1.717,37.525
2026-05-13 19:31:13.206,2.476,0.133,39.967,1.717,37.525
2026-05-13 19:31:13.245,2.476,0.133,39.967,1.717,37.525
2026-05-13 19:31:13.265,2.476,0.133,39.967,1.717,37.525
2026-05-13 19:31:13.286,2.476,0.133,39.967,1.717,37.525
2026-05-13 19:31:13.326,2.476,0.133,39.967,1.717,37.525
2026-05-13 19:31:13.365,2.476,0.133,39.967,1.717,37.525
2026-05-13 19:31:13.405,2.289,0.102,39.967,1.717,37.712
2026-05-13 19:31:13.426,2.289,0.102,39.967,1.717,37.712
2026-05-13 19:31:13.466,2.289,0.102,39.967,1.717,37.712
2026-05-13 19:31:13.506,2.289,0.102,39.967,1.717,37.712
2026-05-13 19:31:13.545,2.289,0.102,39.967,1.717,37.712
2026-05-13 19:31:13.585,2.289,0.102,39.967,1.717,37.712
2026-05-13 19:31:13.625,2.289,0.102,39.967,1.717,37.712
2026-05-13 19:31:13.665,2.289,0.102,39.967,1.717,37.712
2026-05-13 19:31:13.686,2.289,0.102,39.967,1.717,37.712
2026-05-13 19:31:13.707,2.289,0.102,39.967,1.717,37.712
2026-05-13 19:31:13.745,2.289,0.102,39.967,1.717,37.712
2026-05-13 19:31:13.766,2.289,0.102,39.967,1.717,37.712
2026-05-13 19:31:13.805,2.289,0.102,39.967,1.717,37.712
2026-05-13 19:31:13.825,2.289,0.102,39.967,1.717,37.712
2026-05-13 19:31:13.845,2.289,0.102,39.967,1.717,37.712
2026-05-13 19:31:13.866,2.289,0.102,39.967,1.717,37.712
2026-05-13 19:31:13.905,2.289,0.102,39.967,1.717,37.712
2026-05-13 19:31:13.945,2.289,0.102,39.967,1.717,37.712
2026-05-13 19:31:13.966,2.289,0.102,39.967,1.717,37.712
2026-05-13 19:31:14.005,2.133,0.074,39.967,1.717,37.87
2026-05-13 19:31:14.046,2.133,0.074,39.967,1.717,37.87
2026-05-13 19:31:14.066,2.133,0.074,39.967,1.717,37.87
2026-05-13 19:31:14.105,2.133,0.074,39.967,1.717,37.87
2026-05-13 19:31:14.125,2.133,0.074,39.967,1.717,37.87
2026-05-13 19:31:14.166,2.133,0.074,39.967,1.717,37.87
2026-05-13 19:31:14.206,2.133,0.074,39.967,1.717,37.87
2026-05-13 19:31:14.245,2.133,0.074,39.967,1.717,37.87
2026-05-13 19:31:14.265,2.133,0.074,39.967,1.717,37.87
2026-05-13 19:31:14.286,2.133,0.074,39.967,1.717,37.87
2026-05-13 19:31:14.325,2.133,0.074,39.967,1.717,37.87
2026-05-13 19:31:14.365,2.133,0.074,39.967,1.717,37.87
2026-05-13 19:31:14.386,2.133,0.074,39.967,1.717,37.87
2026-05-13 19:31:14.425,2.133,0.074,39.967,1.717,37.87
2026-05-13 19:31:14.465,2.133,0.074,39.967,1.717,37.87
2026-05-13 19:31:14.485,2.133,0.074,39.967,1.717,37.87
2026-05-13 19:31:14.549,2.133,0.074,39.967,1.717,37.87
2026-05-13 19:31:14.600,1.977,0.044,39.967,1.717,38.027
2026-05-13 19:31:14.651,1.977,0.044,39.967,1.717,38.027
2026-05-13 19:31:14.695,1.977,0.044,39.967,1.717,38.027
2026-05-13 19:31:14.725,1.977,0.044,39.967,1.717,38.027
2026-05-13 19:31:14.781,1.977,0.044,39.967,1.717,38.027
2026-05-13 19:31:14.851,1.977,0.044,39.967,1.717,38.027
2026-05-13 19:31:14.873,1.977,0.044,39.967,1.717,38.027
2026-05-13 19:31:14.905,1.977,0.044,39.967,1.717,38.027
2026-05-13 19:31:14.983,1.977,0.044,39.967,1.717,38.027
2026-05-13 19:31:15.040,1.977,0.044,39.967,1.717,38.027
2026-05-13 19:31:15.109,1.977,0.044,39.967,1.717,38.027
2026-05-13 19:31:15.137,1.977,0.044,39.967,1.717,38.027
2026-05-13 19:31:15.160,1.977,0.044,39.967,1.717,38.027
2026-05-13 19:31:15.183,1.977,0.044,39.967,1.717,38.027
2026-05-13 19:31:15.217,1.977,0.044,39.967,1.717,38.027
2026-05-13 19:31:15.243,1.755,0.004,39.967,1.717,38.25
2026-05-13 19:31:15.266,1.755,0.004,39.967,1.717,38.25
2026-05-13 19:31:15.306,1.755,0.004,39.967,1.717,38.25
2026-05-13 19:31:15.345,1.755,0.004,39.967,1.717,38.25
2026-05-13 19:31:15.385,1.755,0.004,39.967,1.717,38.25
2026-05-13 19:31:15.425,1.755,0.004,39.967,1.717,38.25
2026-05-13 19:31:15.466,1.755,0.004,39.967,1.717,38.25
2026-05-13 19:31:15.506,1.755,0.004,39.967,1.717,38.25
2026-05-13 19:31:15.526,1.453,-0.043,39.967,1.717,38.555
2026-05-13 19:31:15.566,1.453,-0.043,39.967,1.717,38.555
2026-05-13 19:31:15.606,1.453,-0.043,39.967,1.717,38.555
2026-05-13 19:31:15.645,1.453,-0.043,39.967,1.717,38.555
2026-05-13 19:31:15.685,1.453,-0.043,39.967,1.717,38.555
2026-05-13 19:31:15.725,1.453,-0.043,39.967,1.717,38.555
2026-05-13 19:31:15.765,1.453,-0.043,39.967,1.717,38.555
2026-05-13 19:31:15.785,1.453,-0.043,39.967,1.717,38.555
2026-05-13 19:31:15.805,1.453,-0.043,39.967,1.717,38.555
2026-05-13 19:31:15.845,1.092,-0.097,39.967,1.717,38.917
2026-05-13 19:31:15.866,1.092,-0.097,39.967,1.717,38.917
2026-05-13 19:31:15.905,1.092,-0.097,39.967,1.717,38.917
2026-05-13 19:31:15.947,1.092,-0.097,39.967,1.717,38.917
2026-05-13 19:31:15.985,1.092,-0.097,39.967,1.717,38.917
2026-05-13 19:31:16.026,1.092,-0.097,39.967,1.717,38.917
2026-05-13 19:31:16.066,1.092,-0.097,39.967,1.717,38.917
2026-05-13 19:31:16.105,1.092,-0.097,39.967,1.717,38.917
2026-05-13 19:31:16.126,1.092,-0.097,39.967,1.717,38.917
2026-05-13 19:31:16.146,1.092,-0.097,39.967,1.717,38.917
2026-05-13 19:31:16.185,1.092,-0.097,39.967,1.717,38.917
2026-05-13 19:31:16.225,1.092,-0.097,39.967,1.717,38.917
2026-05-13 19:31:16.246,1.092,-0.097,39.967,1.717,38.917
2026-05-13 19:31:16.286,1.092,-0.097,39.967,1.717,38.917
2026-05-13 19:31:16.306,1.092,-0.097,39.967,1.717,38.917
2026-05-13 19:31:16.346,1.092,-0.097,39.967,1.717,38.917
2026-05-13 19:31:16.366,1.092,-0.097,39.967,1.717,38.917
2026-05-13 19:31:16.389,0.733,-0.127,39.967,1.717,39.277
2026-05-13 19:31:16.425,0.733,-0.127,39.967,1.717,39.277
2026-05-13 19:31:16.445,0.733,-0.127,39.967,1.717,39.277
2026-05-13 19:31:16.466,0.733,-0.127,39.967,1.717,39.277
2026-05-13 19:31:16.505,0.733,-0.127,39.967,1.717,39.277
2026-05-13 19:31:16.546,0.733,-0.127,39.967,1.717,39.277
2026-05-13 19:31:16.585,0.733,-0.127,39.967,1.717,39.277
2026-05-13 19:31:16.606,0.733,-0.127,39.967,1.717,39.277

Avg error: 19.636m | Max error: 39.277m
